大类,品牌,产品名称,型号,图片文件名,备注
个护与起居,1+Y,1+Y智能床,miwu.bed.1yznc,miwu.bed.1yznc.png,
个护与起居,8H,8H 5D助眠按摩床垫/S,qushui.mattress.mt,qushui.mattress.mt.png,
个护与起居,8H,8H AI人工智能助眠床垫Damo,qushui.bed.004,qushui.bed.004.png,
个护与起居,8H,8H AI智能好睡眠床垫X,qushui.mattress.zerox,qushui.mattress.zerox.png,
个护与起居,8H,8H AI智能撑腰护眠床垫Zero A2,qushui.bed.ma006,qushui.bed.ma006.png,
个护与起居,8H,8H AI智能柱呵护床垫PRO,qushui.mattress.zeroa1,qushui.mattress.zeroa1.png,
个护与起居,8H,8H AI睡眠监测改善床垫,qushui.bed.8hai1,qushui.bed.8hai1.png,
个护与起居,8H,8H COZY智能按摩沙发,qushui.sofa.003,qushui.sofa.003.png,
个护与起居,8H,8H Feel 智能真皮悬浮电动床X+,qushui.bed.dt7,qushui.bed.dt7.png,
个护与起居,8H,8H Feel生态皮智能电动床F系列,qushui.bed.010s,qushui.bed.010s.png,
个护与起居,8H,8H Feel真皮智能电动床X / +,qushui.bed.008,qushui.bed.008.png,
个护与起居,8H,8H Feel真皮智能电动床X Pro,qushui.bed.007,qushui.bed.007.png,
个护与起居,8H,8H Find S五电机撑腰智能悬浮电动床,qushui.bed.de2pro,qushui.bed.de2pro.png,
个护与起居,8H,8H Find智能云感悬浮电动床,qushui.bed.de2,qushui.bed.de2.png,
个护与起居,8H,8H Find智能电动床,qushui.bed.de1,qushui.bed.de1.png,
个护与起居,8H,8H Find智能电动床 Pro,qushui.bed.demax,qushui.bed.demax.png,
个护与起居,8H,8H LINK 模块化沙发,qushui.sofa.b015,qushui.sofa.b015.png,
个护与起居,8H,8H Master 大师智能电动组合沙发,qushui.sofa.001,qushui.sofa.001.png,
个护与起居,8H,8H Milan City 智能床 Pro max,qushui.bed.syt,qushui.bed.syt.png,
个护与起居,8H,8H Milan智能电动床,qushui.bed.001,qushui.bed.001.png,
个护与起居,8H,8H Milan智能电动床 Ultra,qushui.bed.dt31,qushui.bed.dt31.png,
个护与起居,8H,8H Milan智能电动床Pro,qushui.bed.003,qushui.bed.003.png,
个护与起居,8H,8H Milan智能电动床Pro Max,qushui.bed.009,qushui.bed.009.png,
个护与起居,8H,8H Milan智能真皮电动床S,qushui.bed.dt4,qushui.bed.dt4.png,
个护与起居,8H,8H Star六电机撑腰智能电动床,qushui.bed.de2max,qushui.bed.de2max.png,
个护与起居,8H,8H Steady 稳稳智能床,qushui.bed.okin1,qushui.bed.okin1.png,
个护与起居,8H,8H Twins 双分区智能电动床,qushui.bed.hjdt8,qushui.bed.hjdt8.png,
个护与起居,8H,8H kola智能电动休闲沙发,qushui.sofa.004,qushui.sofa.004.png,
个护与起居,8H,8H 乐轻松智能电动慢摇沙发,qushui.sofa.b7,qushui.sofa.b7.png,
个护与起居,8H,8H 小静智能恒温除螨水暖垫,qushui.blanket.8h,qushui.blanket.8h.png,
个护与起居,8H,8H 小静智能恒温除螨水暖垫Plus,qushui.blanket.snt1,qushui.blanket.snt1.png,
个护与起居,8H,8H 智能助眠按摩床垫,qushui.mattress.mt2,qushui.mattress.mt2.png,
个护与起居,8H,8H 智能助眠按摩床垫（石墨烯加热版）,qushui.mattress.mtx,qushui.mattress.mtx.png,
个护与起居,8H,8H 智能电动多功能电竞沙发,qushui.sofa.007,qushui.sofa.007.png,
个护与起居,8H,8H 深睡智能电热毯Z1,qushui.blanket.8hz1,qushui.blanket.8hz1.png,
个护与起居,8H,8H 石墨烯智能控温床垫,qushui.blanket.g3,qushui.blanket.g3.png,
个护与起居,8H,8H 趣睡智能多用床头柜G1,qushui.bedstand.box,qushui.bedstand.box.png,
个护与起居,8H,8H 趣睡智能床 ONE,qushui.bed.tvbed1,qushui.bed.tvbed1.png,
个护与起居,8H,8H云朵智能懒人功能沙发,qushui.sofa.cloud,qushui.sofa.cloud.png,
个护与起居,8H,8H石墨烯智能控温3D薄床垫,qushui.blanket.g22,qushui.blanket.g22.png,
个护与起居,8H,8H自适应软硬可调智能床垫,qushui.bed.002,qushui.bed.002.png,
个护与起居,8H,薄床垫,qushui.blanket.g2,qushui.blanket.g2.png,
个护与起居,8H,趣睡智能床-储物版,qushui.bed.cw1,qushui.bed.cw1.png,
个护与起居,ABCMOKOO,ABCMOKOO智能折叠婴儿床,abcmk.bed.abcmok,abcmk.bed.abcmok.png,
个护与起居,ANKOTTI安科帝,ANKOTTI安科帝窗帘电机,creat6.curtain.ct05,creat6.curtain.ct05.png,
个护与起居,ANTJIUJIU,ANTJIUJIU 智能窗帘电机,gzzn.curtain.cura01,gzzn.curtain.cura01.png,
个护与起居,ANXIANG,AX-M82G智能窗帘电机,ax01.curtain.cura01,ax01.curtain.cura01.png,
个护与起居,ATNSTAR,ATNSTAR窗帘电机（Mesh2.0）,atn.curtain.cldjm,atn.curtain.cldjm.png,
个护与起居,AUTORAIL,AUTORAIL智能窗帘A07mini Mesh2.0,atw.curtain.a07,atw.curtain.a07.png,
个护与起居,AUTORAIL,AUTORAIL智能窗帘A07锂电池版,atw.curtain.atw07,atw.curtain.atw07.png,
个护与起居,AUTORAIL,AUTORAIL智能窗帘A10 Mesh2.0,atw.curtain.a10,atw.curtain.a10.png,
个护与起居,AUTORAIL,AUTORAIL智能窗帘AT06-Mesh2.0,atw.curtain.atw02,atw.curtain.atw02.png,
个护与起居,AUTORAIL,AUTORAIL智能窗帘AT68 Mesh2.0,atw.curtain.at6502,atw.curtain.at6502.png,
个护与起居,AUTORAIL,AUTORAIL智能窗帘Mesh2.0,atw.curtain.at5810,atw.curtain.at5810.png,
个护与起居,AUTORAIL,AUTORAIL智能窗帘T01 Mesh2.0,atw.curtain.t01,atw.curtain.t01.png,
个护与起居,Aqara,Aqara智能窗帘电机 A1,lumi.curtain.hagl08,lumi.curtain.hagl08.png,
个护与起居,Aqara,Aqara智能窗帘电机 B1,lumi.curtain.hagl04,lumi.curtain.hagl04.png,
个护与起居,Aqara,Aqara智能窗帘电机 E1,lumi.curtain.acn014,lumi.curtain.acn014.png,
个护与起居,Aqara,Aqara智能窗帘电机（Zigbee开合帘版）,lumi.curtain.v1,lumi.curtain.v1.png,
个护与起居,Aqara,Aqara智能管状电机,lumi.curtain.aq2,lumi.curtain.aq2.png,
个护与起居,BINTHEN,丙申智能窗帘电机200DE-MH2,binthe.curtain.cura08,binthe.curtain.cura08.png,
个护与起居,BINTHEN,丙申窗帘电机100DE-MH2,binthe.curtain.cura03,binthe.curtain.cura03.png,
个护与起居,BINTHEN,丙申窗帘电机200D-MH2,binthe.curtain.cura02,binthe.curtain.cura02.png,
个护与起居,BINTHEN,丙申窗帘电机200DE-MH2,binthe.curtain.bscl,binthe.curtain.bscl.png,
个护与起居,BINTHEN,丙申窗帘电机20D-MH2,binthe.curtain.cura04,binthe.curtain.cura04.png,
个护与起居,CAASACI卡萨驰,卡萨驰智能电动沙发SFY004,gaodi.sofa.001s,gaodi.sofa.001s.png,
个护与起居,CAASACI卡萨驰,卡萨驰智能电动沙发Z003,gaodi.sofa.002t,gaodi.sofa.002t.png,
个护与起居,CALVI,CALVI库沃窗帘电机,calvi.curtain.cam01,calvi.curtain.cam01.png,
个护与起居,CALVI,CALVI窗帘电机-Mesh2.0,calvi.curtain.kwo01,calvi.curtain.kwo01.png,
个护与起居,CHNT,正泰智能控电仪ZTY2001,chint1.valve.1p,chint1.valve.1p.png,
个护与起居,CHNT,正泰智能控电仪ZTY2002,chint1.valve.lcd,chint1.valve.lcd.png,
个护与起居,CM,CM82小精灵窗帘电机,cmjd.curtain.cura1,cmjd.curtain.cura1.png,
个护与起居,CM,CM无刷窗帘电机-Mesh2.0,cmjd.curtain.cm860,cmjd.curtain.cm860.png,
个护与起居,CM,CM智能窗帘-Mesh2.0,cmjd.curtain.cm850,cmjd.curtain.cm850.png,
个护与起居,CM,CM电动智能窗帘-Mesh2.0,cmjd.curtain.cmx82,cmjd.curtain.cmx82.png,
个护与起居,CNMiBO,CNMiBO智能导轨式通断器(控制继电器)AT-SY1,mibo.valve.001,mibo.valve.001.png,
个护与起居,COKIT,COKIT 智能电热蚊香液加热器CO-Q5,cokit.mosq.coq5,cokit.mosq.coq5.png,
个护与起居,COKIT,COKIT智能电热蚊香液加热器,cokit.mosq.coq5s,cokit.mosq.coq5s.png,
个护与起居,COKIT,COKIT智能电蚊香Q4P,cokit.mosq.q4p,cokit.mosq.q4p.png,
个护与起居,COKIT,COKIT智能电蚊香Q5P,cokit.mosq.q5p,cokit.mosq.q5p.png,
个护与起居,CONTAI,CONTAI 智能窗帘（mesh2.0）,boleme.curtain.blmdj,boleme.curtain.blmdj.png,
个护与起居,CONTAI,CONTAI智能窗帘C3控制器Mesh2.0,boleme.motor.blmdj2,boleme.motor.blmdj2.png,
个护与起居,CONTAI,CONTAI锂电池智能窗帘,boleme.curtain.m98le,boleme.curtain.m98le.png,
个护与起居,DELIXI electric,德力西电气窗帘电机,dlx.curtain.cl11,dlx.curtain.cl11.png,
个护与起居,DELIXI electric,德力西电气隐藏式窗帘电机,dlx.curtain.cura01,dlx.curtain.cura01.png,
个护与起居,DMA,DMA智能卷帘电机（Mesh2.0）,doorma.curtain.dmjldj,doorma.curtain.dmjldj.png,
个护与起居,DMA,DM智能窗帘电机,doorma.curtain.cura02,doorma.curtain.cura02.png,
个护与起居,DP典派,典派巴士门电机,dpstar.motor.busmot,dpstar.motor.busmot.png,
个护与起居,DP典派,典派平移电机,dpstar.motor.panmot,dpstar.motor.panmot.png,
个护与起居,DP典派,典派电机控制器V1,dpstar.motor.unimot,dpstar.motor.unimot.png,
个护与起居,DREAMOTION,居优智能电动床,juyou.bed.h7,juyou.bed.h7.png,
个护与起居,DeRUCCI慕思,慕思AI床垫MWI1-033,musi.mattress.mw1,musi.mattress.mw1.png,
个护与起居,DeRUCCI慕思,慕思智能床BZZ1-128A,musi.bed.v1,musi.bed.v1.png,
个护与起居,DeRUCCI慕思,慕思智能床BZZ1-131,musi.bed.v2,musi.bed.v2.png,
个护与起居,DeRUCCI慕思,慕思电动床BZZ1-128,musi.bed.bzz1,musi.bed.bzz1.png,
个护与起居,ECOGRAM,易可纺智能窗帘(Mesh2.0),ecof1.curtain.ykcl,ecof1.curtain.ykcl.png,
个护与起居,EIZI亦己,EIZI亦己超净AI智能牙刷MAGIC 01,eizi.toothbrush.sy01,eizi.toothbrush.sy01.png,
个护与起居,EQY,EQY智能沙发,ykj.sofa.sofa01,ykj.sofa.sofa01.png,
个护与起居,Eztofa,Eztofa智能重合闸通断器L2,sanmei.valve.s1,sanmei.valve.s1.png,
个护与起居,FRFOX,FRFOX-LS窗帘电机,yoohoo.curtain.ct06,yoohoo.curtain.ct06.png,
个护与起居,FSL,FSL 智能82式开合帘电机,sfl.curtain.fsldj,sfl.curtain.fsldj.png,
个护与起居,GALIME,GALIME智能窗帘Mesh2.0,galime.curtain.lime01,galime.curtain.lime01.png,
个护与起居,GALIME,GLMD锂电池智能窗帘,galime.curtain.lime02,galime.curtain.lime02.png,
个护与起居,GAPOSA,GAPOSA智能开窗器,getuo1.wopener.znmc,getuo1.wopener.znmc.png,
个护与起居,GEIGER,GEIGER 智能窗帘电机(Mesh2.0),geiger.curtain.ftzndj,geiger.curtain.ftzndj.png,
个护与起居,GERWIN,GM智能卷帘（Mesh2.0）,gerwin.curtain.zljldj,gerwin.curtain.zljldj.png,
个护与起居,GERWIN,GM智能开合帘（Mesh2.0）,gerwin.curtain.zldj,gerwin.curtain.zldj.png,
个护与起居,Gayoo光言光语,光言光语 静音开合窗帘Mesh2.0,gayoo.curtain.gyclg1,gayoo.curtain.gyclg1.png,
个护与起居,Geesmart,Geesmart 智能开窗器C02,gee1.wopener.c02b,gee1.wopener.c02b.png,
个护与起居,HD,HD窗帘电机X3（Mesh2.0）,gswl.curtain.v3cl,gswl.curtain.v3cl.png,
个护与起居,HER ROBOT,MXAI射频控制器,mxiot.motor.mxv2,mxiot.motor.mxv2.png,
个护与起居,HER ROBOT,MX射频控制器PLUS,wfxx.motor.mxrf,wfxx.motor.mxrf.png,
个护与起居,HONYAR,鸿雁隐藏式智能窗帘电机,honyar.curtain.cura05,honyar.curtain.cura05.png,
个护与起居,HOPO,HOPO 平开窗开窗器,hopo.wopener.hb01,hopo.wopener.hb01.png,
个护与起居,Haier,Haier隐藏式智能窗帘电机HPM-13Y1Q-UD,haier.curtain.ct05,haier.curtain.ct05.png,
个护与起居,Haier,海尔智能窗帘电机,haier.curtain.cura01,haier.curtain.cura01.png,
个护与起居,Head-Master,HDM电动床HDM-D3,hdm111.bed.hdm001,hdm111.bed.hdm001.png,
个护与起居,JIECANG,JC卷帘电机,jstar.curtain.jcn24,jstar.curtain.jcn24.png,
个护与起居,JIECANG,JC智能窗帘,jstar.curtain.jcn30,jstar.curtain.jcn30.png,
个护与起居,JINCHAN 金蝉,金蝉 · 小魔方 无刷隐藏式窗帘电机,zjjc.curtain.yf02,zjjc.curtain.yf02.png,
个护与起居,JINCHAN 金蝉,金蝉智能窗帘电机 · 光影大师,zjjc.curtain.ct01,zjjc.curtain.ct01.png,
个护与起居,JOCO,JOCO窗帘电机JM82（Mesh 2.0）,nbxh.curtain.cura1,nbxh.curtain.cura1.png,
个护与起居,JOONY,JOONY佐尼分体智能床,joony.bed.jn004,joony.bed.jn004.png,
个护与起居,JOONY,JOONY佐尼智能床,joony.bed.jn002,joony.bed.jn002.png,
个护与起居,KEEY,KEEY智能窗帘（Mesh2.0）,keey.curtain.qyclm,keey.curtain.qyclm.png,
个护与起居,KELISITING,KLST克丽斯汀助眠按摩智能床垫Pro,ql0782.bed.klstp,ql0782.bed.klstp.png,
个护与起居,KERROGAL 科罗佳,KERROGAL智能窗帘电机,czjx.curtain.m3,czjx.curtain.m3.png,
个护与起居,KERROGAL 科罗佳,KERROGAL智能窗帘电机WiFi,czjx.curtain.m3wifi,czjx.curtain.m3wifi.png,
个护与起居,KICA,KiCA高速无线吹风机,feiyu.hair.am02,feiyu.hair.am02.png,
个护与起居,KINSUNY今上,今上智能窗帘Pro,ksks.curtain.cura01,ksks.curtain.cura01.png,
个护与起居,KUNHE,智能剃须刀,khznkj.razor.ks8521,khznkj.razor.ks8521.png,
个护与起居,KYOK,科译窗帘电机（Mesh2.0）,kyok.curtain.kycl,kyok.curtain.kycl.png,
个护与起居,KYOUNG彩阳,彩阳石墨烯水洗电热毯（两温区）,kyoung.blanket.area2,kyoung.blanket.area2.png,
个护与起居,KYOUNG彩阳,彩阳石墨烯水洗电热毯（四温区）,kyoung.blanket.area4,kyoung.blanket.area4.png,
个护与起居,LENGCEOI,迅为智能窗帘电机Mesh2.0,lat888.curtain.ct66,lat888.curtain.ct66.png,
个护与起居,LEX乐享生活,LEXMesh 智能窗帘电机2.0,lex.curtain.cura01,lex.curtain.cura01.png,
个护与起居,LKRQ,LKRQ手指机器人（按键）,pzg.motor.0006,pzg.motor.0006.png,
个护与起居,LMDMAKE,LMDMAKE深睡智眠电热毯,lmdsz.blanket.blkt01,lmdsz.blanket.blkt01.png,
个护与起居,LONGSAM,LS M8智能窗帘电机mesh2.0,lonsam.curtain.m8,lonsam.curtain.m8.png,
个护与起居,LONGSAM,LS Mesh2.0无刷智能窗帘电机B2-B,lonsam.curtain.m5foc,lonsam.curtain.m5foc.png,
个护与起居,LONGSAM,LS Mesh2.0智能窗帘电机 82,lonsam.curtain.lsm02,lonsam.curtain.lsm02.png,
个护与起居,LONGSAM,LS Mesh2.0智能窗帘电机68,lonsam.curtain.68ur,lonsam.curtain.68ur.png,
个护与起居,LONGSAM,LS Mesh2.0智能窗帘电机99-Y,lonsam.curtain.ls99mb,lonsam.curtain.ls99mb.png,
个护与起居,LONGSAM,LS Mesh2.0智能窗帘电机M6,lonsam.curtain.m6ur,lonsam.curtain.m6ur.png,
个护与起居,LONGSAM,LS Mesh2.0智能窗帘电机M82GS,lonsam.curtain.m82gmb,lonsam.curtain.m82gmb.png,
个护与起居,LONGSAM,LS SMART CURTAIN Mesh 2.0,lonsam.curtain.ct06a,lonsam.curtain.ct06a.png,
个护与起居,LONGSAM,LS Smart Curtain,lonsam.curtain.m3soc,lonsam.curtain.m3soc.png,
个护与起居,LONGSAM,LS Smart Curtain （mesh2.0）,lonsam.curtain.lsm01,lonsam.curtain.lsm01.png,
个护与起居,LONGSAM,LS WiFi无刷智能窗帘电机B2-B,lonsam.curtain.m5wif,lonsam.curtain.m5wif.png,
个护与起居,LONGSAM,LS WiFi智能窗帘电机82,lonsam.curtain.82wif,lonsam.curtain.82wif.png,
个护与起居,LONGSAM,LS WiFi智能窗帘电机M3,lonsam.curtain.m3wii,lonsam.curtain.m3wii.png,
个护与起居,LONGSAM,LS mini curtain motor,lonsam.curtain.ct06,lonsam.curtain.ct06.png,
个护与起居,LONGSAM,LS 智能窗帘电机M82C(mesh2.0）,lonsam.curtain.82c,lonsam.curtain.82c.png,
个护与起居,LONGSAM,LS 锂电池窗帘电机M3Li,lonsam.curtain.m3lim1,lonsam.curtain.m3lim1.png,
个护与起居,LONGSAM,LS智能窗帘电机（mesh2.0）,lonsam.curtain.lsv3,lonsam.curtain.lsv3.png,
个护与起居,LONGSAM,朗森M100智能窗帘电机,lonsam.curtain.m100,lonsam.curtain.m100.png,
个护与起居,LWU,LWU单控电热毯,zw1688.blanket.01dk,zw1688.blanket.01dk.png,
个护与起居,LWU,LWU双控电热毯,zw1688.blanket.01sk,zw1688.blanket.01sk.png,
个护与起居,Lemesh,情景Lemesh窗帘电机11S版,lemesh.curtain.cura07,lemesh.curtain.cura07.png,
个护与起居,Lemesh,情景Lemesh窗帘电机Ultra,lemesh.curtain.cura08,lemesh.curtain.cura08.png,
个护与起居,LineHope,LineHope智能窗帘电机8M1,line.curtain.8m1,line.curtain.8m1.png,
个护与起居,LineHope,LineHope智能窗帘电机DM1,line.curtain.dm1,line.curtain.dm1.png,
个护与起居,LineHope,LineHope智能窗帘电机R1,line.curtain.cldjr1,line.curtain.cldjr1.png,
个护与起居,LineHope,LineHope智能窗帘电机R6,line.curtain.cldjr6,line.curtain.cldjr6.png,
个护与起居,MLIANJIA,MLIANJIA智慧Ai窗帘电机,mlianj.curtain.ct01,mlianj.curtain.ct01.png,
个护与起居,MLILY梦百合,MLILY 0压智能床,mlily.bed.002,mlily.bed.002.png,
个护与起居,NOFA,DD智能床M2,7499.bed.m2pro,7499.bed.m2pro.png,
个护与起居,NOVO,Ai智能窗帘电机,novo.curtain.n21,novo.curtain.n21.png,
个护与起居,NOVO,N21智能开合电机(MESH),novo.curtain.m21,novo.curtain.m21.png,
个护与起居,NOVO,N23开合电机,novo.curtain.n20,novo.curtain.n20.png,
个护与起居,NOVO,N31氛围灯窗帘,novo.curtain.n31,novo.curtain.n31.png,
个护与起居,NOVO,NOVO-N31变色氛围灯窗帘,novo.curtain.n30,novo.curtain.n30.png,
个护与起居,NOVO,NOVO-Q1梦幻帘电机,novo.curtain.q4,novo.curtain.q4.png,
个护与起居,NOVO,NOVO-Q2变色氛围灯梦幻帘,novo.curtain.p2,novo.curtain.p2.png,
个护与起居,NOVO,NOVO-前后双排智能窗帘,novo.curtain.e65,novo.curtain.e65.png,
个护与起居,NOVO,NOVO-升降帘电机,novo.curtain.e40,novo.curtain.e40.png,
个护与起居,NOVO,NOVO-升降帘电机L,novo.curtain.le40,novo.curtain.le40.png,
个护与起居,NOVO,NOVO-智能卷帘电机,novo.curtain.kx5,novo.curtain.kx5.png,
个护与起居,NOVO,NOVO-迷你智能窗帘,novo.curtain.n99,novo.curtain.n99.png,
个护与起居,NOVO,NOVO-锂电池迷你窗帘,novo.curtain.n99l,novo.curtain.n99l.png,
个护与起居,NOVO,Q2氛围灯梦幻帘-Novo,novo.curtain.q2,novo.curtain.q2.png,
个护与起居,NOVO,智能日夜帘,novo.curtain.e38,novo.curtain.e38.png,
个护与起居,NOVO,高端Ai智能卷帘,novo.curtain.k25,novo.curtain.k25.png,
个护与起居,Nyrel,奈帕智能便携声波电动牙刷,hlznkj.toothbrush.se40a,hlznkj.toothbrush.se40a.png,
个护与起居,Nyrel,奈帕智能电动冲牙器CS60A,hlznkj.dental.cs60a,hlznkj.dental.cs60a.png,
个护与起居,OPK,OPK智能滑轨电机控制器,opk.motor.djkz,opk.motor.djkz.png,
个护与起居,OUSO 欧素,欧素智能浴室镜 S1,amb123.mirror.amb002,amb123.mirror.amb002.png,
个护与起居,Olovson,Flexnova 智能瑜伽沙发(基础款),artis.sofa.002,artis.sofa.002.png,
个护与起居,Olovson,Flexnova 智能瑜伽沙发(气囊款),artis.sofa.001,artis.sofa.001.png,
个护与起居,PSEIDER,PSEIDER PLC卷帘电机,psd.curtain.psdcm1,psd.curtain.psdcm1.png,
个护与起居,PTX,K1 智能窗帘电机(PTX),090615.curtain.s6k1,090615.curtain.s6k1.png,
个护与起居,PTX,MEEYA 米亚智能窗帘电机-Ｍ9,090615.curtain.mks6,090615.curtain.mks6.png,
个护与起居,PTX,PTX X1隐形窗帘电机,090615.curtain.curm6,090615.curtain.curm6.png,
个护与起居,PTX,PTX智能卷帘电机,090615.curtain.jldj03,090615.curtain.jldj03.png,
个护与起居,PTX,PTX智能机械卷帘电机,090615.curtain.jxdj02,090615.curtain.jxdj02.png,
个护与起居,PTX,PTX智能梦幻帘电机,090615.curtain.ptxml1,090615.curtain.ptxml1.png,
个护与起居,PTX,PTX智能窗帘开关,090615.curtain.p01,090615.curtain.p01.png,
个护与起居,PTX,PTX智能窗帘电机(WIFI),090615.curtain.ptx82,090615.curtain.ptx82.png,
个护与起居,PTX,平头熊 X1智能梦幻帘电机 Mesh2.0,090615.curtain.mhl2,090615.curtain.mhl2.png,
个护与起居,PTX,平头熊 X1超薄隐形电机 Mesh2.0,090615.curtain.curx1,090615.curtain.curx1.png,
个护与起居,PTX,平头熊静音窗帘电机(MESH),090615.curtain.crus6,090615.curtain.crus6.png,
个护与起居,PTX,智小金智能窗帘电机M1 (Mesh),090615.curtain.m2,090615.curtain.m2.png,
个护与起居,PTX,智能窗帘电机(蓝牙mesh),090615.curtain.s2mesh,090615.curtain.s2mesh.png,
个护与起居,PTX,智能锂电池电机(Mesh),090615.curtain.crli82,090615.curtain.crli82.png,
个护与起居,PTX,林氏生活智能窗帘电机,090615.curtain.byg247,090615.curtain.byg247.png,
个护与起居,PTX,欧派P1智能窗帘电机,090615.curtain.p1,090615.curtain.p1.png,
个护与起居,PTX,皓逸静音窗帘电机(mesh),090615.curtain.hadj06,090615.curtain.hadj06.png,
个护与起居,PTX,织选S6智能窗帘电机,090615.curtain.s6,090615.curtain.s6.png,
个护与起居,Pinhe,平和智能卷帘门控制器,pinhe.motor.ph01,pinhe.motor.ph01.png,
个护与起居,QIXING,琦星智能开合帘窗帘电机QT801,qxgk.curtain.ct05,qxgk.curtain.ct05.png,
个护与起居,QYGQ,QYGQ智能电热驱蚊器,kaenou.mosq.v1,kaenou.mosq.v1.png,
个护与起居,Qrua巢物,巢物 撑腰电动床,qrua.bed.qrua02,qrua.bed.qrua02.png,
个护与起居,RNLO,瑞奈智能 窗帘电机2.0,rnlo01.curtain.cura1,rnlo01.curtain.cura1.png,
个护与起居,RONCO容科,容科智能窗帘Ultra (Mesh2.0),ronco.curtain.pro,ronco.curtain.pro.png,
个护与起居,RONCO容科,容科智能窗帘Ultra（Mesh）,ronco.curtain.rc181,ronco.curtain.rc181.png,
个护与起居,RONCO容科,容科智能窗帘Ultra（Wi-Fi）,ronco.curtain.rc160,ronco.curtain.rc160.png,
个护与起居,Raex,Raex卷帘电机（Mesh2.0）,raex.curtain.rksjl,raex.curtain.rksjl.png,
个护与起居,Raex,Raex智能开合帘电机MP82（Mesh2.0）,raex.curtain.v2,raex.curtain.v2.png,
个护与起居,Raex,Raex智能开合帘电机mesh2.0,raex.curtain.v1,raex.curtain.v1.png,
个护与起居,Raex,Raex智能窗帘Mesh2.0,raex.curtain.v3,raex.curtain.v3.png,
个护与起居,Raex,Raex智能窗帘电机2.0,raex.curtain.cura03,raex.curtain.cura03.png,
个护与起居,Raex,Raex智能窗帘电机Mesh2.0,raex.curtain.rxcldj,raex.curtain.rxcldj.png,
个护与起居,SID超人,超人智能剃须刀,zjcr.razor.rs7368,zjcr.razor.rs7368.png,
个护与起居,SID超人,超人智能剃须刀HS158,zjcr.razor.rs158,zjcr.razor.rs158.png,
个护与起居,SLEEPRETTY,睡丽派智能宝宝舱,fr1698.mattress.atbb50,fr1698.mattress.atbb50.png,
个护与起居,SLEEPRETTY,睡丽派智能床垫,fr1698.mattress.atm180,fr1698.mattress.atm180.png,
个护与起居,SONGLINK,松联诚智能窗帘电机,zzslc.curtain.slc02,zzslc.curtain.slc02.png,
个护与起居,SOTHING向物,向物水暖毯-暖眠眠2,bcase.blanket.snt02,bcase.blanket.snt02.png,
个护与起居,SUNICA,SUNICA智能窗帘S8 Mesh2.0,sunica.curtain.s8,sunica.curtain.s8.png,
个护与起居,SWANHOME,SWAN HOME智能窗帘电机,zksq.curtain.cura01,zksq.curtain.cura01.png,
个护与起居,SmartJoy,SmartJoy智能窗帘电机（WiFi升级版）,smartj.curtain.sjd82p,smartj.curtain.sjd82p.png,
个护与起居,SmartJoy,SmartJoy智能窗帘电机（WiFi版）,smartj.curtain.sjdt82,smartj.curtain.sjdt82.png,
个护与起居,SmartJoy,SmartJoy智臻窗帘电机（WiFi版）,smartj.curtain.sjcmns,smartj.curtain.sjcmns.png,
个护与起居,SmartJoy,SmartJoy智臻窗帘电机（蓝牙Mesh版）,smartj.curtain.sjscmm,smartj.curtain.sjscmm.png,
个护与起居,SmartJoy,SmartJoy极智窗帘电机（蓝牙Mesh版）,smartj.curtain.sjcmnp,smartj.curtain.sjcmnp.png,
个护与起居,TATACASA,TATACASA智能滑轨电机控制器TL001,line.motor.t8,line.motor.t8.png,
个护与起居,TS,TS导轨式开关M1-L,shuoda.valve.m1l,shuoda.valve.m1l.png,
个护与起居,UNEC,UNEC智能窗帘电机,unec.curtain.cura01,unec.curtain.cura01.png,
个护与起居,UWIZE,UWIZE优智者窗帘电机,topwit.curtain.rzct04,topwit.curtain.rzct04.png,
个护与起居,V6家居,V6家居智能床BFD1-050,musi.bed.v6znc2,musi.bed.v6znc2.png,
个护与起居,V6家居,V6家居智能床BFD1-051,musi.bed.v6znc,musi.bed.v6znc.png,
个护与起居,V6家居,V6家居智能沙发 RFA1-655,musi.sofa.v6znsf,musi.sofa.v6znsf.png,
个护与起居,WISTAR,威仕达智能管状窗帘电机-蓝牙Mesh,bean.curtain.ct06,bean.curtain.ct06.png,
个护与起居,WISTAR,威仕达梦幻帘电机-WiFi版,bean.curtain.ctw1,bean.curtain.ctw1.png,
个护与起居,WISTAR,威仕达隐藏式开合帘电机,bean.curtain.ct07,bean.curtain.ct07.png,
个护与起居,WOTIE沃铁,沃铁隐形窗帘电机,090615.curtain.wtmc01,090615.curtain.wtmc01.png,
个护与起居,XiMALONG,西马龙电动牙刷R02,xmlong.toothbrush.r02,xmlong.toothbrush.r02.png,
个护与起居,XiMALONG,西马龙电动牙刷R06,xmlong.toothbrush.r05,xmlong.toothbrush.r05.png,
个护与起居,YKBN,YKBN双隐智能窗帘,ykbn.curtain.yksy,ykbn.curtain.yksy.png,
个护与起居,YKCN,Wi-Fi智能导轨式断路器YKCN,ykcn.valve.rdb7h,ykcn.valve.rdb7h.png,
个护与起居,YKCN,YKCN 智慧用电电源 TTDZ-63A,ykcn.valve.01,ykcn.valve.01.png,
个护与起居,YKCN,智能导轨式通断器YKCN,ykcn.valve.cbcs,ykcn.valve.cbcs.png,
个护与起居,YUSHUN,YUSHUN智能开窗器,yszh.wopener.ys01,yszh.wopener.ys01.png,
个护与起居,YUSHUN,智能推窗器,yszh.wopener.bs817,yszh.wopener.bs817.png,
个护与起居,Yeelight,YEELIGHT凌动 开合窗帘电机,yeelink.curtain.crc5,yeelink.curtain.crc5.png,
个护与起居,Yeelight,Yeelight Pro 窗帘,yeelink.curtain.ywc01,yeelink.curtain.ywc01.png,
个护与起居,Yeelight,Yeelight SU智能窗帘电机,yeelink.curtain.crc6,yeelink.curtain.crc6.png,
个护与起居,Yeelight,Yeelight 快装窗帘,yeelink.curtain.ctmt2,yeelink.curtain.ctmt2.png,
个护与起居,Yeelight,Yeelight 智能 窗帘电机,yeelink.curtain.ctmt1,yeelink.curtain.ctmt1.png,
个护与起居,Yeelight,Yeelight 智能开合帘电机,yeelink.curtain.crc3,yeelink.curtain.crc3.png,
个护与起居,Yeelight,Yeelight 智能开合帘电机C2（WIFI版）,yeelink.curtain.crc2,yeelink.curtain.crc2.png,
个护与起居,Yeelight,Yeelight 智能开合帘窗帘电机,yeelink.curtain.crc4,yeelink.curtain.crc4.png,
个护与起居,Yeelight,Yeelight 智能开合窗帘电机,yeelink.curtain.crc1,yeelink.curtain.crc1.png,
个护与起居,Yeelight,Yeelight Z2智能无刷开合帘电机,yeelink.curtain.crc10,yeelink.curtain.crc10.png,
个护与起居,Yeelight,Yeelight 智能窗帘电机2.0,yeelink.curtain.crc7,yeelink.curtain.crc7.png,
个护与起居,Yeelight,Yeelight 智能窗帘电机SU ultra,yeelink.curtain.crc9,yeelink.curtain.crc9.png,
个护与起居,Yeelight,Yeelight 隐藏式无刷窗帘电机,yeelink.curtain.crc8,yeelink.curtain.crc8.png,
个护与起居,Yeelight,diiib 大白温暖你&Yeelight智能美妆镜柜,yeelink.mirror.bm1,yeelink.mirror.bm1.png,
个护与起居,ZBOM志邦家居,志邦智能床,line.bed.bed01,line.bed.bed01.png,
个护与起居,ZNSN,ZNSN正尚窗帘电机,znsn.curtain.zsct01,znsn.curtain.zsct01.png,
个护与起居,ZNSN,正尚82型窗帘电机,znsn.curtain.ct06,znsn.curtain.ct06.png,
个护与起居,ZXWL,ZXWL智能窗帘电机2.0,andi.curtain.cura1,andi.curtain.cura1.png,
个护与起居,Zemismart,ZM智能窗帘,zemi.curtain.zm85,zemi.curtain.zm85.png,
个护与起居,Zemismart,Zemismart拉珠窗帘电机V1,zemi.curtain.lzv3,zemi.curtain.lzv3.png,
个护与起居,Zemismart,Zemismart智能卷帘电机,zemi.curtain.zm25,zemi.curtain.zm25.png,
个护与起居,Zemismart,Zemismart窗帘电机,zemi.curtain.zmcldj,zemi.curtain.zmcldj.png,
个护与起居,Zhiee,百将窗帘伴侣,zhiee.curtain.bjcl1,zhiee.curtain.bjcl1.png,
个护与起居,babuy,巴百Mesh窗帘电机 锂电版,babai.curtain.blm1,babai.curtain.blm1.png,
个护与起居,bayse,bayse卷帘电机控制器M2(Mesh 2.0),bayse.motor.m2,bayse.motor.m2.png,
个护与起居,imoya,杰瑞佳 imoya 智能电动牙刷,jrj.toothbrush.j3m800,jrj.toothbrush.j3m800.png,
个护与起居,iotperfect,iotperfect阀门智能控制器（Mesh2.0）,iotpfk.valve.003,iotpfk.valve.003.png,
个护与起居,iwindow,ID智能窗帘蓝牙Mesh版,aiduo.curtain.ct05,aiduo.curtain.ct05.png,
个护与起居,iwindow,艾多智能窗帘电机,aiduo.curtain.adcl02,aiduo.curtain.adcl02.png,
个护与起居,lanke,lanke智能窗帘电机(MESH),lk07.curtain.cura1,lk07.curtain.cura1.png,
个护与起居,lemonai,lemonai柠檬智能床,lemo.bed.bedjd3,lemo.bed.bedjd3.png,
个护与起居,linptech,智能窗帘电机C3（PLC版）,linp.curtain.c3,linp.curtain.c3.png,
个护与起居,linptech 领普,领普智能平开推窗器WD2,linp.wopener.wd2lb,linp.wopener.wd2lb.png,
个护与起居,linptech 领普,领普智能平移推窗器WD1,linp.wopener.wd1lb,linp.wopener.wd1lb.png,
个护与起居,linptech 领普,领普智能窗帘电机C4,linp.curtain.c4b,linp.curtain.c4b.png,
个护与起居,linptech 领普,领普智能窗帘电机（Mesh2.0）,linp.curtain.c5db,linp.curtain.c5db.png,
个护与起居,linptech 领普,领普窗帘电机,linp.curtain.lpc1,linp.curtain.lpc1.png,
个护与起居,linptech 领普,领普窗帘电机MESH,linp.curtain.c2,linp.curtain.c2.png,
个护与起居,linptech 领普,领普隐藏式窗帘电机,linp.curtain.ec1db,linp.curtain.ec1db.png,
个护与起居,linptech 领普,领普隐藏式窗帘电机C6,linp.curtain.c6db,linp.curtain.c6db.png,
个护与起居,linptech 领普,领普隐藏式窗帘电机T2,linp.curtain.t2db,linp.curtain.t2db.png,
个护与起居,luobang罗邦国际,LB智能窗帘Mesh2.0版,luoban.curtain.cura01,luoban.curtain.cura01.png,
个护与起居,menred,曼瑞德智能阀门（Mesh2.0）,menred.valve.v8hsm,menred.valve.v8hsm.png,
个护与起居,mitch,mitch智能窗帘电机,googo.curtain.cura01,googo.curtain.cura01.png,
个护与起居,nk,nk净鞋机P1,nkkj.dryer.p1,nkkj.dryer.p1.png,
个护与起居,noooe皓逸,皓逸mini窗帘电机Mesh2.0,haoyi.curtain.hyclv3,haoyi.curtain.hyclv3.png,
个护与起居,sayso,SAYSO开合帘电机Mesh版,sayso.curtain.cura02,sayso.curtain.cura02.png,
个护与起居,sayso,SAYSO智能窗帘电机,sayso.curtain.cura01,sayso.curtain.cura01.png,
个护与起居,smartzz,SmartZZ智能床,dmlink.bed.z7s,dmlink.bed.z7s.png,
个护与起居,xiaowell,xiaowell小为科技智能窗帘电机,xwiwn.curtain.xwc001,xwiwn.curtain.xwc001.png,
个护与起居,yeme,yeme智能水暖毯,ermi.blanket.snt01,ermi.blanket.snt01.png,
个护与起居,yeme,yeme智能除螨电热毯（单控）,ermi.blanket.zeemi1,ermi.blanket.zeemi1.png,
个护与起居,yeme,yeme智能除螨电热毯（双控）,ermi.blanket.zeemi2,ermi.blanket.zeemi2.png,
个护与起居,yiree,谊瑞智能床,yiree.bed.yibed1,yiree.bed.yibed1.png,
个护与起居,zrsd,ZRSD卷帘门控制器,zrsd.motor.ddm01,zrsd.motor.ddm01.png,
个护与起居,三千金,三千金S3智能窗帘电机,090615.curtain.s3,090615.curtain.s3.png,
个护与起居,三雄极光Pak,三雄极光Pak 智能窗帘电机,pak.curtain.cura1,pak.curtain.cura1.png,
个护与起居,三顺暖润,三顺暖润智能电热毯(WiFi),kairu.blanket.nrdrt,kairu.blanket.nrdrt.png,
个护与起居,世茄,世茄智能沙发,qmlj.sofa.sj001,qmlj.sofa.sj001.png,
个护与起居,世道,世道智能床,satori.bed.sd01,satori.bed.sd01.png,
个护与起居,乐伽,乐伽AI智能颈椎按摩睡眠枕,17216.pillow.pl008,17216.pillow.pl008.png,
个护与起居,乐蜗智能,乐蜗智能窗帘G20(Mesh2.0),nowoo.curtain.lwm5,nowoo.curtain.lwm5.png,
个护与起居,云仪智能,云仪智能开窗器电池版PK1,yyunyi.wopener.pk1,yyunyi.wopener.pk1.png,
个护与起居,云仪智能,云仪链条开窗器,yyunyi.wopener.yylt,yyunyi.wopener.yylt.png,
个护与起居,云米,云米AI智能窗帘电机Auto 1S,viomi.curtain.v3,viomi.curtain.v3.png,
个护与起居,云米,云米AI智能窗帘电机Master,viomi.curtain.v5,viomi.curtain.v5.png,
个护与起居,云米,云米AI智能窗帘电机Smart,viomi.curtain.v4,viomi.curtain.v4.png,
个护与起居,云米,云米互联网窗帘电机 Auto 1A,viomi.curtain.v2,viomi.curtain.v2.png,
个护与起居,云米,云米互联网窗帘电机（Wi-Fi版）,viomi.curtain.v1,viomi.curtain.v1.png,
个护与起居,云米,云米隐藏式窗帘电机Mini,yunmi.curtain.v6,yunmi.curtain.v6.png,
个护与起居,云触,云触智能舒鼾枕M1,hetmod.pillow.snore,hetmod.pillow.snore.png,
个护与起居,亖米,亖米Mesh智能窗帘Ultra,symi.curtain.cura03,symi.curtain.cura03.png,
个护与起居,亖米,亖米Mesh智能窗帘电机Ultra,symi.curtain.cura05,symi.curtain.cura05.png,
个护与起居,亖米,亖米智能窗帘mesh版,symi.curtain.cura01,symi.curtain.cura01.png,
个护与起居,亖米,亖米智能窗帘电机,symi.curtain.ct06,symi.curtain.ct06.png,
个护与起居,亖米,晓翼Mesh智能窗帘电机Ultra,symi.curtain.cura06,symi.curtain.cura06.png,
个护与起居,京东京造,京东京造 X EasyZzz JZ005智能床,jdjz.bed.xmx,jdjz.bed.xmx.png,
个护与起居,京东京造,京东京造百变大师智能床JZ002-S,jdjz.bed.001,jdjz.bed.001.png,
个护与起居,京东京造,京东京造百变大师智能床JZ003-S,jdjz.bed.002,jdjz.bed.002.png,
个护与起居,亮庭,亮庭开窗器,liyan.wopener.liyan,liyan.wopener.liyan.png,
个护与起居,亲天,亲天K1-MI声波电动牙刷,xjyd.toothbrush.k1,xjyd.toothbrush.k1.png,
个护与起居,今品森活,今品森活电热毯,chens.blanket.001lr,chens.blanket.001lr.png,
个护与起居,众帘,众帘ZM3智能窗帘电机,hzzl.curtain.zm3,hzzl.curtain.zm3.png,
个护与起居,佐卡,佐卡智能 窗帘电机2.0,zuka.curtain.cura01,zuka.curtain.cura01.png,
个护与起居,佳尼特, 佳尼特恒温水暖床垫 CXM-A1,smith.blanket.cxma1,smith.blanket.cxma1.png,
个护与起居,佳文,佳文智能窗帘电机E7,jwzn.curtain.cura1,jwzn.curtain.cura1.png,
个护与起居,俏蜻蜓,COKIT 智能电热蚊香液加热器CO-Q4,dayang.mosq.qqtq4,dayang.mosq.qqtq4.png,
个护与起居,俏蜻蜓,COKIT 智能电热蚊香液加热器SE CO-Q4S,dayang.mosq.coq4s,dayang.mosq.coq4s.png,
个护与起居,俏蜻蜓,俏蜻蜓智能灭蚊灯PRO QQT-M6,dayang.mosq.qqtm6,dayang.mosq.qqtm6.png,
个护与起居,俏蜻蜓,俏蜻蜓灭蚊灯,dayang.mosq.dyt16s,dayang.mosq.dyt16s.png,
个护与起居,俞兆林,俞兆林智能双控电热毯,shyzl.blanket.sk001,shyzl.blanket.sk001.png,
个护与起居,俞兆林,俞兆林智能水暖毯,shyzl.blanket.001,shyzl.blanket.001.png,
个护与起居,俪居智品,俪居外星来客窗帘,ljzp.curtain.khldj,ljzp.curtain.khldj.png,
个护与起居,俪居智品,俪居小黑管窗帘,ljzp.curtain.ljxhg,ljzp.curtain.ljxhg.png,
个护与起居,倍增,倍增智能电机控制器,cchome.wopener.tcq001,cchome.wopener.tcq001.png,
个护与起居,倍增,倍增智能窗帘电机（开合帘）,cchome.curtain.khl01,cchome.curtain.khl01.png,
个护与起居,元雁,元雁智能窗帘（Mesh）,egch.curtain.ftcl1,egch.curtain.ftcl1.png,
个护与起居,光缓,光缓智能窗帘ULTRA,alight.curtain.cura1,alight.curtain.cura1.png,
个护与起居,光韵,光韵MINI智能窗帘电机,gyzn.curtain.ct01,gyzn.curtain.ct01.png,
个护与起居,光韵,光韵智能氛围灯卷帘窗帘电机,gyzn.curtain.ct07,gyzn.curtain.ct07.png,
个护与起居,公牛,公牛窗帘电机CW12,bull.curtain.cl01,bull.curtain.cl01.png,
个护与起居,兰希,兰希声波电动牙刷T600,nancii.toothbrush.t600,nancii.toothbrush.t600.png,
个护与起居,其他品牌,Ai home智能窗帘Mesh版,doorma.curtain.cura01,doorma.curtain.cura01.png,
个护与起居,其他品牌,Ai home窗帘灯带电机,bean.curtain.ctm1,bean.curtain.ctm1.png,
个护与起居,其他品牌,Ai 智能窗帘,babai.curtain.bb82mj,babai.curtain.bb82mj.png,
个护与起居,其他品牌,Ai 智能窗帘（Mesh）,babai.curtain.bb82mm,babai.curtain.bb82mm.png,
个护与起居,其他品牌,Ai 智能窗帘（WiFi）,babai.curtain.bb82cb,babai.curtain.bb82cb.png,
个护与起居,其他品牌,Ai智能Mesh窗帘,babai.curtain.ble11s,babai.curtain.ble11s.png,
个护与起居,其他品牌,Asnug爱舒智慧床,rmt.bed.asbed,rmt.bed.asbed.png,
个护与起居,其他品牌,Blupeace 智能助眠床垫,bkrobo.bed.t1,bkrobo.bed.t1.png,
个护与起居,其他品牌,Blupeace 智能助眠床垫单人,bkrobo.bed.t1sgl,bkrobo.bed.t1sgl.png,
个护与起居,其他品牌,Blupeace 智能助眠床垫双人,bkrobo.bed.t1dbl,bkrobo.bed.t1dbl.png,
个护与起居,其他品牌,CANY智能窗帘电机,babai.curtain.cy850,babai.curtain.cy850.png,
个护与起居,其他品牌,CM智能窗帘（WiFi）,babai.curtain.cmb5,babai.curtain.cmb5.png,
个护与起居,其他品牌,DOCO 微电流精华导入美容仪,doco.fcb.docov001,doco.fcb.docov001.png,
个护与起居,其他品牌,F1 MESH电机,mcosu.curtain.pipae1,mcosu.curtain.pipae1.png,
个护与起居,其他品牌,FIVE智能烘鞋暖被干衣机,uvfive.dryer.panda,uvfive.dryer.panda.png,
个护与起居,其他品牌,FTD智能窗帘电机V1(MESH),ftd.curtain.wibyil,ftd.curtain.wibyil.png,
个护与起居,其他品牌,GIPIN水暖毯,huadn.blanket.abcdef,huadn.blanket.abcdef.png,
个护与起居,其他品牌,GM日夜帘电机,gerwin.curtain.gm24tf,gerwin.curtain.gm24tf.png,
个护与起居,其他品牌,GM智能电动窗帘,gerwin.curtain.gm25l,gerwin.curtain.gm25l.png,
个护与起居,其他品牌,GM智能电动窗帘xm,gerwin.curtain.25xm,gerwin.curtain.25xm.png,
个护与起居,其他品牌,GM智能窗帘,gerwin.curtain.gm25xm,gerwin.curtain.gm25xm.png,
个护与起居,其他品牌,GM智能窗帘电机,gerwin.curtain.gm35xm,gerwin.curtain.gm35xm.png,
个护与起居,其他品牌,GOCHEAL广巢智能床,ql0782.bed.kepler,ql0782.bed.kepler.png,
个护与起居,其他品牌,GOCHEAL广巢智能沙发,ql0782.sofa.knoss,ql0782.sofa.knoss.png,
个护与起居,其他品牌,GR谷雨智能窗帘,090615.curtain.gr82m1,090615.curtain.gr82m1.png,
个护与起居,其他品牌,Gosvn高山领航智能阀门控制器蓝牙MESH版,giot.valve.valve1,giot.valve.valve1.png,
个护与起居,其他品牌,Gra电动控制器V1（Mesh）,giot.wopener.v1iwom,giot.wopener.v1iwom.png,
个护与起居,其他品牌,HT智能窗帘电机(Mesh版),lemesh.curtain.curh01,lemesh.curtain.curh01.png,
个护与起居,其他品牌,HUADN智能数显电热毯,huadn.blanket.001,huadn.blanket.001.png,
个护与起居,其他品牌,Hi+智能蒸汽眼罩,guoshi.other.sem01,guoshi.other.sem01.png,
个护与起居,其他品牌,JC智能卷帘电机,jstar.curtain.jcd25,jstar.curtain.jcd25.png,
个护与起居,其他品牌,JC智能百叶帘电机,jstar.curtain.jcv24,jstar.curtain.jcv24.png,
个护与起居,其他品牌,JC智能窗帘电机,jstar.curtain.stew,jstar.curtain.stew.png,
个护与起居,其他品牌,KLST 克丽斯汀云端智能沙发,ql0782.sofa.001,ql0782.sofa.001.png,
个护与起居,其他品牌,LD帘动时代•智慧窗帘,babai.curtain.ql850,babai.curtain.ql850.png,
个护与起居,其他品牌,LS M3电动窗帘(Mesh),lonsam.curtain.123,lonsam.curtain.123.png,
个护与起居,其他品牌,LS SMART CURTAIN,lonsam.curtain.ct05a,lonsam.curtain.ct05a.png,
个护与起居,其他品牌,LS-M3 CURTAIN-Mesh,lonsam.curtain.ct05,lonsam.curtain.ct05.png,
个护与起居,其他品牌,LS68  Smart Curtain（Mesh）,babai.curtain.ls68m,babai.curtain.ls68m.png,
个护与起居,其他品牌,LS智能卷帘(Mesh),lonsam.curtain.lm25am,lonsam.curtain.lm25am.png,
个护与起居,其他品牌,LS智能卷帘(WiFi),lonsam.curtain.lm25a,lonsam.curtain.lm25a.png,
个护与起居,其他品牌,LS智能窗帘电机,lonsam.curtain.001,lonsam.curtain.001.png,
个护与起居,其他品牌,LTP智能导轨式断路器1P-MESH,lxzn.valve.02,lxzn.valve.02.png,
个护与起居,其他品牌,M3智能窗帘 (WIFI),babai.curtain.lsxf83,babai.curtain.lsxf83.png,
个护与起居,其他品牌,MEEYA智能窗帘,090615.curtain.mt800w,090615.curtain.mt800w.png,
个护与起居,其他品牌,MM智能电动窗帘25TEIXM,miga.curtain.mm25te,miga.curtain.mm25te.png,
个护与起居,其他品牌,MPE智能床垫,mpe.mattress.xmgjb,mpe.mattress.xmgjb.png,
个护与起居,其他品牌,MX射频控制器,wfxx.motor.ycmkq,wfxx.motor.ycmkq.png,
个护与起居,其他品牌,N次方护脊床垫,olohas.bed.ogawa8,olohas.bed.ogawa8.png,
个护与起居,其他品牌,SMUI敏升智能床,ql0782.bed.smui,ql0782.bed.smui.png,
个护与起居,其他品牌,SeeMagic智能快闪脱毛仪,qdmyk.beauty.mry01,qdmyk.beauty.mry01.png,
个护与起居,其他品牌,Sleepone AI智能床垫,shus.bed.a01,shus.bed.a01.png,
个护与起居,其他品牌,UZ窗帘电机,topwit.curtain.rzct01,topwit.curtain.rzct01.png,
个护与起居,其他品牌,V1Gra智能干衣机,giot.dryer.v1icd,giot.dryer.v1icd.png,
个护与起居,其他品牌,V1智能推窗器,milizn.wopener.ml03,milizn.wopener.ml03.png,
个护与起居,其他品牌,V1智能推窗器(Mesh),milizn.wopener.ml006,milizn.wopener.ml006.png,
个护与起居,其他品牌,V1智能窗帘（Mesh）,giot.curtain.v1icm,giot.curtain.v1icm.png,
个护与起居,其他品牌,V1电机控制器（WiFi）,giot.motor.v1imm,giot.motor.v1imm.png,
个护与起居,其他品牌,V1锂电池智能窗帘（Mesh）,giot.curtain.v5icm,giot.curtain.v5icm.png,
个护与起居,其他品牌,V2Gra锂电池卷帘（Mesh）,giot.curtain.v2bsm,giot.curtain.v2bsm.png,
个护与起居,其他品牌,VTT高端剃须刀,tstar.razor.ra2,tstar.razor.ra2.png,
个护与起居,其他品牌,XM智能电动窗帘,zjdh.curtain.xj001,zjdh.curtain.xj001.png,
个护与起居,其他品牌,XM智能窗帘,cmjd.curtain.cm82,cmjd.curtain.cm82.png,
个护与起居,其他品牌,XM电动窗帘,milizn.curtain.mili2,milizn.curtain.mili2.png,
个护与起居,其他品牌,YCZNWL 智能窗帘电机,090615.curtain.ycur01,090615.curtain.ycur01.png,
个护与起居,其他品牌,YKBN智能窗帘电机,ykbn.curtain.k9,ykbn.curtain.k9.png,
个护与起居,其他品牌,YNXT恒温地暖垫,stesh.blanket.rug02,stesh.blanket.rug02.png,
个护与起居,其他品牌,Yi-Lock小益智能窗帘,yilock.curtain.yilc3,yilock.curtain.yilc3.png,
个护与起居,其他品牌,Zemismart 智能窗帘电机,babai.curtain.m515e,babai.curtain.m515e.png,
个护与起居,其他品牌,ml智能窗纱电机,milizn.curtain.ml009,milizn.curtain.ml009.png,
个护与起居,其他品牌,msuen漏水保护智能阀CZC25/XM,msuen.valve.czc25,msuen.valve.czc25.png,
个护与起居,其他品牌,wifi智能窗帘电机,090615.curtain.sidt82,090615.curtain.sidt82.png,
个护与起居,其他品牌,一米未来智能窗帘,090615.curtain.1mcu01,090615.curtain.1mcu01.png,
个护与起居,其他品牌,一米未来智能窗帘电机M1,ymwl.curtain.cura01,ymwl.curtain.cura01.png,
个护与起居,其他品牌,世典电动魔幻帘,bofu.curtain.sp10xm,bofu.curtain.sp10xm.png,
个护与起居,其他品牌,丙申窗帘电动轨道,binthe.curtain.bcm,binthe.curtain.bcm.png,
个护与起居,其他品牌,云仪平移开窗器,yyunyi.wopener.yypy24,yyunyi.wopener.yypy24.png,
个护与起居,其他品牌,云智能电动窗帘,nbym.curtain.yznv1,nbym.curtain.yznv1.png,
个护与起居,其他品牌,优合S1吸奶器,youha.breast.s1,youha.breast.s1.png,
个护与起居,其他品牌,优客工场智能窗帘电机(WIFI),090615.curtain.ykgc82,090615.curtain.ykgc82.png,
个护与起居,其他品牌,修然得体智能感应杀菌杯,zhij.toothbrush.bv1,zhij.toothbrush.bv1.png,
个护与起居,其他品牌,光韵智能氛围灯窗帘电机,gyzn.curtain.ct05,gyzn.curtain.ct05.png,
个护与起居,其他品牌,兰博尔智能窗帘,babai.curtain.deiyu,babai.curtain.deiyu.png,
个护与起居,其他品牌,创明智能窗帘,wintom.curtain.230xm,wintom.curtain.230xm.png,
个护与起居,其他品牌,南虎(NanHoo)智能窗帘,babai.curtain.nh5810,babai.curtain.nh5810.png,
个护与起居,其他品牌,博孚智能卷帘电机,090615.curtain.bofud1,090615.curtain.bofud1.png,
个护与起居,其他品牌,即品智能除螨电热毯,jipin.blanket.tt7xxa,jipin.blanket.tt7xxa.png,
个护与起居,其他品牌,咪呵智能窗帘电机,090615.curtain.mehe82,090615.curtain.mehe82.png,
个护与起居,其他品牌,喜临门智慧T1智能床,iot.bed.ddc01,iot.bed.ddc01.png,
个护与起居,其他品牌,国顺通用控制器,gszn.motor.gs168,gszn.motor.gs168.png,
个护与起居,其他品牌,大道梦想家 智能窗帘,dotop.curtain.82,dotop.curtain.82.png,
个护与起居,其他品牌,奥特威(AUTORAIL)窗帘电机,babai.curtain.at5810,babai.curtain.at5810.png,
个护与起居,其他品牌,奥科AM卷帘电机,iot.curtain.cldj,iot.curtain.cldj.png,
个护与起居,其他品牌,威仕达智能卷帘电机,090615.curtain.wsjl01,090615.curtain.wsjl01.png,
个护与起居,其他品牌,威仕达智能梦幻帘电机,090615.curtain.wsdml1,090615.curtain.wsdml1.png,
个护与起居,其他品牌,威仕达智能电机,090615.curtain.ws9856,090615.curtain.ws9856.png,
个护与起居,其他品牌,威仕达蓝牙mesh智能双子星开合帘,qjiang.curtain.wsd003,qjiang.curtain.wsd003.png,
个护与起居,其他品牌,威仕达蓝牙mesh智能开合帘,qjiang.curtain.wsd001,qjiang.curtain.wsd001.png,
个护与起居,其他品牌,威仕达蓝牙mesh智能梦幻帘,qjiang.curtain.wsd002,qjiang.curtain.wsd002.png,
个护与起居,其他品牌,小器点智能衣护宝,huachu.dryer.xqd100,huachu.dryer.xqd100.png,
个护与起居,其他品牌,小益(Yi-LOCK)智能窗帘 C3,babai.curtain.yilc3,babai.curtain.yilc3.png,
个护与起居,其他品牌,希崖门控,dfwlw.motor.xy02kg,dfwlw.motor.xy02kg.png,
个护与起居,其他品牌,康拓智能开窗控制器,ktkj.wopener.kcwv01,ktkj.wopener.kcwv01.png,
个护与起居,其他品牌,德庭助眠智能电动床,ql0782.bed.donday,ql0782.bed.donday.png,
个护与起居,其他品牌,德裕智能窗帘,cmjd.curtain.cm88,cmjd.curtain.cm88.png,
个护与起居,其他品牌,悬浮云端智能床KLST,ql0782.bed.001,ql0782.bed.001.png,
个护与起居,其他品牌,情景Mesh卷帘V2,lemesh.curtain.curb02,lemesh.curtain.curb02.png,
个护与起居,其他品牌,情景mesh窗帘电机,lemesh.curtain.cura01,lemesh.curtain.cura01.png,
个护与起居,其他品牌,情景开合电机WIFI S2版,lemesh.curtain.cura02,lemesh.curtain.cura02.png,
个护与起居,其他品牌,情景开合电机WIFI X版,leshi.curtain.v0001,leshi.curtain.v0001.png,
个护与起居,其他品牌,慕思智能空气垫Air-pro,deruci.bed.mcw1,deruci.bed.mcw1.png,
个护与起居,其他品牌,拓利达智能推拉窗开窗器TZD-PY01,tld.wopener.py001,tld.wopener.py001.png,
个护与起居,其他品牌,拓智达智能开窗器TZD-LT,tzd.wopener.tzdlt,tzd.wopener.tzdlt.png,
个护与起居,其他品牌,拓智达隐藏式开窗器TZD-NKND,tzd.wopener.nknd,tzd.wopener.nknd.png,
个护与起居,其他品牌,斯坦特德窗帘电机ST9,dfwlw.curtain.sttdst,dfwlw.curtain.sttdst.png,
个护与起居,其他品牌,映趣智能剃须刀BS8,enchen.razor.bs8,enchen.razor.bs8.png,
个护与起居,其他品牌,映趣智能剃须刀D8,enchen.razor.d8,enchen.razor.d8.png,
个护与起居,其他品牌,智帮手智能卷帘,uxkeji.curtain.50tt,uxkeji.curtain.50tt.png,
个护与起居,其他品牌,智帮手智能开合帘,uxkeji.curtain.40tt,uxkeji.curtain.40tt.png,
个护与起居,其他品牌,智帮手智能开合帘（蓝牙Mesh版）,uxkeji.curtain.63att,uxkeji.curtain.63att.png,
个护与起居,其他品牌,智能床,ql0782.bed.tqg,ql0782.bed.tqg.png,
个护与起居,其他品牌,智能床头柜,fgj.bed.rcctgc,fgj.bed.rcctgc.png,
个护与起居,其他品牌,智能开合帘电机V1-WiFi版,bean.curtain.bct01,bean.curtain.bct01.png,
个护与起居,其他品牌,智能开合帘电机V2-WiFi版,bean.curtain.ctw3,bean.curtain.ctw3.png,
个护与起居,其他品牌,智能梦幻帘电机A3-WiFi版,bean.curtain.ctw6,bean.curtain.ctw6.png,
个护与起居,其他品牌,智能激光电视伸缩平台,daolai.motor.jdts,daolai.motor.jdts.png,
个护与起居,其他品牌,智能电动卷帘,milizn.curtain.ml002,milizn.curtain.ml002.png,
个护与起居,其他品牌,智能电动窗帘,bofu.curtain.normal,bofu.curtain.normal.png,
个护与起居,其他品牌,智能电动窗帘(Mesh),zjdh.curtain.xj002,zjdh.curtain.xj002.png,
个护与起居,其他品牌,智能电热毯,hddz.blanket.zndrt,hddz.blanket.zndrt.png,
个护与起居,其他品牌,智能窗帘1,cmjd.curtain.cm83,cmjd.curtain.cm83.png,
个护与起居,其他品牌,智能窗帘2,ronco.curtain.rc120,ronco.curtain.rc120.png,
个护与起居,其他品牌,智能窗帘电机CM,babai.curtain.cm82dm,babai.curtain.cm82dm.png,
个护与起居,其他品牌,智能窗帘电机CM(wifi直连),babai.curtain.190812,babai.curtain.190812.png,
个护与起居,其他品牌,智能窗帘电机S1-Mesh版,bean.curtain.ct05,bean.curtain.ct05.png,
个护与起居,其他品牌,智能窗帘电机V1-Mesh版,bean.curtain.ct01,bean.curtain.ct01.png,
个护与起居,其他品牌,智能窗帘电机mesh版,lxun.curtain.cl01,lxun.curtain.cl01.png,
个护与起居,其他品牌,智能语音窗帘电机,090615.curtain.ptcu02,090615.curtain.ptcu02.png,
个护与起居,其他品牌,智能除螨驱蚊器,yifang.mosq.yx01,yifang.mosq.yx01.png,
个护与起居,其他品牌,柠檬果智能窗帘电机(WIFI),090615.curtain.nmg82,090615.curtain.nmg82.png,
个护与起居,其他品牌,柯雅馨 智能窗帘,babai.curtain.kyx850,babai.curtain.kyx850.png,
个护与起居,其他品牌,梦幻垂直帘,bofu.curtain.bfmh,bofu.curtain.bfmh.png,
个护与起居,其他品牌,梦百合0压智能床,mlily.bed.001,mlily.bed.001.png,
个护与起居,其他品牌,欧仕恒智能窗帘,babai.curtain.osh850,babai.curtain.osh850.png,
个护与起居,其他品牌,欧仕恒智能窗帘电机(WIFI),090615.curtain.osh82d,090615.curtain.osh82d.png,
个护与起居,其他品牌,汐研智能窗帘电机,babai.curtain.xy850,babai.curtain.xy850.png,
个护与起居,其他品牌,沃尔特赫恩恒温水暖毯,walter.blanket.2022,walter.blanket.2022.png,
个护与起居,其他品牌,法兰琳卡智能床,jsjj.bed.j01,jsjj.bed.j01.png,
个护与起居,其他品牌,泰和美冷暖床垫青春版,thm11.blanket.ln2401,thm11.blanket.ln2401.png,
个护与起居,其他品牌,泰和美智能恒温水暖床垫,thm11.blanket.2308,thm11.blanket.2308.png,
个护与起居,其他品牌,洪塔智能烘鞋机,htwl.dryer.v1,htwl.dryer.v1.png,
个护与起居,其他品牌,添康智能床,tfc.bed.001,tfc.bed.001.png,
个护与起居,其他品牌,清蜓智能便携干衣机,coc.dryer.fdpsm,coc.dryer.fdpsm.png,
个护与起居,其他品牌,满天馨智能窗帘,babai.curtain.mtx850,babai.curtain.mtx850.png,
个护与起居,其他品牌,澳妮尔智能床,aonier.bed.001,aonier.bed.001.png,
个护与起居,其他品牌,环鼎智能水暖毯HD,huadn.blanket.hd,huadn.blanket.hd.png,
个护与起居,其他品牌,环鼎水暖毯,huadn.blanket.123456,huadn.blanket.123456.png,
个护与起居,其他品牌,琴岛智能电热毯,qindao.blanket.1905,qindao.blanket.1905.png,
个护与起居,其他品牌,电动剃须刀,lbhd.razor.hs150,lbhd.razor.hs150.png,
个护与起居,其他品牌,电动智能窗帘(MESH),milizn.curtain.ml005,milizn.curtain.ml005.png,
个护与起居,其他品牌,禹顺 电动卷帘电机,babai.curtain.ym25e,babai.curtain.ym25e.png,
个护与起居,其他品牌,科创者智能窗帘电机,090615.curtain.kcz82d,090615.curtain.kcz82d.png,
个护与起居,其他品牌,科创者智能窗帘电机C5,bean.curtain.ctw2,bean.curtain.ctw2.png,
个护与起居,其他品牌,科创者窗帘电机,aok98.curtain.lm50bw,aok98.curtain.lm50bw.png,
个护与起居,其他品牌,科掌门智能卷帘门控制器,aice.motor.kzmu3,aice.motor.kzmu3.png,
个护与起居,其他品牌,米象家居悬浮智能床,ql0782.bed.mx,ql0782.bed.mx.png,
个护与起居,其他品牌,绘睡一键舒眠水暖垫,xinyue.blanket.n1918,xinyue.blanket.n1918.png,
个护与起居,其他品牌,绘睡一键舒眠水暖垫HS2001,isleep.blanket.hs2001,isleep.blanket.hs2001.png,
个护与起居,其他品牌,绘睡一键舒眠水暖垫HS2201,isleep.blanket.hs2201,isleep.blanket.hs2201.png,
个护与起居,其他品牌,绘睡水暖垫HS2205,isleep.blanket.hs2205,isleep.blanket.hs2205.png,
个护与起居,其他品牌,考拉妈妈智能控温冲奶机,kola.milk.v1,kola.milk.v1.png,
个护与起居,其他品牌,致尚智能卷帘电机,090615.curtain.zsdj35,090615.curtain.zsdj35.png,
个护与起居,其他品牌,致尚智能窗帘电机,090615.curtain.zsdj82,090615.curtain.zsdj82.png,
个护与起居,其他品牌,致尚智能窗帘电机(MESH),090615.curtain.zs82b,090615.curtain.zs82b.png,
个护与起居,其他品牌,舒是智能电动床,shus.bed.bed01,shus.bed.bed01.png,
个护与起居,其他品牌,艾德智能窗帘,babai.curtain.ad5810,babai.curtain.ad5810.png,
个护与起居,其他品牌,艾德道开窗器,babai.wopener.83,babai.wopener.83.png,
个护与起居,其他品牌,芝华仕按摩智能床,rmt.bed.zhsbd3,rmt.bed.zhsbd3.png,
个护与起居,其他品牌,芝华仕智能床,rmt.bed.zhsbed,rmt.bed.zhsbed.png,
个护与起居,其他品牌,芝华仕智能沙发M1,homray.sofa.zhsm1,homray.sofa.zhsm1.png,
个护与起居,其他品牌,芝华仕腰托智能床,rmt.bed.zhsbd2,rmt.bed.zhsbd2.png,
个护与起居,其他品牌,蓝搏(LANBOO)智能窗帘,babai.curtain.lb100a,babai.curtain.lb100a.png,
个护与起居,其他品牌,蓝盒子电动床,iot.bed.upone,iot.bed.upone.png,
个护与起居,其他品牌,质零智能水暖床垫,wanrui.blanket.psn2a,wanrui.blanket.psn2a.png,
个护与起居,其他品牌,辰阳开窗器,babai.wopener.82,babai.wopener.82.png,
个护与起居,其他品牌,达阔智能电蚊香,ateai.mosq.dakuo,ateai.mosq.dakuo.png,
个护与起居,其他品牌,邦先生智能开合帘,raex.curtain.le1xa,raex.curtain.le1xa.png,
个护与起居,其他品牌,金蒂雅居智能沙发,babai.sofa.kh01,babai.sofa.kh01.png,
个护与起居,其他品牌,金蝉M9智能窗帘电机,babai.curtain.jcm3,babai.curtain.jcm3.png,
个护与起居,其他品牌,青菱Q301智能窗帘,bofu.curtain.q301,bofu.curtain.q301.png,
个护与起居,其他品牌,青菱Q7mini 智能窗帘电机,babai.curtain.qlm3,babai.curtain.qlm3.png,
个护与起居,其他品牌,魔力云智能窗帘电机,mly.curtain.cura01,mly.curtain.cura01.png,
个护与起居,其他品牌,麒石电机控制器,wfxx.motor.qsmkdm,wfxx.motor.qsmkdm.png,
个护与起居,其他品牌,麒石门控,wfxx.motor.lsmk,wfxx.motor.lsmk.png,
个护与起居,典一,典一电动门电机控制器,xfl.motor.v1,xfl.motor.v1.png,
个护与起居,冀人,冀人智能电热毯（WiFi）,yxsm01.blanket.jrdrt,yxsm01.blanket.jrdrt.png,
个护与起居,冠知,GZ智能窗帘mesh2.0,gzkj.curtain.cura01,gzkj.curtain.cura01.png,
个护与起居,凌动,凌动智能 Mini窗帘电机2.0,ldzn.curtain.cura2,ldzn.curtain.cura2.png,
个护与起居,凌动,凌动智能 开合帘电机2.0,ldzn.curtain.cura01,ldzn.curtain.cura01.png,
个护与起居,创明智能窗帘,创明Mesh2.0智能窗帘电机,wintom.curtain.cura8,wintom.curtain.cura8.png,
个护与起居,创明智能窗帘,创明智能窗帘电机180,wintom.curtain.v1,wintom.curtain.v1.png,
个护与起居,创明智能窗帘,创明智能窗帘电机A5,wintom.curtain.cura11,wintom.curtain.cura11.png,
个护与起居,创明智能窗帘,创明智能窗帘电机CQ3,wintom.curtain.cq3,wintom.curtain.cq3.png,
个护与起居,创明智能窗帘,创明智能窗帘电机M1,wintom.curtain.cmcl1,wintom.curtain.cmcl1.png,
个护与起居,创明智能窗帘,创明智能窗帘电机Mesh2.0,wintom.curtain.cmcldj,wintom.curtain.cmcldj.png,
个护与起居,创明智能窗帘,创明智能窗帘电机Q5,wintom.curtain.cura09,wintom.curtain.cura09.png,
个护与起居,半日闲,浮岛电动床,bnrn.bed.001,bnrn.bed.001.png,
个护与起居,华品,华品智能窗帘G20（mesh2.0）,nowoo.curtain.yf02,nowoo.curtain.yf02.png,
个护与起居,华时,华时智能窗帘电机（Mesh2.0）,hszn.curtain.hscl,hszn.curtain.hscl.png,
个护与起居,博孚,博孚智能开合帘,bofu.curtain.bfmj,bofu.curtain.bfmj.png,
个护与起居,博孚,智联82比翼鸟开合帘,bofu.curtain.82byn,bofu.curtain.82byn.png,
个护与起居,博孚,智能卷帘,bofu.curtain.ey25,bofu.curtain.ey25.png,
个护与起居,博孚,蓝牙智能窗帘,bofu.curtain.zl82xa,bofu.curtain.zl82xa.png,
个护与起居,博瑞思,博瑞思智能窗帘机WIFI版,brains.curtain.brs001,brains.curtain.brs001.png,
个护与起居,博瑞思,博瑞思窗帘控制器WIFI版,brains.motor.brs001,brains.motor.brs001.png,
个护与起居,博畅,博畅智能沙发,bcos.sofa.bcsf02,bcos.sofa.bcsf02.png,
个护与起居,博米利,拓泰智能窗帘A6,ttzn.curtain.tta6,ttzn.curtain.tta6.png,
个护与起居,即品,即品智能互联单控电热毯,jipin.blanket.ttdk,jipin.blanket.ttdk.png,
个护与起居,即品,即品智能互联双控电热毯,jipin.blanket.ttsk,jipin.blanket.ttsk.png,
个护与起居,即品,即品智能互联水暖毯,jipin.blanket.cmsnt,jipin.blanket.cmsnt.png,
个护与起居,即品,即品智能可水洗电热毯,jipin.blanket.002,jipin.blanket.002.png,
个护与起居,即品,即品智能恒温水暖毯,jipin.blanket.snt1,jipin.blanket.snt1.png,
个护与起居,即品,即品碳晶电热地垫,jipin.blanket.005,jipin.blanket.005.png,
个护与起居,即米智家,即米智能窗帘电机J1,mjkj.curtain.cura01,mjkj.curtain.cura01.png,
个护与起居,即米智家,即米智能窗帘电机J3,mjkj.curtain.cura03,mjkj.curtain.cura03.png,
个护与起居,品洛,品洛智能沙发,ql0782.sofa.pinluo,ql0782.sofa.pinluo.png,
个护与起居,哲成,哲成智能窗帘电机,jmzc.curtain.zcr01,jmzc.curtain.zcr01.png,
个护与起居,唯楚智造,唯楚开窗器,wczn11.wopener.vc001,wczn11.wopener.vc001.png,
个护与起居,噼啪,噼啪智能窗帘电机,090615.curtain.pipacr,090615.curtain.pipacr.png,
个护与起居,固帝,固帝智能Mini窗帘电机,gudi.curtain.cura01,gudi.curtain.cura01.png,
个护与起居,塞问,塞问智能水暖床垫,qshui.blanket.d1,qshui.blanket.d1.png,
个护与起居,天居一品,天居一品TJ-01智能窗帘电机,090615.curtain.tj01,090615.curtain.tj01.png,
个护与起居,天米智客,天米电机控制器（WiFi）,timi.motor.tmdj,timi.motor.tmdj.png,
个护与起居,奥特优,AOTEYOU智能单控加热毯,trdz01.blanket.dkdrt,trdz01.blanket.dkdrt.png,
个护与起居,奥特优,AOTEYOU智能双控加热毯,trdz01.blanket.skdrc,trdz01.blanket.skdrc.png,
个护与起居,奥科,奥科AM50智能窗帘电机,aok98.curtain.am50pw,aok98.curtain.am50pw.png,
个护与起居,奥科,奥科AM57开合帘,aok98.curtain.aok57,aok98.curtain.aok57.png,
个护与起居,奥科,奥科AM68智能窗帘电机,aok98.curtain.aok68,aok98.curtain.aok68.png,
个护与起居,奥科,奥科LM100智能窗帘电机,aok98.curtain.aok100,aok98.curtain.aok100.png,
个护与起居,奥科,青菱Q302智能窗帘,aok98.curtain.qlam50,aok98.curtain.qlam50.png,
个护与起居,好梦得,好梦得0压智慧床,hmd.bed.001,hmd.bed.001.png,
个护与起居,威仕达,威仕达智能双子星开合帘蓝牙mesh2.0,wsd.curtain.wsd005,wsd.curtain.wsd005.png,
个护与起居,威仕达,威仕达智能开合帘窗帘电机-蓝牙Mesh2.0,wsd.curtain.ct044,wsd.curtain.ct044.png,
个护与起居,威仕达,威仕达智能日夜帘窗帘电机-蓝牙Mesh2.0,wsd.curtain.ct01,wsd.curtain.ct01.png,
个护与起居,威仕达,威仕达智能管状窗帘电机-蓝牙Mesh2.0,wsd.curtain.ct03,wsd.curtain.ct03.png,
个护与起居,威仕达,威仕达隐藏式开合帘窗帘电机-蓝牙Mesh2.0,wsd.curtain.ct02,wsd.curtain.ct02.png,
个护与起居,威仕达,威仕达隐藏式无刷开合帘窗帘电机,wsd.curtain.wushua,wsd.curtain.wushua.png,
个护与起居,威仕达,威仕达隐藏式窗帘电机-蓝牙Mesh2.0,wsd.curtain.wscmxi,wsd.curtain.wscmxi.png,
个护与起居,宜世布诺,宜世布诺智能沙发,kavtr.sofa.ysbn1,kavtr.sofa.ysbn1.png,
个护与起居,宝格梦,宝格梦一体智能床,enwo.bed.ec302,enwo.bed.ec302.png,
个护与起居,宝格梦,宝格梦分区智能床,enwo.bed.ec304,enwo.bed.ec304.png,
个护与起居,客来福智能整家,客来福智能开合帘电动窗帘,klf888.curtain.cura01,klf888.curtain.cura01.png,
个护与起居,小白,小白智能窗帘电机 L1C,chuangmi.curtain.723a02,chuangmi.curtain.723a02.png,
个护与起居,小白,小白智能窗帘电机 L2,chuangmi.curtain.711a02,chuangmi.curtain.711a02.png,
个护与起居,小白,小白智能窗帘电机蓝牙网关版L1,chuangmi.curtain.h209,chuangmi.curtain.h209.png,
个护与起居,小米出品,小米有品智能窗帘电机（Wi-Fi版）,lumi.curtain.hagl05,lumi.curtain.hagl05.png,
个护与起居,小米出品,米兔儿童声波电动牙刷,soocare.toothbrush.mc1,soocare.toothbrush.mc1.png,
个护与起居,小米出品,米家伺服扫振电动牙刷 Pro,xiaomi.toothbrush.24p,xiaomi.toothbrush.24p.png,
个护与起居,小米出品,米家儿童电动牙刷 Pro,xiaomi.toothbrush.m04,xiaomi.toothbrush.m04.png,
个护与起居,小米出品,米家声波电动牙刷T500,soocare.toothbrush.m1s,soocare.toothbrush.m1s.png,
个护与起居,小米出品,米家声波电动牙刷T501,soocare.toothbrush.t501,soocare.toothbrush.t501.png,
个护与起居,小米出品,米家声波电动牙刷T700,k0918.toothbrush.t700,k0918.toothbrush.t700.png,
个护与起居,小米出品,米家多向扫振电动牙刷,xiaomi.toothbrush.p001,xiaomi.toothbrush.p001.png,
个护与起居,小米出品,米家多向扫振电动牙刷Pro,xiaomi.toothbrush.p002,xiaomi.toothbrush.p002.png,
个护与起居,小米出品,米家智能枕,qushui.pillow.mj02,qushui.pillow.mj02.png,
个护与起居,小米出品,米家智能水暖毯,xiaomi.blanket.mj2,xiaomi.blanket.mj2.png,
个护与起居,小米出品,米家智能温控水暖毯,qushui.blanket.mj1,qushui.blanket.mj1.png,
个护与起居,小米出品,米家智能电热毯,xiaomi.blanket.mj3,xiaomi.blanket.mj3.png,
个护与起居,小米出品,米家智能电热毯 单人款,xiaomi.blanket.mj5,xiaomi.blanket.mj5.png,
个护与起居,小米出品,米家智能窗帘,lumi.curtain.hmcn01,lumi.curtain.hmcn01.png,
个护与起居,小米出品,米家智能窗帘 3 Pro,xiaomi.curtain.003,xiaomi.curtain.003.png,
个护与起居,小米出品,米家智能窗帘 伸缩轨道版,xiaomi.curtain.acn009,xiaomi.curtain.acn009.png,
个护与起居,小米出品,米家智能窗帘 锂电池版,lumi.curtain.acn006,lumi.curtain.acn006.png,
个护与起居,小米出品,米家智能窗帘1S,lumi.curtain.mcn005,lumi.curtain.mcn005.png,
个护与起居,小米出品,米家智能窗帘2,xiaomi.curtain.acn010,xiaomi.curtain.acn010.png,
个护与起居,小米出品,米家智能驱蚊器2,zimi.mosq.v2,zimi.mosq.v2.png,
个护与起居,小米出品,米家窗帘伴侣,lumi.curtain.hmcn02,lumi.curtain.hmcn02.png,
个护与起居,小米出品,米家隐藏式智能窗帘,xiaomi.curtain.acn012,xiaomi.curtain.acn012.png,
个护与起居,小米出品,米家隐藏式智能窗帘 G10,xiaomi.curtain.g10,xiaomi.curtain.g10.png,
个护与起居,小米出品,米家驱蚊器智能版,zimi.mosq.v1,zimi.mosq.v1.png,
个护与起居,小达,小达静音智能水暖床垫,gdxdkj.blanket.znsnt,gdxdkj.blanket.znsnt.png,
个护与起居,尚科然,尚科然智能窗帘电机B3,skr003.curtain.ct99,skr003.curtain.ct99.png,
个护与起居,尚科然,尚科然智能窗帘电机S3,skr003.curtain.lsm3,skr003.curtain.lsm3.png,
个护与起居,尚阳梦,尚阳梦智能门远程控制器RF01,sym.motor.dctl01,sym.motor.dctl01.png,
个护与起居,居意,居意电动卷帘,syniot.curtain.m1,syniot.curtain.m1.png,
个护与起居,居意,居意电动窗帘,syniot.curtain.syc1,syniot.curtain.syc1.png,
个护与起居,居水安,居水安智能水浸阀,jsa.valve.jsa,jsa.valve.jsa.png,
个护与起居,峥果,卷帘门控制器,zinguo.motor.mk01,zinguo.motor.mk01.png,
个护与起居,巴百,巴百Mesh窗帘电机Pro,babai.curtain.bxm1,babai.curtain.bxm1.png,
个护与起居,巴百,巴百WiFi窗帘电机Pro,babai.curtain.bxw1,babai.curtain.bxw1.png,
个护与起居,巴百,巴百babuy智能卷帘伴侣 G1,babai.curtain.bjg1,babai.curtain.bjg1.png,
个护与起居,巴百,巴百babuy智能卷帘伴侣 M1,babai.curtain.bjm1,babai.curtain.bjm1.png,
个护与起居,巴百,巴百babuy智能卷帘伴侣 W1,babai.curtain.bjw1,babai.curtain.bjw1.png,
个护与起居,巴百,巴百babuy智能卷帘伴侣 X1,babai.curtain.bjx1,babai.curtain.bjx1.png,
个护与起居,希箭,希箭IOT智能镜柜,horow.mirror.b55m02,horow.mirror.b55m02.png,
个护与起居,希箭,希箭IOT智能镜柜a70m02,horow.mirror.a70m02,horow.mirror.a70m02.png,
个护与起居,希箭,希箭IOT智能镜柜a80m02,horow.mirror.a80m02,horow.mirror.a80m02.png,
个护与起居,希箭,希箭IOT智能镜柜b75m02,horow.mirror.b75m02,horow.mirror.b75m02.png,
个护与起居,希箭,希箭IOT智能镜柜b85m02,horow.mirror.b85m02,horow.mirror.b85m02.png,
个护与起居,希箭,希箭IOT智能镜柜b95m02,horow.mirror.b95m02,horow.mirror.b95m02.png,
个护与起居,帘玺,帘玺智能窗帘电机 F2,f123.curtain.f3,f123.curtain.f3.png,
个护与起居,帘玺,帘玺智能窗帘电机 M1,f123.curtain.m2,f123.curtain.m2.png,
个护与起居,帘目,帘目A6智能窗帘电机,090615.curtain.a6,090615.curtain.a6.png,
个护与起居,帝仕尼,Denc帝仕尼温泉仓水暖毯,dzdq.blanket.denc01,dzdq.blanket.denc01.png,
个护与起居,帝菲斯,帝菲斯智能窗帘D1,difeis.curtain.d1,difeis.curtain.d1.png,
个护与起居,平头熊,平头熊F1 Pro超薄隐形电机,ptx.curtain.f1pro,ptx.curtain.f1pro.png,
个护与起居,平头熊,平头熊K1 Pro隐藏式窗帘电机,090615.curtain.k1pro,090615.curtain.k1pro.png,
个护与起居,平头熊,平头熊Q1 Pro超薄隐形电机,090615.curtain.q1pro,090615.curtain.q1pro.png,
个护与起居,平头熊,平头熊S6 mini智能窗帘电机 (Mesh2.0),090615.curtain.s6min,090615.curtain.s6min.png,
个护与起居,床享,CX智能电动床,jytzn.bed.jyt,jytzn.bed.jyt.png,
个护与起居,康玛特,KOMACHT智慧Ai窗帘电机,kmt.curtain.kmtk1,kmt.curtain.kmtk1.png,
个护与起居,式亚,晓翼智能窗帘mesh版,symi.curtain.cura02,symi.curtain.cura02.png,
个护与起居,彩虹,彩虹智能触控电热毯,caih.blanket.1866,caih.blanket.1866.png,
个护与起居,彩虹乖乖,彩虹乖乖智能水暖毯,chzn06.blanket.gg001,chzn06.blanket.gg001.png,
个护与起居,德联尚品,德联尚品智能沙发,dlsp.sofa.sf002,dlsp.sofa.sf002.png,
个护与起居,悠觅,YOOMI智能窗帘电机MESH2.0,tofan.curtain.ct06,tofan.curtain.ct06.png,
个护与起居,悠觅,悠觅隐形窗帘电机M3-PRO2.0,tofan.curtain.ct03,tofan.curtain.ct03.png,
个护与起居,慕向,慕向晴风干衣机M69,muxnw.dryer.m69,muxnw.dryer.m69.png,
个护与起居,慕向,慕向暖流烘鞋器M73,muxnw.dryer.m73,muxnw.dryer.m73.png,
个护与起居,懒小兽,懒小兽 电热驱蚊器 U4 Pro,fenjun.mosq.m1pro,fenjun.mosq.m1pro.png,
个护与起居,摩亨,摩亨智能窗帘电机,xm008.curtain.dy01,xm008.curtain.dy01.png,
个护与起居,摩克,K-10mini智能窗帘,mkyb88.curtain.lsk10,mkyb88.curtain.lsk10.png,
个护与起居,斯坦特德,斯坦特德窗帘电机 T9,503923.curtain.sttdt9,503923.curtain.sttdt9.png,
个护与起居,新极,新极智能窗帘电机,xinji.curtain.cura01,xinji.curtain.cura01.png,
个护与起居,方舟鱼,方舟鱼智能窗帘电机R1,line.curtain.fdjr1,line.curtain.fdjr1.png,
个护与起居,早鱼,早鱼智能吹风机MMD-5000W,wenxi.hair.5000w,wenxi.hair.5000w.png,
个护与起居,早鱼,早鱼高速吹风机,hnjc.hair.s01,hnjc.hair.s01.png,
个护与起居,易慧家,易慧家智能推拉开窗器1C,evecca.wopener.bwp03,evecca.wopener.bwp03.png,
个护与起居,易慧家,易慧家联网助手3,evecca.wopener.na03ma,evecca.wopener.na03ma.png,
个护与起居,映趣,映趣智能剃须刀K8 Plus,enchen.razor.z4,enchen.razor.z4.png,
个护与起居,晓晨,晓晨智能开窗器XC-60,xcmc.wopener.xcyg,xcmc.wopener.xcyg.png,
个护与起居,晓翼,晓翼Mesh智能窗帘Ultra,symi.curtain.cura04,symi.curtain.cura04.png,
个护与起居,晶米,晶米智能床,ykl.bed.bed01,ykl.bed.bed01.png,
个护与起居,晶米,晶米智能窗帘电机mesh版,ykl.curtain.cura1,ykl.curtain.cura1.png,
个护与起居,智信物联,智信物联窗帘电机Mesh2.0,cqzx.curtain.zxcldj,cqzx.curtain.zxcldj.png,
个护与起居,智和家,智和家 K6迷你智能窗帘电机,zhj.curtain.cura02,zhj.curtain.cura02.png,
个护与起居,智和家,智和家 T6静音智能窗帘电机,zhj.curtain.cura03,zhj.curtain.cura03.png,
个护与起居,智和家,智和家 玲珑智能电机,zhj.curtain.zhj928,zhj.curtain.zhj928.png,
个护与起居,智和家,智和家 玲珑智能电机Pro,zhj.curtain.zhj929,zhj.curtain.zhj929.png,
个护与起居,智和家,智和家 玲珑智能窗帘电机2.0,zhj.curtain.zhj931,zhj.curtain.zhj931.png,
个护与起居,智和家,智和家 迷你智能窗帘电机,zhj.curtain.zhj930,zhj.curtain.zhj930.png,
个护与起居,智和家,智和家 静音智能窗帘电机2.0,zhj.curtain.cura01,zhj.curtain.cura01.png,
个护与起居,智安舒,智安舒智能床-e10,xhjtkj.bed.e10,xhjtkj.bed.e10.png,
个护与起居,智安舒,智安舒智能床-e10pro,xhjtkj.bed.e10pro,xhjtkj.bed.e10pro.png,
个护与起居,智安舒,智安舒智能床-e10rs,xhjtkj.bed.e10rs,xhjtkj.bed.e10rs.png,
个护与起居,智安舒,智安舒智能床-m11,xhjtkj.bed.m11,xhjtkj.bed.m11.png,
个护与起居,智拉斐,智拉斐82式开合帘窗帘电机,slf.curtain.zlfct,slf.curtain.zlfct.png,
个护与起居,智拉斐,智拉斐零火单路窗帘开关,slf.curtain.clsw01,slf.curtain.clsw01.png,
个护与起居,智泰,智泰智能电动窗帘ZT-99,zhitai.curtain.xgp,zhitai.curtain.xgp.png,
个护与起居,智皇科技,ZH卷帘电机,zhtech.curtain.zhjldj,zhtech.curtain.zhjldj.png,
个护与起居,智皇科技,ZH智能窗帘电机,zhtech.curtain.zhcl,zhtech.curtain.zhcl.png,
个护与起居,智皇科技,ZH智能窗帘（Mesh),zhtech.curtain.zm83s,zhtech.curtain.zm83s.png,
个护与起居,智皇科技,智皇开合窗帘电机,zhtech.curtain.zm83,zhtech.curtain.zm83.png,
个护与起居,智皇科技,智皇智能卷帘电机,zhtech.curtain.zm25s,zhtech.curtain.zm25s.png,
个护与起居,智雅悠居,智雅悠居智能窗帘电机,cdzkzc.curtain.kh50,cdzkzc.curtain.kh50.png,
个护与起居,智领袖,智领袖智能窗帘电机,zlx.curtain.zlxcl,zlx.curtain.zlxcl.png,
个护与起居,暖维尔,暖维尔智能电热毯（WiFi）,nwer.blanket.nwe01,nwer.blanket.nwe01.png,
个护与起居,朗妃,朗妃智能电热毯(WiFi),lmier.blanket.lfdrt,lmier.blanket.lfdrt.png,
个护与起居,朗尊,朗尊 MESH2.0 82型智能窗帘电机,lzmesh.curtain.cura02,lzmesh.curtain.cura02.png,
个护与起居,朗尊,朗尊 MESH2.0 迷你型智能窗帘电机,lzmesh.curtain.cura01,lzmesh.curtain.cura01.png,
个护与起居,未来居,未来居智能窗帘电机,bymiot.curtain.wlv4,bymiot.curtain.wlv4.png,
个护与起居,未来居,未来居智能窗帘电机(MESH),bymiot.curtain.wlv6,bymiot.curtain.wlv6.png,
个护与起居,未来居,未来居智能窗帘电机M2（WIFI版）,bymiot.curtain.m2w,bymiot.curtain.m2w.png,
个护与起居,未来居,未来居轻连窗帘电机,bymiot.curtain.wlv1,bymiot.curtain.wlv1.png,
个护与起居,未来居科技,未来居PLC智能开合帘电机,bymiot.curtain.plcv1,bymiot.curtain.plcv1.png,
个护与起居,未来居科技,未来居精铸超静音mini窗帘电机2.0,bymiot.curtain.wlv7,bymiot.curtain.wlv7.png,
个护与起居,未来鸟,未来鸟鸥璃窗帘电机D2,wlnkj.curtain.ct06,wlnkj.curtain.ct06.png,
个护与起居,朵兰新巢,朵兰新巢智能床 N1,ql0782.bed.dlxc,ql0782.bed.dlxc.png,
个护与起居,杜亚,DT82TN/S,dooya.curtain.w1578,dooya.curtain.w1578.png,
个护与起居,杜亚,向日葵智能窗帘KM2,dooya.curtain.r8762e,dooya.curtain.r8762e.png,
个护与起居,杜亚,向日葵智能窗帘KM2-C,dooya.curtain.km2,dooya.curtain.km2.png,
个护与起居,杜亚,向日葵智能窗帘S2M,dooya.curtain.s2m,dooya.curtain.s2m.png,
个护与起居,杜亚,向日葵智能窗帘S3M,dooya.curtain.s3m,dooya.curtain.s3m.png,
个护与起居,杜亚,帘邦印象智能窗帘Z8,dooya.curtain.z8mesh,dooya.curtain.z8mesh.png,
个护与起居,杜亚,帘邦印象智能窗帘Z8WIFI,dooya.curtain.z82,dooya.curtain.z82.png,
个护与起居,杜亚,杜亚左右分控开合窗帘D25,dooya.curtain.flex25,dooya.curtain.flex25.png,
个护与起居,杜亚,杜亚成品帘控制器,dooya.motor.ck1,dooya.motor.ck1.png,
个护与起居,杜亚,杜亚智能卷帘控制器 C1,dooya.curtain.c1,dooya.curtain.c1.png,
个护与起居,杜亚,杜亚智能卷帘控制器 WF,dooya.motor.dc1545,dooya.motor.dc1545.png,
个护与起居,杜亚,杜亚智能屏风帘控制器,dooya.motor.pfc,dooya.motor.pfc.png,
个护与起居,杜亚,杜亚智能开窗控制器DC8807H,dooya.wopener.8807h0,dooya.wopener.8807h0.png,
个护与起居,杜亚,杜亚智能成品帘控制器-锂电池版,dooya.motor.lidian,dooya.motor.lidian.png,
个护与起居,杜亚,杜亚智能日夜蜂巢帘控制器FC2,dooya.motor.riye,dooya.motor.riye.png,
个护与起居,杜亚,杜亚智能梦幻帘DK60,dooya.curtain.k60,dooya.curtain.k60.png,
个护与起居,杜亚,杜亚智能梦幻帘DK70,dooya.curtain.dk71,dooya.curtain.dk71.png,
个护与起居,杜亚,杜亚智能梦幻帘K12-X,dooya.curtain.k12pro,dooya.curtain.k12pro.png,
个护与起居,杜亚,杜亚智能梦幻帘MH8,dooya.curtain.dk66,dooya.curtain.dk66.png,
个护与起居,杜亚,杜亚智能梦幻帘MH9,dooya.curtain.mh9,dooya.curtain.mh9.png,
个护与起居,杜亚,杜亚智能梦幻帘电机DK80,dooya.curtain.dk80,dooya.curtain.dk80.png,
个护与起居,杜亚,杜亚智能窗帘,dooya.curtain.m5,dooya.curtain.m5.png,
个护与起居,杜亚,杜亚智能窗帘 K6-X,dooya.curtain.kk6x,dooya.curtain.kk6x.png,
个护与起居,杜亚,杜亚智能窗帘A8,dooya.curtain.a8,dooya.curtain.a8.png,
个护与起居,杜亚,杜亚智能窗帘D1-XC,dooya.curtain.d1xc,dooya.curtain.d1xc.png,
个护与起居,杜亚,杜亚智能窗帘D10,dooya.curtain.d10x,dooya.curtain.d10x.png,
个护与起居,杜亚,杜亚智能窗帘D11,dooya.curtain.d11x,dooya.curtain.d11x.png,
个护与起居,杜亚,杜亚智能窗帘D12,dooya.curtain.99tn,dooya.curtain.99tn.png,
个护与起居,杜亚,杜亚智能窗帘D15,dooya.curtain.d15x,dooya.curtain.d15x.png,
个护与起居,杜亚,杜亚智能窗帘D21,dooya.curtain.d21,dooya.curtain.d21.png,
个护与起居,杜亚,杜亚智能窗帘D22,dooya.curtain.d22,dooya.curtain.d22.png,
个护与起居,杜亚,杜亚智能窗帘D8-BM,dooya.curtain.d8,dooya.curtain.d8.png,
个护与起居,杜亚,杜亚智能窗帘D8-XC,dooya.curtain.d8xc2,dooya.curtain.d8xc2.png,
个护与起居,杜亚,杜亚智能窗帘D8-XWB,dooya.curtain.d8xwb,dooya.curtain.d8xwb.png,
个护与起居,杜亚,杜亚智能窗帘D9,dooya.curtain.d9pro,dooya.curtain.d9pro.png,
个护与起居,杜亚,杜亚智能窗帘DT100TM,dooya.curtain.dt100t,dooya.curtain.dt100t.png,
个护与起居,杜亚,杜亚智能窗帘DT230,dooya.curtain.dt230,dooya.curtain.dt230.png,
个护与起居,杜亚,杜亚智能窗帘DT79FH/BM,dooya.curtain.dt79lx,dooya.curtain.dt79lx.png,
个护与起居,杜亚,杜亚智能窗帘DT79FM/BM,dooya.curtain.dt79s,dooya.curtain.dt79s.png,
个护与起居,杜亚,杜亚智能窗帘DT82,dooya.curtain.dt82n,dooya.curtain.dt82n.png,
个护与起居,杜亚,杜亚智能窗帘DT92,dooya.curtain.dt92,dooya.curtain.dt92.png,
个护与起居,杜亚,杜亚智能窗帘DT97,dooya.curtain.d97,dooya.curtain.d97.png,
个护与起居,杜亚,杜亚智能窗帘DT98,dooya.curtain.dt98,dooya.curtain.dt98.png,
个护与起居,杜亚,杜亚智能窗帘DT98LX,dooya.curtain.dt98lx,dooya.curtain.dt98lx.png,
个护与起居,杜亚,杜亚智能窗帘DT998TM,dooya.curtain.998tm,dooya.curtain.998tm.png,
个护与起居,杜亚,杜亚智能窗帘DT99TM,dooya.curtain.dt99tm,dooya.curtain.dt99tm.png,
个护与起居,杜亚,杜亚智能窗帘DY3,dooya.curtain.dy3,dooya.curtain.dy3.png,
个护与起居,杜亚,杜亚智能窗帘H98,dooya.curtain.h98,dooya.curtain.h98.png,
个护与起居,杜亚,杜亚智能窗帘JC系列S7,dooya.curtain.dt97,dooya.curtain.dt97.png,
个护与起居,杜亚,杜亚智能窗帘K10-X,dooya.curtain.k10x,dooya.curtain.k10x.png,
个护与起居,杜亚,杜亚智能窗帘K8 Pro,dooya.curtain.k8,dooya.curtain.k8.png,
个护与起居,杜亚,杜亚智能窗帘M1,dooya.curtain.m1p,dooya.curtain.m1p.png,
个护与起居,杜亚,杜亚智能窗帘M11,dooya.curtain.m11,dooya.curtain.m11.png,
个护与起居,杜亚,杜亚智能窗帘M11 mini,dooya.curtain.m11mn,dooya.curtain.m11mn.png,
个护与起居,杜亚,杜亚智能窗帘M12,dooya.curtain.m12,dooya.curtain.m12.png,
个护与起居,杜亚,杜亚智能窗帘M18,dooya.curtain.m18,dooya.curtain.m18.png,
个护与起居,杜亚,杜亚智能窗帘M2,dooya.curtain.m2p,dooya.curtain.m2p.png,
个护与起居,杜亚,杜亚智能窗帘M3,dooya.curtain.m03,dooya.curtain.m03.png,
个护与起居,杜亚,杜亚智能窗帘M6Li,dooya.curtain.m7li,dooya.curtain.m7li.png,
个护与起居,杜亚,杜亚智能窗帘M7,dooya.curtain.m7,dooya.curtain.m7.png,
个护与起居,杜亚,杜亚智能窗帘M7Li,dooya.curtain.d1li,dooya.curtain.d1li.png,
个护与起居,杜亚,杜亚智能窗帘M9,dooya.curtain.m9pro,dooya.curtain.m9pro.png,
个护与起居,杜亚,杜亚智能窗帘MC5,dooya.curtain.mc5,dooya.curtain.mc5.png,
个护与起居,杜亚,杜亚智能窗帘MC5PLUS,dooya.curtain.mc5pro,dooya.curtain.mc5pro.png,
个护与起居,杜亚,杜亚智能窗帘Mc5,dooya.curtain.mcc5,dooya.curtain.mcc5.png,
个护与起居,杜亚,杜亚智能窗帘Q5,dooya.curtain.270q5,dooya.curtain.270q5.png,
个护与起居,杜亚,杜亚智能窗帘Real 5,dooya.curtain.ys7,dooya.curtain.ys7.png,
个护与起居,杜亚,杜亚智能窗帘Real 6,dooya.curtain.real6,dooya.curtain.real6.png,
个护与起居,杜亚,杜亚智能窗帘Real5 Pro,dooya.curtain.r5p,dooya.curtain.r5p.png,
个护与起居,杜亚,杜亚智能窗帘Real6 Pro,dooya.curtain.real6p,dooya.curtain.real6p.png,
个护与起居,杜亚,杜亚智能窗帘Real6 Pro LX,dooya.curtain.r6plx,dooya.curtain.r6plx.png,
个护与起居,杜亚,杜亚智能窗帘S90,dooya.curtain.s90,dooya.curtain.s90.png,
个护与起居,杜亚,杜亚智能窗帘TSL X,dooya.curtain.tslx,dooya.curtain.tslx.png,
个护与起居,杜亚,杜亚智能窗帘X5,dooya.curtain.230x5,dooya.curtain.230x5.png,
个护与起居,杜亚,杜亚智能窗帘X7,dooya.curtain.x7,dooya.curtain.x7.png,
个护与起居,杜亚,杜亚智能窗帘X7 mesh,dooya.curtain.x7mesh,dooya.curtain.x7mesh.png,
个护与起居,杜亚,杜亚智能窗帘X7Pro,dooya.curtain.x7pro,dooya.curtain.x7pro.png,
个护与起居,杜亚,杜亚智能窗帘X9,dooya.curtain.x9,dooya.curtain.x9.png,
个护与起居,杜亚,杜亚智能窗帘Z7,dooya.curtain.z7mesh,dooya.curtain.z7mesh.png,
个护与起居,杜亚,杜亚智能窗帘m1,dooya.curtain.m1,dooya.curtain.m1.png,
个护与起居,杜亚,杜亚智能窗帘m1 WF,dooya.curtain.m1wf,dooya.curtain.m1wf.png,
个护与起居,杜亚,杜亚智能窗帘m2,dooya.curtain.m2,dooya.curtain.m2.png,
个护与起居,杜亚,杜亚智能窗帘m2 TER,dooya.curtain.m2pro2,dooya.curtain.m2pro2.png,
个护与起居,杜亚,杜亚智能窗帘m2 WF,dooya.curtain.m2te,dooya.curtain.m2te.png,
个护与起居,杜亚,杜亚智能窗帘m5 WF,dooya.curtain.m5wf,dooya.curtain.m5wf.png,
个护与起居,杜亚,杜亚智能窗帘m7Pro,dooya.curtain.m7p,dooya.curtain.m7p.png,
个护与起居,杜亚,杜亚智能窗帘real 5,dooya.curtain.dt98tm,dooya.curtain.dt98tm.png,
个护与起居,杜亚,杜亚智能窗帘宝D3,dooya.curtain.d3pro,dooya.curtain.d3pro.png,
个护与起居,杜亚,杜亚智能窗帘控制器C3,dooya.motor.1545mc,dooya.motor.1545mc.png,
个护与起居,杜亚,杜亚智能窗帘控制器C5,dooya.curtain.mc3,dooya.curtain.mc3.png,
个护与起居,杜亚,杜亚智能窗帘氛围大师D23,dooya.curtain.dt95a,dooya.curtain.dt95a.png,
个护与起居,杜亚,杜亚窗帘宝D3,dooya.curtain.d3,dooya.curtain.d3.png,
个护与起居,杜亚,杜亚麒麟智能窗帘860,dooya.curtain.dt860,dooya.curtain.dt860.png,
个护与起居,杜蒙,杜蒙智能窗帘电机X1Pro,ygzm.curtain.cura01,ygzm.curtain.cura01.png,
个护与起居,松下,松下智能窗控制器,pmfbj.wopener.sxtcq,pmfbj.wopener.sxtcq.png,
个护与起居,柏优美柏,柏优美柏智能床,bymb11.bed.bymb01,bymb11.bed.bymb01.png,
个护与起居,柠檬赛拉,智能卷帘电机,saila.curtain.sle,saila.curtain.sle.png,
个护与起居,树色,树色卷帘门开关,shuse.roller.sr01,shuse.roller.sr01.png,
个护与起居,树色,树色智能阀门机械手（Mesh2.0）,shuse.valve.svc04,shuse.valve.svc04.png,
个护与起居,树色,树色球阀控制器（Mesh2.0）,shuse.valve.svc101,shuse.valve.svc101.png,
个护与起居,树色,树色阀门控制器（Mesh）,shuse.valve.svc10,shuse.valve.svc10.png,
个护与起居,树色,树色阀门机械手,shuse.valve.svc05,shuse.valve.svc05.png,
个护与起居,树色,树色阀门机械手Pro（Mesh2.0）,shuse.valve.svc021,shuse.valve.svc021.png,
个护与起居,格米力,格米力智能窗帘GT30TV/P,gmrii.curtain.gt30,gmrii.curtain.gt30.png,
个护与起居,格米力,格米力智能窗帘GT50TV/M,gmrii.curtain.gt50,gmrii.curtain.gt50.png,
个护与起居,桦府,桦府智能窗帘电机N2,huafu.curtain.cura01,huafu.curtain.cura01.png,
个护与起居,梦汀美,梦汀美智能沙发,dlsp.sofa.sf001,dlsp.sofa.sf001.png,
个护与起居,森瑞,森瑞卷帘窗帘电机,bean.curtain.ct03,bean.curtain.ct03.png,
个护与起居,森瑞,森瑞日夜帘窗帘电机,bean.curtain.ct23,bean.curtain.ct23.png,
个护与起居,榄菊 植物力量,榄菊智能电热蚊香液加热器Y1,lanju.mosq.mosq1,lanju.mosq.mosq1.png,
个护与起居,欧普,OPPLE 智能窗帘电机,opple.curtain.0021d1,opple.curtain.0021d1.png,
个护与起居,永艺股份,UE  艾米智能按摩沙发,uehome.sofa.imi1,uehome.sofa.imi1.png,
个护与起居,沙伯SHABO,沙伯智能烘鞋器,tms.dryer.sbhxj,tms.dryer.sbhxj.png,
个护与起居,法莎蒂 Fasadi,法莎蒂智能沙发,guoskj.sofa.sofa01,guoskj.sofa.sofa01.png,
个护与起居,浪卡,浪卡智能沙发,bldjj.sofa.lk001,bldjj.sofa.lk001.png,
个护与起居,海烈鸟,海烈鸟H3智能窗帘电机,oppein.curtain.yf01,oppein.curtain.yf01.png,
个护与起居,满星思维,满星思维S1-mini窗帘电机,mxsw.curtain.cura01,mxsw.curtain.cura01.png,
个护与起居,满星思维,满星思维S1智能卷帘电机,mxsw.curtain.v1,mxsw.curtain.v1.png,
个护与起居,灵珑,灵珑窗帘电机（WiFi）,3002.curtain.yjcl1,3002.curtain.yjcl1.png,
个护与起居,炎米,炎米智能便捷干衣机,ym001.dryer.ymgyj,ym001.dryer.ymgyj.png,
个护与起居,炎米,炎米智能便携电蚊拍Y1,ym001.mosq.dwpy1,ym001.mosq.dwpy1.png,
个护与起居,炎米,炎米智能烘鞋器,ym001.dryer.ymhxq,ym001.dryer.ymhxq.png,
个护与起居,炎米,炎米智能电蚊拍Ultra（WiFi）,ym001.mosq.ymdwpu,ym001.mosq.ymdwpu.png,
个护与起居,炎米,炎米智能电蚊拍Y1,ym001.mosq.zndwp,ym001.mosq.zndwp.png,
个护与起居,炎米,炎米智能电蚊拍Y2,ym001.mosq.dwpy2,ym001.mosq.dwpy2.png,
个护与起居,炎米,炎米智能电蚊拍（WiFi）,ym001.mosq.ymdwp,ym001.mosq.ymdwp.png,
个护与起居,炎米,炎米智能驱蚊器,ym001.mosq.ymqw,ym001.mosq.ymqw.png,
个护与起居,爱漫时,爱漫时隐藏式智能窗帘电机,amsi.curtain.yf01,amsi.curtain.yf01.png,
个护与起居,爱璐仕,爱璐仕新风控温床垫,eairpo.bed.mi12,eairpo.bed.mi12.png,
个护与起居,特斯卡,特斯卡智能开窗器,tsk.wopener.tsk01,tsk.wopener.tsk01.png,
个护与起居,狄耐克,狄耐克智能窗帘电机Mini（Mesh2.0）,dnake.curtain.mini,dnake.curtain.mini.png,
个护与起居,狄耐克,狄耐克智能窗帘电机S1-Mesh版,dnake.curtain.ct05,dnake.curtain.ct05.png,
个护与起居,环岛,环岛智能电热毯,hbzd88.blanket.hddrt,hbzd88.blanket.hddrt.png,
个护与起居,环鼎,HUADN智能单控数显电热毯,huadn.blanket.002s,huadn.blanket.002s.png,
个护与起居,环鼎,HUADN智能发热垫,huadn.blanket.003,huadn.blanket.003.png,
个护与起居,环鼎,环鼎智能双控水暖毯,huadn.blanket.hd002,huadn.blanket.hd002.png,
个护与起居,环鼎,环鼎智能恒温水暖毯,huadn.blanket.hd001,huadn.blanket.hd001.png,
个护与起居,玺加,玺加智能窗帘C10,xijia1.curtain.c10,xijia1.curtain.c10.png,
个护与起居,玺加,玺加智能窗帘C3,xijia1.curtain.ck3xwb,xijia1.curtain.ck3xwb.png,
个护与起居,玺加,玺加智能窗帘C8,xijia1.curtain.m8,xijia1.curtain.m8.png,
个护与起居,玺加,玺加智能窗帘C9,xijia1.curtain.c9,xijia1.curtain.c9.png,
个护与起居,玺加,玺加智能窗帘宝X3,xijia1.curtain.x3,xijia1.curtain.x3.png,
个护与起居,玺加,玺加智能窗帘模块CR1,xijia1.curtain.cr1,xijia1.curtain.cr1.png,
个护与起居,琦星,琦星小魔方窗帘电机QT701,qxgk.curtain.qt701,qxgk.curtain.qt701.png,
个护与起居,琦星,琦星智能开合帘窗帘电机 QT605,qxgk.curtain.qt605,qxgk.curtain.qt605.png,
个护与起居,甘石,ML智能双电机窗帘Mesh2.0,qjiang.curtain.ml003,qjiang.curtain.ml003.png,
个护与起居,甘石,ML智能双电机窗帘V2,qjiang.curtain.gs01,qjiang.curtain.gs01.png,
个护与起居,甘石,ML智能电动窗帘V3,qjiang.curtain.ml002,qjiang.curtain.ml002.png,
个护与起居,甘石,ML智能窗帘Mesh2.0,qjiang.curtain.ml001,qjiang.curtain.ml001.png,
个护与起居,百易宝,百易宝智能床垫,beb.mattress.byb01,beb.mattress.byb01.png,
个护与起居,百适乐,Bestway百适乐安睡智联床垫,bw1994.mattress.cnx25,bw1994.mattress.cnx25.png,
个护与起居,皆美,皆美智能窗帘JML1,hxiao.curtain.jm68,hxiao.curtain.jm68.png,
个护与起居,皆美,皆美智能窗帘JML2,hxiao.curtain.cur01,hxiao.curtain.cur01.png,
个护与起居,皆美,皆美智能窗帘JMS1,hxiao.curtain.jmm3,hxiao.curtain.jmm3.png,
个护与起居,皆美,皆美智能窗帘JMS2,hxiao.curtain.mjs2,hxiao.curtain.mjs2.png,
个护与起居,皇家惠人,皇家惠人智能水暖毯SH2-SN04,hjhr.blanket.hrs51,hjhr.blanket.hrs51.png,
个护与起居,皓逸,皓逸智能静音调速电机pro,090615.curtain.s6pro,090615.curtain.s6pro.png,
个护与起居,睿态,睿态智能窗帘电机(Mesh2.0),rtzn.curtain.cura1,rtzn.curtain.cura1.png,
个护与起居,睿晶,RJ窗帘电机03,rjxn20.curtain.v2,rjxn20.curtain.v2.png,
个护与起居,睿晶,RJ窗帘电机08,rjxn20.curtain.v1,rjxn20.curtain.v1.png,
个护与起居,知或居,知或居静音无刷电机mesh2.0,bymiot.curtain.wlv9,bymiot.curtain.wlv9.png,
个护与起居,科创者,科创者5Max智能窗帘电机Mesh2.0,bjkcz.curtain.5max,bjkcz.curtain.5max.png,
个护与起居,科创者,科创者5Ultra智能窗帘,bjkcz.curtain.kcz05,bjkcz.curtain.kcz05.png,
个护与起居,科创者,科创者mini4E Pro智能窗帘Mesh2.0,bjkcz.curtain.v3,bjkcz.curtain.v3.png,
个护与起居,科创者,科创者mini4E智能窗帘Mesh2.0,bjkcz.curtain.v2,bjkcz.curtain.v2.png,
个护与起居,科创者,科创者mini4S智能窗帘Mesh2.0,bjkcz.curtain.kcz09,bjkcz.curtain.kcz09.png,
个护与起居,科创者,科创者mini4S智能窗帘锂电池版,bjkcz.curtain.kcz10,bjkcz.curtain.kcz10.png,
个护与起居,科创者,科创者mini4智能窗帘,bjkcz.curtain.kcz4,bjkcz.curtain.kcz4.png,
个护与起居,科创者,科创者mini4智能窗帘Mesh2.0,bjkcz.curtain.kczble,bjkcz.curtain.kczble.png,
个护与起居,科创者,科创者mini5智能窗帘Mesh2.0,bjkcz.curtain.min5,bjkcz.curtain.min5.png,
个护与起居,科创者,科创者智能窗帘5Ultra-Mesh2.0,bjkcz.curtain.kcz06,bjkcz.curtain.kcz06.png,
个护与起居,科博士,科博士窗帘电机,kbs001.curtain.kbsdj,kbs001.curtain.kbsdj.png,
个护与起居,科大龙创,科大龙创蓝牙mesh智能窗帘电机,xjiang.curtain.kddm12,xjiang.curtain.kddm12.png,
个护与起居,科思顿,科思顿X6无刷电机,doorma.curtain.dmcl,doorma.curtain.dmcl.png,
个护与起居,科思顿,科思顿分控智能窗帘D9 Air,scisto.curtain.d92,scisto.curtain.d92.png,
个护与起居,科思顿,科思顿卷帘空心杯25窗帘电机,scisto.curtain.ct01,scisto.curtain.ct01.png,
个护与起居,科思顿,科思顿智能窗帘,doorma.curtain.ksdcl,doorma.curtain.ksdcl.png,
个护与起居,科思顿,科思顿智能窗帘D8,doorma.curtain.v3cld8,doorma.curtain.v3cld8.png,
个护与起居,科思顿,科思顿智能窗帘D9,scisto.curtain.d9,scisto.curtain.d9.png,
个护与起居,科思顿,科思顿智能窗帘Mesh2.0,scisto.curtain.ksd01,scisto.curtain.ksd01.png,
个护与起居,科思顿,科思顿智能窗帘Smart Air,scisto.curtain.wsd,scisto.curtain.wsd.png,
个护与起居,科思顿,科思顿智能窗帘Smart6,raex.curtain.cura01,raex.curtain.cura01.png,
个护与起居,科思顿,科思顿智能窗帘Smart6（低功耗版）,raex.curtain.a1ksd,raex.curtain.a1ksd.png,
个护与起居,科思顿,科思顿智能窗帘X6,doorma.curtain.v3cl,doorma.curtain.v3cl.png,
个护与起居,科真,科真窗帘电机（Mesh2.0）,xm008.curtain.dyclm,xm008.curtain.dyclm.png,
个护与起居,科罗纳,科罗纳窗帘电机（Mesh2.0）,mipin9.curtain.mpcldj,mipin9.curtain.mpcldj.png,
个护与起居,秒秒测,PMA-秒秒测智能低压电热毯（单人）,miaomiaoce.blanket.s02,miaomiaoce.blanket.s02.png,
个护与起居,秒秒测,PMA-秒秒测智能低压电热毯（双人）,miaomiaoce.blanket.d02,miaomiaoce.blanket.d02.png,
个护与起居,简色,天然乳胶智能助眠枕,sxds.pillow.pillow02,sxds.pillow.pillow02.png,
个护与起居,简色,简色智能水暖床垫(单温控),sxds.blanket.jssncd,sxds.blanket.jssncd.png,
个护与起居,简色,简色智能水暖床垫（双温控）,sxds.blanket.jssn01,sxds.blanket.jssn01.png,
个护与起居,米恩斯,米恩斯智能床M100,miensi.bed.m100,miensi.bed.m100.png,
个护与起居,米案,米案智能窗帘mesh版,090615.curtain.mia1,090615.curtain.mia1.png,
个护与起居,米舍,米舍智能窗帘Mesh2.0,888888.curtain.mscl,888888.curtain.mscl.png,
个护与起居,素昔,素昔智能窗帘电机U7mini,sxyk.curtain.sxs7,sxyk.curtain.sxs7.png,
个护与起居,索菲亚,索菲亚智能床M1,sfy.bed.b001,sfy.bed.b001.png,
个护与起居,索菲亚,索菲亚智能床垫M1,sfy.mattress.m004,sfy.mattress.m004.png,
个护与起居,索菲亚,索菲亚智能床垫二代单人版,sfy.mattress.m001,sfy.mattress.m001.png,
个护与起居,索菲亚,索菲亚智能床垫二代双人版,sfy.mattress.m002,sfy.mattress.m002.png,
个护与起居,索菲亚,索菲亚智能窗帘M1,sfy.curtain.c002,sfy.curtain.c002.png,
个护与起居,索菲亚,索菲亚智能窗帘M2,sfy.curtain.c003,sfy.curtain.c003.png,
个护与起居,索菲尼,SOFALAND 索菲尼智能沙发,ql0782.sofa.sfn,ql0782.sofa.sfn.png,
个护与起居,索菲尼,SOFALAND索菲尼智能床,ql0782.bed.sfn,ql0782.bed.sfn.png,
个护与起居,绒王,绒王防爆缸水暖毯R7,huhu.blanket.001,huhu.blanket.001.png,
个护与起居,绘睡,绘睡水暖垫HSWS-1,isleep.blanket.hs2401,isleep.blanket.hs2401.png,
个护与起居,罗格朗,罗格朗智能窗帘电机MESH版,lhz.curtain.motor1,lhz.curtain.motor1.png,
个护与起居,罗格朗,罗格朗迷你窗帘电机,lhz.curtain.cura01,lhz.curtain.cura01.png,
个护与起居,美百帘,美百帘窗帘电机(WIFI),czmydz.curtain.myw4,czmydz.curtain.myw4.png,
个护与起居,美百帘,美百帘窗帘电机(mesh2.0),czmydz.curtain.mym1,czmydz.curtain.mym1.png,
个护与起居,聆巨,聆巨机械手阀门控制器(Mesh),linju.valve.sw0a03,linju.valve.sw0a03.png,
个护与起居,自然爱,自然爱窗帘电机Q1 Mesh2.0,gt1688.curtain.sw001,gt1688.curtain.sw001.png,
个护与起居,臻邦,臻邦 X10 Ultra AI智能灭蚊器,hzym88.mosq.pd02,hzym88.mosq.pd02.png,
个护与起居,舒波斐耳,舒波斐耳智能沙发S2,cooly.sofa.sf002,cooly.sofa.sf002.png,
个护与起居,舒波斐耳,舒波斐耳智能沙发S3,cooly.sofa.sf003,cooly.sofa.sf003.png,
个护与起居,舒福德,舒福德智能床S4161D,keeson.bed.sfd001,keeson.bed.sfd001.png,
个护与起居,舒诗梦,舒诗梦智能床,krst.bed.001,krst.bed.001.png,
个护与起居,良年,良年电动床2D,lnjj.bed.001,lnjj.bed.001.png,
个护与起居,良年,良年电动床4D,lnjj.bed.002,lnjj.bed.002.png,
个护与起居,艾玺|AIXI,艾玺M8PM智能窗帘Mesh2.0,aixi.curtain.m8pro,aixi.curtain.m8pro.png,
个护与起居,艾达普,艾达普 卷帘机器人,adp.curtain.adbm2,adp.curtain.adbm2.png,
个护与起居,艾达普,艾达普 开关机器人,adp.motor.adswb4,adp.motor.adswb4.png,
个护与起居,艾达普,艾达普 手指机器人(触屏版),adp.motor.adfbt6,adp.motor.adfbt6.png,
个护与起居,艾达普,艾达普 手指机器人Pro,adp.motor.f7,adp.motor.f7.png,
个护与起居,艾达普,艾达普 窗帘机器人,adp.curtain.test02,adp.curtain.test02.png,
个护与起居,花无间,花无间DJ-001智能窗帘电机,090615.curtain.dj001,090615.curtain.dj001.png,
个护与起居,花花卡莎,花花卡莎智能床,jxatm.bed.hhks01,jxatm.bed.hhks01.png,
个护与起居,苏宁宜品,苏宁宜品智能水暖毯,nbsxh.blanket.dzsnt8,nbsxh.blanket.dzsnt8.png,
个护与起居,苏米,苏米智能窗帘电机,090615.curtain.sumi82,090615.curtain.sumi82.png,
个护与起居,苏米,苏米智能窗帘电机 T1,xhuan.curtain.cura02,xhuan.curtain.cura02.png,
个护与起居,苏米,苏米智能窗帘电机 T1  Pro,xhuan.curtain.cura03,xhuan.curtain.cura03.png,
个护与起居,苏米,苏米智能窗帘电机(MESH),090615.curtain.sm82b,090615.curtain.sm82b.png,
个护与起居,苏米科技,苏米全隐藏电机,xhuan.curtain.v1,xhuan.curtain.v1.png,
个护与起居,苏米科技,苏米开合帘电机（蓝牙Mesh版）,xhuan.curtain.cura04,xhuan.curtain.cura04.png,
个护与起居,苏米科技,苏米星轨电机Mesh2.0,xhuan.curtain.ct01,xhuan.curtain.ct01.png,
个护与起居,苏米科技,苏米智能开合帘Mesh2.0,xhuan.curtain.wyrz12,xhuan.curtain.wyrz12.png,
个护与起居,苏米科技,苏米智能开合帘电机Mesh2.0,xhuan.curtain.cura06,xhuan.curtain.cura06.png,
个护与起居,苏米科技,苏米智能开合帘电机PLC版,xhuan.curtain.plcg01,xhuan.curtain.plcg01.png,
个护与起居,苏米科技,苏米梦幻帘,xhuan.curtain.cura05,xhuan.curtain.cura05.png,
个护与起居,苏米科技,苏米隐藏式窗帘电机Thor,xhuan.curtain.cura08,xhuan.curtain.cura08.png,
个护与起居,苏驰,苏驰内开内倒窗NKND-1,opa.wopener.03,opa.wopener.03.png,
个护与起居,苏驰,苏驰内开内倒窗开窗器NKND-1,opa.wopener.07,opa.wopener.07.png,
个护与起居,苏驰,苏驰智能电动窗ZNDD-1,opa.wopener.05,opa.wopener.05.png,
个护与起居,苏驰,苏驰电动卷帘JL-1,opa.curtain.jl01,opa.curtain.jl01.png,
个护与起居,苏驰,苏驰电动窗开窗器ZNDD-1,opa.wopener.06,opa.wopener.06.png,
个护与起居,菠萝斑马,菠萝斑马智能床,blbm.bed.ele0,blbm.bed.ele0.png,
个护与起居,菠萝斑马,菠萝斑马智能床Max,blbm.bed.blbm2,blbm.bed.blbm2.png,
个护与起居,西蒙电气, Simon无线智能开合帘隐藏款电机,scc.curtain.ct11,scc.curtain.ct11.png,
个护与起居,西蒙电气,西蒙隐藏式开合帘窗帘电机,scc.curtain.ct09,scc.curtain.ct09.png,
个护与起居,西顿,西顿舍见PLC智能窗帘(开合),cdn.curtain.kh01,cdn.curtain.kh01.png,
个护与起居,讯米,讯米mini6无刷智能窗帘,scisto.curtain.xm001,scisto.curtain.xm001.png,
个护与起居,语爱美,语爱美智能全效射频美容仪M180,hzyx01.beauty.m180,hzyx01.beauty.m180.png,
个护与起居,贝医生,贝医生儿童声波电动牙刷（智能故事版）,k0918.toothbrush.kid01,k0918.toothbrush.kid01.png,
个护与起居,质零,质零数显电蚊拍-WiFi升级款,zs1001.mosq.ymdwp,zs1001.mosq.ymdwp.png,
个护与起居,质零,质零数显电蚊拍-Wifi款,zs1001.mosq.s12pro,zs1001.mosq.s12pro.png,
个护与起居,路福,路福智能床,lufu.bed.lufu02,lufu.bed.lufu02.png,
个护与起居,路福,路福智能床M9,lufu.bed.lufu01,lufu.bed.lufu01.png,
个护与起居,载起,载起智能沙发,xql.sofa.sofa01,xql.sofa.sofa01.png,
个护与起居,达睿特,达睿特全频拷贝电机控制器,lingte.motor.ltg012,lingte.motor.ltg012.png,
个护与起居,达睿特,达睿特卷帘门电机控制器,lingte.motor.ltg008,lingte.motor.ltg008.png,
个护与起居,达睿特,达睿特管状电机控制器,lingte.motor.ltg011,lingte.motor.ltg011.png,
个护与起居,迈奈洛,迈奈洛智能窗帘,mnlqjd.curtain.mnll,mnlqjd.curtain.mnll.png,
个护与起居,迈玥,迈玥智能沙发,my1234.sofa.my001,my1234.sofa.my001.png,
个护与起居,迈界,迈界平推沙发(遥控版),25mj.sofa.safarm,25mj.sofa.safarm.png,
个护与起居,迈界,迈界智能床,25mj.bed.bed001,25mj.bed.bed001.png,
个护与起居,追求ZHUIQIU,追求智能床,bailer.bed.bed01,bailer.bed.bed01.png,
个护与起居,追觅,追觅智能窗帘电机,dreame.curtain.d01w,dreame.curtain.d01w.png,
个护与起居,追觅,追觅智能窗帘电机A1 Pro,dreame.curtain.a1pro,dreame.curtain.a1pro.png,
个护与起居,追觅,追觅智能窗帘电机A1 Ultra,dreame.curtain.a1,dreame.curtain.a1.png,
个护与起居,追觅,追觅智能窗帘电机M1,dreame.curtain.m1,dreame.curtain.m1.png,
个护与起居,透明物联,透明物联网漏电断路器IOTB2,tmwl.valve.iotb2,tmwl.valve.iotb2.png,
个护与起居,道韦,道韦DM82-60智能窗帘电机,daowei.curtain.cura01,daowei.curtain.cura01.png,
个护与起居,邦先生,邦先生智能窗帘,mrbond.curtain.rac03,mrbond.curtain.rac03.png,
个护与起居,邮科通信,邮科通信智能开合帘,qimi.curtain.cura01,qimi.curtain.cura01.png,
个护与起居,酷啓,酷晵智能沙发,dlsp.sofa.sf003,dlsp.sofa.sf003.png,
个护与起居,酷犀,酷犀无刷隐藏电机,kuxi.curtain.curt02,kuxi.curtain.curt02.png,
个护与起居,酷盟,酷盟智能电热毯(WiFi),meio.blanket.kmdrt,meio.blanket.kmdrt.png,
个护与起居,金云智联,金云智联窗帘电机X1（PLC版）,ksc.curtain.px1,ksc.curtain.px1.png,
个护与起居,金百丽灯饰,金百丽智能窗帘,jbl123.curtain.cura01,jbl123.curtain.cura01.png,
个护与起居,金蝉,金蝉智能窗帘电机 H6 Pro,090615.curtain.h6pro,090615.curtain.h6pro.png,
个护与起居,钻石,钻石阀门控制器,uimeen.valve.zsfm,uimeen.valve.zsfm.png,
个护与起居,钻石,钻石阀门控制器（Mesh2.0）,uimeen.valve.zsfm20,uimeen.valve.zsfm20.png,
个护与起居,钻石,钻石阀门控制器（WiFi）,uimeen.valve.fmp1,uimeen.valve.fmp1.png,
个护与起居,阳光照明,阳光智能窗帘电机M1,yankon.curtain.ygsm2,yankon.curtain.ygsm2.png,
个护与起居,雁派,雁派智能开合帘电机,zlyj88.curtain.ypdj1,zlyj88.curtain.ypdj1.png,
个护与起居,雁派,雁派智能窗帘电机,zlyj88.curtain.ypdj2,zlyj88.curtain.ypdj2.png,
个护与起居,雁派,雁派智能窗帘电机mini,zlyj88.curtain.ypdj3,zlyj88.curtain.ypdj3.png,
个护与起居,雅兰床垫,雅兰智能床AC-408,ylsy01.bed.znc408,ylsy01.bed.znc408.png,
个护与起居,雅琪诺,美绮隐藏式智能窗帘电机,yakino.curtain.ct02,yakino.curtain.ct02.png,
个护与起居,雅琪诺,雅琪诺智能窗帘,yakino.curtain.e10,yakino.curtain.e10.png,
个护与起居,雅琪诺,雅琪诺隐藏式智能窗帘电机,yakino.curtain.ct01,yakino.curtain.ct01.png,
个护与起居,雨烟,HR智能窗帘Mesh2.0,hr2025.curtain.hr01,hr2025.curtain.hr01.png,
个护与起居,雨烟,HR智能隐形分控窗帘,hr2025.curtain.hr02,hr2025.curtain.hr02.png,
个护与起居,雷卡之星,雷卡之星智能电动窗帘2.0,lkzm.curtain.cura01,lkzm.curtain.cura01.png,
个护与起居,雷士照明,雷士照明灵机系列窗帘电机,nvcsmt.curtain.bjj103,nvcsmt.curtain.bjj103.png,
个护与起居,青菱,青菱Q6智能窗帘电机,090615.curtain.q6,090615.curtain.q6.png,
个护与起居,青菱​,青菱Q7mini智能窗帘电机Mesh2.0,shql.curtain.qlq7,shql.curtain.qlq7.png,
个护与起居,须眉,须眉便携电动剃须刀,xumei.razor.str212,xumei.razor.str212.png,
个护与起居,顾家家居,顾家智能沙发A01,gujia.sofa.a01,gujia.sofa.a01.png,
个护与起居,飞利浦,飞利浦智能窗帘电机_Mify LA100,signfy.curtain.bm0yz1,signfy.curtain.bm0yz1.png,
个护与起居,骏派,骏派小金刚氛围灯窗帘电机MESH,junpai.curtain.ct01,junpai.curtain.ct01.png,
个护与起居,高事达,高事达PLC窗帘电机_MICMK-01,gaosd.curtain.cmotor,gaosd.curtain.cmotor.png,
个护与起居,鲸橙,A-OK智能窗帘电机,666.curtain.em75,666.curtain.em75.png,
个护与起居,鲸橙,WIFI智能窗帘,666.curtain.id92,666.curtain.id92.png,
个护与起居,鲸橙,智能窗帘电机,666.curtain.gt01,666.curtain.gt01.png,
个护与起居,鲸橙,鲸橙智能窗帘,666.curtain.gt01m,666.curtain.gt01m.png,
个护与起居,鸿雁,鸿雁智能窗帘HM,honyar.curtain.cura01,honyar.curtain.cura01.png,
个护与起居,鸿雁,鸿雁智能窗帘电机HM2.0,honyar.curtain.cura02,honyar.curtain.cura02.png,
个护与起居,麒石,麒石BLE电机控制器F1,yzjkj.motor.f1,yzjkj.motor.f1.png,
个护与起居,麒石,麒石单门控制器A1,yzjkj.motor.yzjkj,yzjkj.motor.yzjkj.png,
个护与起居,麒石,麒石多门控制器A3,yzjkj.motor.yzjmk,yzjkj.motor.yzjmk.png,
个护与起居,麒石,麒石多门遥控器D1,yzjkj.motor.dmc1,yzjkj.motor.dmc1.png,
个护与起居,龙凤家居,龙凤家居智能床,lf1955.bed.001,lf1955.bed.001.png,
个护与起居,龙胜,龙胜智能窗帘电机,longs.curtain.lscm02,longs.curtain.lscm02.png,
个护与起居,AKG,AKG智能窗帘电机,aikeji.curtain.cura01,aikeji.curtain.cura01.png,
个护与起居,ANXIANG,AX-M1智能窗帘电机,ax01.curtain.cura02,ax01.curtain.cura02.png,
个护与起居,AUTORAIL,AUTORAIL智能窗帘A10mini Mesh2.0,atw.curtain.10mini,atw.curtain.10mini.png,
个护与起居,BINTHEN,丙申智能窗帘电机30D-MH2,binthe.curtain.cura09,binthe.curtain.cura09.png,
个护与起居,Haotaitai,Haotaitai智能双控电热毯,fssmk.blanket.sk01,fssmk.blanket.sk01.png,
个护与起居,Haotaitai,Haotaitai智能电热毯,fssmk.blanket.sndrt,fssmk.blanket.sndrt.png,
个护与起居,JTJIOT,捷特佳双驱无刷窗帘电机2EC-BL,jtjiot.curtain.2ecbl,jtjiot.curtain.2ecbl.png,
个护与起居,JTJIOT,捷特佳无刷窗帘电机,jtjiot.curtain.cura01,jtjiot.curtain.cura01.png,
个护与起居,KEEY,KEEY 智能无刷窗帘电机,keey.curtain.qyclm2,keey.curtain.qyclm2.png,
个护与起居,KEEY,KEEY 智能梦幻帘电机,keey.curtain.qyclm1,keey.curtain.qyclm1.png,
个护与起居,KEEY,KEEY 智能管状窗帘电机,keey.curtain.qyjlm,keey.curtain.qyjlm.png,
个护与起居,KEEY,KEEY 智能管状窗帘电机-Turbo,keey.curtain.qyjlm3,keey.curtain.qyjlm3.png,
个护与起居,KIMEEY,KIMEEY智能电蚊拍,yier.mosq.v1,yier.mosq.v1.png,
个护与起居,LEDMY乐的美,乐的美智能窗帘,ledmy.curtain.cura01,ledmy.curtain.cura01.png,
个护与起居,LONGSAM,LS智能窗帘电机M99,lonsam.curtain.lsm99,lonsam.curtain.lsm99.png,
个护与起居,NOVO,NOVO-左右分控智能窗帘,novo.curtain.n51,novo.curtain.n51.png,
个护与起居,SUNICA,SUNICA SN06智能无刷窗帘电机 mesh,sunica.curtain.sn06,sunica.curtain.sn06.png,
个护与起居,Sealy,丝涟智眠智能床,sealy.bed.dream,sealy.bed.dream.png,
个护与起居,WGSE,WGSE智能窗帘电机,wgse.curtain.cl1r01,wgse.curtain.cl1r01.png,
个护与起居,Yeelight,Yeelight T系列直流百叶帘电机,yeelink.curtain.crc11,yeelink.curtain.crc11.png,
个护与起居,ZBOM志邦,志邦隐藏款智能窗帘电机,zbom.curtain.yf01,zbom.curtain.yf01.png,
个护与起居,光韵,光韵双擎智能窗帘电机,gyzn.curtain.ct02,gyzn.curtain.ct02.png,
个护与起居,创明智能窗帘,创明智能成品帘AG25,wintom.curtain.ag25,wintom.curtain.ag25.png,
个护与起居,创明智能窗帘,创明智能成品帘AG35,wintom.curtain.ag35,wintom.curtain.ag35.png,
个护与起居,华品,华品智能窗帘G15,nowoo.curtain.cura01,nowoo.curtain.cura01.png,
个护与起居,博尔美,博尔美智能窗帘电机,broway.curtain.bem82,broway.curtain.bem82.png,
个护与起居,卡路福,卡路福语音控制智能电动床波尔克,klf.bed.m100,klf.bed.m100.png,
个护与起居,即品,即品智能双控双区水暖毯,jipin.blanket.snt1sk,jipin.blanket.snt1sk.png,
个护与起居,喜临门,喜临门呼呼智能床垫H300,xlm.mattress.h11cc,xlm.mattress.h11cc.png,
个护与起居,大白,大白智联镜柜,445.mirror.jg1,445.mirror.jg1.png,
个护与起居,大象星球,大象星球智能床 M1,dxxq.bed.yu7,dxxq.bed.yu7.png,
个护与起居,威仕达,威仕达无刷双子星窗帘电机WSCMXJ-BR,wsd.curtain.wscmxj,wsd.curtain.wscmxj.png,
个护与起居,宝褓,宝褓智能床,aise.bed.cds29e,aise.bed.cds29e.png,
个护与起居,家的,家的智能窗帘电机,gamder.curtain.jdkhl,gamder.curtain.jdkhl.png,
个护与起居,小海,小海·见晓开合帘电机升级版,bkxh.curtain.cura02,bkxh.curtain.cura02.png,
个护与起居,小海,小海·见晓开合帘电机标准版,bkxh.curtain.cura01,bkxh.curtain.cura01.png,
个护与起居,小海,小海·见晓开合帘电机隐藏版,bkxh.curtain.cura03,bkxh.curtain.cura03.png,
个护与起居,小米出品,米家智能冲牙器 Pro,xiaomi.dental.f600,xiaomi.dental.f600.png,
个护与起居,尚阳梦,尚阳梦卷帘门智能控制器JLM1,sym.motor.dctl02,sym.motor.dctl02.png,
个护与起居,彩虹,彩虹智能触控单人电热毯,caih.blanket.z1a,caih.blanket.z1a.png,
个护与起居,悠觅,悠觅觅隐窗帘电机,tofan.curtain.ct04,tofan.curtain.ct04.png,
个护与起居,易慧家,易慧家内开开窗器4 Pro,evecca.wopener.bwn4py,evecca.wopener.bwn4py.png,
个护与起居,易慧家,易慧家平开开窗器4 Pro,evecca.wopener.bwp4py,evecca.wopener.bwp4py.png,
个护与起居,易我联,易我联电机控制器（Mesh2.0）,ywl.motor.ywlmm,ywl.motor.ywlmm.png,
个护与起居,智安舒,智安舒智能床-m10,xhjtkj.bed.m10,xhjtkj.bed.m10.png,
个护与起居,智越佳,智越佳智能窗帘伴侣,zyj01a.curtain.zycl2,zyj01a.curtain.zycl2.png,
个护与起居,曲美,曲美AI智能窗帘电机S7Mesh2.0,bjqmzj.curtain.v1,bjqmzj.curtain.v1.png,
个护与起居,木林森照明,MLS云幕智能窗帘电机,mlszm.curtain.m82c,mlszm.curtain.m82c.png,
个护与起居,木林森照明,MLS云隐智能窗帘电机,mlszm.curtain.mlsm3,mlszm.curtain.mlsm3.png,
个护与起居,未来居,未来居无刷隐藏式窗帘电机,bymiot.curtain.yf01,bymiot.curtain.yf01.png,
个护与起居,杜亚,杜亚分控智能窗帘,dooya.curtain.duals,dooya.curtain.duals.png,
个护与起居,杜亚,杜亚智能日夜蜂巢帘控制器FC3,dooya.curtain.fc3,dooya.curtain.fc3.png,
个护与起居,杜亚,杜亚智能日夜蜂巢帘控制器FC4,dooya.curtain.fc4,dooya.curtain.fc4.png,
个护与起居,杜亚,杜亚智能窗帘 翡翠T9,dooya.curtain.fct9,dooya.curtain.fct9.png,
个护与起居,杜亚,杜亚智能窗帘 锐界P200,dooya.curtain.rjp200,dooya.curtain.rjp200.png,
个护与起居,杜亚,杜亚智能窗帘K5-X,dooya.curtain.k5x,dooya.curtain.k5x.png,
个护与起居,杜亚,杜亚智能窗帘K7-X,dooya.curtain.d25p,dooya.curtain.d25p.png,
个护与起居,杜亚,杜亚隐藏款智能窗帘,dooya.curtain.dt9897,dooya.curtain.dt9897.png,
个护与起居,灵珑,灵珑窗帘电机（Mesh2.0）,3002.curtain.yjcl3,3002.curtain.yjcl3.png,
个护与起居,狄耐克,狄耐克智能窗帘电机（Mesh2.0）,dnake.curtain.d82,dnake.curtain.d82.png,
个护与起居,睡小兔,睡小兔智能床-100pro,bunny.bed.100pro,bunny.bed.100pro.png,
个护与起居,知或居,知或居mini智能窗帘Mesh2.0,bymiot.curtain.mini1,bymiot.curtain.mini1.png,
个护与起居,科创者,科创者mini5 Pro Max智能窗帘电机,bjkcz.curtain.x70,bjkcz.curtain.x70.png,
个护与起居,科思顿,科思顿日夜帘空心杯窗帘电机,scisto.curtain.yf01,scisto.curtain.yf01.png,
个护与起居,美百帘,美百帘窗帘主副机(mesh2.0),czmydz.curtain.myf5,czmydz.curtain.myf5.png,
个护与起居,聆巨,聆巨智能电机控制器,linju.motor.ljkzq,linju.motor.ljkzq.png,
个护与起居,舒波斐耳,舒波斐耳智能沙发S1,cooly.sofa.sf001,cooly.sofa.sf001.png,
个护与起居,艾玺|AIXI,艾玺M8PMS智能窗帘Mesh2.0,aixi.curtain.m8pms,aixi.curtain.m8pms.png,
个护与起居,苏米科技,苏米全隐藏电机（无刷版）,xhuan.curtain.v2,xhuan.curtain.v2.png,
个护与起居,萌雷兔,圳基锂电开窗器,zhenji.wopener.zj1q,zhenji.wopener.zj1q.png,
个护与起居,西顿,西顿开合帘电机K1（隐藏款）,cdn.curtain.k1,cdn.curtain.k1.png,
个护与起居,谷驰,谷驰智能床,guchi.bed.zn,guchi.bed.zn.png,
个护与起居,雅点,雅点智能窗帘电机,gamder.curtain.jdkhl2,gamder.curtain.jdkhl2.png,
个护与起居,雷克,雷克智能窗帘,leike.curtain.cura01,leike.curtain.cura01.png,
个护与起居,飞雕,飞雕薄静智能窗帘电机,feid.curtain.ct,feid.curtain.ct.png,
个护与起居,骏派,JP500小财神智能窗帘电机,junpai.curtain.m3,junpai.curtain.m3.png,
个护与起居,骏派,JP601小金刚mini窗帘电机,junpai.curtain.jp601,junpai.curtain.jp601.png,
个护与起居,骐远,骐远管状电机TM(Mesh2.0),qykj66.curtain.v2,qykj66.curtain.v2.png,
个护与起居,鸿雁,鸿雁智能窗帘电机V1,honyar.curtain.ct01,honyar.curtain.ct01.png,
个护与起居,BINTHEN,丙申智能窗帘电机33D-MH2,binthe.curtain.cura10,binthe.curtain.cura10.png,
个护与起居,科创者,科创者V1智能窗帘控制器Mesh2.0,bjkcz.motor.kczv2,bjkcz.motor.kczv2.png,
个护与起居,柏晶,柏晶智能窗帘电机,bogin8.curtain.cura1,bogin8.curtain.cura1.png,
个护与起居,杜亚,杜亚智能窗帘REAL6 PRO,dooya.curtain.r6ph,dooya.curtain.r6ph.png,
个护与起居,Haotaitai,Haotaitai智能水暖毯,fssmk.blanket.dk01,fssmk.blanket.dk01.png,
个护与起居,光正,光正智能窗帘,guznos.curtain.gzcldj,guznos.curtain.gzcldj.png,
个护与起居,noooe皓逸,皓逸MiNi窗帘电机Pro,haoyi.curtain.minip,haoyi.curtain.minip.png,
个护与起居,HOPO,HOPO平开窗开窗器PK901,hopo.wopener.pk901,hopo.wopener.pk901.png,
个护与起居,即品,即品智能宠物毯,jipin.blanket.cwt602,jipin.blanket.cwt602.png,
个护与起居,骏派,JP700大力士窗帘电机,junpai.curtain.jp68,junpai.curtain.jp68.png,
个护与起居,KEEY,KEEY 智能日夜蜂巢帘窗帘电机,keey.curtain.qyjlm2,keey.curtain.qyjlm2.png,
个护与起居,顾家家居,顾家智能床,kuka.bed.m,kuka.bed.m.png,
个护与起居,朗德万斯,朗德万斯智能窗帘电机,lvgmbh.curtain.ldwscl,lvgmbh.curtain.ldwscl.png,
个护与起居,志高,志高水暖毯,nbaldq.blanket.zg328,nbaldq.blanket.zg328.png,
个护与起居,智乐福,智乐福智能电动开窗器,qckj.wopener.zlfkc,qckj.wopener.zlfkc.png,
个护与起居,树色,树色卷帘门电机控制器（Mesh2.0）,shuse.motor.sr03,shuse.motor.sr03.png,
个护与起居,SUNICA,SUNICA SN6901智能窗帘电机 mesh,sunica.curtain.6901,sunica.curtain.6901.png,
个护与起居,创明智能窗帘,创明智能窗帘电机A5 Pro,wintom.curtain.cura10,wintom.curtain.cura10.png,
个护与起居,小米出品,米家智能窗帘 3,xiaomi.curtain.0303,xiaomi.curtain.0303.png,
个护与起居,Yeelight,Yeelight T系列直流卷帘电机,yeelink.curtain.crc12,yeelink.curtain.crc12.png,
个护与起居,Yeelight,Yeelight Z1 Lite智能开合帘电机,yeelink.curtain.crc16,yeelink.curtain.crc16.png,
个护与起居,炎米,炎米智能驱蚊器 Y1,ym001.mosq.ymqwb,ym001.mosq.ymqwb.png,
个护与起居,炎米,炎米赛博剃须刀 X1 探索版,ym001.razor.my22,ym001.razor.my22.png,
个护与起居,悠漫时,悠漫时T9隐藏式窗帘电机,yms1.curtain.cura01,yms1.curtain.cura01.png,
个护与起居,智泰,ZT双胞胎开合帘电机,zhitai.curtain.zt01,zhitai.curtain.zt01.png,
传感器,Anseny,Anseny室内温湿度计CX0121B,anseny.sensor_ht.0121b,anseny.sensor_ht.0121b.png,
传感器,Anseny,Anseny室内温湿度计CX0311B,anseny.sensor_ht.0311b,anseny.sensor_ht.0311b.png,
传感器,Anseny,Anseny室内温湿度计CX0314B,anseny.sensor_ht.0314b,anseny.sensor_ht.0314b.png,
传感器,Anseny,Anseny室内温湿度计CX0710B,anseny.sensor_ht.cx0710,anseny.sensor_ht.cx0710.png,
传感器,Anseny,Anseny室内温湿度计CX920B,anseny.sensor_ht.cx920b,anseny.sensor_ht.cx920b.png,
传感器,Aqara,Aqara 人体传感器 E1,lumi.motion.acn001,lumi.motion.acn001.png,
传感器,Aqara,Aqara 天然气报警器,lumi.sensor_gas.acn02,lumi.sensor_gas.acn02.png,
传感器,Aqara,Aqara 水浸传感器 E1,lumi.flood.acn001,lumi.flood.acn001.png,
传感器,Aqara,Aqara 门窗传感器 E1,lumi.magnet.acn001,lumi.magnet.acn001.png,
传感器,Aqara,Aqara人体传感器,lumi.sensor_motion.aq2,lumi.sensor_motion.aq2.png,
传感器,Aqara,Aqara动静贴,lumi.vibration.aq1,lumi.vibration.aq1.png,
传感器,Aqara,Aqara动静贴T1,lumi.vibration.agl01,lumi.vibration.agl01.png,
传感器,Aqara,Aqara水浸传感器,lumi.sensor_wleak.aq1,lumi.sensor_wleak.aq1.png,
传感器,Aqara,Aqara温湿度传感器,lumi.weather.v1,lumi.weather.v1.png,
传感器,Aqara,Aqara烟雾报警器,lumi.sensor_smoke.acn03,lumi.sensor_smoke.acn03.png,
传感器,Aqara,Aqara烟雾报警器（NB-IoT版）,lumi.sensor_smoke.acn01,lumi.sensor_smoke.acn01.png,
传感器,Aqara,Aqara门窗传感器,lumi.sensor_magnet.aq2,lumi.sensor_magnet.aq2.png,
传感器,Aqara,天然气报警器,lumi.sensor_natgas.v1,lumi.sensor_natgas.v1.png,
传感器,Aqara,烟雾报警器,lumi.sensor_smoke.v1,lumi.sensor_smoke.v1.png,
传感器,LOEASE乐易仕,乐易仕智能温湿度计T35,loease.sensor_ht.t49bt,loease.sensor_ht.t49bt.png,
传感器,LUMIVATOR,LUMIVATOR光伏智能体感温湿度计LV-WS001,trony.sensor_ht.lvws01,trony.sensor_ht.lvws01.png,
传感器,LineHope,LineHope人体移动传感器TR1,line.motion.tr1,line.motion.tr1.png,
传感器,LineHope,LineHope水浸传感器TW1,line.flood.tw1,line.flood.tw1.png,
传感器,LineHope,LineHope温湿度传感器TH1,line.sensor_ht.th1,line.sensor_ht.th1.png,
传感器,LineHope,LineHope温湿度传感器TH1S,line.sensor_ht.th1s,line.sensor_ht.th1s.png,
传感器,LineHope,LineHope门窗传感器TM1,line.magnet.tm1,line.magnet.tm1.png,
传感器,MIANCHU,MIANCHU免触传感器Mesh版,mipin.sensor_occupy.mc2,mipin.sensor_occupy.mc2.png,
传感器,MIANCHU,MIANCHU免触传感器标准版,mipin.motion.mc1,mipin.motion.mc1.png,
传感器,MiKO,MiKO小方形温湿度计,hccy.sensor_ht.mikos,hccy.sensor_ht.mikos.png,
传感器,PTX,PTX 人体存在传感器,090615.sensor_occupy.mw,090615.sensor_occupy.mw.png,
传感器,PTX,平头熊人体存在传感器(顶装版),090615.sensor_occupy.xw,090615.sensor_occupy.xw.png,
传感器,ProTap,ProTap蓝牙温湿度计E1mini,ptkj.sensor_ht.e1mini,ptkj.sensor_ht.e1mini.png,
传感器,ProTap,ProTap蓝牙温湿度计T1,ptkj.sensor_ht.t1,ptkj.sensor_ht.t1.png,
传感器,RITERS,RITERS温湿度计2351,riters.sensor_ht.2351,riters.sensor_ht.2351.png,
传感器,RSH,RSH蓝牙温湿度计,qjiang.sensor_ht.002,qjiang.sensor_ht.002.png,
传感器,RTTPP R,多瑞燃气报警器,rttrp.sensor_gas.jy500,rttrp.sensor_gas.jy500.png,
传感器,SWANHOME,SWAN HOME人体存在传感器,zksq.sensor_occupy.s2,zksq.sensor_occupy.s2.png,
传感器,U-FAMILY,U-FAMILY WiFi 温湿度传感器U1,guixin.sensor_ht.wsdu1,guixin.sensor_ht.wsdu1.png,
传感器,USP国际电工,USP国际电工水浸传感器,zhiee.flood.sj01,zhiee.flood.sj01.png,
传感器,USP国际电工,USP国际电工门窗传感器,zhiee.magnet.mc01,zhiee.magnet.mc01.png,
传感器,Yeelight,Yeelight Pro 人体传感器,yeelink.motion.ymt02,yeelink.motion.ymt02.png,
传感器,Yeelight,Yeelight Pro 门窗传感器,yeelink.magnet.ycs02,yeelink.magnet.ycs02.png,
传感器,Yeelight,Yeelight Z系列人在传感器,yeelink.sensor_occupy.1,yeelink.sensor_occupy.1.png,
传感器,Yeelight,Yeelight 人体存在传感器,yeelink.sensor_occupy.a,yeelink.sensor_occupy.a.png,
传感器,ZUZW,ZUZW智能蓝牙温湿度计,yutai.sensor_ht.wsd01,yutai.sensor_ht.wsd01.png,
传感器,Zhiee,百将温湿度传感器,zhiee.sensor_ht.wsdj01,zhiee.sensor_ht.wsdj01.png,
传感器,deli,得力蓝牙款电子温湿度计LE523BT,deli.sensor_ht.523bt,deli.sensor_ht.523bt.png,
传感器,iotperfect,IoTPERFECT水浸传感器S01D,iotpfk.flood.001,iotpfk.flood.001.png,
传感器,linptech,人体存在传感器（顶装PLC版）,linp.sensor_occupy.hb04,linp.sensor_occupy.hb04.png,
传感器,linptech,领普人体存在传感器ES3,linp.sensor_occupy.es2,linp.sensor_occupy.es2.png,
传感器,linptech 领普,领普人体传感器,linp.motion.h1,linp.motion.h1.png,
传感器,linptech 领普,领普人体传感器2,linp.motion.hs1bb1,linp.motion.hs1bb1.png,
传感器,linptech 领普,领普人体传感器3,linp.motion.hs1bb2,linp.motion.hs1bb2.png,
传感器,linptech 领普,领普人体存在传感器,linp.sensor_occupy.hb01,linp.sensor_occupy.hb01.png,
传感器,linptech 领普,领普人体存在传感器ES2,linp.sensor_occupy.es2b,linp.sensor_occupy.es2b.png,
传感器,linptech 领普,领普人体存在传感器ES5,linp.sensor_occupy.es5b,linp.sensor_occupy.es5b.png,
传感器,linptech 领普,领普人体存在传感器ES5（顶装版）,linp.sensor_occupy.es4b,linp.sensor_occupy.es4b.png,
传感器,linptech 领普,领普压力有无传感器,linp.senpres.ps1bb,linp.senpres.ps1bb.png,
传感器,linptech 领普,领普无线开关KS1Pro,linp.sensor_ht.ks1bp,linp.sensor_ht.ks1bp.png,
传感器,linptech 领普,领普水浸及雨水传感器,linp.flood.rs1bb,linp.flood.rs1bb.png,
传感器,linptech 领普,领普温湿度传感器,linp.sensor_ht.ks2bb,linp.sensor_ht.ks2bb.png,
传感器,linptech 领普,领普门窗传感器,linp.magnet.m1,linp.magnet.m1.png,
传感器,mitch,mitch人体存在传感器,googo.sensor_occupy.cgq,googo.sensor_occupy.cgq.png,
传感器,乐天派,乐天派人在传感器Air,rhj.sensor_occupy.l730b,rhj.sensor_occupy.l730b.png,
传感器,乐天派,乐天派人在传感器POP,rhj.sensor_occupy.l730a,rhj.sensor_occupy.l730a.png,
传感器,乐天派,乐天派人在传感器POP2,rhj.sensor_occupy.l730d,rhj.sensor_occupy.l730d.png,
传感器,乐天派,乐天派存在传感器Box,rhj.sensor_occupy.l730,rhj.sensor_occupy.l730.png,
传感器,其他品牌,AInice三体场景传感器,ainice.sensor_occupy.3b,ainice.sensor_occupy.3b.png,
传感器,其他品牌,AInice人体传感器,ainice.motion.bt,ainice.motion.bt.png,
传感器,其他品牌,AInice双存在传感器,ainice.sensor_occupy.rd,ainice.sensor_occupy.rd.png,
传感器,其他品牌,AInice电子围栏传感器,ainice.sensor_occupy.bt,ainice.sensor_occupy.bt.png,
传感器,其他品牌,Gra人体存在传感器V1（BLE）,giot.sensor_occupy.v1ps,giot.sensor_occupy.v1ps.png,
传感器,其他品牌,LX存在传感器,lxun.sensor_occupy.cz01,lxun.sensor_occupy.cz01.png,
传感器,其他品牌,MiKO蓝牙温湿度计,hccy.sensor_ht.3bx321,hccy.sensor_ht.3bx321.png,
传感器,其他品牌,QUMI趣米人体存在传感器,qjiang.sensor_occupy.qj,qjiang.sensor_occupy.qj.png,
传感器,其他品牌,云檬宝 燃气报警器,mingpu.sensor_gas.det1,mingpu.sensor_gas.det1.png,
传感器,其他品牌,博瑞思人体存在传感器,brains.sensor_occupy.r4,brains.sensor_occupy.r4.png,
传感器,其他品牌,子擎存在传感器 Lite,izq.sensor_occupy.24,izq.sensor_occupy.24.png,
传感器,其他品牌,得力温湿度计LE508,yoda.sensor_ht.le508,yoda.sensor_ht.le508.png,
传感器,其他品牌,情景存在传感器,lemesh.sensor_occupy.s3,lemesh.sensor_occupy.s3.png,
传感器,其他品牌,烟雾传感器,mirsz.sensor_smoke.s500,mirsz.sensor_smoke.s500.png,
传感器,其他品牌,燃气传感器,mirsz.sensor_gas.ga500,mirsz.sensor_gas.ga500.png,
传感器,其他品牌,罗威亚水浸传感器,mirsz.flood.wa500,mirsz.flood.wa500.png,
传感器,其他品牌,罗威亚温湿度传感器,mirsz.sensor_ht.te500,mirsz.sensor_ht.te500.png,
传感器,其他品牌,罗威亚温湿度传感器（无屏）,mirsz.sensor_ht.te110,mirsz.sensor_ht.te110.png,
传感器,其他品牌,罗威亚红外人体移动传感器,mirsz.motion.ir500,mirsz.motion.ir500.png,
传感器,其他品牌,罗威亚门窗传感器,mirsz.magnet.mc500,mirsz.magnet.mc500.png,
传感器,其他品牌,迈睿人体存在传感器M1,merryt.sensor_occupy.m1,merryt.sensor_occupy.m1.png,
传感器,子擎,子擎存在传感器 Ceiling,izq.sensor_occupy.24n,izq.sensor_occupy.24n.png,
传感器,子擎,子擎存在传感器 Loong,izq.sensor_occupy.ble,izq.sensor_occupy.ble.png,
传感器,子擎,子擎存在传感器 Solo,izq.sensor_occupy.solo,izq.sensor_occupy.solo.png,
传感器,子擎,子擎存在传感器 Trio,izq.sensor_occupy.trio,izq.sensor_occupy.trio.png,
传感器,小米出品,小米人体传感器,lumi.sensor_motion.v2,lumi.sensor_motion.v2.png,
传感器,小米出品,小米人体传感器2,lumi.motion.bmgl01,lumi.motion.bmgl01.png,
传感器,小米出品,小米人体传感器2S,xiaomi.motion.pir1,xiaomi.motion.pir1.png,
传感器,小米出品,小米人在传感器,xiaomi.sensor_occupy.03,xiaomi.sensor_occupy.03.png,
传感器,小米出品,小米人在传感器Pro,xiaomi.sensor_occupy.p1,xiaomi.sensor_occupy.p1.png,
传感器,小米出品,小米光照传感器,lumi.sen_ill.mgl01,lumi.sen_ill.mgl01.png,
传感器,小米出品,小米天然气卫士,lumi.sensor_gas.mcn02,lumi.sensor_gas.mcn02.png,
传感器,小米出品,小米水浸卫士,lumi.flood.bmcn01,lumi.flood.bmcn01.png,
传感器,小米出品,小米水浸卫士2,xiaomi.flood.oh83w,xiaomi.flood.oh83w.png,
传感器,小米出品,小米温湿度传感器,lumi.sensor_ht.v1,lumi.sensor_ht.v1.png,
传感器,小米出品,小米烟感卫士,lumi.sensor_smoke.mcn02,lumi.sensor_smoke.mcn02.png,
传感器,小米出品,小米烟感卫士2,xiaomi.sensor_smoke.yg2,xiaomi.sensor_smoke.yg2.png,
传感器,小米出品,小米电子温湿度计,miaomiaoce.sensor_ht.t6,miaomiaoce.sensor_ht.t6.png,
传感器,小米出品,小米米家电子温湿度计Pro,miaomiaoce.sensor_ht.t8,miaomiaoce.sensor_ht.t8.png,
传感器,小米出品,小米米家蓝牙温湿度计2,miaomiaoce.sensor_ht.t2,miaomiaoce.sensor_ht.t2.png,
传感器,小米出品,小米门窗传感器,lumi.sensor_magnet.v2,lumi.sensor_magnet.v2.png,
传感器,小米出品,小米门窗传感器2,isa.magnet.dw2hl,isa.magnet.dw2hl.png,
传感器,小米出品,米家智能温湿度计3,miaomiaoce.sensor_ht.t9,miaomiaoce.sensor_ht.t9.png,
传感器,小米出品,米家智能温湿度计3 mini,xiaomi.sensor_ht.mini,xiaomi.sensor_ht.mini.png,
传感器,小米出品,米家蓝牙温湿度计,cleargrass.sensor_ht.dk1,cleargrass.sensor_ht.dk1.png,
传感器,峥果,峥果温湿度计,zinguo.sensor_ht.t5,zinguo.sensor_ht.t5.png,
传感器,德力西电气,德力西电气智能温湿度计DM-1095,yqll.sensor_ht.dm1095,yqll.sensor_ht.dm1095.png,
传感器,执梦,执梦人体存在传感器,zywjw.sensor_occupy.c01,zywjw.sensor_occupy.c01.png,
传感器,执梦,执梦门磁传感器,zywjw.magnet.zmmc,zywjw.magnet.zmmc.png,
传感器,文光汇,文光汇温湿度计,sixwgh.sensor_ht.v1,sixwgh.sensor_ht.v1.png,
传感器,斯曼诺客,SMLK门控传感器,giot.magnet.mkcgq,giot.magnet.mkcgq.png,
传感器,斯曼诺客,SMLK门控传感器V1,giot.magnet.mkcgq1,giot.magnet.mkcgq1.png,
传感器,方舟鱼,方舟鱼人体移动传感器TR1,line.motion.ftr1,line.motion.ftr1.png,
传感器,方舟鱼,方舟鱼水浸传感器TW1,line.flood.ftw1,line.flood.ftw1.png,
传感器,方舟鱼,方舟鱼温湿度传感器TH1,line.sensor_ht.fth1,line.sensor_ht.fth1.png,
传感器,方舟鱼,方舟鱼温湿度传感器TH1S,line.sensor_ht.fth1s,line.sensor_ht.fth1s.png,
传感器,方舟鱼,方舟鱼门窗传感器TM1,line.magnet.ftm1,line.magnet.ftm1.png,
传感器,易慧家,易慧家雨水传感器3S,evecca.flood.rs001,evecca.flood.rs001.png,
传感器,易知,易探人体存在传感器EDQ201-M,ed01.sensor_occupy.ed36,ed01.sensor_occupy.ed36.png,
传感器,易知,易探人体存在传感器EDQ25M,ed01.sensor_occupy.ytld,ed01.sensor_occupy.ytld.png,
传感器,智拉斐,智拉斐门磁传感器,slf.magnet.mc02,slf.magnet.mc02.png,
传感器,杜克,杜克TH2墨水屏时钟温湿度计,duka.sensor_ht.th2,duka.sensor_ht.th2.png,
传感器,柏晶,柏晶人体存在传感器,bogin8.sensor_occupy.bj,bogin8.sensor_occupy.bj.png,
传感器,树色,树色太阳能人体及雨水传感器（BLE）,shuse.motion.ss20,shuse.motion.ss20.png,
传感器,树色,树色水浸传感器Pro（BLE）,shuse.flood.sssj,shuse.flood.sssj.png,
传感器,树色,树色水浸传感器Slim（BLE）,shuse.flood.ss40,shuse.flood.ss40.png,
传感器,树色,树色水浸传感器（BLE）,shuse.flood.ss05,shuse.flood.ss05.png,
传感器,树色,树色门磁传感器 （BLE）,shuse.magnet.ss03,shuse.magnet.ss03.png,
传感器,树色,树色门磁传感器Pro（BLE）,shuse.magnet.ssmc,shuse.magnet.ssmc.png,
传感器,欧微灵科,欧微灵科人体红外传感器,hly.sensor_occupy.m04lb,hly.sensor_occupy.m04lb.png,
传感器,温度精灵,温度精灵温湿度计KD30,yongsh.sensor_ht.kd30,yongsh.sensor_ht.kd30.png,
传感器,温度精灵,温度精灵温湿度计ST34,yongsh.sensor_ht.st34,yongsh.sensor_ht.st34.png,
传感器,温度精灵,温度精灵温湿度计ST60,yongsh.sensor_ht.st60,yongsh.sensor_ht.st60.png,
传感器,温度精灵,温度精灵温湿度计ST70,yongsh.sensor_ht.st70,yongsh.sensor_ht.st70.png,
传感器,温心室爱,温心室爱温湿度计ZP-CDA05,zipu.sensor_ht.cda05,zipu.sensor_ht.cda05.png,
传感器,炎米,炎米智能温湿度计,ym001.sensor_ht.ymwsdj,ym001.sensor_ht.ymwsdj.png,
传感器,狄耐克,狄耐克人体存在传感器,dnake.sensor_occupy.cz1,dnake.sensor_occupy.cz1.png,
传感器,目博士,目博士温湿度计MBS-16,vchon.sensor_ht.mbs16,vchon.sensor_ht.mbs16.png,
传感器,目博士,目博士温湿度计MBS-17,vchon.sensor_ht.mbs17,vchon.sensor_ht.mbs17.png,
传感器,目博士,目博士温湿度计MBS-20,vchon.sensor_ht.mbs20,vchon.sensor_ht.mbs20.png,
传感器,目博士,目博士温湿度计MBS-7,vchon.sensor_ht.mbs7,vchon.sensor_ht.mbs7.png,
传感器,秒秒测,秒秒测智能语音闹钟,miaomiaoce.sensor_ht.a1,miaomiaoce.sensor_ht.a1.png,
传感器,秒秒测,秒秒测蓝牙温湿度计,miaomiaoce.sensor_ht.h1,miaomiaoce.sensor_ht.h1.png,
传感器,秒秒测,秒秒测蓝牙温湿度计2,miaomiaoce.sensor_ht.t4,miaomiaoce.sensor_ht.t4.png,
传感器,罗威亚,罗威亚人体存在传感器MIR-HE1-BT,mirsz.sensor_occupy.h01,mirsz.sensor_occupy.h01.png,
传感器,罗威亚,罗威亚门窗开关传感器,mirsz.magnet.yf4,mirsz.magnet.yf4.png,
传感器,美德时,美德时蓝牙温湿度计TH7M,anymetre.sensor_ht.th7m,anymetre.sensor_ht.th7m.png,
传感器,苏米科技,苏米存在传感器,xhuan.sensor_occupy.s01,xhuan.sensor_occupy.s01.png,
传感器,莱盾,LD人体存在传感器（BLE）,laidun.sensor_occupy.02,laidun.sensor_occupy.02.png,
传感器,菱敏,菱敏人在传感器,rinmin.sensor_occupy.lm,rinmin.sensor_occupy.lm.png,
传感器,觅感,MG人体存在传感器V2（BLE）,ms2021.sensor_occupy.mg,ms2021.sensor_occupy.mg.png,
传感器,迪智客,迪智客存在传感器DK21,jysj.sensor_occupy.dk21,jysj.sensor_occupy.dk21.png,
传感器,钻石,钻石水浸传感器,uimeen.flood.rmsjb,uimeen.flood.rmsjb.png,
传感器,雁派,雁派门磁传感器,zlyj88.magnet.ypmc1,zlyj88.magnet.ypmc1.png,
传感器,霍尼韦尔,家用可燃气体探测器,yuemee.sensor_gas.56712,yuemee.sensor_gas.56712.png,
传感器,青萍,李吉他蓝牙温湿度计,cgllc.sensor_ht.cgm1,cgllc.sensor_ht.cgm1.png,
传感器,青萍,青萍动作和环境光传感器,cgllc.motion.cgpr1,cgllc.motion.cgpr1.png,
传感器,青萍,青萍温湿度计 Lite（7 号电池）,cgllc.sensor_ht.cgdk3,cgllc.sensor_ht.cgdk3.png,
传感器,青萍,青萍温湿度计（7 号电池）,cgllc.sensor_ht.cgg3,cgllc.sensor_ht.cgg3.png,
传感器,青萍,青萍蓝牙温湿度计Lite（纽扣电池）,cgllc.sensor_ht.dk2,cgllc.sensor_ht.dk2.png,
传感器,青萍,青萍蓝牙温湿度计（纽扣电池）,cgllc.sensor_ht.qpg1,cgllc.sensor_ht.qpg1.png,
传感器,青萍,青萍门窗开合传感器,cgllc.magnet.hodor,cgllc.magnet.hodor.png,
传感器,高事达,高事达PLC人体存在传感器(24G),gaosd.sensor_occupy.grd,gaosd.sensor_occupy.grd.png,
传感器,麦乐克,罗威亚TE700温湿度传感器,mirsz.sensor_ht.ht02,mirsz.sensor_ht.ht02.png,
传感器,GeLuoM,格罗姆红外人体传感器,grom.sensor_occupy.pir,grom.sensor_occupy.pir.png,
传感器,RSH,RSH温湿度计WiFi款,rsh.sensor_ht.1,rsh.sensor_ht.1.png,
传感器,兴智连,兴智连温湿度计,hx888.sensor_ht.hxwb,hx888.sensor_ht.hxwb.png,
传感器,小海,小海・久安烟雾传感器,bkxh.sensor_smoke.s1,bkxh.sensor_smoke.s1.png,
传感器,小海,小海・久安燃气泄露传感器,bkxh.sensor_gas.s2,bkxh.sensor_gas.s2.png,
传感器,小海,小海・久安门窗传感器,bkxh.magnet.yf01,bkxh.magnet.yf01.png,
传感器,悠觅,悠觅温湿度传感器,tofan.sensor_ht.ht01,tofan.sensor_ht.ht01.png,
传感器,智安莱,智安莱人体存在传感器,tad.sensor_occupy.zalrc,tad.sensor_occupy.zalrc.png,
传感器,智拉斐,智拉斐人在传感器CG1,slf.sensor_occupy.exist,slf.sensor_occupy.exist.png,
传感器,木林森照明,MLS星觅传感器,mlszm.sensor_occupy.rc1,mlszm.sensor_occupy.rc1.png,
传感器,树色,树色人体红外传感器（BLE）,shuse.motion.sshw1,shuse.motion.sshw1.png,
传感器,欧微灵科,欧微灵科人存传感器,hly.sensor_occupy.m08lb,hly.sensor_occupy.m08lb.png,
传感器,罗威亚,罗威亚人体移动传感器,mirsz.sensor_occupy.yf3,mirsz.sensor_occupy.yf3.png,
传感器,小海,小海・久安水浸传感器,bkxh.flood.yf02,bkxh.flood.yf02.png,
传感器,公牛,公牛门窗传感器,bull.magnet.yf01,bull.magnet.yf01.png,
传感器,公牛,公牛温湿度传感器,bull.sensor_ht.t01e1c,bull.sensor_ht.t01e1c.png,
传感器,公牛,公牛人体移动传感器,bull.sensor_occupy.yf02,bull.sensor_occupy.yf02.png,
传感器,徕亮,小徕智存人体存在传感器,laig.sensor_occupy.cgq,laig.sensor_occupy.cgq.png,
传感器,文光汇,文光汇水浸传感器,sixwgh.flood.sj01,sixwgh.flood.sj01.png,
传感器,AImLbS,AImLbS智能温湿度计,wiing.sensor_ht.wsd01,wiing.sensor_ht.wsd01.png,
传感器,小米出品,米家智能温湿度计3 Pro,xiaomi.sensor_ht.new3pr,xiaomi.sensor_ht.new3pr.png,
传感器,圣络维,圣络维人体存在传感器S2,ygzl.sensor_occupy.s2,ygzl.sensor_occupy.s2.png,
其他,Aiasst,Aiasst 智能射频控制器 mini,aizbot.etool.xqspkb,aizbot.etool.xqspkb.png,
其他,Aiasst,Aiasst智能射频控制器,aizbot.etool.zqsp,aizbot.etool.zqsp.png,
其他,Atman,Atman过滤泵,jdxc.pump.wysbm,jdxc.pump.wysbm.png,
其他,CUKTECH,酷态科10号超级电能充Ultra 充电器,njcuk.fitting.ad1204,njcuk.fitting.ad1204.png,
其他,GranchipIoT,Gra射频控制器V1,giot.etool.v1rfc,giot.etool.v1rfc.png,
其他,U-FAMILY,U-FAMILY 智能射频控制器PRO,guixin.etool.v1,guixin.etool.v1.png,
其他,Yeelight,Yeelight T系列智能弱电箱面板,yeelink.etool.wcb01,yeelink.etool.wcb01.png,
其他,Zhiee,百将智能控制伴侣,zhiee.fitting.ad0,zhiee.fitting.ad0.png,
其他,jiuhao久豪,Jiuhao射频控制器（Mesh2.0）,cddz.etool.jhrfw,cddz.etool.jhrfw.png,
其他,jiuhao久豪,Jiuhao射频控制器（WiFi）,cddz.etool.jhrfc,cddz.etool.jhrfc.png,
其他,其他品牌,FD射频控制器,feida.etool.rfwn0,feida.etool.rfwn0.png,
其他,其他品牌,FNIRSI 40m智能测距仪,fnirsi.etool.fn40m,fnirsi.etool.fn40m.png,
其他,其他品牌,IR40智能测距仪,fnirsi.etool.40mpro,fnirsi.etool.40mpro.png,
其他,其他品牌,M8摩尔先生擦窗机器人,szks.etool.103,szks.etool.103.png,
其他,其他品牌,摩尔先生擦窗机器人,szks.etool.101,szks.etool.101.png,
其他,小猴,小猴智能激光测距仪,hoto.etool.finder,hoto.etool.finder.png,
其他,小米出品,小米万能遥控器,chuangmi.ir.v2,chuangmi.ir.v2.png,
其他,小米出品,米家智能激光测距仪,hoto.etool.mf01,hoto.etool.mf01.png,
其他,峥果,峥果多功能定时器,zinguo.etool.sc02p2,zinguo.etool.sc02p2.png,
其他,峥果,峥果多段温控器,zinguo.etool.sc03,zinguo.etool.sc03.png,
其他,峥果,峥果太阳能热水器测控仪,zinguo.etool.tk01,zinguo.etool.tk01.png,
其他,峥果,峥果水位控制器,zinguo.pump.bk01,zinguo.pump.bk01.png,
其他,峥果,峥果湿度控制器,zinguo.etool.sc03h4,zinguo.etool.sc03h4.png,
其他,峥果,峥果迎宾器,zinguo.etool.g6,zinguo.etool.g6.png,
其他,峥果,智能温控器,zinguo.etool.sc01,zinguo.etool.sc01.png,
其他,易锁宝,易锁宝抽屉柜开关Pro,yeeloc.etool.m09,yeeloc.etool.m09.png,
其他,杜克,杜克HM1儿童智能身高测量仪,duka.etool.hm1,duka.etool.hm1.png,
其他,白兰,白兰水泵,niteli.pump.flwp1,niteli.pump.flwp1.png,
其他,索菲亚,索菲亚智能柜锁M1,sfy.etool.sk002,sfy.etool.sk002.png,
其他,艾达普,艾达普 智能控制伴侣,adp.fitting.adgw,adp.fitting.adgw.png,
其他,锁小宝,锁小宝抽屉柜开关Pro 2.0,elian.etool.f5,elian.etool.f5.png,
其他,xgood,xgood 全自动换水泵,xgood.pump.yshsq,xgood.pump.yshsq.png,
其他,尼特利,尼特利水泵,niteli.pump.nlwp1,niteli.pump.nlwp1.png,
其他,尼特利,尼特利过滤桶,niteli.pump.nlcf1,niteli.pump.nlcf1.png,
其他,酷态科,酷态科10号超级电能线Ultra（一拖二）,njcuk.fitting.c2c615,njcuk.fitting.c2c615.png,
其他,RFGO,RFGO遥控拷贝器（多门版）,rfgo.etool.rfgov1,rfgo.etool.rfgov1.png,
其他,RFGO,RFGO遥控拷贝器（单门版）,rfgo.etool.rfgov2,rfgo.etool.rfgov2.png,
其他,森友,SY射频控制器,senyou.etool.kzq01,senyou.etool.kzq01.png,
出行车载,70迈,70迈云台记录仪,midr.cardvr.x200s,midr.cardvr.x200s.png,
出行车载,70迈,70迈智能后视镜青春版,midr.rv_mirror.m2,midr.rv_mirror.m2.png,
出行车载,70迈,70迈智能电动车A1 Pro,midr.bike.x1,midr.bike.x1.png,
出行车载,70迈,70迈智能行车助手,midr.rv_mirror.m5,midr.rv_mirror.m5.png,
出行车载,CUKTECH,CUKTECH 酷态科电能仓600,njcuk.enstor.a11,njcuk.enstor.a11.png,
出行车载,CUKTECH,酷态科桌面充电站显示屏,njcuk.enstor.ap01,njcuk.enstor.ap01.png,
出行车载,NAVEE,NAVEE电动滑板车S65C/D,navee1.scooter.t2214,navee1.scooter.t2214.png,
出行车载,NAVEE,NAVEE电动滑板车V40,navee1.scooter.t2208,navee1.scooter.t2208.png,
出行车载,qborn,qborn小海豚儿童安全座椅,913101.carseat.d1pro,913101.carseat.d1pro.png,
出行车载,qborn,小海豚Ultra儿童安全座椅,913101.carseat.d1max,913101.carseat.d1max.png,
出行车载,两只兔子,两只兔子儿童安全座椅求知Pro,sdt571.carseat.qzpro,sdt571.carseat.qzpro.png,
出行车载,九鹿,九鹿抬头显示 GX,uze.hud.jl101,uze.hud.jl101.png,
出行车载,其他品牌,柚途抬头显示 G9 Pro,migo.hud.ut0102,migo.hud.ut0102.png,
出行车载,小米出品,小米后视镜记录仪,midr.cardvr.m1,midr.cardvr.m1.png,
出行车载,小米出品,小米智能后视镜,midr.rv_mirror.v1,midr.rv_mirror.v1.png,
出行车载,小米出品,小米汽车多功能家用充电桩 7kW,careco.evc.a07b01,careco.evc.a07b01.png,
出行车载,小米出品,小米汽车家用充电桩 7kW,careco.evc.a07a01,careco.evc.a07a01.png,
出行车载,小米出品,小米汽车直流家用充电桩 20kW,careco.evc.d20a01,careco.evc.d20a01.png,
出行车载,小米出品,小米记录仪 1S,midr.cardvr.v2,midr.cardvr.v2.png,
出行车载,小米出品,小米记录仪2 2K版,midr.cardvr.mv2,midr.cardvr.mv2.png,
出行车载,小米出品,小米记录仪2 标准版,midr.cardvr.mv2n,midr.cardvr.mv2n.png,
出行车载,小米出品,智能底盘氛围灯1,xiaomi.carlight.cars3,xiaomi.carlight.cars3.png,
出行车载,小米出品,智能底盘氛围灯2,xiaomi.carlight.cars1,xiaomi.carlight.cars1.png,
出行车载,小米出品,智能底盘氛围灯3,xiaomi.carlight.cars4,xiaomi.carlight.cars4.png,
出行车载,小米出品,米家户外电源1000,zimi.enstor.cndy02,zimi.enstor.cndy02.png,
出行车载,小米出品,米家户外电源1000 Pro,zimi.enstor.cndy01,zimi.enstor.cndy01.png,
出行车载,小米出品,米家电动滑板车,ninebot.scooter.v1,ninebot.scooter.v1.png,
出行车载,小米出品,米家电动滑板车 3 青春版,dreame.scooter.t2185,dreame.scooter.t2185.png,
出行车载,小米出品,米家电动滑板车 Pro,ninebot.scooter.v2,ninebot.scooter.v2.png,
出行车载,小米出品,米家电动滑板车1S,ninebot.scooter.v6,ninebot.scooter.v6.png,
出行车载,小米出品,米家行车记录仪,midr.cardvr.v1,midr.cardvr.v1.png,
出行车载,睿米,魔洁兔车载空气净化器P8S,roidmi.carairpuri.pro,roidmi.carairpuri.pro.png,
出行车载,车萝卜,车萝卜智能HUD智炫版,ileja.hud.ccm,ileja.hud.ccm.png,
出行车载,车萝卜,车萝卜智能HUD智炫版Pro,ileja.hud.ccms,ileja.hud.ccms.png,
出行车载,追觅,Navee电动滑板车S65,dreame.scooter.p2223,dreame.scooter.p2223.png,
出行车载,骑记,骑记电动助力自行车,qicyc.bike.tdp02z,qicyc.bike.tdp02z.png,
出行车载,小米出品,米家智能车载便携充放电枪,careco.evc.power1,careco.evc.power1.png,
办公学习,8H,8H 智能升降桌,qushui.desk.sjz001,qushui.desk.sjz001.png,
办公学习,8H,8H 智能升降桌D系列,qushui.desk.sjz02,qushui.desk.sjz02.png,
办公学习,9am,9am Raven X 智能电竞桌,nineam.desk.u2t,nineam.desk.u2t.png,
办公学习,9am,9am Viva 智能学习桌,nineam.desk.u5,nineam.desk.u5.png,
办公学习,为诺智驱,为诺智能升降桌（WiFi）,wnzq.desk.wnzjz,wnzq.desk.wnzjz.png,
办公学习,乐范,乐班智能电动升降台,17216.desk.lt001,17216.desk.lt001.png,
办公学习,其他品牌,9am Dora智能升降桌,nineam.desk.t06,nineam.desk.t06.png,
办公学习,其他品牌,9am L系列升降桌,nineam.desk.hoo021,nineam.desk.hoo021.png,
办公学习,其他品牌,9am智能升降桌,nineam.desk.hoo01,nineam.desk.hoo01.png,
办公学习,其他品牌,AIDESK,jstar.desk.jcb36,jstar.desk.jcb36.png,
办公学习,其他品牌,AIMIZO爱美卓智能升降桌,wzt.desk.h101,wzt.desk.h101.png,
办公学习,其他品牌,AOKE智能升降桌,wzt.desk.h100,wzt.desk.h100.png,
办公学习,其他品牌,NOC LOC 智能办公升降桌,xlang.desk.vlocv2,xlang.desk.vlocv2.png,
办公学习,其他品牌,NOC LOC智能电动儿童学习桌,xlang.desk.nlocv1,xlang.desk.nlocv1.png,
办公学习,其他品牌,NOC LOC智能电竞升降桌,xlang.desk.djz,xlang.desk.djz.png,
办公学习,其他品牌,ULOVEHOME尤爱智能升降桌,wzt.desk.h102,wzt.desk.h102.png,
办公学习,其他品牌,贝氪智能托腰办公椅,bkrobo.chair.bc03,bkrobo.chair.bc03.png,
办公学习,其他品牌,酷可立电动学习桌,kukeli.desk.cxxz01,kukeli.desk.cxxz01.png,
办公学习,吉木江南,吉木江南智能升降桌,miuni.desk.mztz,miuni.desk.mztz.png,
办公学习,小米出品,REDMI Book Pro 14 2026,xiaomi.laptop.n57sr,xiaomi.laptop.n57sr.png,
办公学习,小米出品,REDMI Book Pro 16 2026,xiaomi.laptop.n56sr,xiaomi.laptop.n56sr.png,
办公学习,小米出品,Xiaomi Book Pro 14,xiaomi.laptop.p52,xiaomi.laptop.p52.png,
办公学习,小米出品,Xiaomi MIX Flip 2 随身拍套装,xiaomi.printer.ricotp,xiaomi.printer.ricotp.png,
办公学习,小米出品,小米口袋照片打印机,hannto.printer.basil,hannto.printer.basil.png,
办公学习,小米出品,小米激光打印一体机K200,hannto.printer.lager,hannto.printer.lager.png,
办公学习,小米出品,小米米家喷墨打印机,hannto.printer.anise,hannto.printer.anise.png,
办公学习,小米出品,小米米家液晶小黑板-存储版,jiqid.sxb.v1,jiqid.sxb.v1.png,
办公学习,小米出品,小米米家照片打印机,hannto.printer.honey,hannto.printer.honey.png,
办公学习,小米出品,小米米家照片打印机1S,hannto.printer.honey1s,hannto.printer.honey1s.png,
办公学习,小米出品,小米米家连供喷墨打印一体机,hannto.printer.rmy,hannto.printer.rmy.png,
办公学习,小米出品,米家口袋照片打印机1S,hannto.printer.mint,hannto.printer.mint.png,
办公学习,小米出品,米家口袋照片打印机Pro,xiaomi.printer.ricott,xiaomi.printer.ricott.png,
办公学习,小米出品,米家标签打印机,xiaomi.printer.label,xiaomi.printer.label.png,
办公学习,恒枫智能,H&F智能升降桌,hfzn.desk.hf01,hfzn.desk.hf01.png,
办公学习,戟创,戟创AGKey天戟K2智能升降桌,agkey.desk.k2,agkey.desk.k2.png,
办公学习,游戏家,游戏家升降桌,univer.desk.t0,univer.desk.t0.png,
办公学习,美迪丝,美迪丝智能升降桌（WiFi）,morlin.desk.mdszz,morlin.desk.mdszz.png,
办公学习,耐实,耐实智能升降桌（WiFi）,mns168.desk.nssjz,mns168.desk.nssjz.png,
办公学习,黑白调,黑白调儿童智能学习桌 S2 Ultra,hbada1.desk.s203u2,hbada1.desk.s203u2.png,
办公学习,小米出品,米家桌面照片打印机 2,xiaomi.printer.syrup,xiaomi.printer.syrup.png,
卫浴,AUPU奥普,AUPU奥普浴霸Q360A3,aupu.bhf_light.qa32,aupu.bhf_light.qa32.png,
卫浴,AUPU奥普,AUPU奥普浴霸Q360A3-Evo,aupu.bhf_light.a3e2,aupu.bhf_light.a3e2.png,
卫浴,AUPU奥普,AUPU奥普浴霸S01M,aupu.bhf_light.s01m2,aupu.bhf_light.s01m2.png,
卫浴,AUPU奥普,AUPU奥普浴霸S01MD,aupu.bhf_light.s01md2,aupu.bhf_light.s01md2.png,
卫浴,AUPU奥普,AUPU奥普浴霸S10M,aupu.bhf_light.s10m2,aupu.bhf_light.s10m2.png,
卫浴,AUPU奥普,AUPU奥普浴霸S11M,aupu.bhf_light.s11m2,aupu.bhf_light.s11m2.png,
卫浴,AUPU奥普,AUPU奥普浴霸S368M,aupu.bhf_light.s368m3,aupu.bhf_light.s368m3.png,
卫浴,AUPU奥普,AUPU奥普浴霸S608M,aupu.bhf_light.s608m2,aupu.bhf_light.s608m2.png,
卫浴,AUPU奥普,AUPU奥普浴霸S618M,aupu.bhf_light.s618m2,aupu.bhf_light.s618m2.png,
卫浴,AUPU奥普,AUPU奥普浴霸S628M,aupu.bhf_light.s628m2,aupu.bhf_light.s628m2.png,
卫浴,AUPU奥普,AUPU奥普线性浴霸L1B,aupu.bhf_light.l1b2,aupu.bhf_light.l1b2.png,
卫浴,AUPU奥普,AUPU奥普线性浴霸L1BS,aupu.bhf_light.l1bs2,aupu.bhf_light.l1bs2.png,
卫浴,AUPU奥普,奥普Smart浴霸S2,aupu.bhf_light.s2,aupu.bhf_light.s2.png,
卫浴,AUPU奥普,奥普Smart浴霸S2-Air,aupu.bhf_light.s2air,aupu.bhf_light.s2air.png,
卫浴,AUPU奥普,奥普Smart系列人感浴霸JQS-Air,aupu.bhf_light.jqsair,aupu.bhf_light.jqsair.png,
卫浴,AUPU奥普,奥普奥芯双氧线性浴霸 FY-Pro+,aupu.bhf_light.fypro,aupu.bhf_light.fypro.png,
卫浴,AUPU奥普,奥普奥芯恒温线性浴霸 FY,aupu.bhf_light.fy,aupu.bhf_light.fy.png,
卫浴,AUPU奥普,奥普浴霸-奥芯,aupu.bhf_light.p3328e,aupu.bhf_light.p3328e.png,
卫浴,AUPU奥普,奥普浴霸DL05A,aupu.bhf_light.dl05a,aupu.bhf_light.dl05a.png,
卫浴,AUPU奥普,奥普浴霸DL06A,aupu.bhf_light.dl06a,aupu.bhf_light.dl06a.png,
卫浴,AUPU奥普,奥普浴霸E371M,aupu.bhf_light.e371,aupu.bhf_light.e371.png,
卫浴,AUPU奥普,奥普浴霸E371M-Y,aupu.bhf_light.e371my,aupu.bhf_light.e371my.png,
卫浴,AUPU奥普,奥普浴霸E372M,aupu.bhf_light.e372,aupu.bhf_light.e372.png,
卫浴,AUPU奥普,奥普浴霸E372M-Y,aupu.bhf_light.e372my,aupu.bhf_light.e372my.png,
卫浴,AUPU奥普,奥普浴霸F1-Pro,aupu.bhf_light.f1pro1,aupu.bhf_light.f1pro1.png,
卫浴,AUPU奥普,奥普浴霸FX-Pro,aupu.bhf_light.fxpro,aupu.bhf_light.fxpro.png,
卫浴,AUPU奥普,奥普浴霸G1,aupu.bhf_light.t01m,aupu.bhf_light.t01m.png,
卫浴,AUPU奥普,奥普浴霸G1-Air,aupu.bhf_light.t01md,aupu.bhf_light.t01md.png,
卫浴,AUPU奥普,奥普浴霸G10,aupu.bhf_light.g10,aupu.bhf_light.g10.png,
卫浴,AUPU奥普,奥普浴霸HA01MD,aupu.bhf_light.ha01md,aupu.bhf_light.ha01md.png,
卫浴,AUPU奥普,奥普浴霸L1B,aupu.bhf_light.l1b,aupu.bhf_light.l1b.png,
卫浴,AUPU奥普,奥普浴霸L1BS,aupu.bhf_light.l1bs,aupu.bhf_light.l1bs.png,
卫浴,AUPU奥普,奥普浴霸N80S,aupu.bhf_light.n80ss,aupu.bhf_light.n80ss.png,
卫浴,AUPU奥普,奥普浴霸NA01-Pro,aupu.bhf_light.na01dp,aupu.bhf_light.na01dp.png,
卫浴,AUPU奥普,奥普浴霸Q360A3,aupu.bhf_light.q360a3,aupu.bhf_light.q360a3.png,
卫浴,AUPU奥普,奥普浴霸Q360A3-Air,aupu.bhf_light.a3pro2,aupu.bhf_light.a3pro2.png,
卫浴,AUPU奥普,奥普浴霸Q360A3-Evo,aupu.bhf_light.qa3evo,aupu.bhf_light.qa3evo.png,
卫浴,AUPU奥普,奥普浴霸Q360A3-Pro,aupu.bhf_light.qa3pro,aupu.bhf_light.qa3pro.png,
卫浴,AUPU奥普,奥普浴霸Q360A3S,aupu.bhf_light.qa3s,aupu.bhf_light.qa3s.png,
卫浴,AUPU奥普,奥普浴霸Q360A3S-Pro,aupu.bhf_light.a3spro,aupu.bhf_light.a3spro.png,
卫浴,AUPU奥普,奥普浴霸Q360C,aupu.bhf_light.q360c,aupu.bhf_light.q360c.png,
卫浴,AUPU奥普,奥普浴霸Q360C-Pro,aupu.bhf_light.360pro,aupu.bhf_light.360pro.png,
卫浴,AUPU奥普,奥普浴霸Q360G3,aupu.bhf_light.q360g3,aupu.bhf_light.q360g3.png,
卫浴,AUPU奥普,奥普浴霸Q360T3S,aupu.bhf_light.360t3s,aupu.bhf_light.360t3s.png,
卫浴,AUPU奥普,奥普浴霸Q360T3S-Air,aupu.bhf_light.t3sp2,aupu.bhf_light.t3sp2.png,
卫浴,AUPU奥普,奥普浴霸Q360T3S-Pro,aupu.bhf_light.t3spro,aupu.bhf_light.t3spro.png,
卫浴,AUPU奥普,奥普浴霸Q360X3,aupu.bhf_light.360x3,aupu.bhf_light.360x3.png,
卫浴,AUPU奥普,奥普浴霸Q360X3-Air,aupu.bhf_light.x3pro2,aupu.bhf_light.x3pro2.png,
卫浴,AUPU奥普,奥普浴霸Q360X3-Pro,aupu.bhf_light.x3pro,aupu.bhf_light.x3pro.png,
卫浴,AUPU奥普,奥普浴霸S01M,aupu.bhf_light.s01m,aupu.bhf_light.s01m.png,
卫浴,AUPU奥普,奥普浴霸S01MD,aupu.bhf_light.s01md,aupu.bhf_light.s01md.png,
卫浴,AUPU奥普,奥普浴霸S10M,aupu.bhf_light.s10m,aupu.bhf_light.s10m.png,
卫浴,AUPU奥普,奥普浴霸S118M,aupu.bhf_light.s118m1,aupu.bhf_light.s118m1.png,
卫浴,AUPU奥普,奥普浴霸S11M,aupu.bhf_light.s11m,aupu.bhf_light.s11m.png,
卫浴,AUPU奥普,奥普浴霸S368M1,aupu.bhf_light.s368m2,aupu.bhf_light.s368m2.png,
卫浴,AUPU奥普,奥普浴霸S608M,aupu.bhf_light.s608m,aupu.bhf_light.s608m.png,
卫浴,AUPU奥普,奥普浴霸S618M,aupu.bhf_light.s618m1,aupu.bhf_light.s618m1.png,
卫浴,AUPU奥普,奥普浴霸S628M,aupu.bhf_light.s628m,aupu.bhf_light.s628m.png,
卫浴,AUPU奥普,奥普热浪系列恒温浴霸SE2,aupu.bhf_light.se2,aupu.bhf_light.se2.png,
卫浴,AUPU奥普,奥普热能环系列人感浴霸Q360A3S-S,aupu.bhf_light.a3ss,aupu.bhf_light.a3ss.png,
卫浴,AUPU奥普,奥普热能环系列水氧浴霸Q360A3S-Pro+,aupu.bhf_light.a3sp2,aupu.bhf_light.a3sp2.png,
卫浴,AUPU奥普,奥普空气管家Q360A-Pro,aupu.bhf_light.360ap,aupu.bhf_light.360ap.png,
卫浴,AUPU奥普,奥普空气管家浴霸-N80Pro,aupu.bhf_light.n80,aupu.bhf_light.n80.png,
卫浴,AUPU奥普,奥普空气管家浴霸Q360S-Pro,aupu.bhf_light.q360sp,aupu.bhf_light.q360sp.png,
卫浴,AUPU奥普,奥普空气管家浴霸Q360X-Pro,aupu.bhf_light.360xp,aupu.bhf_light.360xp.png,
卫浴,AUPU奥普,奥普线性浴霸 L2A-Air,aupu.bhf_light.l2air,aupu.bhf_light.l2air.png,
卫浴,AUPU奥普,奥普线性浴霸 L3B,aupu.bhf_light.l3b,aupu.bhf_light.l3b.png,
卫浴,AUPU奥普,奥普线性浴霸 L3B-S,aupu.bhf_light.l3bs,aupu.bhf_light.l3bs.png,
卫浴,AUPU奥普,奥普线性浴霸GL19-Pro+,aupu.bhf_light.gl19p,aupu.bhf_light.gl19p.png,
卫浴,AUPU奥普,奥普线性浴霸GL21-Pro+,aupu.bhf_light.gl21p,aupu.bhf_light.gl21p.png,
卫浴,AUPU奥普,奥普线性浴霸L3B-Pro+,aupu.bhf_light.l3bpro,aupu.bhf_light.l3bpro.png,
卫浴,AUPU奥普,奥普美容舱浴霸MR005,aupu.bhf_light.mr005,aupu.bhf_light.mr005.png,
卫浴,AUPU奥普,奥普美容舱浴霸MR009M,aupu.bhf_light.mr009,aupu.bhf_light.mr009.png,
卫浴,AXENT,AXENT和煦电热毛巾架,axent.tow_w.a804,axent.tow_w.a804.png,
卫浴,DELIXI electric,德力西智能浴霸,dlx.bhf_light.dlxyb,dlx.bhf_light.dlxyb.png,
卫浴,DS,DS顶上智能浴霸,ds2023.bhf_light.ds1,ds2023.bhf_light.ds1.png,
卫浴,Dinmei鼎美,鼎美智能浴霸V1,dmzz.bhf_light.dm01,dmzz.bhf_light.dm01.png,
卫浴,EVANLEY,EVANLEY电热毛巾架,awl.tow_w.awl1,awl.tow_w.awl1.png,
卫浴,FDJM . 风度简美,简美智能浴霸Plus,fdjm99.bhf_light.fdjm03,fdjm99.bhf_light.fdjm03.png,
卫浴,FIVE,FIVE智能热毛巾机,uvfive.tow_w.berry,uvfive.tow_w.berry.png,
卫浴,FSILON法狮龙,法狮龙智能浴霸FDN26-S13,fsilon.bhf_light.002,fsilon.bhf_light.002.png,
卫浴,FSILON法狮龙,法狮龙智能浴霸FDN26-S18,fsilon.bhf_light.s18,fsilon.bhf_light.s18.png,
卫浴,FSILON法狮龙,法狮龙智能浴霸XN-E159-1A,fsilon.bhf_light.xn1a,fsilon.bhf_light.xn1a.png,
卫浴,FSILON法狮龙,法狮龙智能浴霸XN-F120-2A,fsilon.bhf_light.001,fsilon.bhf_light.001.png,
卫浴,FSILON法狮龙,法狮龙智能浴霸YN-E520-1A,fsilon.bhf_light.003,fsilon.bhf_light.003.png,
卫浴,FSL,FSL智能浴霸,sfl.bhf_light.fslyb,sfl.bhf_light.fslyb.png,
卫浴,FUNTI,FUNTI浴霸,aobrn.bhf_light.1,aobrn.bhf_light.1.png,
卫浴,FZFV,FZFV智能浴霸,jxzc.bhf_light.fzfvyb,jxzc.bhf_light.fzfvyb.png,
卫浴,Haier,Haier智能浴霸HJC-1,haierj.bhf_light.hjc1,haierj.bhf_light.hjc1.png,
卫浴,Haier,Haier智能浴霸SR5M,haierj.bhf_light.sr5m,haierj.bhf_light.sr5m.png,
卫浴,IWN 小铃铛,IWN小铃铛六位单零火兼容浴霸开关,topwit.bhf_light.yzw08,topwit.bhf_light.yzw08.png,
卫浴,IWN 小铃铛,IWN小铃铛智能浴霸开关,topwit.bhf_light.rzw76,topwit.bhf_light.rzw76.png,
卫浴,IWN 小铃铛,智能浴霸开关,topwit.bhf_light.rz01,topwit.bhf_light.rz01.png,
卫浴,KOEY,KOEY智能护眼浴霸,koey.bhf_light.yb0a01,koey.bhf_light.yb0a01.png,
卫浴,MINGZU名族,名族智能浴霸MZ,lunsun.bhf_light.n8703,lunsun.bhf_light.n8703.png,
卫浴,PTX,PTX 智能浴霸A1,090615.bhf_light.ptxyb,090615.bhf_light.ptxyb.png,
卫浴,RONGSHENG容声,容声智能浴霸V1,dmzz.bhf_light.02,dmzz.bhf_light.02.png,
卫浴,SINL心力,智能触屏毛巾烘干机,sinl.tow_w.s1,sinl.tow_w.s1.png,
卫浴,SUPOR,SUPOR浴霸,supor8.bhf_light.spryb,supor8.bhf_light.spryb.png,
卫浴,SUPOR,SUPOR风暖浴霸,supor8.bhf_light.spryb2,supor8.bhf_light.spryb2.png,
卫浴,SURSCA,SURSCA舒世嘉智能浴霸,sursca.bhf_light.yb1,sursca.bhf_light.yb1.png,
卫浴,TCL,TCL华照浴霸,tcll.bhf_light.yb01,tcll.bhf_light.yb01.png,
卫浴,TCL,TCL智能浴霸S2Pro,tcll.bhf_light.yb03,tcll.bhf_light.yb03.png,
卫浴,TCL,TCL智能浴霸风华5Pro,tcll.bhf_light.yb02,tcll.bhf_light.yb02.png,
卫浴,UWIZE优智者,UWIZE优智者六位单零火兼容浴霸开关,uwize.bhf_light.yzw01,uwize.bhf_light.yzw01.png,
卫浴,VINO,VINO空气能热水器200L,aden.waterheater.ash200,aden.waterheater.ash200.png,
卫浴,Vancoco,Vancoco智能马桶一体机星月MAX,vanco.toilet.max1,vanco.toilet.max1.png,
卫浴,YINGMI英米,英米智能马桶-M,aosi.toilet.m,aosi.toilet.m.png,
卫浴,YINGMI英米,英米智能马桶盖-M68,aosi.toilet.a9999,aosi.toilet.a9999.png,
卫浴,Yeelight,Yeelight 智能暖悦浴霸,yeelink.bhf_light.v3,yeelink.bhf_light.v3.png,
卫浴,Yeelight,Yeelight 智能暖悦浴霸 A1,yeelink.bhf_light.v8,yeelink.bhf_light.v8.png,
卫浴,Yeelight,Yeelight 智能暖悦浴霸 E20,yeelink.bhf_light.v7,yeelink.bhf_light.v7.png,
卫浴,Yeelight,Yeelight 智能浴霸,yeelink.bhf_light.znyb1,yeelink.bhf_light.znyb1.png,
卫浴,Yeelight,Yeelight 智能浴霸 L2,yeelink.bhf_light.v19,yeelink.bhf_light.v19.png,
卫浴,Yeelight,Yeelight 智能浴霸 M1,yeelink.bhf_light.v20,yeelink.bhf_light.v20.png,
卫浴,Yeelight,Yeelight 智能浴霸 M3,yeelink.bhf_light.v26,yeelink.bhf_light.v26.png,
卫浴,Yeelight,Yeelight 智能浴霸 S20,yeelink.bhf_light.v17,yeelink.bhf_light.v17.png,
卫浴,Yeelight,Yeelight 智能浴霸 Z10,yeelink.bhf_light.v18,yeelink.bhf_light.v18.png,
卫浴,Yeelight,Yeelight 智能滑盖彩虹浴霸 L3,yeelink.bhf_light.v21,yeelink.bhf_light.v21.png,
卫浴,Yeelight,Yeelight 智能滑盖浴霸 L3,yeelink.bhf_light.v22,yeelink.bhf_light.v22.png,
卫浴,Yeelight,Yeelight 智能音乐滑盖彩虹浴霸 L3,yeelink.bhf_light.v23,yeelink.bhf_light.v23.png,
卫浴,Yeelight,Yeelight 舒适暖浴霸,yeelink.bhf_light.v10,yeelink.bhf_light.v10.png,
卫浴,Yeelight,Yeelight 舒适暖浴霸 Pro,yeelink.bhf_light.v15,yeelink.bhf_light.v15.png,
卫浴,Yeelight,Yeelight智能浴霸,yeelink.bhf_light.v2,yeelink.bhf_light.v2.png,
卫浴,Yeelight,Yeelight智能浴霸 Pro,yeelink.bhf_light.v1,yeelink.bhf_light.v1.png,
卫浴,ZBZ,ZBZ智能马桶,dawn.toilet.02,dawn.toilet.02.png,
卫浴,cobbe,cobbe智能毛巾架,wzcb.tow_w.cobbe1,wzcb.tow_w.cobbe1.png,
卫浴,lipro,lipro柔风浴霸E2,lipro.bhf_light.e5u1,lipro.bhf_light.e5u1.png,
卫浴,lipro,lipro柔风浴霸E2 Pro,lipro.bhf_light.e3u1,lipro.bhf_light.e3u1.png,
卫浴,vatti,华帝电热水器DJ10,vatti.waterheater.dj10,vatti.waterheater.dj10.png,
卫浴,vatti,华帝电热水器DJ9,vatti.waterheater.yp07i,vatti.waterheater.yp07i.png,
卫浴,vatti,华帝电热水器DS9,vatti.waterheater.ds9,vatti.waterheater.ds9.png,
卫浴,yongeer,YONGEER 智能毛巾架 E,kpcrkj.tow_w.sy,kpcrkj.tow_w.sy.png,
卫浴,三雄,三雄智能浴霸,pak.bhf_light.pak11,pak.bhf_light.pak11.png,
卫浴,三雄极光Pak,三雄极光Pak智能浴霸,pak.bhf_light.pak16,pak.bhf_light.pak16.png,
卫浴,九牧,九牧智能浴霸-JD071,ijomoo.bhf_light.jd071,ijomoo.bhf_light.jd071.png,
卫浴,九牧,九牧智能马桶 i90,ijomoo.toilet.i90,ijomoo.toilet.i90.png,
卫浴,九牧,九牧智能马桶-ZS320T,ijomoo.toilet.zs320,ijomoo.toilet.zs320.png,
卫浴,九牧,九牧电热毛巾架,ijomoo.tow_w.z300x,ijomoo.tow_w.z300x.png,
卫浴,云米,coKiing AI燃气热水器 VGW1616 16L,viomi.waterheater.u36,viomi.waterheater.u36.png,
卫浴,云米,coKiing AI燃气热水器 VGW1816 18L,viomi.waterheater.u37,viomi.waterheater.u37.png,
卫浴,云米,云米AI健康检测马桶Air,viomi.toilet.m06,viomi.toilet.m06.png,
卫浴,云米,云米AI双胆电热水器 蓝调2,yunmi.waterheater.e51,yunmi.waterheater.e51.png,
卫浴,云米,云米AI恒温燃气热水器 Master,yunmi.waterheater.u74,yunmi.waterheater.u74.png,
卫浴,云米,云米AI燃气热水器 Smart Pro,viomi.waterheater.u69,viomi.waterheater.u69.png,
卫浴,云米,云米AI燃气热水器 Super 2,viomi.waterheater.u72,viomi.waterheater.u72.png,
卫浴,云米,云米AI燃气热水器 Super 2 Pro,viomi.waterheater.u73,viomi.waterheater.u73.png,
卫浴,云米,云米AI燃气热水器 Super Pro,viomi.waterheater.u70,viomi.waterheater.u70.png,
卫浴,云米,云米AI燃气热水器 小蓝调,viomi.waterheater.u55,viomi.waterheater.u55.png,
卫浴,云米,云米AI燃气热水器 蓝调2 Pro,yunmi.waterheater.u78,yunmi.waterheater.u78.png,
卫浴,云米,云米AI燃气热水器Master 3 Pro,viomi.waterheater.u67,viomi.waterheater.u67.png,
卫浴,云米,云米AI燃气热水器Smart,viomi.waterheater.u68,viomi.waterheater.u68.png,
卫浴,云米,云米AI燃气热水器VGW1623 16L,viomi.waterheater.u52,viomi.waterheater.u52.png,
卫浴,云米,云米AI燃气热水器VGW1823 18L,viomi.waterheater.u53,viomi.waterheater.u53.png,
卫浴,云米,云米AI燃气热水器Zero2 C1,viomi.waterheater.u63,viomi.waterheater.u63.png,
卫浴,云米,云米AI燃气热水器蓝调2,yunmi.waterheater.u75,yunmi.waterheater.u75.png,
卫浴,云米,云米AI电热水器 Air 双胆优享版,viomi.waterheater.e44,viomi.waterheater.e44.png,
卫浴,云米,云米AI电热水器 Smart E,viomi.waterheater.e49,viomi.waterheater.e49.png,
卫浴,云米,云米AI电热水器 Super,viomi.waterheater.e45,viomi.waterheater.e45.png,
卫浴,云米,云米AI电热水器 Super 3,viomi.waterheater.e50,viomi.waterheater.e50.png,
卫浴,云米,云米AI电热水器Smart 2,viomi.waterheater.e47,viomi.waterheater.e47.png,
卫浴,云米,云米AI电热水器Super 2 Pro,viomi.waterheater.e48,viomi.waterheater.e48.png,
卫浴,云米,云米AI电热水器VEW5020,viomi.waterheater.e28,viomi.waterheater.e28.png,
卫浴,云米,云米AI电热水器VEW6020,viomi.waterheater.e29,viomi.waterheater.e29.png,
卫浴,云米,云米AI电热水器VEW6022,viomi.waterheater.e33,viomi.waterheater.e33.png,
卫浴,云米,云米AI电热水器小蓝调,viomi.waterheater.e38,viomi.waterheater.e38.png,
卫浴,云米,云米AI零冷水燃气热水器 Master E,yunmi.waterheater.u77,yunmi.waterheater.u77.png,
卫浴,云米,云米AI零冷水燃气热水器 Super 2 Max,viomi.waterheater.u62,viomi.waterheater.u62.png,
卫浴,云米,云米AI零冷水燃气热水器Super,viomi.waterheater.u57,viomi.waterheater.u57.png,
卫浴,云米,云米互联网免更换镁棒电热水器 50L,viomi.waterheater.e13,viomi.waterheater.e13.png,
卫浴,云米,云米互联网免更换镁棒电热水器 60L,viomi.waterheater.e14,viomi.waterheater.e14.png,
卫浴,云米,云米互联网免更换镁棒电热水器 80L,viomi.waterheater.e15,viomi.waterheater.e15.png,
卫浴,云米,云米互联网浴霸,viomi.bhf_light.v1,viomi.bhf_light.v1.png,
卫浴,云米,云米互联网浴霸 风暖双核版,viomi.bhf_light.v6,viomi.bhf_light.v6.png,
卫浴,云米,云米互联网浴霸 风暖摆风版,viomi.bhf_light.v9,viomi.bhf_light.v9.png,
卫浴,云米,云米互联网浴霸A1,viomi.bhf_light.v4,viomi.bhf_light.v4.png,
卫浴,云米,云米互联网浴霸Pro（风暖触控版）,viomi.bhf_light.v3,viomi.bhf_light.v3.png,
卫浴,云米,云米互联网燃气热水器16L(优享版),viomi.waterheater.u6,viomi.waterheater.u6.png,
卫浴,云米,云米互联网燃气热水器1A（13L）,viomi.waterheater.u1,viomi.waterheater.u1.png,
卫浴,云米,云米互联网燃气热水器1C 16L,viomi.waterheater.u16,viomi.waterheater.u16.png,
卫浴,云米,云米互联网燃气热水器1C（13L）,viomi.waterheater.u3,viomi.waterheater.u3.png,
卫浴,云米,云米互联网燃气热水器A1 13L,viomi.waterheater.u24,viomi.waterheater.u24.png,
卫浴,云米,云米互联网燃气热水器A1 16L,viomi.waterheater.u25,viomi.waterheater.u25.png,
卫浴,云米,云米互联网燃气热水器C1 13L,viomi.waterheater.u22,viomi.waterheater.u22.png,
卫浴,云米,云米互联网燃气热水器C1 16L,viomi.waterheater.u23,viomi.waterheater.u23.png,
卫浴,云米,云米互联网燃气热水器Mate 13L,viomi.waterheater.u31,viomi.waterheater.u31.png,
卫浴,云米,云米互联网燃气热水器Mate 16L,viomi.waterheater.u32,viomi.waterheater.u32.png,
卫浴,云米,云米互联网燃气热水器Mate Pro 13L,viomi.waterheater.u29,viomi.waterheater.u29.png,
卫浴,云米,云米互联网燃气热水器Mate Pro 16L,viomi.waterheater.u30,viomi.waterheater.u30.png,
卫浴,云米,云米互联网燃气热水器S11,viomi.waterheater.u18,viomi.waterheater.u18.png,
卫浴,云米,云米互联网燃气热水器S12,viomi.waterheater.u17,viomi.waterheater.u17.png,
卫浴,云米,云米互联网燃气热水器VGW1314,viomi.waterheater.u40,viomi.waterheater.u40.png,
卫浴,云米,云米互联网燃气热水器VGW1318 13L,viomi.waterheater.u42,viomi.waterheater.u42.png,
卫浴,云米,云米互联网燃气热水器VGW1614,viomi.waterheater.u41,viomi.waterheater.u41.png,
卫浴,云米,云米互联网燃气热水器VGW1615 16L,viomi.waterheater.u33,viomi.waterheater.u33.png,
卫浴,云米,云米互联网燃气热水器VGW1617 16L,viomi.waterheater.u39,viomi.waterheater.u39.png,
卫浴,云米,云米互联网燃气热水器VGW1618 16L,viomi.waterheater.u43,viomi.waterheater.u43.png,
卫浴,云米,云米互联网燃气热水器VGW1621 16L,viomi.waterheater.u48,viomi.waterheater.u48.png,
卫浴,云米,云米互联网燃气热水器VGW1622 16L,viomi.waterheater.u50,viomi.waterheater.u50.png,
卫浴,云米,云米互联网燃气热水器VGW1815 18L,viomi.waterheater.u34,viomi.waterheater.u34.png,
卫浴,云米,云米互联网燃气热水器VGW1817 18L,viomi.waterheater.u38,viomi.waterheater.u38.png,
卫浴,云米,云米互联网燃气热水器VGW1821 18L,viomi.waterheater.u49,viomi.waterheater.u49.png,
卫浴,云米,云米互联网燃气热水器VGW1822 18L,viomi.waterheater.u51,viomi.waterheater.u51.png,
卫浴,云米,云米互联网燃气热水器Zero S1 (13L 零冷水),viomi.waterheater.u26,viomi.waterheater.u26.png,
卫浴,云米,云米互联网燃气热水器Zero S1 (16L 零冷水),viomi.waterheater.u27,viomi.waterheater.u27.png,
卫浴,云米,云米互联网燃气热水器Zero（12L零冷水）,viomi.waterheater.u15,viomi.waterheater.u15.png,
卫浴,云米,云米互联网燃气热水器Zero（13L零冷水 优享版）,viomi.waterheater.u11,viomi.waterheater.u11.png,
卫浴,云米,云米互联网燃气热水器Zero（13L零冷水）,viomi.waterheater.u10,viomi.waterheater.u10.png,
卫浴,云米,云米互联网燃气热水器Zero（16L零冷水 优享版）,viomi.waterheater.u12,viomi.waterheater.u12.png,
卫浴,云米,云米互联网燃气热水器Zero（16L零冷水）,viomi.waterheater.u7,viomi.waterheater.u7.png,
卫浴,云米,云米互联网燃气热水器Zero（18L 零冷水）,viomi.waterheater.u8,viomi.waterheater.u8.png,
卫浴,云米,云米互联网燃气热水器（12L优享版）（液化气）,viomi.waterheater.u19,viomi.waterheater.u19.png,
卫浴,云米,云米互联网电热水器1A（60L）,viomi.waterheater.e1,viomi.waterheater.e1.png,
卫浴,云米,云米互联网电热水器50L（优享版）,viomi.waterheater.e4,viomi.waterheater.e4.png,
卫浴,云米,云米互联网电热水器Air（60L 双胆优享版）,viomi.waterheater.e7,viomi.waterheater.e7.png,
卫浴,云米,云米互联网电热水器Air（60L双胆智享版）,viomi.waterheater.e8,viomi.waterheater.e8.png,
卫浴,云米,云米互联网电热水器Air（60L双胆语音）,viomi.waterheater.e3,viomi.waterheater.e3.png,
卫浴,云米,云米互联网电热水器C1（50L）,viomi.waterheater.e16,viomi.waterheater.e16.png,
卫浴,云米,云米互联网电热水器C1（60L）,viomi.waterheater.e17,viomi.waterheater.e17.png,
卫浴,云米,云米互联网电热水器VEW5015,viomi.waterheater.e19,viomi.waterheater.e19.png,
卫浴,云米,云米互联网电热水器VEW5016,viomi.waterheater.e21,viomi.waterheater.e21.png,
卫浴,云米,云米互联网电热水器VEW5018,viomi.waterheater.e24,viomi.waterheater.e24.png,
卫浴,云米,云米互联网电热水器VEW5019,viomi.waterheater.e26,viomi.waterheater.e26.png,
卫浴,云米,云米互联网电热水器VEW6015,viomi.waterheater.e20,viomi.waterheater.e20.png,
卫浴,云米,云米互联网电热水器VEW6016,viomi.waterheater.e22,viomi.waterheater.e22.png,
卫浴,云米,云米互联网电热水器VEW6018,viomi.waterheater.e25,viomi.waterheater.e25.png,
卫浴,云米,云米互联网电热水器VEW6019,viomi.waterheater.e27,viomi.waterheater.e27.png,
卫浴,云米,云米互联网直流变频浴霸S1,viomi.bhf_light.v8,viomi.bhf_light.v8.png,
卫浴,云米,云米互联网直流变频浴霸S1 摆风版,viomi.bhf_light.v10,viomi.bhf_light.v10.png,
卫浴,云米,云米冠军Pro燃气热水器16L,yunmi.waterheater.u82,yunmi.waterheater.u82.png,
卫浴,云米,云米冠军燃气热水器16L,yunmi.waterheater.u81,yunmi.waterheater.u81.png,
卫浴,云米,云米大师Pro燃气热水器16L,yunmi.waterheater.u83,yunmi.waterheater.u83.png,
卫浴,云米,云米大师燃气热水器13L,yunmi.waterheater.u80,yunmi.waterheater.u80.png,
卫浴,云米,云米智能马桶 小鲸鱼 2 Pro,viomi.toilet.m10,viomi.toilet.m10.png,
卫浴,云米,云米智能马桶Nano2 Max 智联版,viomi.toilet.m05,viomi.toilet.m05.png,
卫浴,云米,云米蓝调2 Pro燃气热水器静音增压16L,yunmi.waterheater.u79,yunmi.waterheater.u79.png,
卫浴,云米,云米鲲鹏燃气热水器16L,yunmi.waterheater.u84,yunmi.waterheater.u84.png,
卫浴,云米,蓝调智能电热水器,viomi.waterheater.e42,viomi.waterheater.e42.png,
卫浴,京东京造,京东京造智能毛巾架 JZ-M10D,jdjz.tow_w.v1,jdjz.tow_w.v1.png,
卫浴,今闪,今闪零冷水热水循环器,yj1226.waterheater.js01,yj1226.waterheater.js01.png,
卫浴,今顶,今顶智能浴霸AI,kind8.bhf_light.002,kind8.bhf_light.002.png,
卫浴,今顶,今顶智能浴霸M,kind8.bhf_light.m,kind8.bhf_light.m.png,
卫浴,仪克,仪克电热毛巾架,csykj.tow_w.ykmjw,csykj.tow_w.ykmjw.png,
卫浴,优家明创,智能毛巾烘干机,yooeca.tow_w.mj04,yooeca.tow_w.mj04.png,
卫浴,佳尼特,佳尼特电热水器CTE-X1,smith.waterheater.x1,smith.waterheater.x1.png,
卫浴,佳尼特,佳尼特电热水器CXE-60B1,smith.waterheater.cxeb1,smith.waterheater.cxeb1.png,
卫浴,佳尼特,佳尼特电热水器CXE-A1,smith.waterheater.cxea1,smith.waterheater.cxea1.png,
卫浴,倍增,倍增智能卫浴架,cchome.tow_w.wyj001,cchome.tow_w.wyj001.png,
卫浴,公牛,公牛恒温浴霸Y29,bull.bhf_light.gy29,bull.bhf_light.gy29.png,
卫浴,公牛,公牛浴霸Y72A,bull.bhf_light.yub03,bull.bhf_light.yub03.png,
卫浴,公牛,公牛浴霸Y77A,bull.bhf_light.yub02,bull.bhf_light.yub02.png,
卫浴,公牛,公牛浴霸Y79A,bull.bhf_light.yub01,bull.bhf_light.yub01.png,
卫浴,六麦,六麦电热毛巾架,jcy.tow_w.sy01,jcy.tow_w.sy01.png,
卫浴,其他品牌,Comotomo智能浴霸,babai.bhf_light.kmdm01,babai.bhf_light.kmdm01.png,
卫浴,其他品牌,DL线性浴霸（WiFi）,giot.bhf_light.lbhw1,giot.bhf_light.lbhw1.png,
卫浴,其他品牌,JITTGO智能马桶一体机,cozy.toilet.jittgo,cozy.toilet.jittgo.png,
卫浴,其他品牌,LTP智能浴霸L1,lxzn.bhf_light.01,lxzn.bhf_light.01.png,
卫浴,其他品牌,LTP智能浴霸控制Pro,lxzn.bhf_light.ben,lxzn.bhf_light.ben.png,
卫浴,其他品牌,M-YF6002A智能浴霸,roome.bhf_light.yf6004,roome.bhf_light.yf6004.png,
卫浴,其他品牌,M-YF6002智能浴霸,roome.bhf_light.yf6002,roome.bhf_light.yf6002.png,
卫浴,其他品牌,M-YF6003智能浴霸,roome.bhf_light.yf6005,roome.bhf_light.yf6005.png,
卫浴,其他品牌,NOEO智能马桶,cozy.toilet.noeo,cozy.toilet.noeo.png,
卫浴,其他品牌,PIPA 智能浴霸M1,mcosu.bhf_light.pipam1,mcosu.bhf_light.pipam1.png,
卫浴,其他品牌,QM智能毛巾架,qjiang.tow_w.001,qjiang.tow_w.001.png,
卫浴,其他品牌,QM智能浴霸AI,qjiang.bhf_light.a1,qjiang.bhf_light.a1.png,
卫浴,其他品牌,V1智能毛巾架（WiFi）,giot.tow_w.v1itrw,giot.tow_w.v1itrw.png,
卫浴,其他品牌,V1智能浴霸（WiFi）,giot.bhf_light.v1ibhw,giot.bhf_light.v1ibhw.png,
卫浴,其他品牌,Vancoco智能马桶一体机星月Pro,vanco.toilet.pro1,vanco.toilet.pro1.png,
卫浴,其他品牌,YOPINS智能毛巾机,yopins.tow_w.mimj01,yopins.tow_w.mimj01.png,
卫浴,其他品牌,万和热水器S5,wanhe.waterheater.s5,wanhe.waterheater.s5.png,
卫浴,其他品牌,云奇智控智能马桶AIR版,yywq.toilet.wqzn01,yywq.toilet.wqzn01.png,
卫浴,其他品牌,云马智控智能马桶Pro版,xox.toilet.ts,xox.toilet.ts.png,
卫浴,其他品牌,光翼X1智能马桶,cozy.toilet.s1,cozy.toilet.s1.png,
卫浴,其他品牌,卡贝电热毛巾架,fssd.tow_w.kb01,fssd.tow_w.kb01.png,
卫浴,其他品牌,友邦智能浴霸DZ系列,youpon.bhf_light.yb0a01,youpon.bhf_light.yb0a01.png,
卫浴,其他品牌,友邦智能浴霸X7系列,youpon.bhf_light.x7,youpon.bhf_light.x7.png,
卫浴,其他品牌,四季沐歌浴霸,giot.bhf_light.sjbm,giot.bhf_light.sjbm.png,
卫浴,其他品牌,大拇哥智能电热毛巾架A6,mxl.tow_w.mjj002,mxl.tow_w.mjj002.png,
卫浴,其他品牌,大拇哥智能电热毛巾架A9,mxl.tow_w.mjj001,mxl.tow_w.mjj001.png,
卫浴,其他品牌,天语智能浴霸,babai.bhf_light.tyhot,babai.bhf_light.tyhot.png,
卫浴,其他品牌,奥享毛巾架,filos.tow_w.x,filos.tow_w.x.png,
卫浴,其他品牌,奥克斯浴霸,giot.bhf_light.auxbh,giot.bhf_light.auxbh.png,
卫浴,其他品牌,奥普浴霸S368M2,aupu.bhf_light.s368m,aupu.bhf_light.s368m.png,
卫浴,其他品牌,宇邦智能浴霸开关,qiqi.bhf_light.qbot23,qiqi.bhf_light.qbot23.png,
卫浴,其他品牌,小康智能马桶,hjk666.toilet.h1,hjk666.toilet.h1.png,
卫浴,其他品牌,小松鼠壁挂炉,disen.waterheater.slm6,disen.waterheater.slm6.png,
卫浴,其他品牌,小鸿智能马桶一体机,dz888.toilet.m,dz888.toilet.m.png,
卫浴,其他品牌,希箭大冲力智能马桶,horow.toilet.s4,horow.toilet.s4.png,
卫浴,其他品牌,希箭大冲力智能马桶S10,horow.toilet.s10,horow.toilet.s10.png,
卫浴,其他品牌,情景智能浴霸,gmn.bhf_light.yb1,gmn.bhf_light.yb1.png,
卫浴,其他品牌,惠达智能连体坐便器HDET65-Q Pro,huida.toilet.et65q,huida.toilet.et65q.png,
卫浴,其他品牌,想的智能电热毛巾架,sharnd.tow_w.rda01,sharnd.tow_w.rda01.png,
卫浴,其他品牌,智慧云浴霸,xinzhi.bhf_light.zhyb01,xinzhi.bhf_light.zhyb01.png,
卫浴,其他品牌,智慧浴霸(基础版),qike.bhf_light.qk201801,qike.bhf_light.qk201801.png,
卫浴,其他品牌,智能浴霸,topwit.bhf_light.htw02,topwit.bhf_light.htw02.png,
卫浴,其他品牌,智能浴霸(WIFI版),ftd.bhf_light.testmd,ftd.bhf_light.testmd.png,
卫浴,其他品牌,智能浴霸Pro（AI版）YB-007,mike.bhf_light.2,mike.bhf_light.2.png,
卫浴,其他品牌,智能烘干毛巾架,syzn01.tow_w.sy119,syzn01.tow_w.sy119.png,
卫浴,其他品牌,智能电热毛巾架,iot.tow_w.jd015,iot.tow_w.jd015.png,
卫浴,其他品牌,智能线型浴霸,raile.bhf_light.sdjyby,raile.bhf_light.sdjyby.png,
卫浴,其他品牌,智能马桶,dfl888.toilet.toilet,dfl888.toilet.toilet.png,
卫浴,其他品牌,智能马桶一体机601,nanmg.toilet.601,nanmg.toilet.601.png,
卫浴,其他品牌,智能马桶控制器,mxc.toilet.toilet,mxc.toilet.toilet.png,
卫浴,其他品牌,浴霸智能遥控开关,xunzhi.bhf_light.01,xunzhi.bhf_light.01.png,
卫浴,其他品牌,福联智能马桶,fojee.toilet.fjzn01,fojee.toilet.fjzn01.png,
卫浴,其他品牌,箭牌智能浴霸 X1,roome.bhf_light.1036f,roome.bhf_light.1036f.png,
卫浴,其他品牌,箭牌智能浴霸 X2,roome.bhf_light.1037fx,roome.bhf_light.1037fx.png,
卫浴,其他品牌,箭牌浴霸,giot.bhf_light.jpbm,giot.bhf_light.jpbm.png,
卫浴,其他品牌,米科智能浴霸,babai.bhf_light.mk885,babai.bhf_light.mk885.png,
卫浴,其他品牌,艾芬达毛巾架GD18-A,filos.tow_w.afd06,filos.tow_w.afd06.png,
卫浴,其他品牌,芬尼空气能热水器,phnix.waterheater.sf,phnix.waterheater.sf.jpg,
卫浴,其他品牌,金盾顶美智能浴霸,jddm.bhf_light.yb0a01,jddm.bhf_light.yb0a01.png,
卫浴,其他品牌,阳光智能浴霸,uxkeji.bhf_light.ux47,uxkeji.bhf_light.ux47.png,
卫浴,凌贝,智慧电热毛巾架,fssd.tow_w.lc20a9,fssd.tow_w.lc20a9.png,
卫浴,华艺,慧作天秤星浴霸Pro,huayi.bhf_light.libra,huayi.bhf_light.libra.png,
卫浴,博饰,BSH智能浴霸V2(MESH),ftd.bhf_light.bthmsh,ftd.bhf_light.bthmsh.png,
卫浴,卡迪欧,卡迪欧电热毛巾架（WiFi）,kadiyo.tow_w.kdomj,kadiyo.tow_w.kdomj.png,
卫浴,品格,品格智尊·极暖浴霸K1Pro Ⅱ,pogor.bhf_light.k1pro2,pogor.bhf_light.k1pro2.png,
卫浴,圈厨,圈厨超薄互联网电热水器50L,xckj.waterheater.int01,xckj.waterheater.int01.png,
卫浴,圈厨,圈厨超薄互联网电热水器60L,xckj.waterheater.int02,xckj.waterheater.int02.png,
卫浴,大白,大白AIOT毛巾架,445.tow_w.mjj1,445.tow_w.mjj1.png,
卫浴,大白,大白sky I 天境智能马桶 空净IoT版,445.toilet.tjznmt,445.toilet.tjznmt.png,
卫浴,大白,大白双擎增压智能马桶AIOT版,445.toilet.xmt015,445.toilet.xmt015.png,
卫浴,大白,大白智能马桶,445.toilet.mt01,445.toilet.mt01.png,
卫浴,大白,大白智能马桶 N8 奔腾Plus版,445.toilet.mt02,445.toilet.mt02.png,
卫浴,大豪智芯,智芯浴霸1号Pro,jxdh.bhf_light.dh001,jxdh.bhf_light.dh001.png,
卫浴,奥华,奥华取暖器,our.bhf_light.df001,our.bhf_light.df001.png,
卫浴,奥华,奥华智能浴霸pro,our.bhf_light.pro,our.bhf_light.pro.png,
卫浴,奥华,奥华智能浴霸pro+,our.bhf_light.pro2,our.bhf_light.pro2.png,
卫浴,小沐,小沐智能马桶盖,tinymu.toiletlid.v1,tinymu.toiletlid.v1.png,
卫浴,小沐,小沐智能马桶盖 旗舰版（V型）,tinymu.toilet.wmt15,tinymu.toilet.wmt15.png,
卫浴,小沐,小沐智能马桶盖AI版,tinymu.toilet.ailid,tinymu.toilet.ailid.png,
卫浴,小米出品,热水器遥控,miir.waterheater.ir01,miir.waterheater.ir01.png,
卫浴,小米出品,米家智能净垢双循环燃气热水器P10 16L,xiaomi.waterheater.ymm6,xiaomi.waterheater.ymm6.png,
卫浴,小米出品,米家智能双核浴霸,xiaomi.bhf_light.v2,xiaomi.bhf_light.v2.png,
卫浴,小米出品,米家智能双胆电热水器60L P1,xiaomi.waterheater.ym03,xiaomi.waterheater.ym03.png,
卫浴,小米出品,米家智能双胆电热水器60L S1,xiaomi.waterheater.ym05,xiaomi.waterheater.ym05.png,
卫浴,小米出品,米家智能变频恒温浴霸,xiaomi.bhf_light.v1,xiaomi.bhf_light.v1.png,
卫浴,小米出品,米家智能小厨宝7L S1,zimi.waterheater.h03,zimi.waterheater.h03.png,
卫浴,小米出品,米家智能恒温燃气热水器16L S10,xiaomi.waterheater.ymm5,xiaomi.waterheater.ymm5.png,
卫浴,小米出品,米家智能浴霸,yeelink.bhf_light.v11,yeelink.bhf_light.v11.png,
卫浴,小米出品,米家智能浴霸 G10,xiaomi.bhf_light.na1a,xiaomi.bhf_light.na1a.png,
卫浴,小米出品,米家智能浴霸 G20,xiaomi.bhf_light.g2,xiaomi.bhf_light.g2.png,
卫浴,小米出品,米家智能浴霸N1,xiaomi.bhf_light.na1,xiaomi.bhf_light.na1.png,
卫浴,小米出品,米家智能浴霸P1,xiaomi.bhf_light.na2,xiaomi.bhf_light.na2.png,
卫浴,小米出品,米家智能浴霸Pro,yeelink.bhf_light.v13,yeelink.bhf_light.v13.png,
卫浴,小米出品,米家智能浴霸S1,xiaomi.bhf_light.s1,xiaomi.bhf_light.s1.png,
卫浴,小米出品,米家智能燃气热水器 2 恒温 1级能效 16L,xiaomi.waterheater.m11,xiaomi.waterheater.m11.png,
卫浴,小米出品,米家智能燃气热水器 2 恒温零冷水 16L,xiaomi.waterheater.ymm7,xiaomi.waterheater.ymm7.png,
卫浴,小米出品,米家智能燃气热水器 2 瀑布洗零冷水 18L,xiaomi.waterheater.ymm9,xiaomi.waterheater.ymm9.png,
卫浴,小米出品,米家智能燃气热水器 2 静音恒温 16L,xiaomi.waterheater.m10,xiaomi.waterheater.m10.png,
卫浴,小米出品,米家智能燃气热水器 2 静音零冷水 16L,xiaomi.waterheater.ymm8,xiaomi.waterheater.ymm8.png,
卫浴,小米出品,米家智能燃气热水器 Pro 软水双核 16L,xiaomi.waterheater.ym20,xiaomi.waterheater.ym20.png,
卫浴,小米出品,米家智能电热水器 2 双胆 60L,xiaomi.waterheater.ym12,xiaomi.waterheater.ym12.png,
卫浴,小米出品,米家智能电热水器 C 60L,xiaomi.waterheater.ym13,xiaomi.waterheater.ym13.png,
卫浴,小米出品,米家智能电热水器 Pro 琉钢双胆 60L,xiaomi.waterheater.ym11,xiaomi.waterheater.ym11.png,
卫浴,小米出品,米家智能电热水器60L N1,xiaomi.waterheater.ym02,xiaomi.waterheater.ym02.png,
卫浴,小米出品,米家智能零冷水燃气热水器16L N1,xiaomi.waterheater.m3,xiaomi.waterheater.m3.png,
卫浴,小米出品,米家智能零冷水燃气热水器16L S1,zimi.waterheater.h01,zimi.waterheater.h01.png,
卫浴,小米出品,米家智能零冷水燃气热水器18L S2,xiaomi.waterheater.yms2,xiaomi.waterheater.yms2.png,
卫浴,小米出品,米家零冷水燃气热水器S1 18L,viomi.waterheater.m1,viomi.waterheater.m1.png,
卫浴,小鲸,小鲸洗一体式智能马桶 Relax plus,xjx.toilet.relaxp,xjx.toilet.relaxp.png,
卫浴,小鲸,小鲸洗一体式智能马桶Pure,xjx.toilet.pure,xjx.toilet.pure.png,
卫浴,小鲸,小鲸洗一体式智能马桶Relax,xjx.toilet.relax,xjx.toilet.relax.png,
卫浴,小鲸,小鲸洗智能一体式马桶坐便器ZERO,xjx.toilet.zero,xjx.toilet.zero.png,
卫浴,小鲸,小鲸洗智能坐便盖Pro版,xjx.toilet.pro,xjx.toilet.pro.png,
卫浴,巴洛斯顿,巴洛斯顿智能浴霸,kddq.bhf_light.1,kddq.bhf_light.1.png,
卫浴,希箭,希箭大冲力智能马桶S10L,horow.toilet.s10l,horow.toilet.s10l.png,
卫浴,希箭,希箭大冲力智能马桶S4,horow.toilet.s4p,horow.toilet.s4p.png,
卫浴,德莱宝,德莱宝线型浴霸 极线GX1,dlb.bhf_light.gx1,dlb.bhf_light.gx1.png,
卫浴,恒洁,恒洁智能马桶,hegii.toilet.he110a,hegii.toilet.he110a.png,
卫浴,恩柏斯,恩柏斯毛巾架E1,xt1234.tow_w.e1,xt1234.tow_w.e1.png,
卫浴,摩恩,摩恩卢米电热毛巾架三片装,fbis.tow_w.strd03,fbis.tow_w.strd03.png,
卫浴,摩恩,摩恩卢米电热毛巾架两片装,fbis.tow_w.strd02,fbis.tow_w.strd02.png,
卫浴,摩恩,摩恩卢米电热毛巾架单片装,fbis.tow_w.strd01,fbis.tow_w.strd01.png,
卫浴,摩恩,摩恩弗里斯安心座智能坐便器,fbis.toilet.std02,fbis.toilet.std02.png,
卫浴,摩恩,摩恩弗里斯安心座智能坐便器 Pro,fbis.toilet.std01,fbis.toilet.std01.png,
卫浴,智悦,智能情景浴霸,gtop.bhf_light.b1,gtop.bhf_light.b1.png,
卫浴,智米,智米智能马桶一体机 M1,zhimi.toilet.pa2,zhimi.toilet.pa2.png,
卫浴,智米,智米智能马桶一体机2PRO,zhimi.toilet.pa6,zhimi.toilet.pa6.png,
卫浴,智米,智米智能马桶一体机3PRO,zhimi.toilet.pa7,zhimi.toilet.pa7.png,
卫浴,智米,智米智能马桶一体机3S（智能版）,zhimi.toilet.pa9,zhimi.toilet.pa9.png,
卫浴,智米,智米智能马桶一体机3X,zhimi.toilet.pa8,zhimi.toilet.pa8.png,
卫浴,智米,智米智能马桶一体机C1,zhimi.toilet.pa3,zhimi.toilet.pa3.png,
卫浴,智米,智米智能马桶盖Pro,zhimi.toilet.sa1,zhimi.toilet.sa1.png,
卫浴,智米,智米智能马桶盖s,zhimi.toilet.va1,zhimi.toilet.va1.png,
卫浴,智米,智米智能马桶盖（香氛联动版）,zhimi.toilet.ta1,zhimi.toilet.ta1.png,
卫浴,松下,松下浴霸FV-RB26DL1,pesgd.bhf_light.rb26dl,pesgd.bhf_light.rb26dl.png,
卫浴,松下,松下浴霸FV-RB26UL1,pesgd.bhf_light.rb26,pesgd.bhf_light.rb26.png,
卫浴,松下,松下浴霸FV-RB29DL1,pesgd.bhf_light.rb29dl,pesgd.bhf_light.rb29dl.png,
卫浴,松而,松而智能马桶一体机未来蛋,nanmg.toilet.dan,nanmg.toilet.dan.png,
卫浴,楚楚,楚楚线性浴霸37Z,zjcq.bhf_light.01,zjcq.bhf_light.01.png,
卫浴,欧伟士,欧伟士NEX毛巾架,ows.tow_w.mjj20a,ows.tow_w.mjj20a.png,
卫浴,欧伟士,欧伟士S1毛巾架,ows.tow_w.mjjs1,ows.tow_w.mjjs1.png,
卫浴,欧伟士,欧伟士智能电热毛巾架,ows.towel_w.mj1x0,ows.towel_w.mj1x0.png,
卫浴,欧伟士,欧伟士智能电热毛巾架XS,ows.tow_w.mjjxs,ows.tow_w.mjjxs.png,
卫浴,欧伟士,欧伟士电热毛巾架NEXpro,ows.tow_w.nexpro,ows.tow_w.nexpro.png,
卫浴,欧伟士,欧伟士电热毛巾架OWS-X,ows.tow_w.xp,ows.tow_w.xp.png,
卫浴,欧伟士,欧伟士电热毛巾架S·Pro,ows.tow_w.s,ows.tow_w.s.png,
卫浴,欧普,欧普智能浴霸  Mode K,opple.bhf_light.sdd221,opple.bhf_light.sdd221.png,
卫浴,欧普,欧普智能浴霸 BPF12i,opple.bhf_light.fhbath,opple.bhf_light.fhbath.png,
卫浴,欧普,欧普智能浴霸 Mode A,opple.bhf_light.acmoto,opple.bhf_light.acmoto.png,
卫浴,欧普,欧普智能浴霸 Mode B,opple.bhf_light.dcmoto,opple.bhf_light.dcmoto.png,
卫浴,欧普,欧普智能浴霸 Mode C,opple.bhf_light.ct88,opple.bhf_light.ct88.png,
卫浴,欧普,欧普智能浴霸 Mode D,opple.bhf_light.fx88a,opple.bhf_light.fx88a.png,
卫浴,欧普,欧普智能浴霸 Mode E,opple.bhf_light.mkc3,opple.bhf_light.mkc3.png,
卫浴,欧普,欧普智能浴霸 Mode F,opple.bhf_light.ct88b,opple.bhf_light.ct88b.png,
卫浴,欧普,欧普智能浴霸 Mode G,opple.bhf_light.wlyb,opple.bhf_light.wlyb.png,
卫浴,欧普,欧普智能浴霸 Mode J,opple.bhf_light.mkcj,opple.bhf_light.mkcj.png,
卫浴,欧普,欧普智能浴霸 Mode L,opple.bhf_light.xgb26,opple.bhf_light.xgb26.png,
卫浴,欧素 OUSO,欧素智能电热毛巾架,ouso.tow_w.mjj01,ouso.tow_w.mjj01.png,
卫浴,民洁,民洁鲸智面盆龙头,090615.wafa.f11026,090615.wafa.f11026.png,
卫浴,甘石,GS智能晾衣浴霸,qjiang.bhf_light.gs001,qjiang.bhf_light.gs001.png,
卫浴,科恩达,智能坐便器MAX,dawn.toilet.max808,dawn.toilet.max808.png,
卫浴,科恩达,科恩达一体式智能马桶808,dawn.toilet.808,dawn.toilet.808.png,
卫浴,罗格朗,罗格朗智能浴霸 HY274,lhz.bhf_light.hy274,lhz.bhf_light.hy274.png,
卫浴,美尔凯特,美尔凯特AI除味智能浴霸,mell88.bhf_light.001,mell88.bhf_light.001.png,
卫浴,芯毅,芯毅智能毛巾架,csykj.tow_w.xymjw,csykj.tow_w.xymjw.png,
卫浴,西蒙电气,西蒙智能浴霸,scc.bhf_light.yb1,scc.bhf_light.yb1.png,
卫浴,西顿,西顿多功能智能浴霸,cdn.bhf_light.zjd606,cdn.bhf_light.zjd606.png,
卫浴,西顿,西顿智能浴霸,cdn.bhf_light.znyb,cdn.bhf_light.znyb.png,
卫浴,贝克巴斯,贝克巴斯超级感应龙头F05PRO,becbas.wafa.f05,becbas.wafa.f05.png,
卫浴,赛科拉,赛科拉智能热水循环器D1,cycle.waterheater.d1,cycle.waterheater.d1.png,
卫浴,赛莱诺,赛莱诺电热毛巾架,futuo1.tow_w.s2,futuo1.tow_w.s2.png,
卫浴,近远方,JYF智能电热毛巾架,jyf.tow_w.jyf01,jyf.tow_w.jyf01.png,
卫浴,近远方,多功能除菌烘干机,jyf.tow_w.mj01,jyf.tow_w.mj01.png,
卫浴,近远方,烘干毛巾架,jyf.tow_w.ts03,jyf.tow_w.ts03.png,
卫浴,雷士,雷士AI智能滑盖浴霸,leishi.bhf_light.smart4,leishi.bhf_light.smart4.png,
卫浴,雷士,雷士智能AI人感浴霸,leishi.bhf_light.yb1,leishi.bhf_light.yb1.png,
卫浴,雷士,雷士智能全色域浴霸,leishi.bhf_light.lsdcyb,leishi.bhf_light.lsdcyb.png,
卫浴,雷士,雷士智能感应浴霸,leishi.bhf_light.smart,leishi.bhf_light.smart.png,
卫浴,雷士,雷士智能浴霸,leishi.bhf_light.yuba02,leishi.bhf_light.yuba02.png,
卫浴,雷士,雷士智能浴霸C1,leishi.bhf_light.lsybc1,leishi.bhf_light.lsybc1.png,
卫浴,雷士,雷士智能浴霸C2,leishi.bhf_light.lsxxyb,leishi.bhf_light.lsxxyb.png,
卫浴,雷士,雷士智能浴霸N1,leishi.bhf_light.ls109,leishi.bhf_light.ls109.png,
卫浴,雷士,雷士智能浴霸N2,leishi.bhf_light.lsyb02,leishi.bhf_light.lsyb02.png,
卫浴,雷士,雷士智能浴霸N3,leishi.bhf_light.lsyb03,leishi.bhf_light.lsyb03.png,
卫浴,雷士,雷士智能浴霸N4,leishi.bhf_light.lsyb04,leishi.bhf_light.lsyb04.png,
卫浴,雷士,雷士智能浴霸V,leishi.bhf_light.ybjck,leishi.bhf_light.ybjck.png,
卫浴,雷士,雷士智能浴霸V2,leishi.bhf_light.lsyb01,leishi.bhf_light.lsyb01.png,
卫浴,雷士,雷士智能浴霸V3,leishi.bhf_light.tyyb,leishi.bhf_light.tyyb.png,
卫浴,雷士,雷士智能浴霸pro,leishi.bhf_light.pro1,leishi.bhf_light.pro1.png,
卫浴,雷士,雷士热能环智能浴霸,leishi.bhf_light.rnhyb,leishi.bhf_light.rnhyb.png,
卫浴,顶善美,顶善美智能浴霸C7L,dsmile.bhf_light.001,dsmile.bhf_light.001.png,
卫浴,飞利浦,飞利浦P10双电机浴霸,signfy.bhf_light.bm1gp0,signfy.bhf_light.bm1gp0.png,
卫浴,飞利浦,飞利浦P16双电机浴霸,signfy.bhf_light.bm0pd0,signfy.bhf_light.bm0pd0.png,
卫浴,飞利浦,飞利浦S10双电机浴霸,signfy.bhf_light.bm1gs0,signfy.bhf_light.bm1gs0.png,
卫浴,驻牌,小它智能马桶,tm666.toilet.t1,tm666.toilet.t1.png,
卫浴,鸿雁,iHouse智能感知横出风浴霸FZHZ33-51W,honyar.bhf_light.yb51w,honyar.bhf_light.yb51w.png,
卫浴,鸿雁,iHouse智能感知横摆风浴霸FZHZ33-54W,honyar.bhf_light.yb54w,honyar.bhf_light.yb54w.png,
卫浴,鸿雁,iHouse智能风暖浴霸FZ系列,honyar.bhf_light.55w,honyar.bhf_light.55w.png,
卫浴,鸿雁,iHouse智能风暖浴霸F系列,honyar.bhf_light.f,honyar.bhf_light.f.png,
卫浴,鹰游,鹰游智能零冷水系统,eafly.waterheater.qb001,eafly.waterheater.qb001.png,
卫浴,鹰游,鹰游智能零冷水系统 17SK,eafly.waterheater.17sk,eafly.waterheater.17sk.png,
卫浴,AUPU奥普,奥普热浪系列恒温浴霸SE2-Air,aupu.bhf_light.se2air,aupu.bhf_light.se2air.png,
卫浴,FSILON法狮龙,法狮龙智能冷暖浴霸KT-E80-1A,fsilon.bhf_light.kte80a,fsilon.bhf_light.kte80a.png,
卫浴,FSL,FSL智曜浴霸,sfl.bhf_light.ybe20,sfl.bhf_light.ybe20.png,
卫浴,M,M多功能浴霸Z,oumei.bhf_light.om001,oumei.bhf_light.om001.png,
卫浴,SUPOR,SUPOR智能浴霸,supor8.bhf_light.spryb3,supor8.bhf_light.spryb3.png,
卫浴,品格,品格智尊·极暖浴霸K1Pro Ⅱ Ultra,pogor.bhf_light.k1p2ul,pogor.bhf_light.k1p2ul.png,
卫浴,大白,大白智能马桶 S3 奔腾Plus版,445.toilet.mt04,445.toilet.mt04.png,
卫浴,大白,大白轻智能马桶 N8 奔腾Plus版,445.toilet.mt03,445.toilet.mt03.png,
卫浴,大白,大白轻智能马桶 N9 奔腾Plus版,445.toilet.mt06,445.toilet.mt06.png,
卫浴,小米出品,米家智能浴霸 P1 人感版,xiaomi.bhf_light.na2a,xiaomi.bhf_light.na2a.png,
卫浴,小米出品,米家智能燃气热水器 Pro 双循环 1级能效 16L,xiaomi.waterheater.m13,xiaomi.waterheater.m13.png,
卫浴,小米出品,米家智能电热水器 Pro 净垢双胆 80L,xiaomi.waterheater.ym14,xiaomi.waterheater.ym14.png,
卫浴,巴洛斯顿,巴洛斯顿AI人感浴霸,kddq.bhf_light.2,kddq.bhf_light.2.png,
卫浴,松下,松下浴霸FV-RB29NL1,pesgd.bhf_light.w,pesgd.bhf_light.w.png,
卫浴,欧素 OUSO,欧素外置智能电热毛巾架,ouso.tow_w.mjj02,ouso.tow_w.mjj02.png,
卫浴,正泰,正泰石墨烯智能浴霸,chnt.bhf_light.yb01,chnt.bhf_light.yb01.png,
卫浴,瑞摩,瑞摩N1三功能智能淋浴器,resmo.shower.shower,resmo.shower.shower.png,
卫浴,雷士,雷士AI智能浴霸,leishi.bhf_light.smart2,leishi.bhf_light.smart2.png,
卫浴,飞利浦,飞利浦P55多功能浴霸,signfy.bhf_light.bm1p55,signfy.bhf_light.bm1p55.png,
卫浴,飞利浦,飞利浦S55多功能浴霸,signfy.bhf_light.bm1s55,signfy.bhf_light.bm1s55.png,
卫浴,飞雕,飞雕悦智智能浴霸,feid.bhf_light.yz001,feid.bhf_light.yz001.png,
卫浴,鸿雁,iHouse智能浴霸M系列,honyar.bhf_light.m10w,honyar.bhf_light.m10w.png,
卫浴,大白,大白轻智能马桶 N20Q 奔腾智联版,445.toilet.mt10,445.toilet.mt10.png,
卫浴,巴迪斯,巴迪斯智能浴霸BDS-WJ-AI·3060-FHAZ,bardis.bhf_light.yb3060,bardis.bhf_light.yb3060.png,
卫浴,DL,DL浴霸,dilan.bhf_light.hydlv2,dilan.bhf_light.hydlv2.png,
卫浴,miabs,维恩智能马桶,miabs.toilet.614,miabs.toilet.614.png,
卫浴,小米出品,米家智能浴霸 2C,xiaomi.bhf_light.na3,xiaomi.bhf_light.na3.png,
卫浴,小米出品,米家智能浴霸 2,xiaomi.bhf_light.na4,xiaomi.bhf_light.na4.png,
卫浴,小米出品,米家智能燃气热水器 2 静音 1级能效 16L,xiaomi.waterheater.m12,xiaomi.waterheater.m12.png,
卫浴,数智鸟,数智鸟智能浴霸开关,xunzhi.bhf_light.02,xunzhi.bhf_light.02.png,
厨房电器,352,352净水器K10,bj352.waterpuri.k10,bj352.waterpuri.k10.png,
厨房电器,BAIJIE拜杰,拜杰智能烘焙营养秤BJ26,yoda.k_scale.cy80,yoda.k_scale.cy80.png,
厨房电器,BEMEGA倍美家,倍美家智能焖茶壶,rixin.health_pot.bmgm01,rixin.health_pot.bmgm01.png,
厨房电器,DL,DL凉霸,dilan.ven_fan.v1,dilan.ven_fan.v1.png,
厨房电器,FIVE,FIVE智能刀筷杀菌架,uvfive.steriliser.maine,uvfive.steriliser.maine.png,
厨房电器,FIVE,FIVE智能刀筷砧板杀菌架,uvfive.steriliser.tiger,uvfive.steriliser.tiger.png,
厨房电器,JOYMAYLAB,JOYMAYLAB球形制冰机,qdjm.icemake.jmzbj,qdjm.icemake.jmzbj.png,
厨房电器,POWTEK,力科壁挂炉启明S4,powtek.boiler.24s4,powtek.boiler.24s4.png,
厨房电器,TOKIT,TOKIT IH智能电压力锅,tokit.pre_cooker.tkih1,tokit.pre_cooker.tkih1.png,
厨房电器,TOKIT,TOKIT IH智能电饭煲,tokit.cooker.tk4001,tokit.cooker.tk4001.png,
厨房电器,TOKIT,TOKIT 压力IH智能电饭煲,tokit.cooker.press1,tokit.cooker.press1.png,
厨房电器,TOKIT,TOKIT 智能净水器 600G,tokit.waterpuri.tkj1,tokit.waterpuri.tkj1.png,
厨房电器,TOKIT,TOKIT 智能热敏炉,tokit.ihcooker.tkpro1,tokit.ihcooker.tkpro1.png,
厨房电器,TOKIT,TOKIT 智能热敏炉青春版,tokit.ihcooker.tkv1,tokit.ihcooker.tkv1.png,
厨房电器,TOKIT,TOKIT 智能电烤箱,tokit.oven.tk32pro1,tokit.oven.tk32pro1.png,
厨房电器,TOKIT,TOKIT 迷你智能电烤箱,tokit.oven.tk12l01,tokit.oven.tk12l01.png,
厨房电器,TOKIT,TOKIT-智能热敏炉-chunmi,chunmi.ihcooker.tkpro1,chunmi.ihcooker.tkpro1.png,
厨房电器,TOKIT,TOKIT-智能热敏炉青春版-chunmi,chunmi.ihcooker.tkv1,chunmi.ihcooker.tkv1.png,
厨房电器,TOKIT,TOKIT厨几 即热净饮一体机,chunmi.waterpuri.tkj10,chunmi.waterpuri.tkj10.png,
厨房电器,TOKIT,TOKIT厨几 拍照烤箱32L,chunmi.oven.lite01,chunmi.oven.lite01.png,
厨房电器,TOKIT,TOKIT厨几 智能矿物质净水器1200G,chunmi.waterpuri.tk1200,chunmi.waterpuri.tk1200.png,
厨房电器,TOKIT,TOKIT智能燃气灶X1,chunmi.i_stove.x1,chunmi.i_stove.x1.png,
厨房电器,TOKIT,TOKIT超薄智能电磁炉-AI智享版,chunmi.ihcooker.cb,chunmi.ihcooker.cb.png,
厨房电器,TOKIT,TOKIT超薄盖吸油烟机X1 风幕款,chunmi.hood.tkx1,chunmi.hood.tkx1.png,
厨房电器,TOKIT,TOKIT超薄盖吸油烟机X1 风幕款（白色）,chunmi.hood.tkx102,chunmi.hood.tkx102.png,
厨房电器,TOKIT,TOKIT迷你智能电饭煲,tokit.cooker.tk20l01,tokit.cooker.tk20l01.png,
厨房电器,Yeelight,Yeelight 智能凉霸,yeelink.ven_fan.vf1,yeelink.ven_fan.vf1.png,
厨房电器,Yeelight,Yeelight 智能凉霸 E1,yeelink.ven_fan.vf3,yeelink.ven_fan.vf3.png,
厨房电器,Yeelight,Yeelight 智能凉霸 L1,yeelink.ven_fan.vf6,yeelink.ven_fan.vf6.png,
厨房电器,Yeelight,Yeelight 智能换气扇 E1,yeelink.ven_fan.vf5,yeelink.ven_fan.vf5.png,
厨房电器,mizudo,mizudo燃气采暖热水炉朔光系列S2,powtek.boiler.s2,powtek.boiler.s2.png,
厨房电器,乐天鹅,乐天鹅净水机,roswan.waterpuri.lte01,roswan.waterpuri.lte01.png,
厨房电器,九阳,solista 智能炒菜机,jyaiot.cm.ccj01,jyaiot.cm.ccj01.png,
厨房电器,九阳,炒菜机SD-CJ01,jyaiot.cm.jycj01,jyaiot.cm.jycj01.png,
厨房电器,云米,meekee AI净水器小锦鲤,yunmi.waterpuri.s61,yunmi.waterpuri.s61.png,
厨房电器,云米,云米1秒即热免安装净饮机 X2 Face,yunmi.waterpuri.x9,yunmi.waterpuri.x9.png,
厨房电器,云米,云米1秒即热免安装净饮机X2,yunmi.waterpuri.x8,yunmi.waterpuri.x8.png,
厨房电器,云米,云米1秒即热净水器X1,yunmi.waterpuri.x7,yunmi.waterpuri.x7.png,
厨房电器,云米,云米1秒即热净水器X3优享版,yunmi.waterpuri.x2,yunmi.waterpuri.x2.png,
厨房电器,云米,云米1秒即热管线机1,yunmi.waterpuri.mg5,yunmi.waterpuri.mg5.png,
厨房电器,云米,云米1秒即热管线机2,yunmi.plmachine.mg2,yunmi.plmachine.mg2.png,
厨房电器,云米,云米1秒即热饮水机Tee Pro 4L,yunmi.kettle.r7,yunmi.kettle.r7.png,
厨房电器,云米,云米AI中央软水机1.6T,yunmi.w_soften.vs100,yunmi.w_soften.vs100.png,
厨房电器,云米,云米AI冰箱21Face 2PRO(T型门515）,viomi.fridge.x50,viomi.fridge.x50.png,
厨房电器,云米,云米AI冰箱21Face 2S(十字502),viomi.fridge.x49,viomi.fridge.x49.png,
厨房电器,云米,云米AI冰箱21Face 2S(对开640),viomi.fridge.x48,viomi.fridge.x48.png,
厨房电器,云米,云米AI冰箱21Face2(十字四门506L)智目版,viomi.fridge.x38,viomi.fridge.x38.png,
厨房电器,云米,云米AI冰箱21Face2(对开门525L)智目版,viomi.fridge.x37,viomi.fridge.x37.png,
厨房电器,云米,云米AI冰箱Cross E(对开646),viomi.fridge.u55,viomi.fridge.u55.png,
厨房电器,云米,云米AI冰箱Master 3(法式400),viomi.fridge.u68,viomi.fridge.u68.png,
厨房电器,云米,云米AI冰箱Master 3E（十字520）,viomi.fridge.u73,viomi.fridge.u73.png,
厨房电器,云米,云米AI冰箱Master 3Y（十字536）,viomi.fridge.u60,viomi.fridge.u60.png,
厨房电器,云米,云米AI冰箱Smart E(对开456),viomi.fridge.u64,viomi.fridge.u64.png,
厨房电器,云米,云米AI冰箱Smart E（十字412）,viomi.fridge.u56,viomi.fridge.u56.png,
厨房电器,云米,云米AI冰箱Super 2Pro(十字502),viomi.fridge.u69,viomi.fridge.u69.png,
厨房电器,云米,云米AI冰箱Super 2S(十字508),viomi.fridge.u71,viomi.fridge.u71.png,
厨房电器,云米,云米AI冰箱Super 2S(法式509),viomi.fridge.u70,viomi.fridge.u70.png,
厨房电器,云米,云米AI冰箱Super 2S（对开550）,viomi.fridge.u62,viomi.fridge.u62.png,
厨房电器,云米,云米AI冷热管线机Super 2 Pro,yunmi.ysj.mg12,yunmi.ysj.mg12.png,
厨房电器,云米,云米AI净水器 Smart,yunmi.waterpuri.s58,yunmi.waterpuri.s58.png,
厨房电器,云米,云米AI净水器 Super 2+,yunmi.waterpuri.s43,yunmi.waterpuri.s43.png,
厨房电器,云米,云米AI净水器 Super 2S (富锶矿泉),yunmi.waterpuri.s41,yunmi.waterpuri.s41.png,
厨房电器,云米,云米AI净水器 Super 2Y,yunmi.waterpuri.s50,yunmi.waterpuri.s50.png,
厨房电器,云米,云米AI净水器 小白龙+,yunmi.waterpuri.s57,yunmi.waterpuri.s57.png,
厨房电器,云米,云米AI净水器 蓝调 2,yunmi.waterpuri.s37,yunmi.waterpuri.s37.png,
厨房电器,云米,云米AI净水器Cross 5,yunmi.waterpuri.s65,yunmi.waterpuri.s65.png,
厨房电器,云米,云米AI净水器Master 3,yunmi.waterpuri.s66,yunmi.waterpuri.s66.png,
厨房电器,云米,云米AI净水器Super 2Y Plus,yunmi.waterpuri.s55,yunmi.waterpuri.s55.png,
厨房电器,云米,云米AI净水器小京龙900,yunmi.waterpuri.s74,yunmi.waterpuri.s74.png,
厨房电器,云米,云米AI净水器小京龙Pro,yunmi.waterpuri.s71,yunmi.waterpuri.s71.png,
厨房电器,云米,云米AI净水器小京龙Pro Max,yunmi.waterpuri.s80,yunmi.waterpuri.s80.png,
厨房电器,云米,云米AI净水器小海豚2,yunmi.waterpuri.s67,yunmi.waterpuri.s67.png,
厨房电器,云米,云米AI净水器黑豹,yunmi.waterpuri.s60,yunmi.waterpuri.s60.png,
厨房电器,云米,云米AI吸油烟机Super（升级）,yunmi.hood.c48,yunmi.hood.c48.png,
厨房电器,云米,云米AI昆仑矿泉净水机Super 2E,yunmi.waterpuri.s56,yunmi.waterpuri.s56.png,
厨房电器,云米,云米AI昆仑矿泉即热净水机Master 5Pro,yunmi.waterpuri.s63,yunmi.waterpuri.s63.png,
厨房电器,云米,云米AI昆仑矿泉即热净水机Super 2Pro,yunmi.waterpuri.s62,yunmi.waterpuri.s62.png,
厨房电器,云米,云米AI智能冰箱21Face2(对开门525L)智目版,viomi.fridge.x44,viomi.fridge.x44.png,
厨房电器,云米,云米AI智能冰箱iLive2(十字四门450L)语音版,viomi.fridge.u49,viomi.fridge.u49.png,
厨房电器,云米,云米AI智能冰箱iLive2(十字四门518L)语音版,viomi.fridge.u50,viomi.fridge.u50.png,
厨房电器,云米,云米AI智能冰箱iLive2(对开门636L),viomi.fridge.u51,viomi.fridge.u51.png,
厨房电器,云米,云米AI油烟机 Cross 3E,viomi.hood.c44,viomi.hood.c44.png,
厨房电器,云米,云米AI油烟机 Cross2 A1,viomi.hood.c21,viomi.hood.c21.png,
厨房电器,云米,云米AI油烟机 Cross3 A1,viomi.hood.c28,viomi.hood.c28.png,
厨房电器,云米,云米AI油烟机 Flash,viomi.hood.c30,viomi.hood.c30.png,
厨房电器,云米,云米AI油烟机 Flash2(VK711),viomi.hood.c13,viomi.hood.c13.png,
厨房电器,云米,云米AI油烟机 Smart,viomi.hood.c25,viomi.hood.c25.png,
厨房电器,云米,云米AI油烟机 Smart 2,viomi.hood.c39,viomi.hood.c39.png,
厨房电器,云米,云米AI油烟机 Smart 2 Pro,viomi.hood.c42,viomi.hood.c42.png,
厨房电器,云米,云米AI油烟机 Super,viomi.hood.c26,viomi.hood.c26.png,
厨房电器,云米,云米AI油烟机 Super 2,viomi.hood.c36,viomi.hood.c36.png,
厨房电器,云米,云米AI油烟机 Super 2 Pro,viomi.hood.c37,viomi.hood.c37.png,
厨房电器,云米,云米AI油烟机 Super Pro,viomi.hood.c29,viomi.hood.c29.png,
厨房电器,云米,云米AI油烟机 智享,viomi.hood.c47,viomi.hood.c47.png,
厨房电器,云米,云米AI油烟机Cross2 X1(VK712),viomi.hood.c14,viomi.hood.c14.png,
厨房电器,云米,云米AI油烟机Master 3 Pro,viomi.hood.c33,viomi.hood.c33.png,
厨房电器,云米,云米AI油烟机Super 2 Max,viomi.hood.c24,viomi.hood.c24.png,
厨房电器,云米,云米AI油烟机Super 3（曜石黑）,viomi.hood.c41,viomi.hood.c41.png,
厨房电器,云米,云米AI油烟机Super 3（皓月白）,viomi.hood.c43,viomi.hood.c43.png,
厨房电器,云米,云米AI油烟机Wing A1,viomi.hood.c19,viomi.hood.c19.png,
厨房电器,云米,云米AI洗碗机Milano 15套,viomi.dishwasher.v15,viomi.dishwasher.v15.png,
厨房电器,云米,云米AI洗碗机Super,viomi.dishwasher.v17,viomi.dishwasher.v17.png,
厨房电器,云米,云米AI蒸烤一体机Face,viomi.oven.so5,viomi.oven.so5.png,
厨房电器,云米,云米AI蒸烤一体机Face A1（嵌入式）,viomi.oven.so8,viomi.oven.so8.png,
厨房电器,云米,云米AI集成灶 Milano（蒸烤一体）,viomi.i_stove.v7,viomi.i_stove.v7.png,
厨房电器,云米,云米AI集成灶 Navi2（蒸烤一体）,viomi.i_stove.v8,viomi.i_stove.v8.png,
厨房电器,云米,云米AI集成灶 Smart,viomi.i_stove.v14,viomi.i_stove.v14.png,
厨房电器,云米,云米AI鲲鹏净热净水器,yunmi.waterpuri.s78,yunmi.waterpuri.s78.png,
厨房电器,云米,云米·泉先互联网净水器 小白龙 600G,yunmi.waterpuri.s14,yunmi.waterpuri.s14.png,
厨房电器,云米,云米互动大屏冰箱(对开门446L)云小鲜系列,viomi.fridge.b9,viomi.fridge.b9.png,
厨房电器,云米,云米互动大屏冰箱(对开门450L),viomi.fridge.b7,viomi.fridge.b7.png,
厨房电器,云米,云米互动大屏冰箱(对开门518L),viomi.fridge.b6,viomi.fridge.b6.png,
厨房电器,云米,云米互动大屏冰箱（十字四门408L）,viomi.fridge.b3,viomi.fridge.b3.png,
厨房电器,云米,云米互动大屏冰箱（对开门458L）,viomi.fridge.b4,viomi.fridge.b4.png,
厨房电器,云米,云米互联网IH电饭煲,viomi.cooker.v1,viomi.cooker.v1.png,
厨房电器,云米,云米互联网IH电饭煲3L（降糖版）,viomi.cooker.v4,viomi.cooker.v4.png,
厨房电器,云米,云米互联网低糖电饭煲3L,viomi.cooker.v5,viomi.cooker.v5.png,
厨房电器,云米,云米互联网侧吸油烟机,viomi.hood.a11,viomi.hood.a11.png,
厨房电器,云米,云米互联网养生壶 Honey Pro,viomi.health_pot.c2,viomi.health_pot.c2.png,
厨房电器,云米,云米互联网冰箱 iLive2（三门 301L）,viomi.fridge.w1,viomi.fridge.w1.png,
厨房电器,云米,云米互联网冰箱 iLive2（双门 272L）,viomi.fridge.w2,viomi.fridge.w2.png,
厨房电器,云米,云米互联网冰箱 十字四门398/415L,viomi.fridge.u17,viomi.fridge.u17.png,
厨房电器,云米,云米互联网冰箱 十字四门398/415L 定频,viomi.fridge.u12,viomi.fridge.u12.png,
厨房电器,云米,云米互联网冰箱 十字四门415L/416L,viomi.fridge.u13,viomi.fridge.u13.png,
厨房电器,云米,云米互联网冰箱21Face (对开门 525L),viomi.fridge.x11,viomi.fridge.x11.png,
厨房电器,云米,云米互联网冰箱21Face(对开门450L),viomi.fridge.x4,viomi.fridge.x4.png,
厨房电器,云米,云米互联网冰箱21Face(对开门610L),viomi.fridge.x35,viomi.fridge.x35.png,
厨房电器,云米,云米互联网冰箱21Face（428L）,viomi.fridge.x7,viomi.fridge.x7.png,
厨房电器,云米,云米互联网冰箱21Face（T型三门 408L）,viomi.fridge.x12,viomi.fridge.x12.png,
厨房电器,云米,云米互联网冰箱iLive 对开门版,viomi.fridge.u2,viomi.fridge.u2.png,
厨房电器,云米,云米互联网冰箱iLive(对开门456L)升级版,viomi.fridge.u46,viomi.fridge.u46.png,
厨房电器,云米,云米互联网冰箱iLive2(十字四门513L),viomi.fridge.u44,viomi.fridge.u44.png,
厨房电器,云米,云米互联网冰箱iLive2(十字门509L),viomi.fridge.u42,viomi.fridge.u42.png,
厨房电器,云米,云米互联网冰箱iLive2(对开门590L),viomi.fridge.u47,viomi.fridge.u47.png,
厨房电器,云米,云米互联网冰箱iLive2(对开门639L),viomi.fridge.u41,viomi.fridge.u41.png,
厨房电器,云米,云米互联网冰箱iLive2(法式四门445L),viomi.fridge.u43,viomi.fridge.u43.png,
厨房电器,云米,云米互联网冰箱iLive2(法式四门508L),viomi.fridge.u45,viomi.fridge.u45.png,
厨房电器,云米,云米互联网冰箱iLive（十字四门506L）,viomi.fridge.u36,viomi.fridge.u36.png,
厨房电器,云米,云米互联网冰箱iLive（对开456）,viomi.fridge.u57,viomi.fridge.u57.png,
厨房电器,云米,云米互联网冰箱iLive（对开门 485L）,viomi.fridge.u18,viomi.fridge.u18.png,
厨房电器,云米,云米互联网冰箱iLive（对开门 528L）,viomi.fridge.u37,viomi.fridge.u37.png,
厨房电器,云米,云米互联网冰箱iLive（对开门 568L）,viomi.fridge.u38,viomi.fridge.u38.png,
厨房电器,云米,云米互联网冰箱iLive（对开门 598L）,viomi.fridge.p1,viomi.fridge.p1.png,
厨房电器,云米,云米互联网冰箱iLive（对开门 603L）,viomi.fridge.u8,viomi.fridge.u8.png,
厨房电器,云米,云米互联网冰箱iLive（法式 365L）,viomi.fridge.u15,viomi.fridge.u15.png,
厨房电器,云米,云米互联网冰箱ilive 对开门545L,viomi.fridge.u7,viomi.fridge.u7.png,
厨房电器,云米,云米互联网冰箱ilive十字四门486L,viomi.fridge.u6,viomi.fridge.u6.png,
厨房电器,云米,云米互联网冰箱对开门ilive 483L,viomi.fridge.u4,viomi.fridge.u4.png,
厨房电器,云米,云米互联网冰箱（对开门380L）,viomi.fridge.b1,viomi.fridge.b1.png,
厨房电器,云米,云米互联网冰箱（对开门450L）,viomi.fridge.u24,viomi.fridge.u24.png,
厨房电器,云米,云米互联网冰箱（法式345L）,viomi.fridge.u25,viomi.fridge.u25.png,
厨房电器,云米,云米互联网净水器 小蓝调（600G）,yunmi.waterpuri.s12,yunmi.waterpuri.s12.png,
厨房电器,云米,云米互联网净水器C1（500G）,yunmi.waterpuri.c5,yunmi.waterpuri.c5.png,
厨房电器,云米,云米互联网净水器Easy3（400G),yunmi.waterpuri.f4,yunmi.waterpuri.f4.png,
厨房电器,云米,云米互联网净水器Easy3（600G),yunmi.waterpuri.f5,yunmi.waterpuri.f5.png,
厨房电器,云米,云米互联网净水器Easy3（800G),yunmi.waterpuri.f6,yunmi.waterpuri.f6.png,
厨房电器,云米,云米互联网净水器Fast3（400G 白）,yunmi.waterpuri.f1,yunmi.waterpuri.f1.png,
厨房电器,云米,云米互联网净水器Fast3（600G 白）,yunmi.waterpuri.f2,yunmi.waterpuri.f2.png,
厨房电器,云米,云米互联网净水器Fast3（800G 白）,yunmi.waterpuri.f3,yunmi.waterpuri.f3.png,
厨房电器,云米,云米互联网净水器S2（400G）,yunmi.waterpuri.s3,yunmi.waterpuri.s3.png,
厨房电器,云米,云米互联网净水器S2（500G）,yunmi.waterpuri.s4,yunmi.waterpuri.s4.png,
厨房电器,云米,云米互联网净水器S2（600G）,yunmi.waterpuri.s5,yunmi.waterpuri.s5.png,
厨房电器,云米,云米互联网水槽洗碗机,viomi.dishwasher.v05,viomi.dishwasher.v05.png,
厨房电器,云米,云米互联网油烟机,viomi.hood.c7,viomi.hood.c7.png,
厨房电器,云米,云米互联网油烟机 Cross2,viomi.hood.c2,viomi.hood.c2.png,
厨房电器,云米,云米互联网油烟机 Cross3 A1,viomi.hood.c15,viomi.hood.c15.png,
厨房电器,云米,云米互联网油烟机 Flash,viomi.hood.h5,viomi.hood.h5.png,
厨房电器,云米,云米互联网油烟机 Free 3,viomi.hood.a10,viomi.hood.a10.png,
厨房电器,云米,云米互联网油烟机 Free 3 Pro,viomi.hood.c17,viomi.hood.c17.png,
厨房电器,云米,云米互联网油烟机 Hurri2,viomi.hood.h3,viomi.hood.h3.png,
厨房电器,云米,云米互联网油烟机 Wing 1C,viomi.hood.c16,viomi.hood.c16.png,
厨房电器,云米,云米互联网油烟机Flash Pro,viomi.hood.c4,viomi.hood.c4.png,
厨房电器,云米,云米互联网油烟机Hurri标准版,viomi.hood.h1,viomi.hood.h1.png,
厨房电器,云米,云米互联网油烟机VK707,viomi.hood.c8,viomi.hood.c8.png,
厨房电器,云米,云米互联网油烟机Wing（AI手势操控版）,viomi.hood.h4,viomi.hood.h4.png,
厨房电器,云米,云米互联网油烟机（智能升降版）,viomi.hood.c3,viomi.hood.c3.png,
厨房电器,云米,云米互联网油烟机（欧式）,viomi.hood.a9,viomi.hood.a9.png,
厨房电器,云米,云米互联网油烟机（自动开合版）,viomi.hood.a12,viomi.hood.a12.png,
厨房电器,云米,云米互联网洗碗机10套嵌入式0807,viomi.dishwasher.v14,viomi.dishwasher.v14.png,
厨房电器,云米,云米互联网洗碗机嵌入式0803A,viomi.dishwasher.v08,viomi.dishwasher.v08.png,
厨房电器,云米,云米互联网洗碗机嵌入式0803B,viomi.dishwasher.v12,viomi.dishwasher.v12.png,
厨房电器,云米,云米互联网洗碗机（8套嵌入式）,viomi.dishwasher.v01,viomi.dishwasher.v01.png,
厨房电器,云米,云米互联网洗碗机（嵌入式）,viomi.dishwasher.v06,viomi.dishwasher.v06.png,
厨房电器,云米,云米互联网消毒柜（嵌入式 尊享版）,viomi.steriliser.v1,viomi.steriliser.v1.png,
厨房电器,云米,云米互联网电饭煲（4L 尊享版）,viomi.cooker.v2,viomi.cooker.v2.png,
厨房电器,云米,云米互联网空气炸锅 5L,viomi.fryer.v2,viomi.fryer.v2.png,
厨房电器,云米,云米互联网蒸烤一体机 King Pro (嵌入式),viomi.oven.so3,viomi.oven.so3.png,
厨房电器,云米,云米互联网蒸烤一体机 Queen（嵌入式）,viomi.oven.so2,viomi.oven.so2.png,
厨房电器,云米,云米互联网蒸烤一体机Face（嵌入式）,viomi.oven.so6,viomi.oven.so6.png,
厨房电器,云米,云米互联网蒸烤一体机King（嵌入式）,viomi.oven.so1,viomi.oven.so1.png,
厨房电器,云米,云米互联网集成灶,viomi.i_stove.v1,viomi.i_stove.v1.png,
厨房电器,云米,云米互联网集成灶 A1(消毒柜版),viomi.i_stove.v6,viomi.i_stove.v6.png,
厨房电器,云米,云米互联网集成灶（天然气/液化气）,viomi.i_stove.v3,viomi.i_stove.v3.png,
厨房电器,云米,云米互联网集成灶（蒸烤一体版）,viomi.i_stove.v4,viomi.i_stove.v4.png,
厨房电器,云米,云米互联网集成灶（蒸箱版）,viomi.i_stove.v5,viomi.i_stove.v5.png,
厨房电器,云米,云米全屋净水机领袖套系OW,yunmi.waterpuri.s85,yunmi.waterpuri.s85.png,
厨房电器,云米,云米冰箱 21Face (法式510L),viomi.fridge.x22,viomi.fridge.x22.png,
厨房电器,云米,云米冰箱21Face (对开门522L),viomi.fridge.x15,viomi.fridge.x15.png,
厨房电器,云米,云米冰箱21Face (对开门630L),viomi.fridge.x21,viomi.fridge.x21.png,
厨房电器,云米,云米冰箱21Face(十字四门502L),viomi.fridge.x28,viomi.fridge.x28.png,
厨房电器,云米,云米冰箱21Face（十字四门451L）,viomi.fridge.b5,viomi.fridge.b5.png,
厨房电器,云米,云米冰箱21Face（十字四门502L）,viomi.fridge.x20,viomi.fridge.x20.png,
厨房电器,云米,云米冰箱21Face（十字四门510L）,viomi.fridge.x23,viomi.fridge.x23.png,
厨房电器,云米,云米冰箱21Face（十字四门516L）,viomi.fridge.x14,viomi.fridge.x14.png,
厨房电器,云米,云米冰箱21Face（对开门450L）,viomi.fridge.x17,viomi.fridge.x17.png,
厨房电器,云米,云米冰箱21Face（对开门635L）,viomi.fridge.x19,viomi.fridge.x19.png,
厨房电器,云米,云米冰箱21Face（法式520L）,viomi.fridge.x13,viomi.fridge.x13.png,
厨房电器,云米,云米冰箱21Face（法式四门 516L）,viomi.fridge.x24,viomi.fridge.x24.png,
厨房电器,云米,云米冰箱21Face（法式四门505L）,viomi.fridge.x29,viomi.fridge.x29.png,
厨房电器,云米,云米冰箱YMDK01,viomi.fridge.x26,viomi.fridge.x26.png,
厨房电器,云米,云米冰箱iLive2（十字四门485L）,viomi.fridge.u39,viomi.fridge.u39.png,
厨房电器,云米,云米冰箱iLive（十字四门410L）,viomi.fridge.u35,viomi.fridge.u35.png,
厨房电器,云米,云米冰箱iLive（十字四门450L）,viomi.fridge.u28,viomi.fridge.u28.png,
厨房电器,云米,云米冰箱iLive（十字四门508L）,viomi.fridge.u31,viomi.fridge.u31.png,
厨房电器,云米,云米冰箱iLive（对开门456L）,viomi.fridge.u32,viomi.fridge.u32.png,
厨房电器,云米,云米冰箱iLive（对开门552L）,viomi.fridge.u26,viomi.fridge.u26.png,
厨房电器,云米,云米冰箱iLive（对开门566L）,viomi.fridge.u30,viomi.fridge.u30.png,
厨房电器,云米,云米冰箱iLive（对开门640L）,viomi.fridge.u34,viomi.fridge.u34.png,
厨房电器,云米,云米冰箱iLive（法式355L）,viomi.fridge.u29,viomi.fridge.u29.png,
厨房电器,云米,云米冰箱iLive（法式四门416L）,viomi.fridge.u40,viomi.fridge.u40.png,
厨房电器,云米,云米净水器小京龙2 Pro,yunmi.waterpuri.s84,yunmi.waterpuri.s84.png,
厨房电器,云米,云米净热净水器鲲鹏2 Max,yunmi.waterpuri.s97,yunmi.waterpuri.s97.png,
厨房电器,云米,云米厨下净水器冠军1000G,yunmi.waterpuri.s95,yunmi.waterpuri.s95.png,
厨房电器,云米,云米厨下净水器冠军600G,yunmi.waterpuri.s93,yunmi.waterpuri.s93.png,
厨房电器,云米,云米厨下净水器大师900,yunmi.waterpuri.s92,yunmi.waterpuri.s92.png,
厨房电器,云米,云米厨下净水器小京龙3,yunmi.waterpuri.s86,yunmi.waterpuri.s86.png,
厨房电器,云米,云米厨下净水器小京龙3 Max,yunmi.waterpuri.s94,yunmi.waterpuri.s94.png,
厨房电器,云米,云米大师系列大通量净水器1400G,yunmi.waterpuri.s81,yunmi.waterpuri.s81.png,
厨房电器,云米,云米大师系列大通量净水器1600G,yunmi.waterpuri.s82,yunmi.waterpuri.s82.png,
厨房电器,云米,云米昆仑3矿泉净水器 2S Pro,yunmi.waterpuri.s79,yunmi.waterpuri.s79.png,
厨房电器,云米,云米昆仑4 3升开水矿泉净水器,yunmi.waterpuri.s42,yunmi.waterpuri.s42.png,
厨房电器,云米,云米昆仑4Pro台式净饮机冰水版,yunmi.ysj.x12,yunmi.ysj.x12.png,
厨房电器,云米,云米昆仑4冰块冷热水矿泉净饮机,yunmi.ysj.x5,yunmi.ysj.x5.png,
厨房电器,云米,云米昆仑4矿泉净水器弱碱,yunmi.waterpuri.s68,yunmi.waterpuri.s68.png,
厨房电器,云米,云米昆仑4矿泉净水器弱碱Pro,yunmi.waterpuri.s73,yunmi.waterpuri.s73.png,
厨房电器,云米,云米昆仑4矿泉净水器弱碱Pro（白富镁）,yunmi.waterpuri.s77,yunmi.waterpuri.s77.png,
厨房电器,云米,云米昆仑4矿泉净水器弱碱Ultra,yunmi.waterpuri.s75,yunmi.waterpuri.s75.png,
厨房电器,云米,云米昆仑4矿泉净水器弱碱Ultra（3升开水）,yunmi.waterpuri.s83,yunmi.waterpuri.s83.png,
厨房电器,云米,云米智能冰箱法式 iLive语音版,viomi.fridge.v3,viomi.fridge.v3.png,
厨房电器,云米,云米智能即热饮水吧1A（4L版）,yunmi.kettle.r3,yunmi.kettle.r3.png,
厨房电器,云米,云米智能即热饮水吧（MINI）1,yunmi.kettle.r2,yunmi.kettle.r2.png,
厨房电器,云米,云米智能即热饮水吧（MINI）2,yunmi.kettle.r1,yunmi.kettle.r1.png,
厨房电器,云米,云米油烟机Cross,viomi.hood.c1,viomi.hood.c1.png,
厨房电器,云米,云米泉先1秒即热管线机,yunmi.ysj.mg6,yunmi.ysj.mg6.png,
厨房电器,云米,云米泉先AI 1秒即热净水器 Super Pro,yunmi.waterpuri.s31,yunmi.waterpuri.s31.png,
厨房电器,云米,云米泉先AI 1秒即热净饮机 X2 Face,yunmi.waterpuri.x12,yunmi.waterpuri.x12.png,
厨房电器,云米,云米泉先AI 1秒即热净饮机 X2 mini Mango,yunmi.waterpuri.x13,yunmi.waterpuri.x13.png,
厨房电器,云米,云米泉先AI 1秒即热净饮机X2,yunmi.waterpuri.x10,yunmi.waterpuri.x10.png,
厨房电器,云米,云米泉先AI 1秒即热净饮机X2 mini,yunmi.waterpuri.x11,yunmi.waterpuri.x11.png,
厨房电器,云米,云米泉先AI 1秒即热净饮机X2 mini Mango 智联版,yunmi.ysj.x1,yunmi.ysj.x1.png,
厨房电器,云米,云米泉先AI 净水器小蓝调,yunmi.waterpuri.s26,yunmi.waterpuri.s26.png,
厨房电器,云米,云米泉先AI冷热管线机 Super 2E,yunmi.ysj.mg8,yunmi.ysj.mg8.png,
厨房电器,云米,云米泉先AI净水器 Super 2,yunmi.waterpuri.s39,yunmi.waterpuri.s39.png,
厨房电器,云米,云米泉先AI净水器 Super 2 Max,yunmi.waterpuri.s32,yunmi.waterpuri.s32.png,
厨房电器,云米,云米泉先AI净水器 Super S,yunmi.waterpuri.s29,yunmi.waterpuri.s29.png,
厨房电器,云米,云米泉先AI净水器 Super Y,yunmi.waterpuri.s30,yunmi.waterpuri.s30.png,
厨房电器,云米,云米泉先AI净水器 Super Y(富锶版),yunmi.waterpuri.s36,yunmi.waterpuri.s36.png,
厨房电器,云米,云米泉先AI净水器 space,yunmi.waterpuri.s33,yunmi.waterpuri.s33.png,
厨房电器,云米,云米泉先AI净水器 蓝调+,yunmi.waterpuri.s28,yunmi.waterpuri.s28.png,
厨房电器,云米,云米泉先AI净水器Cross 3 1000G+,yunmi.waterpuri.s27,yunmi.waterpuri.s27.png,
厨房电器,云米,云米泉先AI净水器Super Pro 1000G,yunmi.waterpuri.s19,yunmi.waterpuri.s19.png,
厨房电器,云米,云米泉先AI净水器Super Pro 1200G1,yunmi.waterpuri.s20,yunmi.waterpuri.s20.png,
厨房电器,云米,云米泉先AI净水器Super Pro 1200G2,yunmi.waterpuri.s23,yunmi.waterpuri.s23.png,
厨房电器,云米,云米泉先AI净水器小京龙,yunmi.waterpuri.s25,yunmi.waterpuri.s25.png,
厨房电器,云米,云米泉先AI净水器小海豚+,yunmi.waterpuri.s49,yunmi.waterpuri.s49.png,
厨房电器,云米,云米泉先AI净饮机 Super 2,yunmi.ysj.x3,yunmi.ysj.x3.png,
厨房电器,云米,云米泉先AI净饮机 X2,yunmi.ysj.x2,yunmi.ysj.x2.png,
厨房电器,云米,云米泉先AI管线机 Master 2S,yunmi.ysj.mg9,yunmi.ysj.mg9.png,
厨房电器,云米,云米泉先AI管线机 Master 3,yunmi.ysj.mg7,yunmi.ysj.mg7.png,
厨房电器,云米,云米泉先互联网净水器 Fast3 1000G,yunmi.waterpuri.f7,yunmi.waterpuri.f7.png,
厨房电器,云米,云米泉先互联网净水器 Mee 600G,yunmi.waterpuri.s18,yunmi.waterpuri.s18.png,
厨房电器,云米,云米泉先互联网净水器 super,yunmi.waterpuri.s9,yunmi.waterpuri.s9.png,
厨房电器,云米,云米泉先互联网净水器 super 1200G,yunmi.waterpuri.s10,yunmi.waterpuri.s10.png,
厨房电器,云米,云米泉先互联网净水器 小海豚 600G,yunmi.waterpuri.s16,yunmi.waterpuri.s16.png,
厨房电器,云米,云米泉先互联网净水器 澎湃1000G,yunmi.waterpuri.f8,yunmi.waterpuri.f8.png,
厨房电器,云米,云米泉先互联网净水器Fast3 800G,yunmi.waterpuri.s17,yunmi.waterpuri.s17.png,
厨房电器,云米,云米泉先互联网净水器小海豚 400G,yunmi.waterpuri.s15,yunmi.waterpuri.s15.png,
厨房电器,云米,云米矿泉净水器昆仑3(白富镁),yunmi.waterpuri.s96,yunmi.waterpuri.s96.png,
厨房电器,云米,云米矿泉净水器昆仑4 Pro Max,yunmi.waterpuri.s90,yunmi.waterpuri.s90.png,
厨房电器,云米,云米矿泉净水器昆仑4 Pro Max（白富镁）,yunmi.waterpuri.s91,yunmi.waterpuri.s91.png,
厨房电器,云米,云米破壁料理机（静音版）,viomi.juicer.v2,viomi.juicer.v2.png,
厨房电器,云米,云米鲲鹏2油烟机,yunmi.hood.c52,yunmi.hood.c52.png,
厨房电器,云米,云米鲲鹏Max油烟机,yunmi.hood.c51,yunmi.hood.c51.png,
厨房电器,云米,云米鲲鹏Pro AI油烟机,yunmi.hood.c49,yunmi.hood.c49.png,
厨房电器,云米,小海豚 2 AI净水器,yunmi.waterpuri.s38,yunmi.waterpuri.s38.png,
厨房电器,云米,智能冰箱iLive,viomi.fridge.u1,viomi.fridge.u1.png,
厨房电器,享泡,享泡智能电热水壶,xptech.kettle.xp001,xptech.kettle.xp001.png,
厨房电器,京东京造,京东京造牌JZJS25DBJX-1200G型双出水反渗透净水器,jdjz.waterpuri.dbjx12,jdjz.waterpuri.dbjx12.png,
厨房电器,京东京造,京东京造牌JZJS25GC-1200G型双出水反渗透净水器,jdjz.waterpuri.gcjx12,jdjz.waterpuri.gcjx12.png,
厨房电器,京东京造,京东京造牌JZJS26-TJLR01型台式净饮机,jdjz.waterpuri.tjlr01,jdjz.waterpuri.tjlr01.png,
厨房电器,今果,今果牌X901-1200G型厨下式净水器,jguo.waterpuri.jg612,jguo.waterpuri.jg612.png,
厨房电器,今果,今果牌双出水净水器,jguo.waterpuri.jg01,jguo.waterpuri.jg01.png,
厨房电器,佳尼特,佳尼特智能净水器,smith.waterpuri.jnt600,smith.waterpuri.jnt600.png,
厨房电器,佳尼特,佳尼特智能净水器CXR1000-A1/T1,smith.waterpuri.cxr1k,smith.waterpuri.cxr1k.png,
厨房电器,佳尼特,佳尼特智能净水器CXR600-A1/T1,smith.waterpuri.cxr600,smith.waterpuri.cxr600.png,
厨房电器,佳尼特,佳尼特智能净水器CXR800-A1/T1,smith.waterpuri.cxr800,smith.waterpuri.cxr800.png,
厨房电器,佳尼特,佳尼特智能软水机,smith.w_soften.cxs05ta1,smith.w_soften.cxs05ta1.png,
厨房电器,佳德净,佳德净天泓反渗透净水器,jdj25.waterpuri.001,jdj25.waterpuri.001.png,
厨房电器,其他品牌,COLI科淋纳滤智能款净水器,coli.waterpuri.nf4645,coli.waterpuri.nf4645.png,
厨房电器,其他品牌,QM智能凉霸AI,qjiang.ven_fan.a1,qjiang.ven_fan.a1.png,
厨房电器,其他品牌,T1智能语音电茶炉,wxjzkj.kettle.lxj002,wxjzkj.kettle.lxj002.png,
厨房电器,其他品牌,X2pro-W电饭煲,nezha.cooker.x2pro,nezha.cooker.x2pro.png,
厨房电器,其他品牌,cleadeep净味油烟机,cykj.hood.yjc901,cykj.hood.yjc901.png,
厨房电器,其他品牌,云魔方吸油烟机,fotile.hood.emd1tmi,fotile.hood.emd1tmi.png,
厨房电器,其他品牌,优点cuber智能即热净饮机,ydzl.waterpuri.t1,ydzl.waterpuri.t1.png,
厨房电器,其他品牌,凯丰智慧烘焙秤E2,yoda.k_scale.e2,yoda.k_scale.e2.png,
厨房电器,其他品牌,凯丰智慧烘焙秤X3,yoda.k_scale.x3,yoda.k_scale.x3.png,
厨房电器,其他品牌,凯腾酒柜（80L/275L）,candor.wine_cool.a,candor.wine_cool.a.png,
厨房电器,其他品牌,博乐宝凉白开净饮机,era.ysj.b65,era.ysj.b65.png,
厨房电器,其他品牌,即品智能云可视化空气炸锅,jipin.fryer.my982w,jipin.fryer.my982w.png,
厨房电器,其他品牌,变频杀菌超声波清洗机,era.steriliser.gc01,era.steriliser.gc01.png,
厨房电器,其他品牌,天语智能凉霸,babai.ven_fan.tycold,babai.ven_fan.tycold.png,
厨房电器,其他品牌,宜米净饮机IP300pro,yimilx.ysj.ip300p,yimilx.ysj.ip300p.png,
厨房电器,其他品牌,宜米净饮机iP600W,yimilx.ysj.ip600,yimilx.ysj.ip600.png,
厨房电器,其他品牌,宜米制冰速热饮水机YC-1W,yimilx.ysj.yc1w,yimilx.ysj.yc1w.png,
厨房电器,其他品牌,宜米制冰饮水机YC-1W,yimilx.ysj.yc1w2,yimilx.ysj.yc1w2.png,
厨房电器,其他品牌,无人炊智能煮饭机器人,dicook.cooker.wfz4003,dicook.cooker.wfz4003.png,
厨房电器,其他品牌,智能烘洗式洗碗机,zjyg.dishwasher.zzy01,zjyg.dishwasher.zzy01.png,
厨房电器,其他品牌,李享佳智能电茶炉,wxjzkj.kettle.lxj001,wxjzkj.kettle.lxj001.png,
厨房电器,其他品牌,饭小二煮饭机器人,imibar.cooker.mbihr3,imibar.cooker.mbihr3.png,
厨房电器,净小能,净小能反渗透净水器,jxn.waterpuri.jxnbp2,jxn.waterpuri.jxnbp2.png,
厨房电器,北斗星,北斗星互联网集成灶(C2/C3蒸烤款),bdx.i_stove.c5zk,bdx.i_stove.c5zk.png,
厨房电器,北斗星,北斗星互联网集成灶（A1消毒柜S款）,bdx.i_stove.a1xs,bdx.i_stove.a1xs.png,
厨房电器,北斗星,北斗星互联网集成灶（A5/C1/G1消毒柜款）,bdx.i_stove.c1x,bdx.i_stove.c1x.png,
厨房电器,北斗星,北斗星互联网集成灶（C2消毒柜款）,bdx.i_stove.c2x,bdx.i_stove.c2x.png,
厨房电器,北斗星,北斗星集成灶（A1/C2蒸箱款）,bdx.i_stove.a1z,bdx.i_stove.a1z.png,
厨房电器,圈厨,圈厨111L家用智能冰柜,xckj.fridge.111wg2,xckj.fridge.111wg2.png,
厨房电器,圈厨,圈厨S90智联油烟机,xckj.hood.s9001,xckj.hood.s9001.png,
厨房电器,圈厨,圈厨Z90智开油烟机,xckj.hood.z9001,xckj.hood.z9001.png,
厨房电器,圈厨,圈厨即热净化一体机,xckj.waterpuri.ihwp01,xckj.waterpuri.ihwp01.png,
厨房电器,圈厨,圈厨家用净水器,xckj.waterpuri.js01,xckj.waterpuri.js01.png,
厨房电器,圈厨,圈厨家用智能冰柜,xckj.fridge.151wg1,xckj.fridge.151wg1.png,
厨房电器,圈厨,圈厨嵌入式互联网洗碗机,xckj.dishwasher.idw01,xckj.dishwasher.idw01.png,
厨房电器,圈厨,圈厨梵希法式四门冰箱,xckj.fridge.448ws4,xckj.fridge.448ws4.png,
厨房电器,大豪智芯,智芯凉霸1号Pro,jxdh.ven_fan.dh004,jxdh.ven_fan.dh004.png,
厨房电器,奥华,奥华凉霸,our.ven_fan.dq01,our.ven_fan.dq01.png,
厨房电器,威暖,威暖壁挂炉X5,wn001.boiler.bgl,wn001.boiler.bgl.png,
厨房电器,宜米,YiMi 宜米牌YC-3型饮水机,yimilx.ysj.yc3,yimilx.ysj.yc3.png,
厨房电器,宜米,YiMi宜米牌制冰速热饮水机YC-2W,yimilx.ysj.yc2w,yimilx.ysj.yc2w.png,
厨房电器,宜米,宜米台式反渗透净饮机iP600pro,yimilx.ysj.ip600p,yimilx.ysj.ip600p.png,
厨房电器,小吉,小吉448升智能法式复古冰箱,minij.fridge.448w,minij.fridge.448w.png,
厨房电器,小猴,小猴智能厨房秤,hoto.k_scale.qwcfc2,hoto.k_scale.qwcfc2.png,
厨房电器,小米出品,小米净水器,yunmi.waterpurifier.v2,yunmi.waterpurifier.v2.png,
厨房电器,小米出品,小米净水器 600G,yunmi.waterpuri.lx8,yunmi.waterpuri.lx8.png,
厨房电器,小米出品,小米净水器 扁豆,yunmi.waterpuri.lx9,yunmi.waterpuri.lx9.png,
厨房电器,小米出品,小米净水器1A/400G增强版,yunmi.waterpuri.lx5,yunmi.waterpuri.lx5.png,
厨房电器,小米出品,小米净水器500G/500G增强版,yunmi.waterpuri.lx7,yunmi.waterpuri.lx7.png,
厨房电器,小米出品,小米净水器C1（三出水）,yunmi.waterpuri.lx11,yunmi.waterpuri.lx11.png,
厨房电器,小米出品,小米净水器H1000G,yunmi.waterpuri.lx14,yunmi.waterpuri.lx14.png,
厨房电器,小米出品,小米净水器H400G,zhimi.waterpuri.ma1,zhimi.waterpuri.ma1.png,
厨房电器,小米出品,小米净水器H600G,chunmi.waterpuri.600f2,chunmi.waterpuri.600f2.png,
厨房电器,小米出品,小米净水器H800G,chunmi.waterpuri.800f3,chunmi.waterpuri.800f3.png,
厨房电器,小米出品,小米净水器H800G Pro,chunmi.waterpuri.800f3p,chunmi.waterpuri.800f3p.png,
厨房电器,小米出品,小米净水器S1 800G,yunmi.waterpuri.lx12,yunmi.waterpuri.lx12.png,
厨房电器,小米出品,小米净水器厨下式,yunmi.waterpuri.lx3,yunmi.waterpuri.lx3.png,
厨房电器,小米出品,小米即热净水器Q600,chunmi.waterpuri.600j6,chunmi.waterpuri.600j6.png,
厨房电器,小米出品,小米即热净水器Q800,yunmi.waterpuri.lx21,yunmi.waterpuri.lx21.png,
厨房电器,小米出品,小米双核净水器1000G,yunmi.waterpuri.lx24,yunmi.waterpuri.lx24.png,
厨房电器,小米出品,小米双核净水器1200G,yunmi.waterpuri.lx20,yunmi.waterpuri.lx20.png,
厨房电器,小米出品,小米台式净饮机,chunmi.ysj.tsa1,chunmi.ysj.tsa1.png,
厨房电器,小米出品,米家IH电饭煲,chunmi.cooker.normalcd1,chunmi.cooker.normalcd1.png,
厨房电器,小米出品,米家IH电饭煲 4L,chunmi.cooker.normalcd2,chunmi.cooker.normalcd2.png,
厨房电器,小米出品,米家互联网对开门冰箱450L,mibx2.fridge.v1,mibx2.fridge.v1.png,
厨房电器,小米出品,米家互联网对开门冰箱540L,midjd6.fridge.v1,midjd6.fridge.v1.png,
厨房电器,小米出品,米家互联网洗碗机 4套台面式,viomi.dishwasher.m02,viomi.dishwasher.m02.png,
厨房电器,小米出品,米家互联网洗碗机 8套嵌入式,viomi.dishwasher.m01,viomi.dishwasher.m01.png,
厨房电器,小米出品,米家互联网烟灶,viomi.hood.v1,viomi.hood.v1.png,
厨房电器,小米出品,米家侧吸油烟机S1,viomi.hood.v6,viomi.hood.v6.png,
厨房电器,小米出品,米家冰箱 MAX 700L 墨青岩,midjd6.fridge.700,midjd6.fridge.700.png,
厨房电器,小米出品,米家冰箱 | 分储鲜Pro 十字冰晶508L,midjd.fridge.bs39s,midjd.fridge.bs39s.png,
厨房电器,小米出品,米家冰箱 ∣ 纤薄嵌 （适用于 521L/523L）,midjd7.fridge.520b,midjd7.fridge.520b.png,
厨房电器,小米出品,米家冰箱 三门256L,midjd.fridge.bx20l,midjd.fridge.bx20l.png,
厨房电器,小米出品,米家冰箱 三门256L 冰羽白,midjd.fridge.bx20s,midjd.fridge.bx20s.png,
厨房电器,小米出品,米家冰箱 三门271L,midjd.fridge.bx27s,midjd.fridge.bx27s.png,
厨房电器,小米出品,米家冰箱 分储鲜Pro 十字508L,midjd.fridge.bs39z,midjd.fridge.bs39z.png,
厨房电器,小米出品,米家冰箱 分储鲜Pro 十字冰晶508L,midjd.fridge.bs39e,midjd.fridge.bs39e.png,
厨房电器,小米出品,米家冰箱 十字430L,midjd.fridge.bs19l,midjd.fridge.bs19l.png,
厨房电器,小米出品,米家冰箱 十字439L/436L 超薄平嵌1,midjd.fridge.bs13z,midjd.fridge.bs13z.png,
厨房电器,小米出品,米家冰箱 十字439L/436L 超薄平嵌2,midjd.fridge.439b,midjd.fridge.439b.png,
厨房电器,小米出品,米家冰箱 十字518L 超薄平嵌,midjd6.fridge.516b,midjd6.fridge.516b.png,
厨房电器,小米出品,米家冰箱 十字四门尊享版550L,midjd6.fridge.5501b,midjd6.fridge.5501b.png,
厨房电器,小米出品,米家冰箱 十字对开门430L 墨羽岩,midjd6.fridge.430,midjd6.fridge.430.png,
厨房电器,小米出品,米家冰箱 十字对开门520L 墨羽岩,midjd.fridge.5161,midjd.fridge.5161.png,
厨房电器,小米出品,米家冰箱 十字对开门603L 冰晶岩,midjd.fridge.603a,midjd.fridge.603a.png,
厨房电器,小米出品,米家冰箱 十字对开门606L 墨青岩,midjd6.fridge.606b,midjd6.fridge.606b.png,
厨房电器,小米出品,米家冰箱 十字平嵌 508L,midjd.fridge.bs24k,midjd.fridge.bs24k.png,
厨房电器,小米出品,米家冰箱 十字门（430L/410L星空岩）,midjd6.fridge.4301,midjd6.fridge.4301.png,
厨房电器,小米出品,米家冰箱 十字门（520L/501L铂银）,midjd.fridge.520b,midjd.fridge.520b.png,
厨房电器,小米出品,米家冰箱 对开(适用610/636L),mibx5.fridge.bd46j,mibx5.fridge.bd46j.png,
厨房电器,小米出品,米家冰箱 对开550L/530L,midjd.fridge.bd42s,midjd.fridge.bd42s.png,
厨房电器,小米出品,米家冰箱 对开561L,mibx5.fridge.bd48j,mibx5.fridge.bd48j.png,
厨房电器,小米出品,米家冰箱 对开630L,mibx5.fridge.bd43j,mibx5.fridge.bd43j.png,
厨房电器,小米出品,米家冰箱 对开门501L 墨羽岩,midjd.fridge.bd38s,midjd.fridge.bd38s.png,
厨房电器,小米出品,米家冰箱 对开门502L 墨羽岩,midjd7.fridge.5022,midjd7.fridge.5022.png,
厨房电器,小米出品,米家冰箱 对开门502L冰晶版,midjd7.fridge.5021,midjd7.fridge.5021.png,
厨房电器,小米出品,米家冰箱 对开门540L 冰晶岩,midjd6.fridge.540b,midjd6.fridge.540b.png,
厨房电器,小米出品,米家冰箱 对开门610L 冰晶白,midjd6.fridge.6103b,midjd6.fridge.6103b.png,
厨房电器,小米出品,米家冰箱 对开门630L冰晶版,midjd8.fridge.630,midjd8.fridge.630.png,
厨房电器,小米出品,米家冰箱 对开门（536L/530L/516L星空岩）,midjd6.fridge.536b,midjd6.fridge.536b.png,
厨房电器,小米出品,米家冰箱 巨能装 十字513L/十字503L,midjd.fridge.bs41s,midjd.fridge.bs41s.png,
厨房电器,小米出品,米家冰箱 巨能装Pro 十字513L,midjd.fridge.bs42s,midjd.fridge.bs42s.png,官网已移除该型号
厨房电器,小米出品,米家冰箱 意式400L 冰晶白,midjd8.fridge.400b,midjd8.fridge.400b.png,
厨房电器,小米出品,米家冰箱 法式400L 自动制冰,midjd.fridge.bf08a,midjd.fridge.bf08a.png,
厨房电器,小米出品,米家冰箱 法式平嵌400L,midjd.fridge.bf08n,midjd.fridge.bf08n.png,
厨房电器,小米出品,米家冰箱 法式平嵌508L,midjd.fridge.bf07s,midjd.fridge.bf07s.png,
厨房电器,小米出品,米家冰箱 ｜ 精巧装 三门256L 冰羽白,midjd.fridge.bx09s,midjd.fridge.bx09s.png,
厨房电器,小米出品,米家冰箱 ｜ 精巧装pro 三门303L 制冰版1,midjd9.fridge.303b,midjd9.fridge.303b.png,
厨房电器,小米出品,米家冰箱 ｜ 精巧装pro 三门303L 制冰版2,midjd9.fridge.x14,midjd9.fridge.x14.png,
厨房电器,小米出品,米家冰箱Pro 十字508L 自动制冰,midjd.fridge.bs48s,midjd.fridge.bs48s.png,
厨房电器,小米出品,米家冰箱Pro 双系统 十字平嵌508L,midjd.fridge.bs32z,midjd.fridge.bs32z.png,
厨房电器,小米出品,米家冰箱Pro 双系统 十字平嵌560L,midjd.fridge.bs53n,midjd.fridge.bs53n.png,
厨房电器,小米出品,米家冰箱Pro 双系统 十字平嵌560L 自动制冰,midjd.fridge.bs53k,midjd.fridge.bs53k.png,
厨房电器,小米出品,米家冰箱Pro 双系统 法式513L,midjd.fridge.bf12k,midjd.fridge.bf12k.png,
厨房电器,小米出品,米家冰箱Pro 双系统 法式平嵌508L1,midjd.fridge.bf10z,midjd.fridge.bf10z.png,
厨房电器,小米出品,米家冰箱Pro 双系统 法式平嵌508L2,midjd.fridge.bf10s,midjd.fridge.bf10s.png,
厨房电器,小米出品,米家冰箱Pro 双系统 法式平嵌560L,midjd.fridge.bf53n,midjd.fridge.bf53n.png,
厨房电器,小米出品,米家冰箱Pro 双系统 法式平嵌560L 自动制冰,midjd.fridge.bf53k,midjd.fridge.bf53k.png,
厨房电器,小米出品,米家冰箱Pro 对开620L,mibx5.fridge.bd47j,mibx5.fridge.bd47j.png,
厨房电器,小米出品,米家冰箱Pro 微冰鲜双系统 十字平嵌560L,midjd.fridge.bs52s1,midjd.fridge.bs52s1.png,
厨房电器,小米出品,米家冰箱Pro 微冰鲜双系统 法式平嵌560L,midjd.fridge.bf52s,midjd.fridge.bf52s.png,
厨房电器,小米出品,米家冰箱Pro 法式508L 自动制冰,midjd.fridge.bf14s,midjd.fridge.bf14s.png,
厨房电器,小米出品,米家冰箱Pro 至尊版 十字508L 全域离子净化 4.0,midjd.fridge.bs47s,midjd.fridge.bs47s.png,
厨房电器,小米出品,米家冰箱Pro 至尊版 法式508L 全域离子净化 4.0,midjd.fridge.bf13s,midjd.fridge.bf13s.png,
厨房电器,小米出品,米家冰箱｜分储鲜 十字508L,midjd.fridge.bs24l,midjd.fridge.bs24l.png,
厨房电器,小米出品,米家冰箱｜分储鲜 十字冰晶439L,midjd.fridge.bs36s,midjd.fridge.bs36s.png,
厨房电器,小米出品,米家冰箱｜分储鲜 十字冰晶508L,midjd.fridge.bs37s,midjd.fridge.bs37s.png,
厨房电器,小米出品,米家冰箱｜平嵌Q7 法式439L,midjd.fridge.f01,midjd.fridge.f01.png,
厨房电器,小米出品,米家冰箱｜平嵌Q8（十字 508L/485L）,midjd.fridge.s24,midjd.fridge.s24.png,
厨房电器,小米出品,米家净水器 2 1200G,xiaomi.waterpuri.lx41,xiaomi.waterpuri.lx41.png,
厨房电器,小米出品,米家净水器 2 1600G,xiaomi.waterpuri.lx42,xiaomi.waterpuri.lx42.png,
厨房电器,小米出品,米家净水器 2 Pro 双出水 1200G,xiaomi.waterpuri.lx43,xiaomi.waterpuri.lx43.png,
厨房电器,小米出品,米家净水器 2 Pro 双出水 1600G,xiaomi.waterpuri.lx44,xiaomi.waterpuri.lx44.png,
厨房电器,小米出品,米家净水器1000G,yunmi.waterpuri.lx27,yunmi.waterpuri.lx27.png,
厨房电器,小米出品,米家净水器1000G Plus,xiaomi.waterpuri.lx33,xiaomi.waterpuri.lx33.png,
厨房电器,小米出品,米家净水器1000G Pro,xiaomi.waterpuri.lx32,xiaomi.waterpuri.lx32.png,
厨房电器,小米出品,米家净水器1200G,yunmi.waterpuri.lx28,yunmi.waterpuri.lx28.png,
厨房电器,小米出品,米家净水器1200G Pro,xiaomi.waterpuri.lx40,xiaomi.waterpuri.lx40.png,
厨房电器,小米出品,米家净水器1600G,yunmi.waterpuri.lx29,yunmi.waterpuri.lx29.png,
厨房电器,小米出品,米家净水器400G,xiaomi.waterpuri.400f4,xiaomi.waterpuri.400f4.png,
厨房电器,小米出品,米家净水器600G,chunmi.waterpuri.600f4,chunmi.waterpuri.600f4.png,
厨房电器,小米出品,米家净水器800G,xiaomi.waterpuri.800f4,xiaomi.waterpuri.800f4.png,
厨房电器,小米出品,米家净水器N1 1000G,xiaomi.waterpuri.n1000g,xiaomi.waterpuri.n1000g.png,
厨房电器,小米出品,米家净水器N1 1200G,xiaomi.waterpuri.n1200g,xiaomi.waterpuri.n1200g.png,
厨房电器,小米出品,米家净水器N1 1600G,xiaomi.waterpuri.n1600g,xiaomi.waterpuri.n1600g.png,
厨房电器,小米出品,米家净水器N1 800G,xiaomi.waterpuri.n800g,xiaomi.waterpuri.n800g.png,
厨房电器,小米出品,米家净水器Pro 双出水 1200G,xiaomi.waterpuri.lx30,xiaomi.waterpuri.lx30.png,
厨房电器,小米出品,米家净水器Pro 双出水 1600G,xiaomi.waterpuri.lx31,xiaomi.waterpuri.lx31.png,
厨房电器,小米出品,米家净水器S1 1000G,xiaomi.waterpuri.s1000g,xiaomi.waterpuri.s1000g.png,
厨房电器,小米出品,米家净水器S1 1200G,xiaomi.waterpuri.s1200g,xiaomi.waterpuri.s1200g.png,
厨房电器,小米出品,米家净水器S1 1600G,xiaomi.waterpuri.s1600g,xiaomi.waterpuri.s1600g.png,
厨房电器,小米出品,米家十字四门冰箱 496L,mibx2.fridge.496,mibx2.fridge.496.png,
厨房电器,小米出品,米家即热净水器 1200G,xiaomi.waterpuri.q1200,xiaomi.waterpuri.q1200.png,
厨房电器,小米出品,米家即热净水器 2 1200G,xiaomi.waterpuri.c1200,xiaomi.waterpuri.c1200.png,
厨房电器,小米出品,米家即热净水器 2 Pro 双出水 1200G,xiaomi.waterpuri.lx35,xiaomi.waterpuri.lx35.png,
厨房电器,小米出品,米家即热净水器 2 Pro 双出水 1600G,xiaomi.waterpuri.lx36,xiaomi.waterpuri.lx36.png,
厨房电器,小米出品,米家即热净水器Q1000,xiaomi.waterpuri.q1000,xiaomi.waterpuri.q1000.png,
厨房电器,小米出品,米家即热管线机,xiaomi.ysj.gxj,xiaomi.ysj.gxj.png,
厨房电器,小米出品,米家即热管线机 制冰版,xiaomi.ysj.zbgxj,xiaomi.ysj.zbgxj.png,
厨房电器,小米出品,米家即热饮水机 Max 制冰版,xiaomi.ysj.ymmax,xiaomi.ysj.ymmax.png,
厨房电器,小米出品,米家压力IH电饭煲,chunmi.cooker.press1,chunmi.cooker.press1.png,
厨房电器,小米出品,米家压力IH电饭煲1S,chunmi.cooker.k1pro1,chunmi.cooker.k1pro1.png,
厨房电器,小米出品,米家双口电磁炉,chunmi.ihcooker.double,chunmi.ihcooker.double.png,
厨房电器,小米出品,米家双核净水器1200G Pro,xiaomi.waterpuri.lx20,xiaomi.waterpuri.lx20.png,
厨房电器,小米出品,米家台式净饮机  凉白开 1级水效,xiaomi.ysj.tsj15,xiaomi.ysj.tsj15.png,
厨房电器,小米出品,米家台式净饮机 NFC 1级水效,xiaomi.ysj.tsa2p,xiaomi.ysj.tsa2p.png,
厨房电器,小米出品,米家台式净饮机 乐享版,chunmi.ysj.tsj9,chunmi.ysj.tsj9.png,
厨房电器,小米出品,米家台式净饮机 冷热版,chunmi.ysj.tsj7,chunmi.ysj.tsj7.png,
厨房电器,小米出品,米家台式净饮机 凉白开版,chunmi.ysj.tsj13,chunmi.ysj.tsj13.png,
厨房电器,小米出品,米家台式净饮机 制冰版,xiaomi.ysj.cmzb,xiaomi.ysj.cmzb.png,
厨房电器,小米出品,米家台式净饮机 智享版,chunmi.ysj.tsa1p,chunmi.ysj.tsa1p.png,
厨房电器,小米出品,米家多功能电煮壶,viomi.health_pot.v1,viomi.health_pot.v1.png,
厨房电器,小米出品,米家富矿净水器,xiaomi.waterpuri.cmfk1,xiaomi.waterpuri.cmfk1.png,
厨房电器,小米出品,米家对开门冰箱 485L,midjd7.fridge.4852,midjd7.fridge.4852.png,
厨房电器,小米出品,米家对开门冰箱 墨羽岩(适用于536L/530L),midjd6.fridge.536,midjd6.fridge.536.png,
厨房电器,小米出品,米家对开门冰箱（适用610L/606L/616L),midjd6.fridge.610,midjd6.fridge.610.png,
厨房电器,小米出品,米家对开门冰箱（适用610L/606L/616L）,midjd6.fridge.610b,midjd6.fridge.610b.png,
厨房电器,小米出品,米家小饭煲,chunmi.cooker.eh1,chunmi.cooker.eh1.png,
厨房电器,小米出品,米家微波炉1,chunmi.microwave.n20l02,chunmi.microwave.n20l02.png,
厨房电器,小米出品,米家微波炉2,chunmi.microwave.n20l01,chunmi.microwave.n20l01.png,
厨房电器,小米出品,米家恒温电水壶2 Pro,yunmi.kettle.v19,yunmi.kettle.v19.png,
厨房电器,小米出品,米家恒温电水壶3Pro,xiaomi.kettle.ym3pro,xiaomi.kettle.ym3pro.png,
厨房电器,小米出品,米家恒温电水壶Pro,yunmi.kettle.v13,yunmi.kettle.v13.png,
厨房电器,小米出品,米家智能IH多功能料理锅,viomi.mfcp.m1,viomi.mfcp.m1.png,
厨房电器,小米出品,米家智能IH电饭煲P1  4L,xiaomi.cooker.cmihp4,xiaomi.cooker.cmihp4.png,
厨房电器,小米出品,米家智能IH电饭煲P1 3L,xiaomi.cooker.cmih4,xiaomi.cooker.cmih4.png,
厨房电器,小米出品,米家智能侧吸油烟机,viomi.hood.v2,viomi.hood.v2.png,
厨房电器,小米出品,米家智能侧吸油烟机S1,viomi.hood.v12,viomi.hood.v12.png,
厨房电器,小米出品,米家智能冷热饮水机,yunmi.ysj.v1,yunmi.ysj.v1.png,
厨房电器,小米出品,米家智能净烟机P1,cykj.hood.jyj22,cykj.hood.jyj22.png,
厨房电器,小米出品,米家智能净烟机P2,xiaomi.hood.jyjp2,xiaomi.hood.jyjp2.png,
厨房电器,小米出品,米家智能净烟机Pro,xiaomi.hood.cyp10,xiaomi.hood.cyp10.png,
厨房电器,小米出品,米家智能净烟机S1,cykj.hood.jyjs1,cykj.hood.jyjs1.png,
厨房电器,小米出品,米家智能净烟机S2,xiaomi.hood.jyjss2,xiaomi.hood.jyjss2.png,
厨房电器,小米出品,米家智能净烟机S20,xiaomi.hood.jyjs20,xiaomi.hood.jyjs20.png,
厨房电器,小米出品,米家智能净烟机T1,xiaomi.hood.jyjp3,xiaomi.hood.jyjp3.png,
厨房电器,小米出品,米家智能变压IH电饭煲 4L,xiaomi.cooker.cmby4,xiaomi.cooker.cmby4.png,
厨房电器,小米出品,米家智能变频升降吸油烟机S1,viomi.hood.v8,viomi.hood.v8.png,
厨房电器,小米出品,米家智能变频欧式吸油烟机S10,xiaomi.hood.ymv9,xiaomi.hood.ymv9.png,
厨房电器,小米出品,米家智能台式洗碗机5套 S2,xiaomi.dishwasher.s2,xiaomi.dishwasher.s2.png,
厨房电器,小米出品,米家智能台式洗碗机5套S1,qmdq88.dishwasher.s1,qmdq88.dishwasher.s1.png,
厨房电器,小米出品,米家智能台式洗碗机6套 S10,xiaomi.dishwasher.ts10,xiaomi.dishwasher.ts10.png,
厨房电器,小米出品,米家智能吸油烟机 2 侧吸,xiaomi.hood.ymv11,xiaomi.hood.ymv11.png,
厨房电器,小米出品,米家智能吸油烟机 3 变频欧式,xiaomi.hood.ym9a,xiaomi.hood.ym9a.png,
厨房电器,小米出品,米家智能吸油烟机 3 新欧式,xiaomi.hood.ymv12,xiaomi.hood.ymv12.png,
厨房电器,小米出品,米家智能吸油烟机 3C 侧吸,xiaomi.hood.ym2d,xiaomi.hood.ym2d.png,
厨房电器,小米出品,米家智能多功能养生壶,chunmi.health_pot.cmpa1,chunmi.health_pot.cmpa1.png,
厨房电器,小米出品,米家智能多功能养生壶 P1,xiaomi.health_pot.p1,xiaomi.health_pot.p1.png,
厨房电器,小米出品,米家智能多功能养生壶P1,xiaomi.health_pot.p1v3,xiaomi.health_pot.p1v3.png,
厨房电器,小米出品,米家智能多功能蒸煮锅1.5L,deerma.mfcp.v3,deerma.mfcp.v3.png,
厨房电器,小米出品,米家智能小破壁料理机,pinlo.juicer.pbj,pinlo.juicer.pbj.png,
厨房电器,小米出品,米家智能小饭煲2,xiaomi.cooker.cmc301,xiaomi.cooker.cmc301.png,
厨房电器,小米出品,米家智能嵌入式洗碗机12套S1,msj.dishwasher.v1,msj.dishwasher.v1.png,
厨房电器,小米出品,米家智能嵌入式洗碗机13套 S2 白,xiaomi.dishwasher.v02,xiaomi.dishwasher.v02.png,
厨房电器,小米出品,米家智能嵌入式洗碗机13套 S2 黑,xiaomi.dishwasher.v03,xiaomi.dishwasher.v03.png,
厨房电器,小米出品,米家智能嵌入式洗碗机16套P2,xiaomi.dishwasher.p116,xiaomi.dishwasher.p116.png,
厨房电器,小米出品,米家智能嵌入式洗碗机18套 S20,xiaomi.dishwasher.16s20,xiaomi.dishwasher.16s20.png,
厨房电器,小米出品,米家智能嵌入式洗碗机P20 18套,xiaomi.dishwasher.18p20,xiaomi.dishwasher.18p20.png,
厨房电器,小米出品,米家智能嵌入式洗碗机S20 16套,xiaomi.dishwasher.wqp16,xiaomi.dishwasher.wqp16.png,
厨房电器,小米出品,米家智能嵌入式蒸烤一体机P1 58L,chunmi.oven.p1,chunmi.oven.p1.png,
厨房电器,小米出品,米家智能嵌入式蒸烤一体机S1 58L,chunmi.oven.s1,chunmi.oven.s1.png,
厨房电器,小米出品,米家智能平嵌侧吸油烟机S1,xiaomi.hood.ympqs1,xiaomi.hood.ympqs1.png,
厨房电器,小米出品,米家智能微压IH电饭煲3L,xiaomi.cooker.cmwy3,xiaomi.cooker.cmwy3.png,
厨房电器,小米出品,米家智能微压IH电饭煲4L,xiaomi.cooker.cmwy4,xiaomi.cooker.cmwy4.png,
厨房电器,小米出品,米家智能微波炉 20L,chunmi.microwave.cmwb3,chunmi.microwave.cmwb3.png,
厨房电器,小米出品,米家智能微波炉 20L 节能版,xiaomi.microwave.cm20l2,xiaomi.microwave.cm20l2.png,
厨房电器,小米出品,米家智能微波炉P1,xiaomi.microwave.cm20l,xiaomi.microwave.cm20l.png,
厨房电器,小米出品,米家智能微烤一体机,chunmi.microwave.cmwk2,chunmi.microwave.cmwk2.png,
厨房电器,小米出品,米家智能微蒸烤一体机 Pro 嵌入式 52L,xiaomi.oven.ym03v,xiaomi.oven.ym03v.png,
厨房电器,小米出品,米家智能快煮电饭煲 5L,xiaomi.cooker.cmjs5,xiaomi.cooker.cmjs5.png,
厨房电器,小米出品,米家智能欧式吸油烟机S2,xiaomi.hood.ymv5,xiaomi.hood.ymv5.png,
厨房电器,小米出品,米家智能洗碗机 Pro 嵌入式 18套 白,xiaomi.dishwasher.18pw,xiaomi.dishwasher.18pw.png,
厨房电器,小米出品,米家智能洗碗机 Pro 嵌入式 18套 银,xiaomi.dishwasher.18ps,xiaomi.dishwasher.18ps.png,
厨房电器,小米出品,米家智能消毒机,xiaomi.steriliser.uvs01,xiaomi.steriliser.uvs01.png,
厨房电器,小米出品,米家智能独嵌两用洗碗机15套S1,viomi.dishwasher.m03,viomi.dishwasher.m03.png,
厨房电器,小米出品,米家智能独嵌两用洗碗机16套 S10,xiaomi.dishwasher.qms10,xiaomi.dishwasher.qms10.png,
厨房电器,小米出品,米家智能独嵌两用洗碗机16套N1,qmdq88.dishwasher.n116,qmdq88.dishwasher.n116.png,
厨房电器,小米出品,米家智能独嵌两用洗碗机16套P1,qmdq88.dishwasher.p116,qmdq88.dishwasher.p116.png,
厨房电器,小米出品,米家智能电压力锅 2 Pro 5L,xiaomi.pre_cooker.eh2,xiaomi.pre_cooker.eh2.png,
厨房电器,小米出品,米家智能电压力锅2.5L,xiaomi.pre_cooker.eh4,xiaomi.pre_cooker.eh4.png,
厨房电器,小米出品,米家智能电压力锅5L,xiaomi.pre_cooker.eh3,xiaomi.pre_cooker.eh3.png,
厨房电器,小米出品,米家智能电烤箱 40L,chunmi.oven.x13,chunmi.oven.x13.png,
厨房电器,小米出品,米家智能电热水瓶 5L,xiaomi.kettle.mek01,xiaomi.kettle.mek01.png,官网已移除该型号
厨房电器,小米出品,米家智能电热水瓶Pro 5L,xiaomi.kettle.mek21,xiaomi.kettle.mek21.png,
厨房电器,小米出品,米家智能电蒸锅 12L,xiaomi.esteamer.mes01,xiaomi.esteamer.mes01.png,
厨房电器,小米出品,米家智能电饭煲 3L,chunmi.cooker.wy3,chunmi.cooker.wy3.png,
厨房电器,小米出品,米家智能电饭煲 4L,chunmi.cooker.wy4,chunmi.cooker.wy4.png,
厨房电器,小米出品,米家智能破壁料理机,chunmi.juicer.a1,chunmi.juicer.a1.png,
厨房电器,小米出品,米家智能空气炸烤箱 30L,chunmi.oven.kqz1,chunmi.oven.kqz1.png,
厨房电器,小米出品,米家智能空气炸锅 4.5L,careli.fryer.maf06b,careli.fryer.maf06b.png,
厨房电器,小米出品,米家智能空气炸锅 4L,careli.fryer.maf03a,careli.fryer.maf03a.png,
厨房电器,小米出品,米家智能空气炸锅 5.5L 可视版,careli.fryer.maf07c,careli.fryer.maf07c.png,
厨房电器,小米出品,米家智能空气炸锅 6.5L 嫩烤版,careli.fryer.maf09a,careli.fryer.maf09a.png,
厨房电器,小米出品,米家智能空气炸锅 Pro 蒸烤版 6.5L,xiaomi.fryer.st701,xiaomi.fryer.st701.png,
厨房电器,小米出品,米家智能空气炸锅3.5L,careli.fryer.maf03,careli.fryer.maf03.png,
厨房电器,小米出品,米家智能空气炸锅Pro 4L,careli.fryer.maf04,careli.fryer.maf04.png,
厨房电器,小米出品,米家智能自清洗破壁料理机,chunmi.juicer.mx1,chunmi.juicer.mx1.png,
厨房电器,小米出品,米家智能蒸汽小烤箱 12L,chunmi.oven.x02,chunmi.oven.x02.png,
厨房电器,小米出品,米家智能蒸烤一体集成灶P1,chunmi.i_stove.p1,chunmi.i_stove.p1.png,
厨房电器,小米出品,米家智能蒸烤一体集成灶S11,chunmi.i_stove.s1y,chunmi.i_stove.s1y.png,
厨房电器,小米出品,米家智能蒸烤一体集成灶S12,chunmi.i_stove.s1,chunmi.i_stove.s1.png,
厨房电器,小米出品,米家智能蒸烤箱,chunmi.oven.steam30lv1,chunmi.oven.steam30lv1.png,
厨房电器,小米出品,米家智能蒸烤箱 20L,chunmi.oven.x14,chunmi.oven.x14.png,
厨房电器,小米出品,米家智能蒸烤箱S1 30L,xiaomi.oven.cm30l,xiaomi.oven.cm30l.png,
厨房电器,小米出品,米家智能计时器,hoto.timer.kt,hoto.timer.kt.png,
厨房电器,小米出品,米家智能超薄低吸油烟机S1,viomi.hood.v11,viomi.hood.v11.png,
厨房电器,小米出品,米家智能超薄电磁炉,xiaomi.ihcooker.cmg28,xiaomi.ihcooker.cmg28.png,
厨房电器,小米出品,米家智能轻音变频破壁机P1,xiaomi.juicer.dempp1,xiaomi.juicer.dempp1.png,
厨房电器,小米出品,米家智能轻音破壁料理机,pinlo.juicer.pbjs1,pinlo.juicer.pbjs1.png,
厨房电器,小米出品,米家智能轻音破壁料理机S1,xiaomi.juicer.cms1,xiaomi.juicer.cms1.png,
厨房电器,小米出品,米家智能轻音破壁机S2,xiaomi.juicer.dems2,xiaomi.juicer.dems2.png,
厨房电器,小米出品,米家智能顶侧双吸油烟机S2,xiaomi.hood.ymv8,xiaomi.hood.ymv8.png,
厨房电器,小米出品,米家烹饪机器人,chunmi.mfcp.c3,chunmi.mfcp.c3.png,
厨房电器,小米出品,米家电压力锅,chunmi.pre_cooker.eh1,chunmi.pre_cooker.eh1.png,
厨房电器,小米出品,米家电子锅mini,chunmi.cooker.tw1,chunmi.cooker.tw1.png,
厨房电器,小米出品,米家电磁炉,chunmi.ihcooker.v1,chunmi.ihcooker.v1.png,
厨房电器,小米出品,米家电磁炉2,chunmi.ihcooker.v2,chunmi.ihcooker.v2.png,
厨房电器,小米出品,米家电磁炉套装-锋味定制版,chunmi.ihcooker.chefnic,chunmi.ihcooker.chefnic.png,
厨房电器,小米出品,米家电饭煲4L,chunmi.cooker.eh402,chunmi.cooker.eh402.png,
厨房电器,小米出品,米家超薄电磁炉,chunmi.ihcooker.slim,chunmi.ihcooker.slim.png,
厨房电器,小米出品,米家跨界吸油烟机S1,viomi.hood.v5,viomi.hood.v5.png,
厨房电器,小米出品,米家透明蒸汽电饭煲,chunmi.cooker.ls1,chunmi.cooker.ls1.png,
厨房电器,小米出品,米家风冷十字四门冰箱 486L,viomi.fridge.m1,viomi.fridge.m1.png,
厨房电器,小米出品,米家高速搅拌机（破壁料理机）,viomi.juicer.v1,viomi.juicer.v1.png,
厨房电器,帝菲斯,帝菲斯智能凉霸,difeis.ven_fan.dql04h,difeis.ven_fan.dql04h.png,
厨房电器,心想,心想智能胶囊咖啡机,scishare.coffee.s1102,scishare.coffee.s1102.png,
厨房电器,悠伴,悠伴智能空气炸锅2208DTW,careli.fryer.ybaf01,careli.fryer.ybaf01.png,
厨房电器,无言智,Silencare 无言1.8L款空气炸锅,silen.fryer.sck501,silen.fryer.sck501.png,
厨房电器,无言智,Silencare 无言智能空气炸锅,silen.fryer.sck505,silen.fryer.sck505.png,
厨房电器,无言智,Silencare无言智能牛排机SC-K307W,silen.mfcp.sck307,silen.mfcp.sck307.png,
厨房电器,无言智,Silencare无言智能空气炸锅SC-K508W,silen.fryer.sck5o8,silen.fryer.sck5o8.png,
厨房电器,星星,星星智能冰柜,xxll.fridge.mtb40g,xxll.fridge.mtb40g.png,
厨房电器,星月,嘀米RO净水机650G,dmaker.waterpuri.600g,dmaker.waterpuri.600g.png,
厨房电器,欧普,欧普智能凉霸,opple.ven_fan.liba02,opple.ven_fan.liba02.png,
厨房电器,波咯咯,bololo暖奶器,tata.milkheat.bl1108,tata.milkheat.bl1108.png,
厨房电器,炎米,炎米智能便携饮水机,ym001.ysj.ymysj3,ym001.ysj.ymysj3.png,
厨房电器,炎米,炎米智能便携饮水机Y1,ym001.ysj.ymbx,ym001.ysj.ymbx.png,
厨房电器,炎米,炎米智能即热饮水机Y1,ym001.ysj.ymzm,ym001.ysj.ymzm.png,
厨房电器,炎米,炎米智能饮水机,ym001.ysj.ymysj,ym001.ysj.ymysj.png,
厨房电器,知吾煮,知吾煮1.6L 电饭煲,chunmi.cooker.ztw02,chunmi.cooker.ztw02.png,
厨房电器,知吾煮,知吾煮1.6L电饭煲,chunmi.cooker.zwz02,chunmi.cooker.zwz02.png,
厨房电器,知吾煮,知吾煮智能多功能养生壶,chunmi.health_pot.zwza1,chunmi.health_pot.zwza1.png,
厨房电器,知吾煮,知吾煮智能电饭煲1.6L,chunmi.cooker.zwz04,chunmi.cooker.zwz04.png,
厨房电器,知吾煮,知吾煮智能电饭煲4L,chunmi.cooker.zwz01,chunmi.cooker.zwz01.png,
厨房电器,知吾煮,知吾煮电磁炉,chunmi.ihcooker.zwz03,chunmi.ihcooker.zwz03.png,
厨房电器,米科智想,米科智想凉霸,ftd.ven_fan.wfifbh,ftd.ven_fan.wfifbh.png,
厨房电器,纯米,圈厨牌CS-CJ01-1200G型反渗透净水机,chunmi.waterpuri.qc1200,chunmi.waterpuri.qc1200.png,
厨房电器,纯米,圈厨牌CS-CJ01-1600G型反渗透净水机,chunmi.waterpuri.qc1600,chunmi.waterpuri.qc1600.png,
厨房电器,美高,果蔬净化清洗机,msj.f_washer.m1,msj.f_washer.m1.png,
厨房电器,美高,美仕杰家用集成水槽,msj.dishwasher.s110u,msj.dishwasher.s110u.png,
厨房电器,美高,美仕杰集成式燃气灶具,msj.i_stove.jc97,msj.i_stove.jc97.png,
厨房电器,美高,美仕杰集成水槽3.0,msj.f_washer.v3,msj.f_washer.v3.png,
厨房电器,美高,美仕杰集成水槽星云款,msj.dishwasher.s02,msj.dishwasher.s02.png,
厨房电器,美高,美仕杰集成灶,msj.i_stove.g7,msj.i_stove.g7.png,
厨房电器,美高,美仕杰集成灶魔方款保洁,msj.i_stove.m6x,msj.i_stove.m6x.png,
厨房电器,美高,美仕杰集成灶魔方款蒸烤,msj.i_stove.m3z,msj.i_stove.m3z.png,
厨房电器,贝克巴斯,贝克巴斯智能厨余垃圾处理器ELEMENT60 PRO,becbas.disposer.e60,becbas.disposer.e60.png,
厨房电器,贝克巴斯,贝克巴斯智能厨余垃圾处理器FUSION3 PRO,becbas.disposer.f3pro,becbas.disposer.f3pro.png,
厨房电器,追觅,追觅反渗透净水机S6,dreame.waterpuri.p2147,dreame.waterpuri.p2147.png,
厨房电器,魔凡,魔凡智能即热泡茶机,morfun.ysj.mf213,morfun.ysj.mf213.png,
厨房电器,魔凡,魔凡智能即热茶吧机,morfun.kettle.mf809,morfun.kettle.mf809.png,
厨房电器,魔凡,魔凡智能即热饮水吧,morfun.ysj.mf208,morfun.ysj.mf208.png,
厨房电器,鸿雁,HONYAR鸿雁牌HY-RO401-1000M型反渗透净水机,honyar.waterpuri.001,honyar.waterpuri.001.png,
厨房电器,JOYMAYLAB,JOYMAYLAB方冰制冰机,qdjm.icemake.fkzbj,qdjm.icemake.fkzbj.png,
厨房电器,今选,今选智能厨房秤517,rrui.k_scale.517,rrui.k_scale.517.png,
厨房电器,今选,今选智能厨房秤517B,rrui.k_scale.517b,rrui.k_scale.517b.png,
厨房电器,宜米,宜米小型制冰机i3,yimilx.icemake.ymzbj,yimilx.icemake.ymzbj.png,
厨房电器,小米出品,米家冰箱Pro 600L十字 自动制冰,midjd.fridge.bs60s,midjd.fridge.bs60s.png,
厨房电器,小米出品,米家冰箱Pro 十字508L 全域离子净化4.0,midjd.fridge.bs473,midjd.fridge.bs473.png,
厨房电器,小米出品,米家冰箱Pro 双系统 十字606L/米家冰箱Pro 十字 600L,midjd.fridge.bs57k,midjd.fridge.bs57k.png,
厨房电器,小米出品,米家冰箱Pro 法式508L 全域离子净化4.0,midjd.fridge.bf133,midjd.fridge.bf133.png,
厨房电器,小米出品,米家净水器 2 沸腾版,xiaomi.waterpuri.lx45,xiaomi.waterpuri.lx45.png,
厨房电器,小米出品,米家智能IH电饭煲2 多功能版 3L,xiaomi.cooker.cmft3,xiaomi.cooker.cmft3.png,
厨房电器,小米出品,米家智能IH电饭煲2 多功能版 4L,xiaomi.cooker.cmft4,xiaomi.cooker.cmft4.png,
厨房电器,小米出品,米家智能净烟机 3 Pro,xiaomi.hood.jws3p,xiaomi.hood.jws3p.png,
厨房电器,小米出品,米家智能净烟机 3 白色,xiaomi.hood.jws3,xiaomi.hood.jws3.png,
厨房电器,小米出品,米家智能吸油烟机 3 欧式,xiaomi.hood.ym1d,xiaomi.hood.ym1d.png,
厨房电器,小米出品,米家智能吸油烟机 3 顶侧双吸,xiaomi.hood.ym3c,xiaomi.hood.ym3c.png,
厨房电器,小米出品,米家智能微蒸烤一体机,xiaomi.oven.cmtsx8,xiaomi.oven.cmtsx8.png,
厨房电器,小米出品,米家智能微蒸烤一体机P1 28L,xiaomi.oven.cmp128,xiaomi.oven.cmp128.png,
厨房电器,小米出品,米家智能空气炸锅P1 6.5L,xiaomi.fryer.maf16j,xiaomi.fryer.maf16j.png,
厨房电器,小米出品,米家智能茶吧机 Pro 立式,xiaomi.teabar.mtb01,xiaomi.teabar.mtb01.png,
厨房电器,小米出品,米家智能茶吧机 台面式,xiaomi.teabar.mtb02,xiaomi.teabar.mtb02.png,
厨房电器,炎米,炎米智能上水器,ym001.ysj.ymd36,ym001.ysj.ymd36.png,
厨房电器,小米出品,米家冰箱Pro 439L法式 自动制冰,midjd.fridge.bf19j,midjd.fridge.bf19j.png,
厨房电器,小米出品,米家冰箱 巨能装Pro 十字513L,midjd.fridge.bs42k,midjd.fridge.bs42k.png,
厨房电器,小米出品,米家智能意式半自动咖啡机  Pro,xiaomi.coffee.kl01,xiaomi.coffee.kl01.png,
厨房电器,小米出品,米家智能洗碗机 嵌入式 20套 黑,xiaomi.dishwasher.20bi,xiaomi.dishwasher.20bi.png,
厨房电器,小米出品,米家智能洗碗机 嵌入式 20套 白,xiaomi.dishwasher.20biw,xiaomi.dishwasher.20biw.png,
厨房电器,小米出品,米家智能洗碗机 台式 5套,xiaomi.dishwasher.5c,xiaomi.dishwasher.5c.png,
厨房电器,小米出品,米家智能净烟机 3 Max,xiaomi.hood.max,xiaomi.hood.max.png,
厨房电器,小米出品,米家智能电热水瓶 5L,xiaomi.kettle.mek101,xiaomi.kettle.mek101.png,
厨房电器,小米出品,米家富矿净水器2,xiaomi.waterpuri.cmfk2,xiaomi.waterpuri.cmfk2.png,
安防,Aqara,Aqara智能门锁,lumi.lock.aq1,lumi.lock.aq1.png,
安防,Aqara,Aqara智能门锁 N100,lumi.lock.bzacn2,lumi.lock.bzacn2.png,
安防,Aqara,Aqara智能门锁 N200,lumi.lock.bzacn1,lumi.lock.bzacn1.png,
安防,Aqara,Aqara智能门锁 S2,lumi.lock.acn02,lumi.lock.acn02.png,
安防,Aqara,Aqara智能门锁 S2 Pro,lumi.lock.acn03,lumi.lock.acn03.png,
安防,Aqara,全自动智能推拉锁 D100,lumi.lock.bacn01,lumi.lock.bacn01.png,
安防,Aqara,智能摄像机G2（网关版）,lumi.camera.gwagl01,lumi.camera.gwagl01.png,
安防,Aqara,智能摄像机（网关版）,lumi.camera.aq1,lumi.camera.aq1.png,
安防,Aqara,智能锁芯,lumi.lock.v1,lumi.lock.v1.png,
安防,Aqara,智能门锁 J1,lumi.lock.eicn02,lumi.lock.eicn02.png,
安防,BECK,BECK智能门锁V10 Max,beck.lock.v10,beck.lock.v10.png,
安防,CHJH,CHJH智能门锁M1,zjhdgm.lock.m2,zjhdgm.lock.m2.png,
安防,CHJH,CHJH智能门锁M2,zjhdgm.lock.m1,zjhdgm.lock.m1.png,
安防,DTIOTCAM,德泰智能摄像机2K云台版,dtwl.camera.dtz3m,dtwl.camera.dtz3m.png,
安防,Dracle,Dracle智能门锁S1,kkd.lock.ss1,kkd.lock.ss1.png,
安防,JOG,JOG 智能U型锁 H1,jgwj.lock.jogh1,jgwj.lock.jogh1.png,
安防,KAPUCI,卡唛米尚电子指纹保管箱,lcrmcr.safe.ms,lcrmcr.safe.ms.png,
安防,LineHope,LineHope智能玻璃门锁C1,line.lock.bmsc1,line.lock.bmsc1.png,
安防,LineHope,LineHope智能玻璃门锁C1S,line.lock.bmsc1s,line.lock.bmsc1s.png,
安防,LineHope,LineHope智能门锁S2,line.lock.ms2,line.lock.ms2.png,
安防,LineHope,智能门锁S5 Pro,line.lock.fms5s,line.lock.fms5s.png,
安防,MANIS JAVANICA,MANIS JAVANICA（穿山甲）智能门锁 B10,haman.lock.b10m,haman.lock.b10m.png,
安防,MANIS JAVANICA,MANIS JAVANICA（穿山甲）智能门锁 门小宝6号,haman.lock.mxb6h,haman.lock.mxb6h.png,
安防,Mexin美心,美心智能锁MX-K20S,mexin.lock.k20s,mexin.lock.k20s.png,
安防,OJJ,OJJ智能门锁X1,loock.lock.v4,loock.lock.v4.png,
安防,OJJ,OJJ智能门锁Z1,loock.lock.ojjz1,loock.lock.ojjz1.png,
安防,PALMHANG掌航,palmhang掌航智能指纹门锁M2,px123.lock.m2,px123.lock.m2.png,
安防,PALMHANG掌航,掌航智能门锁H6,px123.lock.h6,px123.lock.h6.png,
安防,PANPAN,盼盼智能锁 PL7230,cnbi.lock.pl7230,cnbi.lock.pl7230.png,
安防,SCI MAN LOCK,LKD智能门铃M10,lkd001.doorbell.amlkml,lkd001.doorbell.amlkml.png,
安防,TATACASA,TATACASA智能门锁NJJ-101,line.lock.mst2,line.lock.mst2.png,
安防,TATACASA,TATACASA智能门锁NJJ-102,line.lock.mst1,line.lock.mst1.png,
安防,TECCHE,特畅恒智能门锁A20,tecche.lock.a20,tecche.lock.a20.png,
安防,VOC,VOC全自动掌静脉门锁,voc777.lock.k5ss,voc777.lock.k5ss.png,
安防,VOC,VOC全自动门锁,voc777.lock.k6,voc777.lock.k6.png,
安防,VOC,VOC大屏猫眼人脸锁T10 Plus,voc777.lock.t8,voc777.lock.t8.png,
安防,VOC,VOC智能门锁T50 Max,voc777.lock.t20pro,voc777.lock.t20pro.png,
安防,VOC,VOC猫眼视频人脸锁,voc777.lock.t30pro,voc777.lock.t30pro.png,
安防,VOC,小K士人脸门锁,voc777.lock.757,voc777.lock.757.png,
安防,YNSUR,ynsurT13智能锁,ynsur.lock.t13,ynsur.lock.t13.png,
安防,Yeelight,全自动人脸识别门锁,yeelink.lock.alps03,yeelink.lock.alps03.png,
安防,dlingsmart,叮零室外云台摄像机 B1,xiaovv.camera.fjcam9,xiaovv.camera.fjcam9.png,
安防,dlingsmart,叮零室外双摄摄像机 A8,xiaovv.camera.fj20,xiaovv.camera.fj20.png,
安防,dlingsmart,叮零室外双摄摄像机A1,xiaovv.camera.fjcam3,xiaovv.camera.fjcam3.png,
安防,dlingsmart,叮零户外云台摄像机 4G,xiaovv.camera.fjcam5,xiaovv.camera.fjcam5.png,
安防,dlingsmart,叮零智能云台摄像机 X3,xiaovv.camera.fjcam8,xiaovv.camera.fjcam8.png,
安防,dlingsmart,叮零智能云台摄像机 X3 Pro,xiaovv.camera.fj13,xiaovv.camera.fj13.png,
安防,dlingsmart,叮零智能云台摄像机 X8,xiaovv.camera.fj19,xiaovv.camera.fj19.png,
安防,dlingsmart,叮零智能双摄摄像机 S8,xiaovv.camera.fjcam4,xiaovv.camera.fjcam4.png,
安防,dlingsmart,叮零智能双摄海螺机 H2,xiaovv.camera.fj12,xiaovv.camera.fj12.png,
安防,dlingsmart,叮零智能摄像机 N1,xiaovv.camera.fjcam6,xiaovv.camera.fjcam6.png,
安防,dlingsmart,智能双摄摄像机S1云台版,xiaovv.camera.fjcam2,xiaovv.camera.fjcam2.png,
安防,imilab,IMILAB智能门锁M10,chuangmi.lock.506ac1,chuangmi.lock.506ac1.png,
安防,linptech 领普,自发电WIFI门铃2,linp.doorbell.g04,linp.doorbell.g04.png,
安防,linptech 领普,自发电WiFi门铃,linp.doorbell.g03,linp.doorbell.g03.png,
安防,qborn,qborn小海豚儿童安全座椅手机版,913101.tracker.d1,913101.tracker.d1.png,
安防,xiaovv,xiaovv 户外云台摄像机 2.5K SE,xiaovv.camera.xvvc04,xiaovv.camera.xvvc04.png,
安防,xiaovv,xiaovv室内枪球一体摄像机 BQ2 Pro,xiaovv.camera.xvvc02,xiaovv.camera.xvvc02.png,
安防,xiaovv,xiaovv户外云台摄像机 2K,xiaovv.camera.p1,xiaovv.camera.p1.png,
安防,xiaovv,xiaovv户外云台摄像机 4G,xiaovv.camera.p124g,xiaovv.camera.p124g.png,
安防,xiaovv,xiaovv户外云台摄像机 4G 2.5K,xiaovv.camera.xv4g2,xiaovv.camera.xv4g2.png,
安防,xiaovv,xiaovv户外云台摄像机 Pro 2.5K,xiaovv.camera.p94mp,xiaovv.camera.p94mp.png,
安防,xiaovv,xiaovv户外摄像机 Pro 2K,xiaovv.camera.xvcb3,xiaovv.camera.xvcb3.png,
安防,xiaovv,xiaovv户外枪球一体摄像机,xiaovv.camera.bp340,xiaovv.camera.bp340.png,
安防,xiaovv,xiaovv智能云台摄像机 2K,xiaovv.camera.q8,xiaovv.camera.q8.png,
安防,xiaovv,xiaovv智能云台摄像机 2K 双光版,xiaovv.camera.q9,xiaovv.camera.q9.png,
安防,xiaovv,xiaovv智能云台摄像机 心享版,xiaovv.camera.q12,xiaovv.camera.q12.png,
安防,xiaovv,xiaovv智能云台摄像机 智享版,xiaovv.camera.q2,xiaovv.camera.q2.png,
安防,xiaovv,xiaovv智能云台摄像机 智享版2.5K,xiaovv.camera.q24mp,xiaovv.camera.q24mp.png,
安防,xiaovv,xiaovv智能云台海螺机,xiaovv.camera.q1,xiaovv.camera.q1.png,
安防,xiaovv,xiaovv智能云台海螺机2.5K,xiaovv.camera.q330,xiaovv.camera.q330.png,
安防,xiaovv,xiaovv智能全景摄像机（云存储版）,xiaovv.camera.xvd5,xiaovv.camera.xvd5.png,
安防,xiaovv,xiaovv智能婴儿监护器 2K,xiaovv.camera.c12k,xiaovv.camera.c12k.png,
安防,xiaovv,xiaovv智能婴儿监护器 4K,xiaovv.camera.xvvc08,xiaovv.camera.xvvc08.png,
安防,xiaovv,xiaovv智能婴儿监视器,xiaovv.camera.c1,xiaovv.camera.c1.png,
安防,xiaovv,xiaovv海螺枪球摄像机 BQ3,xiaovv.camera.bq36,xiaovv.camera.bq36.png,
安防,xiaovv,小猫云台摄像机 青春版,xiaovv.camera.q2lite,xiaovv.camera.q2lite.png,
安防,xiaovv,户外云台摄像机 青春版,xiaovv.camera.p12l,xiaovv.camera.p12l.png,
安防,xiaovv,欧森智能摄像机 2K,xiaovv.camera.q4,xiaovv.camera.q4.png,
安防,xiaovv,烈驹智能云台半球机 2K,xiaovv.camera.ljcam1,xiaovv.camera.ljcam1.png,
安防,三斧头,三斧头密码抽屉T3,t3ft.safe.001,t3ft.safe.001.png,
安防,云丁,云丁智能锁L90-ULtra,ydlock.lock.l90,ydlock.lock.l90.png,
安防,云米,云米AI智能摄像机Smart（云台版2.5K）,yunmi.camera.cwb12b,yunmi.camera.cwb12b.png,
安防,云米,云米AI智能门锁Cross 3,yunmi.lock.lbt81a,yunmi.lock.lbt81a.png,
安防,云米,云米AI智能门锁Master 3E,viomi.lock.lbt46a,viomi.lock.lbt46a.png,
安防,云米,云米AI智能门锁Smart 2,viomi.lock.lbt51a,viomi.lock.lbt51a.png,
安防,云米,云米AI智能门锁Super 2E（蓝牙版）,viomi.lock.lbt61a,viomi.lock.lbt61a.png,
安防,云米,云米AI智能门锁Super 2Y,viomi.lock.lbt16a,viomi.lock.lbt16a.png,
安防,云米,云米AI智能门锁Super 3Y,viomi.lock.lbt64a,viomi.lock.lbt64a.png,
安防,云米,云米AI智能门锁eLink 2C,viomi.lock.link3,viomi.lock.link3.png,
安防,云米,云米AI智能门锁eyeLink 2F Pro,viomi.lock.lbt41e,viomi.lock.lbt41e.png,
安防,云米,云米AI智能门锁eyeLink 2S,viomi.lock.lbt48a,viomi.lock.lbt48a.png,
安防,云米,云米互联智能门锁Link（蓝牙版）,viomi.lock.link1,viomi.lock.link1.png,
安防,云米,云米互联智能门锁Link（长续航版）,viomi.lock.link2,viomi.lock.link2.png,
安防,云米,云米互联网智能门锁eLink 2A,viomi.lock.lbt14a,viomi.lock.lbt14a.png,
安防,云米,云米互联网智能门锁eLink 2Pro,viomi.lock.link2p,viomi.lock.link2p.png,
安防,云米,云米互联网智能门锁eyeLink 2F,viomi.lock.link4s,viomi.lock.link4s.png,
安防,云米,云米互联网智能门锁eyeLink 2V,viomi.lock.link2v,viomi.lock.link2v.png,
安防,云米,云米蓝调AI智能门锁E,yunmi.lock.lbt81b,yunmi.lock.lbt81b.png,
安防,云米,云米蓝调系列智能门锁(3D人脸版),viomi.lock.lbt12a,viomi.lock.lbt12a.png,
安防,云米,云米蓝调系列智能门锁(人脸猫眼版),viomi.lock.lbt16b,viomi.lock.lbt16b.png,
安防,云米,云米蓝调系列智能门锁(大屏猫眼版),viomi.lock.lbt13a,viomi.lock.lbt13a.png,
安防,云米,云米蓝调系列智能门锁（基础版）,yunmi.lock.lbt11c,yunmi.lock.lbt11c.png,
安防,云米,云米蓝调系列智能门锁（掌静脉人脸猫眼版）,yunmi.lock.lbt14a,yunmi.lock.lbt14a.png,
安防,云米,云米鲲鹏AI智能门锁 Pro,yunmi.lock.lwb89a,yunmi.lock.lwb89a.png,
安防,云鹿,云鹿智能门Classic,yunlu.door.sd2110,yunlu.door.sd2110.png,
安防,云鹿,云鹿智能门K2,yunlu.door.sd2107,yunlu.door.sd2107.png,
安防,云鹿,云鹿智能门P1,yunlu.door.sd2101,yunlu.door.sd2101.png,
安防,云鹿,云鹿智能门P50,yunlu.door.sd2111,yunlu.door.sd2111.png,
安防,云鹿,云鹿智能门U,yunlu.door.sd2103,yunlu.door.sd2103.png,
安防,云鹿,云鹿智能门Y,yunlu.door.sd2104,yunlu.door.sd2104.png,
安防,云鹿,云鹿智能门Young,yunlu.door.sd2108,yunlu.door.sd2108.png,
安防,云鹿,智能门Classic,yunlu.door.sd2112,yunlu.door.sd2112.png,
安防,京东京造,京东京造M10 pro智能门锁,jdjz.lock.m10pro,jdjz.lock.m10pro.png,
安防,优点,优点智能锁C1P,ydhome.lock.c1p,ydhome.lock.c1p.png,
安防,优点,优点智能锁M2,ydhome.lock.m2silver,ydhome.lock.m2silver.png,
安防,优点,优点智能锁M2 Pro,ydhome.lock.m2p,ydhome.lock.m2p.png,
安防,优点,优点智能锁M2Lite,ydhome.lock.m2lite,ydhome.lock.m2lite.png,
安防,优点,优点智能锁乐可多系列-10,ydhome.lock.lkd10,ydhome.lock.lkd10.png,
安防,优点,优点智能锁乐可多系列-15,ydhome.lock.lkd15,ydhome.lock.lkd15.png,
安防,优点,优点智能锁乐可多系列LKD3,ydhome.lock.lkd3,ydhome.lock.lkd3.png,
安防,公牛,公牛门锁Z10-M,bull.lock.z10,bull.lock.z10.png,
安防,公牛,公牛门锁Z33-M,bull.lock.z33m,bull.lock.z33m.png,
安防,其他品牌,DUN智能猫眼,dun.cateye.nknk500,dun.cateye.nknk500.png,
安防,其他品牌,E206Mi,bc1869.lock.t002,bc1869.lock.t002.png,
安防,其他品牌,Ola智能木门锁Mars,ola.lock.i3,ola.lock.i3.png,
安防,其他品牌,QCY智能摄像机CC1S,qcy.camera.c1pro,qcy.camera.c1pro.png,
安防,其他品牌,safeV户外云台摄像机 Pro 2.5K,xiaovv.camera.svp940,xiaovv.camera.svp940.png,
安防,其他品牌,xiaovv 户外摄像机,xiaovv.camera.xvb4,xiaovv.camera.xvb4.png,
安防,其他品牌,xiaovv智能全景摄像机,xiaovv.camera.xva3,xiaovv.camera.xva3.png,
安防,其他品牌,乐橙智能摄像机云台版,imou99.camera.tp2,imou99.camera.tp2.png,
安防,其他品牌,冉物智能防丢器,minuo.tracker.lm001,minuo.tracker.lm001.png,
安防,其他品牌,博凡W系列保管箱,zhaomu.safe.bgx45l,zhaomu.safe.bgx45l.png,
安防,其他品牌,壁灯摄像机,xiaovv.camera.lamp,xiaovv.camera.lamp.png,
安防,其他品牌,夏洛克智能贴锁M1,yunshi.lock.s2,yunshi.lock.s2.png,
安防,其他品牌,建筑倾斜振动安全监测仪,easc.alarm.biv1,easc.alarm.biv1.png,
安防,其他品牌,户外云台摄像机,xiaovv.camera.ptz,xiaovv.camera.ptz.png,
安防,其他品牌,户外摄像机 Pro,xiaovv.camera.xvcb2,xiaovv.camera.xvcb2.png,
安防,其他品牌,智能云台摄像机,xiaovv.camera.xvsnowman,xiaovv.camera.xvsnowman.png,
安防,其他品牌,果加智能门锁M1,huohe.lock.m1,huohe.lock.m1.png,
安防,其他品牌,汇泰龙超薄屏下指纹智能锁U1,hutlon.lock.v0001,hutlon.lock.v0001.png,
安防,其他品牌,石将军智能门锁 M1,sjj.lock.m1,sjj.lock.m1.png,
安防,其他品牌,贝尔森智能门锁JW-P,jiwu.lock.jwp01,jiwu.lock.jwp01.png,
安防,凯迪仕,凯迪仕全自动智能锁 K9-S（M）,kaadas.lock.m91,kaadas.lock.m91.png,
安防,卡唛,CRMCR卡唛卡诺抽柜智能保管柜,lcrmcr.safe.55kn2,lcrmcr.safe.55kn2.png,
安防,卡唛,CRMCR卡唛复古机械智能保管箱,lcrmcr.safe.30j,lcrmcr.safe.30j.png,
安防,卡唛,CRMCR卡唛智能玻璃门锁,lcrmcr.lock.cb2207,lcrmcr.lock.cb2207.png,
安防,卡唛,CRMCR卡唛智能玻璃门锁Pro,lcrmcr.lock.cb2306,lcrmcr.lock.cb2306.png,
安防,卡唛,CRMCR卡唛米诺智能单抽保管柜,lcrmcr.safe.46mn,lcrmcr.safe.46mn.png,
安防,卡唛,CRMCR卡唛雅诺智能保管箱,lcrmcr.safe.46yn,lcrmcr.safe.46yn.png,
安防,卡唛,CRMCR安诺电子指纹保管箱PRO,lcrmcr.safe.mp,lcrmcr.safe.mp.png,
安防,卡唛,卡唛mini智能复古保管箱,lcrmcr.safe.x142,lcrmcr.safe.x142.png,
安防,卡唛,卡唛卡诺智能保管箱,lcrmcr.safe.ms55kn,lcrmcr.safe.ms55kn.png,
安防,卡唛,卡唛安诺指纹保管箱25Z,lcrmcr.safe.25z,lcrmcr.safe.25z.png,
安防,卡唛,卡唛安诺指纹保险箱,lcrmcr.safe.an35sizw,lcrmcr.safe.an35sizw.png,
安防,卡唛,卡唛安诺电子保管箱,lcrmcr.safe.an35sidz,lcrmcr.safe.an35sidz.png,
安防,卡唛,卡唛安诺电子指纹保管箱PRO,lcrmcr.safe.ms30mp,lcrmcr.safe.ms30mp.png,
安防,卡唛,卡唛指纹保管箱,lcrmcr.safe.ms30b,lcrmcr.safe.ms30b.png,
安防,卡唛,卡唛智能保管箱,lcrmcr.safe.kmzb53,lcrmcr.safe.kmzb53.png,
安防,卡唛,卡唛百宝智能保险柜,lcrmcr.safe.d60ht,lcrmcr.safe.d60ht.png,
安防,卡唛,卡唛米克mini智能屏下指纹保管箱,lcrmcr.safe.20mini,lcrmcr.safe.20mini.png,
安防,卡唛,卡唛米刻指纹保管箱,lcrmcr.safe.30mk,lcrmcr.safe.30mk.png,
安防,卡唛,卡唛米尚人脸识别智能保管箱,lcrmcr.safe.msh,lcrmcr.safe.msh.png,
安防,卡唛,卡唛臻宝人脸识别保险柜,lcrmcr.safe.ms80b,lcrmcr.safe.ms80b.png,
安防,卿刻,卿刻T5智能门锁,wzxj.lock.t5,wzxj.lock.t5.png,
安防,卿刻,卿刻云智锁一握开T1,hooson.lock.tf22,hooson.lock.tf22.png,
安防,卿刻,卿刻智能门锁L7,wzxj.lock.l7,wzxj.lock.l7.png,
安防,卿刻,卿刻智能门锁Mo,wzxj.lock.mo,wzxj.lock.mo.png,
安防,卿刻,卿刻智能门锁Mo Pro,wzxj.lock.mopro,wzxj.lock.mopro.png,
安防,卿刻,卿刻智能门锁T2Pro,wzxj.lock.t2pro,wzxj.lock.t2pro.png,
安防,卿刻,卿刻智能门锁T5E,wzxj.lock.t5e,wzxj.lock.t5e.png,
安防,卿刻,卿刻智能门锁T5pro,wzxj.lock.t5pro,wzxj.lock.t5pro.png,
安防,叮零,叮零智能控制提醒器,madv.doorbell.dltxq,madv.doorbell.dltxq.png,
安防,叮零,叮零智能视频门铃,madv.cateye.dlowl,madv.cateye.dlowl.png,
安防,叮零,叮零智能视频门铃C3,madv.cateye.dlowlse,madv.cateye.dlowlse.png,
安防,叮零,叮零智能视频门铃E3,madv.cateye.dle3jz,madv.cateye.dle3jz.png,
安防,叮零,叮零智能视频门铃S,madv.cateye.dlowlplus,madv.cateye.dlowlplus.png,
安防,叮零,叮零窗户限位报警器 智能版,madv.alarm.winlock1,madv.alarm.winlock1.png,
安防,叮零,叮零视频门铃E6,madv.cateye.dle4jz,madv.cateye.dle4jz.png,
安防,喵眼精灵,喵眼摄像机,jooan.camera.548910,jooan.camera.548910.png,
安防,因硕,因硕智能锁M1,ynsur.lock.m1,ynsur.lock.m1.png,
安防,因硕,因硕智能锁Q16,ynsur.lock.q16v1,ynsur.lock.q16v1.png,
安防,因硕,因硕智能锁S11m,ynsur.lock.s11m,ynsur.lock.s11m.png,
安防,因硕,因硕智能锁S12m,ynsur.lock.s12m,ynsur.lock.s12m.png,
安防,因硕,因硕智能门锁M1 Pro,ynsur.lock.m1pro,ynsur.lock.m1pro.png,
安防,因硕,因硕智能门锁T30m,ynsur.lock.t30m,ynsur.lock.t30m.png,
安防,因硕,因硕智能门锁V12m,ynsur.lock.v12m,ynsur.lock.v12m.png,
安防,多亲,指静脉识别私密箱,duoqin.safe.pbfv01,duoqin.safe.pbfv01.png,
安防,大德利,大德利V6人脸视频智能锁,zsdl.lock.v6,zsdl.lock.v6.png,
安防,大德利,大德利嵌入式人脸智能锁V38,zsdl.lock.v38,zsdl.lock.v38.png,
安防,奥克斯,奥克斯智能锁Y3,iccssi.lock.y3,iccssi.lock.y3.png,
安防,小嘀,Q3,dsm.lock.q3,dsm.lock.q3.png,
安防,小嘀,小嘀人脸识别智能锁R5,dsm.lock.r5,dsm.lock.r5.png,
安防,小嘀,小嘀智能指纹锁H3,dsm.lock.h3,dsm.lock.h3.png,
安防,小嘀,德施曼智能锁Q3P,dsm.lock.q3p,dsm.lock.q3p.png,
安防,小方,华来小方室外摄像机 2K版,isa.camera.hlv3c,isa.camera.hlv3c.png,
安防,小方,华来小方智能挂锁,isa.lock.hlsl01,isa.lock.hlsl01.png,
安防,小方,华来小方智能摄像机（双摄版）,isa.camera.qf3,isa.camera.qf3.png,
安防,小方,华来小方智能门铃2 Pro,isa.cateye.hldb6,isa.cateye.hldb6.png,
安防,小方,大方智能摄像机(1080P云台版),isa.camera.df3,isa.camera.df3.png,
安防,小方,小圆智能摄像机,isa.camera.hl5,isa.camera.hl5.png,
安防,小方,小方智能摄像机,isa.camera.isc5,isa.camera.isc5.png,
安防,小方,小方智能摄像机 云台版,isa.camera.panjd1,isa.camera.panjd1.png,
安防,小白,IMILAB智能门锁S10,chuangmi.lock.530ac2,chuangmi.lock.530ac2.png,
安防,小白,创米小白智能门锁C1,chuangmi.lock.hmi501,chuangmi.lock.hmi501.png,
安防,小白,创米小白智能门锁X7,chuangmi.lock.hmi505a01,chuangmi.lock.hmi505a01.png,
安防,小白,小白智慧门H1,chuangmi.door.hmi508,chuangmi.door.hmi508.png,
安防,小白,小白智慧门可视系统H1,chuangmi.cateye.ipc508,chuangmi.cateye.ipc508.png,
安防,小白,小白智能全景球机 Q1,chuangmi.camera.055c02,chuangmi.camera.055c02.png,
安防,小白,小白智能户外摄像机 AI高清版,chuangmi.camera.040a02,chuangmi.camera.040a02.png,
安防,小白,小白智能户外摄像机Q2,chuangmi.camera.065ac1,chuangmi.camera.065ac1.png,
安防,小白,小白智能户外摄像机Q2 双摄照明版,chuangmi.camera.068ac1,chuangmi.camera.068ac1.png,
安防,小白,小白智能摄像机,chuangmi.camera.060a02,chuangmi.camera.060a02.png,
安防,小白,小白智能摄像机 (2.5K),chuangmi.camera.46e01,chuangmi.camera.46e01.png,
安防,小白,小白智能摄像机 A2双摄版,chuangmi.camera.111ac1,chuangmi.camera.111ac1.png,
安防,小白,小白智能摄像机 云台版Y2,chuangmi.camera.046d02,chuangmi.camera.046d02.png,
安防,小白,小白智能摄像机 户外云台版 N系列,chuangmi.camera.025b02,chuangmi.camera.025b02.png,
安防,小白,小白智能摄像机 户外云台版N4,chuangmi.camera.042a02,chuangmi.camera.042a02.png,
安防,小白,小白智能摄像机1080P云台版,chuangmi.camera.v3,chuangmi.camera.v3.png,
安防,小白,小白智能摄像机720P青春版,chuangmi.camera.ipc004b,chuangmi.camera.ipc004b.png,
安防,小白,小白智能摄像机A1,chuangmi.camera.ipc019e,chuangmi.camera.ipc019e.png,
安防,小白,小白智能摄像机A1母婴版,chuangmi.camera.019e04,chuangmi.camera.019e04.png,
安防,小白,小白智能摄像机A2,chuangmi.camera.021e02,chuangmi.camera.021e02.png,
安防,小白,小白智能摄像机Y2 云台尊享版,chuangmi.camera.038a02,chuangmi.camera.038a02.png,
安防,小白,小白智能摄像机mini,chuangmi.camera.v4,chuangmi.camera.v4.png,
安防,小白,小白智能摄像机云台版,chuangmi.camera.ipc016,chuangmi.camera.ipc016.png,
安防,小白,小白智能摄像机增强版,chuangmi.camera.ipc013d,chuangmi.camera.ipc013d.png,
安防,小白,小白智能摄像机大众版,chuangmi.camera.v5,chuangmi.camera.v5.png,
安防,小白,小白智能摄像机大众版1080P,chuangmi.camera.ipc010,chuangmi.camera.ipc010.png,
安防,小白,小白智能摄像机大众版C1,chuangmi.camera.27a02,chuangmi.camera.27a02.png,
安防,小白,小白智能摄像机旗舰版,chuangmi.camera.ipc007b,chuangmi.camera.ipc007b.png,
安防,小白,小白智能摄像机青春版,chuangmi.camera.ipc019b,chuangmi.camera.ipc019b.png,
安防,小白,小白智能猫眼,chuangmi.cateye.ipc018,chuangmi.cateye.ipc018.png,
安防,小白,小白智能视频门铃,chuangmi.cateye.i023a01,chuangmi.cateye.i023a01.png,
安防,小白,小白智能门锁 J16,chuangmi.lock.hmi503a01,chuangmi.lock.hmi503a01.png,
安防,小白,小白智能门锁G1,chuangmi.lock.hmi501b01,chuangmi.lock.hmi501b01.png,
安防,小白,智慧门2,chuangmi.door.518a01,chuangmi.door.518a01.png,
安防,小白,智慧门Blade Star系列,chuangmi.door.515a01,chuangmi.door.515a01.png,
安防,小米出品,4K云台摄像头,careco.camera.650,careco.camera.650.png,
安防,小米出品,Xiaomi室外摄像机 AW300,mxiang.camera.mod11,mxiang.camera.mod11.png,
安防,小米出品,Xiaomi室外摄像机CW400,isa.camera.hlc8,isa.camera.hlc8.png,
安防,小米出品,单反遥控,miir.camera.ir01,miir.camera.ir01.png,
安防,小米出品,小米人脸识别智能门锁,lumi.lock.mcn002,lumi.lock.mcn002.png,
安防,小米出品,小米人脸识别智能门锁 X,lumi.lock.bmcn05,lumi.lock.bmcn05.png,
安防,小米出品,小米全自动智能门锁,loock.lock.t1,loock.lock.t1.png,
安防,小米出品,小米全自动智能门锁 Pro,loock.lock.t1pro,loock.lock.t1pro.png,
安防,小米出品,小米室外摄像机BW500,midr.camera.bw400,midr.camera.bw400.png,
安防,小米出品,小米室外摄像机CW300,mxiang.camera.moc001,mxiang.camera.moc001.png,
安防,小米出品,小米室外摄像机CW500,isa.camera.cw500,isa.camera.cw500.png,
安防,小米出品,小米室外摄像机CW500双摄版,isa.camera.hlmax,isa.camera.hlmax.png,
安防,小米出品,小米室外摄像机CW700S,isa.camera.hlzoom,isa.camera.hlzoom.png,
安防,小米出品,小米室外摄像机电池版（室内机）,mxiang.camera.mwc10,mxiang.camera.mwc10.png,
安防,小米出品,小米室外摄像机电池版（摄像机）,mxiang.camera.mwc11,mxiang.camera.mwc11.png,
安防,小米出品,小米对讲机1S,fengyu.intercom.sealv1,fengyu.intercom.sealv1.png,
安防,小米出品,小米对讲机2,fengyu.intercom.sharkv1,fengyu.intercom.sharkv1.png,
安防,小米出品,小米对讲机2S,fengyu.intercom.mi3,fengyu.intercom.mi3.png,
安防,小米出品,小米对讲机3,xiaomi.intercom.mi2p,xiaomi.intercom.mi2p.png,
安防,小米出品,小米对讲机3 畅聊版,xiaomi.intercom.3lite,xiaomi.intercom.3lite.png,
安防,小米出品,小米对讲机Lite,fengyu.intercom.litev1,fengyu.intercom.litev1.png,
安防,小米出品,小米小白智能摄像机增强版,chuangmi.camera.v6,chuangmi.camera.v6.png,
安防,小米出品,小米数字对讲机,xiaomi.intercom.5pro,xiaomi.intercom.5pro.png,
安防,小米出品,小米智能室外摄像机 4 4G双摄版,xiaomi.camera.hl4g,xiaomi.camera.hl4g.png,
安防,小米出品,小米智能室外摄像机 4 4K,isa.camera.cw501,isa.camera.cw501.png,
安防,小米出品,小米智能室外摄像机 4 Pro 三摄变焦版,xiaomi.camera.cw701,xiaomi.camera.cw701.png,
安防,小米出品,小米智能室外摄像机 4 双摄版,isa.camera.cw501d,isa.camera.cw501d.png,
安防,小米出品,小米智能室外摄像机 4C 3K,xiaomi.camera.cw301,xiaomi.camera.cw301.png,
安防,小米出品,小米智能摄像机  云台版Pro,chuangmi.camera.ipc021,chuangmi.camera.ipc021.png,
安防,小米出品,小米智能摄像机 3 3K,xiaomi.camera.069a03,xiaomi.camera.069a03.png,
安防,小米出品,小米智能摄像机 4 4K,chuangmi.camera.079ac1,chuangmi.camera.079ac1.png,
安防,小米出品,小米智能摄像机 4 Max AI变焦版,xiaomi.camera.pc02,xiaomi.camera.pc02.png,
安防,小米出品,小米智能摄像机 4 双摄版,xiaomi.camera.082ac1,xiaomi.camera.082ac1.png,
安防,小米出品,小米智能摄像机 4 变焦版,xiaomi.camera.083ac1,xiaomi.camera.083ac1.png,
安防,小米出品,小米智能摄像机 4C 3.5K,xiaomi.camera.c302,xiaomi.camera.c302.png,
安防,小米出品,小米智能摄像机 AI探索版,chuangmi.camera.ipc022,chuangmi.camera.ipc022.png,
安防,小米出品,小米智能摄像机 云台版,chuangmi.camera.ipc019,chuangmi.camera.ipc019.png,
安防,小米出品,小米智能摄像机 云台版2K,xiaomi.camera.c01a02,xiaomi.camera.c01a02.png,官网已移除该型号
安防,小米出品,小米智能摄像机 云台版SE,chuangmi.camera.ip026c,chuangmi.camera.ip026c.png,
安防,小米出品,小米智能摄像机 云台版SE+,chuangmi.camera.046c04,chuangmi.camera.046c04.png,
安防,小米出品,小米智能摄像机 标准版,isa.camera.hlc6,isa.camera.hlc6.png,
安防,小米出品,小米智能摄像机 标准版2K,isa.camera.hlc7,isa.camera.hlc7.png,
安防,小米出品,小米智能摄像机 母婴看护版,chuangmi.camera.066a01,chuangmi.camera.066a01.png,
安防,小米出品,小米智能摄像机 视频通话版,chuangmi.camera.086ac1,chuangmi.camera.086ac1.png,
安防,小米出品,小米智能摄像机2 AI增强版,chuangmi.camera.051a01,chuangmi.camera.051a01.png,
安防,小米出品,小米智能摄像机2 云台版,chuangmi.camera.039c01,chuangmi.camera.039c01.png,官网已移除该型号
安防,小米出品,小米智能摄像机3 Pro 云台版,chuangmi.camera.061a01,chuangmi.camera.061a01.png,
安防,小米出品,小米智能摄像机3 云台版,chuangmi.camera.069a01,chuangmi.camera.069a01.png,
安防,小米出品,小米智能摄像机C300双摄版,chuangmi.camera.72ac1,chuangmi.camera.72ac1.png,
安防,小米出品,小米智能摄像机C500双摄版,mxiang.camera.c500ch,mxiang.camera.c500ch.png,
安防,小米出品,小米智能摄像机C700,chuangmi.camera.81ac1,chuangmi.camera.81ac1.png,
安防,小米出品,小米智能摄像机云台版,chuangmi.camera.ipc009,chuangmi.camera.ipc009.png,
安防,小米出品,小米智能摄像机云台版SE+,chuangmi.camera.026c02,chuangmi.camera.026c02.png,
安防,小米出品,小米智能猫眼,loock.cateye.v02,loock.cateye.v02.png,
安防,小米出品,小米智能猫眼1S,loock.cateye.v06,loock.cateye.v06.png,
安防,小米出品,小米智能猫眼2,midr.cateye.ph300,midr.cateye.ph300.png,
安防,小米出品,小米智能门铃 4,midr.cateye.db400a,midr.cateye.db400a.png,
安防,小米出品,小米智能门铃 4 Pro,midr.cateye.sd400,midr.cateye.sd400.png,
安防,小米出品,小米智能门铃2 Lite,madv.cateye.miowlv2l,madv.cateye.miowlv2l.png,
安防,小米出品,小米智能门铃3,madv.cateye.miowl3,madv.cateye.miowl3.png,
安防,小米出品,小米智能门锁,lumi.lock.mcn01,lumi.lock.mcn01.png,
安防,小米出品,小米智能门锁 1S,lumi.lock.bmcn04,lumi.lock.bmcn04.png,
安防,小米出品,小米智能门锁 2,xiaomi.lock.dl02v1,xiaomi.lock.dl02v1.png,
安防,小米出品,小米智能门锁 2 指静脉版,xiaomi.lock.b03,xiaomi.lock.b03.png,
安防,小米出品,小米智能门锁 2 猫眼版,xiaomi.lock.b04,xiaomi.lock.b04.png,
安防,小米出品,小米智能门锁 4 Pro,xiaomi.lock.s1,xiaomi.lock.s1.png,
安防,小米出品,小米智能门锁 E,lumi.lock.bmcn03,lumi.lock.bmcn03.png,
安防,小米出品,小米智能门锁 E10,oms.lock.dl01,oms.lock.dl01.png,
安防,小米出品,小米智能门锁 E30,loock.lock.h01lyk,loock.lock.h01lyk.png,
安防,小米出品,小米智能门锁 E30 大屏猫眼版,loock.lock.h01myk,loock.lock.h01myk.png,
安防,小米出品,小米智能门锁 G10,oms.lock.g10,oms.lock.g10.png,
安防,小米出品,小米智能门锁 G100,xiaomi.lock.g100,xiaomi.lock.g100.png,
安防,小米出品,小米智能门锁 G11,loock.lock.h01gc,loock.lock.h01gc.png,
安防,小米出品,小米智能门锁 G500,xiaomi.lock.g500,xiaomi.lock.g500.png,
安防,小米出品,小米智能门锁 M20,loock.lock.t2v1,loock.lock.t2v1.png,
安防,小米出品,小米智能门锁 M20 Pro,loock.lock.r2,loock.lock.r2.png,
安防,小米出品,小米智能门锁 M20 大屏猫眼版,loock.lock.t2pv1,loock.lock.t2pv1.png,
安防,小米出品,小米智能门锁 M30 Pro,xiaomi.lock.s20pro,xiaomi.lock.s20pro.png,
安防,小米出品,小米智能门锁 M30 人脸识别版,xiaomi.lock.m30fc,xiaomi.lock.m30fc.png,
安防,小米出品,小米智能门锁 M30 掌静脉版,xiaomi.lock.s20,xiaomi.lock.s20.png,
安防,小米出品,小米智能门锁 M40,xiaomi.lock.m30fa,xiaomi.lock.m30fa.png,
安防,小米出品,小米智能门锁 M40 Pro,xiaomi.lock.m30max,xiaomi.lock.m30max.png,
安防,小米出品,小米智能门锁 Pro,lumi.lock.wbmcn1,lumi.lock.wbmcn1.png,
安防,小米出品,小米智能门锁 推拉式,loock.lock.v5,loock.lock.v5.png,
安防,小米出品,小米智能门锁 青春版,loock.lock.v6,loock.lock.v6.png,
安防,小米出品,小米智能门锁2 Pro,loock.lock.t3pul,loock.lock.t3pul.png,
安防,小米出品,小米智能门锁2 人脸识别版,loock.lock.t3pmax,loock.lock.t3pmax.png,
安防,小米出品,小米智能门锁2 大屏猫眼版,xiaomi.lock.b04s,xiaomi.lock.b04s.png,
安防,小米出品,小米智能门锁2 指静脉增强版,xiaomi.lock.b04sv,xiaomi.lock.b04sv.png,
安防,小米出品,小米智能门锁4 Pro 双摄版,xiaomi.lock.s2,xiaomi.lock.s2.png,
安防,小米出品,小米智能门锁E20 WiFi版,lumi.lock.mcn008,lumi.lock.mcn008.png,
安防,小米出品,小米智能门锁E20 猫眼版,lumi.lock.mcn009,lumi.lock.mcn009.png,
安防,小米出品,小米智能门锁G300 猫眼版,xiaomi.lock.g300,xiaomi.lock.g300.png,
安防,小米出品,小米米家智能摄像机,mijia.camera.v3,mijia.camera.v3.png,
安防,小米出品,小米视频门铃,madv.cateye.miowl,madv.cateye.miowl.png,
安防,小米出品,米家小白智能摄像机,chuangmi.camera.xiaobai,chuangmi.camera.xiaobai.png,
安防,小米出品,米家小相机,fimi.camera.c1,fimi.camera.c1.png,
安防,小米出品,米家智能保管箱,loock.safe.v1,loock.safe.v1.png,
安防,小米出品,米家智能保管箱 30cm,lumi.safe.mcn003,lumi.safe.mcn003.png,
安防,小米出品,米家智能摄像机1080P,mijia.camera.v1,mijia.camera.v1.png,
安防,小米出品,米家智能摄像机云台版,chuangmi.camera.v2,chuangmi.camera.v2.png,
安防,小蚁,小蚁智能摄像机,yunyi.camera.v1,yunyi.camera.v1.png,
安防,小默,小默智能可视门铃,mxiang.cateye.mdb10,mxiang.cateye.mdb10.png,
安防,小默,小默智能猫眼,mxiang.cateye.xmcatt1,mxiang.cateye.xmcatt1.png,
安防,尼克,尼克智能锁M2,tatamm.lock.m2,tatamm.lock.m2.png,
安防,帕拉玫,帕拉玫半自动智能锁S320,kl2019.lock.s320,kl2019.lock.s320.png,
安防,帕拉玫,帕拉玫智能锁M7,kl2019.lock.h01,kl2019.lock.h01.png,
安防,帕拉玫,帕拉玫智能锁X7,kl2019.lock.f7,kl2019.lock.f7.png,
安防,德力西电气,德力西电气智能门锁HDMC-M32J,iccssi.lock.dlx01,iccssi.lock.dlx01.png,
安防,德力西电气,德力西电气智能门锁M32HS,iccssi.lock.m32hs,iccssi.lock.m32hs.png,
安防,德盾,德盾智能锁DM-35,jhm888.lock.dm35,jhm888.lock.dm35.png,
安防,惠氏,惠氏智能锁S-X10M,yh8888.lock.sx10m,yh8888.lock.sx10m.png,
安防,戴司,戴司智能门锁M30Max,iccssi.lock.m30max,iccssi.lock.m30max.png,
安防,戴司,戴司智能门锁M30PRO,iccssi.lock.ds01,iccssi.lock.ds01.png,
安防,斯特堡SITERB,SITERB斯特堡卡度保险箱,yingji.safe.stb01,yingji.safe.stb01.png,
安防,斯特堡SITERB,SITERB斯特堡悦威保险箱,yingji.safe.stbyw,yingji.safe.stbyw.png,
安防,斯特堡SITERB,SITERB斯特堡金悦保险箱,yingji.safe.stbjy,yingji.safe.stbjy.png,
安防,新多,新多智能门锁XQ-3ZRM,simto.lock.xq3zrm,simto.lock.xq3zrm.png,
安防,方舟鱼,方舟鱼AI屏智能门锁A7,line.lock.fms8,line.lock.fms8.png,
安防,方舟鱼,方舟鱼全自动人脸智能锁A2,line.lock.zjmsa2,line.lock.zjmsa2.png,
安防,方舟鱼,方舟鱼全自动掌静脉智能锁A1,line.lock.fzjms,line.lock.fzjms.png,
安防,方舟鱼,方舟鱼智能门锁S2,line.lock.fms2,line.lock.fms2.png,
安防,方舟鱼,方舟鱼智能门锁S6,line.lock.fms6,line.lock.fms6.png,
安防,方舟鱼,方舟鱼智能门锁S7,line.lock.fms7,line.lock.fms7.png,
安防,方舟鱼,智能门锁S5,line.lock.fms5,line.lock.fms5.png,
安防,星月神,星月智能锁XYC138M-BH,seeyes.lock.138mbh,seeyes.lock.138mbh.png,
安防,智米,简约智能门锁-不锈钢版,zhimi.lock.da2,zhimi.lock.da2.png,
安防,智米,简约智能门锁-有品定制,zhimi.lock.da1,zhimi.lock.da1.png,
安防,极蜂,极蜂智能网络对讲机,fengyu.intercom.beebird,fengyu.intercom.beebird.png,
安防,梅花,梅花智能锁A6,meihua.lock.k70pro,meihua.lock.k70pro.png,
安防,榉树,榉树智能锁,shjszn.lock.c1,shjszn.lock.c1.png,
安防,榉树,榉树智能门锁KX,shjszn.lock.kx,shjszn.lock.kx.png,
安防,樱花智能锁,樱花智能锁DZ-6622,yh8888.lock.dz6622,yh8888.lock.dz6622.png,
安防,樱花智能锁,樱花智能锁DZ-6636,yh8888.lock.dz6636,yh8888.lock.dz6636.png,
安防,樱花智能锁,樱花智能锁DZ-F32,yh8888.lock.dzf32,yh8888.lock.dzf32.png,
安防,王力,王力智能锁,mwonly.lock.s60m,mwonly.lock.s60m.png,
安防,神将,神将智能门锁SFA1,sjdoor.lock.sfa1,sjdoor.lock.sfa1.png,
安防,神将,神将智能门锁SQA2,sjdoor.lock.sqa2,sjdoor.lock.sqa2.png,
安防,索菲亚,索菲亚智能人脸掌静脉门锁M1,sfy.lock.d001,sfy.lock.d001.png,
安防,航天常兴,航天常兴智慧用电探测器DT-210,htcx.alarm.dt210,htcx.alarm.dt210.png,
安防,艾栖,艾栖MX智能门锁,iccssi.lock.02,iccssi.lock.02.png,
安防,艾栖,艾栖智能门锁Z6-PLUS+,iccssi.lock.k8plus,iccssi.lock.k8plus.png,
安防,萨莱明,SAVLM智能锁,savlm.lock.v23,savlm.lock.v23.png,
安防,贝德弗,贝德弗智能锁,bdf668.lock.mf24n,bdf668.lock.mf24n.png,
安防,金凯德,金凯德3D人脸识别智能门锁A6,kkd.lock.a6,kkd.lock.a6.png,
安防,金凯德,金凯德智能门锁C11,kkd.lock.c11,kkd.lock.c11.png,
安防,锁先森,锁先森人脸识别智能门锁S1,sxs.lock.s1,sxs.lock.s1.png,
安防,锁先森,锁先森智能门锁,sxs.lock.001,sxs.lock.001.png,
安防,锁先森,锁先森智能门锁D1pro,sxs.lock.d1pro,sxs.lock.d1pro.png,
安防,锁先森,锁先森智能门锁D30,sxs.lock.d30,sxs.lock.d30.png,
安防,鸿雁,鸿雁iHouse智能门锁D2 Pro,honyar.lock.ld2138,honyar.lock.ld2138.png,
安防,鸿雁,鸿雁iHouse智能门锁L1,honyar.lock.ll1101,honyar.lock.ll1101.png,
安防,鹿客,云丁一握开智能锁,loock.lock.416yd,loock.lock.416yd.png,
安防,鹿客,云丁全自动智能门锁,loock.lock.419yd,loock.lock.419yd.png,
安防,鹿客,鹿客AI智能锁 V6 Max,loock.lock.401,loock.lock.401.png,
安防,鹿客,鹿客一握开智能锁,loock.lock.416,loock.lock.416.png,
安防,鹿客,鹿客一握开视频锁,loock.lock.417,loock.lock.417.png,
安防,鹿客,鹿客人脸智能锁S50F,loock.lock.s50f,loock.lock.s50f.png,
安防,鹿客,鹿客全自动推拉门锁S30,loock.lock.s30v2,loock.lock.s30v2.png,
安防,鹿客,鹿客全自动推拉门锁S30 Pro,loock.lock.s30,loock.lock.s30.png,
安防,鹿客,鹿客指脉锁 P9,loock.lock.419a,loock.lock.419a.png,
安防,鹿客,鹿客指静脉全自动门锁SV40,loock.lock.v16,loock.lock.v16.png,
安防,鹿客,鹿客指静脉智能锁P50,loock.lock.p50,loock.lock.p50.png,
安防,鹿客,鹿客指静脉智能锁S50,loock.lock.xfvl10,loock.lock.xfvl10.png,
安防,鹿客,鹿客掌脉锁 S7,loock.lock.418,loock.lock.418.png,
安防,鹿客,鹿客智能猫眼CatX,loock.cateye.v07,loock.cateye.v07.png,
安防,鹿客,鹿客智能猫眼青春版CatY,loock.cateye.v01,loock.cateye.v01.png,
安防,鹿客,鹿客智能看护AI摄像机,loock.camera.c1k,loock.camera.c1k.png,
安防,鹿客,鹿客智能锁S50M Pro,loock.lock.fcl112,loock.lock.fcl112.png,
安防,鹿客,鹿客智能锁V5 Max,loock.lock.fcl201,loock.lock.fcl201.png,
安防,鹿客,鹿客智能锁V5 Pro,loock.lock.fvl202,loock.lock.fvl202.png,
安防,鹿客,鹿客智能门锁 蜘蛛侠系列限量版,loock.lock.v14,loock.lock.v14.png,
安防,鹿客,鹿客智能门锁Classic,loock.lock.v1,loock.lock.v1.png,
安防,鹿客,鹿客智能门锁Classic 2,loock.lock.cc2s,loock.lock.cc2s.png,
安防,鹿客,鹿客智能门锁Classic 2S,loock.lock.v8,loock.lock.v8.png,
安防,鹿客,鹿客智能门锁Classic 2X,loock.lock.v7,loock.lock.v7.png,
安防,鹿客,鹿客智能门锁Q2,loock.lock.v3,loock.lock.v3.png,
安防,鹿客,鹿客智能门锁Smart,loock.lock.v9,loock.lock.v9.png,
安防,鹿客,鹿客猫眼智能锁R1M,loock.lock.pfvl10,loock.lock.pfvl10.png,
安防,鹿客,鹿客猫眼智能锁S50M,loock.lock.fvl109,loock.lock.fvl109.png,
安防,Mexin美心,美心智能锁DZ268,mexin.lock.dz268,mexin.lock.dz268.png,
安防,PANPAN,盼盼智能锁PF7260,cnbi.lock.pf7260,cnbi.lock.pf7260.png,
安防,PANPAN,盼盼智能锁PF7270,cnbi.lock.pf7270,cnbi.lock.pf7270.png,
安防,dlingsmart,叮零婴儿看护摄像机,xiaovv.camera.fj22,xiaovv.camera.fj22.png,
安防,xiaovv,xiaovv智能云台摄像机 Q2 4K,xiaovv.camera.xvvc11,xiaovv.camera.xvvc11.png,
安防,云丁,云丁智能锁L88-ULtra,ydlock.lock.l88,ydlock.lock.l88.png,
安防,云丁,云丁智能锁L89-ULtra,ydlock.lock.l89,ydlock.lock.l89.png,
安防,云丁,云丁智能锁Q67-Max,ydlock.lock.q67max,ydlock.lock.q67max.png,
安防,云丁,云丁智能锁Q69-Max,ydlock.lock.q69max,ydlock.lock.q69max.png,
安防,卡唛,卡唛雅诺电子指纹保管箱,lcrmcr.safe.46yne,lcrmcr.safe.46yne.png,
安防,小米出品,小米智能太阳能摄像机 4 Pro 4G双摄版,xiaomi.camera.bw701a,xiaomi.camera.bw701a.png,
安防,小米出品,小米智能摄像机 视频通话版 2,xiaomi.camera.096ac1,xiaomi.camera.096ac1.png,
安防,小米出品,小米智能门锁 5C,xiaomi.lock.4cb,xiaomi.lock.4cb.png,
安防,帕拉玫,帕拉玫智能锁F7,kl2019.lock.f07,kl2019.lock.f07.png,
安防,帕拉玫,帕拉玫智能锁X10-G,kl2019.lock.x10g,kl2019.lock.x10g.png,
安防,斯特堡SITERB,SITERB斯特堡洛可保险箱,yingji.safe.stbms,yingji.safe.stbms.png,
安防,新多,新多智能门锁XK-1ZRM,simto.lock.xk1zrm,simto.lock.xk1zrm.png,
安防,方舟鱼,方舟鱼智能门锁S2E,line.lock.fms21,line.lock.fms21.png,
安防,樱花智能锁,樱花智能锁DZ-H18M,yh8888.lock.sh18m,yh8888.lock.sh18m.png,
安防,神将,神将智能门锁SQQ2,sjdoor.lock.sqq2,sjdoor.lock.sqq2.png,
安防,鹿客,鹿客智能门锁V5 Max全景版,loock.lock.401n,loock.lock.401n.png,
安防,小米出品,小米智能摄像机 云台版2K,chuangmi.camera.029a02,chuangmi.camera.029a02.png,
安防,小米出品,小米智能摄像机2 云台版,chuangmi.camera.039a01,chuangmi.camera.039a01.png,
安防,DAYI,大一智能保险箱,dayi.safe.dy,dayi.safe.dy.png,
安防,ZIGBANG,ZIGBANG 全自动人脸掌脉可视门锁 R81,loock.lock.zb692,loock.lock.zb692.png,
安防,小米出品,小米智能门锁 5 Max,xiaomi.lock.m40,xiaomi.lock.m40.png,
安防,小米出品,小米智能门锁 5 Max 内外双摄,xiaomi.lock.m40max,xiaomi.lock.m40max.png,
宠物与植物,FIVE,FIVE智能消毒杀菌灯,uvfive.s_lamp.slmap2,uvfive.s_lamp.slmap2.png,
宠物与植物,Pawbby,Pawbby智能宠物零食机,mmgg.feeder.snack,mmgg.feeder.snack.png,
宠物与植物,PlantsIO,PlantsIO智能萌宠花盆Ivy,pio.flowerpot.ivy01,pio.flowerpot.ivy01.png,
宠物与植物,SANSI,三思智能杀菌灯,sansi.s_lamp.uv0a01,sansi.s_lamp.uv0a01.png,
宠物与植物,SANSI,三思智能杀菌灯plus,sansi.s_lamp.uv0a02,sansi.s_lamp.uv0a02.png,
宠物与植物,dlingsmart,叮零宠物视频喂食器,xiaovv.feeder.fj14,xiaovv.feeder.fj14.png,
宠物与植物,dlingsmart,叮零智能鱼缸,vson.fishbowl.86861,vson.fishbowl.86861.png,
宠物与植物,一米田,一米田智能水培种植机,ymt.flowerpot.sp,ymt.flowerpot.sp.png,
宠物与植物,一米田,一米田智能水培种植机YMT-SP-202601,ymt.flowerpot.test01,ymt.flowerpot.test01.png,
宠物与植物,其他品牌,一米田智能种植伴侣,ymt.flowerpot.v1,ymt.flowerpot.v1.png,
宠物与植物,其他品牌,一米田智能花盆,ymt.flowerpot.v3,ymt.flowerpot.v3.png,
宠物与植物,其他品牌,伺宠官智能宠物饮水机,haibao.pet_waterer.mm2,haibao.pet_waterer.mm2.png,
宠物与植物,其他品牌,小达杀菌消毒灯WiFi版,hddz.s_lamp.uvl38w,hddz.s_lamp.uvl38w.png,
宠物与植物,其他品牌,毛绒派智能宠物陪伴球,mpmiot.pettoy.v1,mpmiot.pettoy.v1.png,
宠物与植物,其他品牌,湃妮迷你宠物饮水机Pro,skyrc.pet_waterer.fres2,skyrc.pet_waterer.fres2.png,
宠物与植物,其他品牌,猫特勒宠物喂食器,yunzyo.feeder.t001,yunzyo.feeder.t001.png,
宠物与植物,其他品牌,猫特勒宠物智能喂食器,booer.feeder.001,booer.feeder.001.png,
宠物与植物,其他品牌,紫物智能消毒杀菌灯,afour.s_lamp.001,afour.s_lamp.001.png,
宠物与植物,其他品牌,紫物智能消毒杀菌灯Pro,ziwooo.s_lamp.uvc,ziwooo.s_lamp.uvc.png,
宠物与植物,其他品牌,霍曼头等舱净味盒,huoman.litter_box.co1,huoman.litter_box.co1.png,
宠物与植物,其他品牌,黑擎智能水质监测器,qwliot.fishbowl.38000,qwliot.fishbowl.38000.png,
宠物与植物,叮零,叮零智能宠物喂食器,madv.feeder.fjpet2,madv.feeder.fjpet2.png,
宠物与植物,大豪智芯,大豪智芯宠物饮水机1号Pro,jxdh.pet_waterer.cw001,jxdh.pet_waterer.cw001.png,
宠物与植物,小米出品,小顽智能全自动猫砂盆,mmgg.litter_box.lbc1,mmgg.litter_box.lbc1.png,
宠物与植物,小米出品,米家无线智能宠物饮水机,xiaomi.pet_waterer.002,xiaomi.pet_waterer.002.png,
宠物与植物,小米出品,米家智能宠物喂食器,mmgg.feeder.inland,mmgg.feeder.inland.png,
宠物与植物,小米出品,米家智能宠物喂食器 2 可视版,xiaomi.feeder.iv2002,xiaomi.feeder.iv2002.png,
宠物与植物,小米出品,米家智能宠物喂食器2,xiaomi.feeder.pi2001,xiaomi.feeder.pi2001.png,
宠物与植物,小米出品,米家智能宠物饮水机,mmgg.pet_waterer.s1,mmgg.pet_waterer.s1.png,
宠物与植物,小米出品,米家智能宠物饮水机2,xiaomi.pet_waterer.70m2,xiaomi.pet_waterer.70m2.png,
宠物与植物,小米出品,米家智能桌面鱼缸,xiaomi.fishbowl.m200,xiaomi.fishbowl.m200.png,
宠物与植物,小米出品,米家智能鱼缸,hfjh.fishbowl.m100,hfjh.fishbowl.m100.png,
宠物与植物,比特入侵1,默恋 喂食器,wfxx.fishbowl.ysb2,wfxx.fishbowl.ysb2.png,
宠物与植物,海享说,海享说智能生态缸,hsg.fishbowl.hxs01,hsg.fishbowl.hxs01.png,
宠物与植物,湃妮,湃妮双餐喂食器,skyrc.feeder.dfeed,skyrc.feeder.dfeed.png,
宠物与植物,湃妮,湃妮定时多餐喂食器,skyrc.feeder.mmfed,skyrc.feeder.mmfed.png,
宠物与植物,湃妮,湃妮智能可视喂食器,skyrc.feeder.vfed,skyrc.feeder.vfed.png,
宠物与植物,湃妮,湃妮智能宠物饮水机,skyrc.pet_waterer.fre1,skyrc.pet_waterer.fre1.png,
宠物与植物,湃妮,湃妮迷你可视宠物喂食器,skyrc.feeder.vdfeed,skyrc.feeder.vdfeed.png,
宠物与植物,湃妮,湃妮迷你宠物喂食器,skyrc.feeder.fed,skyrc.feeder.fed.png,
宠物与植物,湃妮,湃妮迷你宠物喂食器2,skyrc.feeder.mini2,skyrc.feeder.mini2.png,
宠物与植物,猫特勒,猫特勒智能宠物喂食器Pro,xqdzsw.feeder.001,xqdzsw.feeder.001.png,
宠物与植物,画法几何,画法几何C系智能鱼缸,hfjh.fishbowl.v2,hfjh.fishbowl.v2.png,
宠物与植物,画法几何,画法几何两栖生态底滤鱼缸,hfjh.fishbowl.c500,hfjh.fishbowl.c500.png,
宠物与植物,画法几何,画法几何智能模块化生态鱼缸,hfjh.fishbowl.600,hfjh.fishbowl.600.png,
宠物与植物,画法几何,画法几何智能鱼缸,hfjh.fishbowl.v1,hfjh.fishbowl.v1.png,
宠物与植物,画法几何,画法几何智能鱼缸 M1,hfjh.fishbowl.h100x,hfjh.fishbowl.h100x.png,
宠物与植物,画法几何,画法几何智能鱼缸M1 Ultra,hfjh.fishbowl.m1max,hfjh.fishbowl.m1max.png,
宠物与植物,聚宠,聚宠 畅行 智能猫砂盆 Pro,petjc.litter_box.pro,petjc.litter_box.pro.png,
宠物与植物,鱼悦生活,比诺智能喂食器Y1,binuo.feeder.y1,binuo.feeder.y1.png,
宠物与植物,SUNSUN,森森智能鱼缸ATE,209754.fishbowl.tank01,209754.fishbowl.tank01.png,
宠物与植物,小米出品,米家智能宠物饮水机 2 除菌版,xiaomi.pet_waterer.uvc,xiaomi.pet_waterer.uvc.png,
宠物与植物,小米出品,米家智能鱼缸 2 Pro,xiaomi.fishbowl.m300,xiaomi.fishbowl.m300.png,
宠物与植物,酷小鲸,酷小鲸智能种植器,ywzs.flowerpot.ywzs01,ywzs.flowerpot.ywzs01.png,
影音娱乐,Beaverlab,当当狸UFO夜灯小闹钟A1（M）,hlwch.clock.ddla1m,hlwch.clock.ddla1m.png,
影音娱乐,C-KU,KFD吸风散热器,szkfd.cooler.k58,szkfd.cooler.k58.png,
影音娱乐,C-KU,KFD手机散热器,szkfd.cooler.k50,szkfd.cooler.k50.png,
影音娱乐,JMGO,坚果投影仪N1 Air 旗舰版,jmgo.projector.k633cn,jmgo.projector.k633cn.png,
影音娱乐,JMGO,坚果投影仪N1 Air超亮版 / X3 Air超亮版,jmgo.projector.k631cn,jmgo.projector.k631cn.png,
影音娱乐,JMGO,坚果智能投影仪-N1S系列,jmgo.projector.k310cn,jmgo.projector.k310cn.png,
影音娱乐,JMGO,坚果智能投影仪-N3,jmgo.projector.violin,jmgo.projector.violin.png,
影音娱乐,JMGO,坚果智能投影仪-N3 Plus,jmgo.projector.viola,jmgo.projector.viola.png,
影音娱乐,JMGO,坚果智能投影仪-N5系列,jmgo.projector.k931cn,jmgo.projector.k931cn.png,
影音娱乐,JMGO,坚果智能投影仪-N系列,jmgo.projector.kd11,jmgo.projector.kd11.png,
影音娱乐,JMGO,坚果智能投影仪-P5X/P5S,jmgo.projector.ocean,jmgo.projector.ocean.png,
影音娱乐,JMGO,坚果智能投影仪-X3 Plus,jmgo.projector.k961,jmgo.projector.k961.png,
影音娱乐,JMGO,坚果智能投影仪-X系列,jmgo.projector.k976cx,jmgo.projector.k976cx.png,
影音娱乐,JMGO,坚果激光电视O3系列,jmgo.projector.t910co,jmgo.projector.t910co.png,
影音娱乐,LWU,LWU手机散热器,zw1688.cooler.s1,zw1688.cooler.s1.png,
影音娱乐,PARTYHOUSE,派对屋音视频功放控制器,pdwdz.avamp.gf01,pdwdz.avamp.gf01.png,
影音娱乐,PTX,X6背景音乐(PTX),090615.wifispeaker.x6bj,090615.wifispeaker.x6bj.png,
影音娱乐,Rokid,Rokid Me,rokid.robot.me,rokid.robot.me.png,
影音娱乐,Rokid,若琪·熊猫,rokid.robot.panda0,rokid.robot.panda0.png,
影音娱乐,SNAIL POWER,蜗牛SNAIL POWER 8K音视频播控功放,zefeng.avamp.amp1,zefeng.avamp.amp1.png,
影音娱乐,VIDON,威动影K一体机C3000,vidon.avamp.wd2,vidon.avamp.wd2.png,
影音娱乐,XGIMI,极米 家用智能投影 Z6X Pro 三色激光 旗舰版,xgimi2.projector.g0074,xgimi2.projector.g0074.png,
影音娱乐,XGIMI,极米 家用智能投影 Z6X Pro 三色激光 高亮版,xgimi2.projector.g0095,xgimi2.projector.g0095.png,
影音娱乐,XGIMI,极米 家用智能投影 Z6X 第五代 特别版,xgimi2.projector.g0131,xgimi2.projector.g0131.png,
影音娱乐,XGIMI,极米 家用智能投影 Z6X 第五代 高亮版,xgimi2.projector.g0076,xgimi2.projector.g0076.png,
影音娱乐,XGIMI,极米 家用智能投影 Z9X 4K,xgimi2.projector.g0082,xgimi2.projector.g0082.png,
影音娱乐,XGIMI,极米 家用智能投影 Z9X 4K 旗舰版,xgimi2.projector.g8202,xgimi2.projector.g8202.png,
影音娱乐,XGIMI,极米 家用智能投影 Z9X 4K 高亮版,xgimi2.projector.g0118,xgimi2.projector.g0118.png,
影音娱乐,XGIMI,极米0.78DMD激光HDR电影机,xgimi2.projector.g0070,xgimi2.projector.g0070.png,
影音娱乐,XGIMI,极米投影 X50 Ultra,xgimi2.projector.g0111,xgimi2.projector.g0111.png,
影音娱乐,XGIMI,极米投影 X50 Ultra Max,xgimi2.projector.g0100,xgimi2.projector.g0100.png,
影音娱乐,XGIMI,极米护眼艺术激光电视 MIRA 4K,xgimi2.projector.g0109,xgimi2.projector.g0109.png,
影音娱乐,XGIMI,极米护眼艺术激光电视 MIRA 4K Pro,xgimi2.projector.g0110,xgimi2.projector.g0110.png,
影音娱乐,XGIMI,极米智能投影仪 RS  20 Ultra,xgimi2.projector.g0067,xgimi2.projector.g0067.png,
影音娱乐,XGIMI,极米智能投影仪 RS 20,xgimi2.projector.g0087,xgimi2.projector.g0087.png,
影音娱乐,XGIMI,极米智能投影仪 RS 20 Plus,xgimi2.projector.g0063,xgimi2.projector.g0063.png,
影音娱乐,XGIMI,极米智能投影仪 RS 20 Plus 高亮版,xgimi2.projector.g0079,xgimi2.projector.g0079.png,
影音娱乐,XGIMI,极米智能投影仪 RS 20 Pro Max,xgimi2.projector.g0077,xgimi2.projector.g0077.png,
影音娱乐,XGIMI,极米智能投影仪 RS 20 Pro Max 高亮版,xgimi2.projector.g0089,xgimi2.projector.g0089.png,
影音娱乐,XGIMI,极米智能投影仪 RS 20 Pro 高亮版,xgimi2.projector.g0088,xgimi2.projector.g0088.png,
影音娱乐,XGIMI,极米智能投影仪 RS 20 Ultra Max,xgimi2.projector.athena,xgimi2.projector.athena.png,
影音娱乐,XGIMI,极米智能投影仪 RS 20 Ultra Max 高亮版,xgimi2.projector.g0099,xgimi2.projector.g0099.png,
影音娱乐,XGIMI,极米智能投影仪 RS30 Pro,xgimi2.projector.g0125,xgimi2.projector.g0125.png,
影音娱乐,XGIMI,极米智能投影仪 RS30 Pro Max,xgimi2.projector.g0124,xgimi2.projector.g0124.png,
影音娱乐,XGIMI,极米智能投影仪 RS30 Ultra,xgimi2.projector.g0114,xgimi2.projector.g0114.png,
影音娱乐,XGIMI,极米智能投影仪 RS30 Ultra Max,xgimi2.projector.g00115,xgimi2.projector.g00115.png,
影音娱乐,XGIMI,极米激光电视 Aura 2,xgimi2.projector.g0048,xgimi2.projector.g0048.png,
影音娱乐,XGIMI,极米激光电视 S6,xgimi2.projector.g0056,xgimi2.projector.g0056.png,
影音娱乐,Yeelight,Yeelight语音助手,yeelink.wifispeaker.v1,yeelink.wifispeaker.v1.png,
影音娱乐,Zhiee,百将手指机器人,zhiee.robot.ad1,zhiee.robot.ad1.png,
影音娱乐,backaudio泊声,泊声涂趣智能音响,liany.wifispeaker.yx01,liany.wifispeaker.yx01.png,
影音娱乐,乐天派,乐天派桌面机器人,rhj.robot.l81,rhj.robot.l81.png,
影音娱乐,元响,元响智能音响（520）,bwos.wifispeaker.yx01,bwos.wifispeaker.yx01.png,
影音娱乐,其他品牌,Air时钟X1,longwa.clock.air1,longwa.clock.air1.png,
影音娱乐,其他品牌,WISE背景音乐情景面板,wise.wifispeaker.x7,wise.wifispeaker.x7.png,
影音娱乐,其他品牌,单音源背景音乐,hope.wifispeaker.mini3s,hope.wifispeaker.mini3s.png,
影音娱乐,其他品牌,向往M9,hope.wifispeaker.m9,hope.wifispeaker.m9.png,
影音娱乐,其他品牌,背景音乐2,hope.wifispeaker.box3x,hope.wifispeaker.box3x.png,
影音娱乐,其他品牌,腾讯叮当智能屏,txdd.wifispeaker.x1,txdd.wifispeaker.x1.png,
影音娱乐,华歌,华歌MINI5.1智能影K音视频功放,hgzjjs.avamp.51m,hgzjjs.avamp.51m.png,
影音娱乐,华歌,华歌MINI5.1智能影院音视频功放,hgzjjs.avamp.mini51,hgzjjs.avamp.mini51.png,
影音娱乐,华歌,华歌智能影K功放CIC-MINI-7.2-MIC,hgzjjs.avamp.72m,hgzjjs.avamp.72m.png,
影音娱乐,右转,右转音乐主机,yz66.wifispeaker.yz,yz66.wifispeaker.yz.png,
影音娱乐,向往,单音源音乐,hope.wifispeaker.4plus,hope.wifispeaker.4plus.png,
影音娱乐,向往,双音源背景音乐,hope.wifispeaker.pad3s,hope.wifispeaker.pad3s.png,
影音娱乐,向往,向往Mini 3A,hope.wifispeaker.mini3a,hope.wifispeaker.mini3a.png,
影音娱乐,向往,向往智能5.1影K主机,hope.wifispeaker.s11,hope.wifispeaker.s11.png,
影音娱乐,向往,向往智能5.1影K功放,hope.avamp.s12,hope.avamp.s12.png,
影音娱乐,向往,向往智能5.1影音主机,hope.wifispeaker.5plus,hope.wifispeaker.5plus.png,
影音娱乐,咪哒,咪哒音视频功放F1,aimei.avamp.box1,aimei.avamp.box1.png,
影音娱乐,声必可,声必可双音源背景音乐,xfocus.wifispeaker.dual,xfocus.wifispeaker.dual.png,
影音娱乐,声必可,声必可安卓中控面板,xfocus.wifispeaker.m10,xfocus.wifispeaker.m10.png,
影音娱乐,声必可,背景音乐1,xfocus.wifispeaker.xfos,xfocus.wifispeaker.xfos.png,
影音娱乐,小寻,小寻儿童电脑,xiaoxun.robot.v1,xiaoxun.robot.v1.png,
影音娱乐,小米出品,DVD遥控,miir.dvd.ir01,miir.dvd.ir01.png,
影音娱乐,小米出品,MIJIA K歌麦克风 大屏版,yuemee.mic.s32,yuemee.mic.s32.png,
影音娱乐,小米出品,REDMI 投影仪 3 Lite 版,xiaomi.projector.rm3lit,xiaomi.projector.rm3lit.png,
影音娱乐,小米出品,REDMI 投影仪 4,xiaomi.projector.rm4,xiaomi.projector.rm4.png,
影音娱乐,小米出品,REDMI 投影仪 4 Pro,xiaomi.projector.rm4pro,xiaomi.projector.rm4pro.png,
影音娱乐,小米出品,REDMI 显示器 G Pro 27U,xiaomi.tv.rmonh1,xiaomi.tv.rmonh1.png,
影音娱乐,小米出品,REDMI 显示器G Pro 27U 2026,xiaomi.tv.rpm2h1,xiaomi.tv.rpm2h1.png,
影音娱乐,小米出品,REDMI 显示器G Pro 32U 2026,xiaomi.tv.m232h1,xiaomi.tv.m232h1.png,
影音娱乐,小米出品,Redmi  Max 智能电视,xiaomi.tv.rmaxh1,xiaomi.tv.rmaxh1.png,
影音娱乐,小米出品,Redmi小爱触屏音箱 8,xiaomi.wifispeaker.x08c,xiaomi.wifispeaker.x08c.png,
影音娱乐,小米出品,Redmi小爱触屏音箱Pro 8英寸,xiaomi.wifispeaker.x08e,xiaomi.wifispeaker.x08e.png,
影音娱乐,小米出品,Redmi小爱音箱 Play,xiaomi.wifispeaker.l7a,xiaomi.wifispeaker.l7a.png,
影音娱乐,小米出品,Redmi投影仪 2,xiaomi.projector.a1s,xiaomi.projector.a1s.png,
影音娱乐,小米出品,Redmi投影仪 2 Pro,xiaomi.projector.a2,xiaomi.projector.a2.png,
影音娱乐,小米出品,Redmi投影仪 3,xiaomi.projector.rm03,xiaomi.projector.rm03.png,
影音娱乐,小米出品,Redmi投影仪 3 Pro,xiaomi.projector.rm3pd4,xiaomi.projector.rm3pd4.png,
影音娱乐,小米出品,Redmi投影仪 Lite 版,xiaomi.projector.yslite,xiaomi.projector.yslite.png,
影音娱乐,小米出品,Xiaomi Sound,xiaomi.wifispeaker.l16a,xiaomi.wifispeaker.l16a.png,
影音娱乐,小米出品,Xiaomi Sound 2 Max,xiaomi.wifispeaker.oh1m,xiaomi.wifispeaker.oh1m.png,
影音娱乐,小米出品,Xiaomi Sound 2 Pro,xiaomi.wifispeaker.oh1p,xiaomi.wifispeaker.oh1p.png,
影音娱乐,小米出品,Xiaomi Sound Move,xiaomi.wifispeaker.m03a,xiaomi.wifispeaker.m03a.png,
影音娱乐,小米出品,Xiaomi Sound Pro,xiaomi.wifispeaker.l17a,xiaomi.wifispeaker.l17a.png,
影音娱乐,小米出品,Xiaomi TV,xiaomi.tv.mitvsp,xiaomi.tv.mitvsp.png,
影音娱乐,小米出品,Xiaomi 户外蓝牙音箱 Camp,xiaomi.wifispeaker.m06,xiaomi.wifispeaker.m06.png,
影音娱乐,小米出品,Xiaomi 智能家庭屏 10,xiaomi.wifispeaker.x10a,xiaomi.wifispeaker.x10a.png,
影音娱乐,小米出品,Xiaomi 智能家庭屏 11,xiaomi.wifispeaker.oh11,xiaomi.wifispeaker.oh11.png,
影音娱乐,小米出品,Xiaomi 智能家庭屏 6,xiaomi.wifispeaker.x6a,xiaomi.wifispeaker.x6a.png,
影音娱乐,小米出品,Xiaomi 智能家庭屏 8 云台版,xiaomi.wifispeaker.oh8,xiaomi.wifispeaker.oh8.png,
影音娱乐,小米出品,Xiaomi 智能家庭屏 Max 27,xiaomi.wifispeaker.oh27,xiaomi.wifispeaker.oh27.png,
影音娱乐,小米出品,Xiaomi 智能家庭屏 Pro 8,xiaomi.wifispeaker.x8f,xiaomi.wifispeaker.x8f.png,
影音娱乐,小米出品,Xiaomi 智能音箱,xiaomi.wifispeaker.oh2,xiaomi.wifispeaker.oh2.png,
影音娱乐,小米出品,Xiaomi 智能音箱 Pro,xiaomi.wifispeaker.oh2p,xiaomi.wifispeaker.oh2p.png,
影音娱乐,小米出品,Xiaomi 蓝牙音箱,xiaomi.wifispeaker.m02a,xiaomi.wifispeaker.m02a.png,
影音娱乐,小米出品,Xiaomi 蓝牙音箱 mini,xiaomi.wifispeaker.m01a,xiaomi.wifispeaker.m01a.png,
影音娱乐,小米出品,Xiaomi 触屏音箱 8,xiaomi.wifispeaker.x8s,xiaomi.wifispeaker.x8s.png,
影音娱乐,小米出品,Xiaomi 随身蓝牙音箱,xiaomi.btspker.oh3s,xiaomi.btspker.oh3s.png,
影音娱乐,小米出品,Xiaomi智能家庭屏Mini,xiaomi.wifispeaker.x4b,xiaomi.wifispeaker.x4b.png,
影音娱乐,小米出品,Xiaomi激光投影仪 3 4K,xiaomi.projector.rm34k,xiaomi.projector.rm34k.png,
影音娱乐,小米出品,小爱触屏音箱,xiaomi.wifispeaker.l04m,xiaomi.wifispeaker.l04m.png,
影音娱乐,小米出品,小爱触屏音箱Pro 8,xiaomi.wifispeaker.x08a,xiaomi.wifispeaker.x08a.png,
影音娱乐,小米出品,小爱音箱,xiaomi.wifispeaker.l06a,xiaomi.wifispeaker.l06a.png,
影音娱乐,小米出品,小爱音箱 Art 电池版,xiaomi.wifispeaker.l09b,xiaomi.wifispeaker.l09b.png,
影音娱乐,小米出品,小爱音箱 万能遥控版,xiaomi.wifispeaker.lx5a,xiaomi.wifispeaker.lx5a.png,
影音娱乐,小米出品,小爱音箱Art,xiaomi.wifispeaker.l09a,xiaomi.wifispeaker.l09a.png,
影音娱乐,小米出品,小爱音箱Play,xiaomi.wifispeaker.l05b,xiaomi.wifispeaker.l05b.png,
影音娱乐,小米出品,小爱音箱Play（2019款）,xiaomi.wifispeaker.lx05,xiaomi.wifispeaker.lx05.png,
影音娱乐,小米出品,小爱音箱Pro,xiaomi.wifispeaker.lx06,xiaomi.wifispeaker.lx06.png,
影音娱乐,小米出品,小爱音箱mini,xiaomi.wifispeaker.lx01,xiaomi.wifispeaker.lx01.png,
影音娱乐,小米出品,小米AI音箱,xiaomi.wifispeaker.s12,xiaomi.wifispeaker.s12.png,
影音娱乐,小米出品,小米AI音箱（第二代）,xiaomi.wifispeaker.l15a,xiaomi.wifispeaker.l15a.png,
影音娱乐,小米出品,小米头戴影院,linqi.projector.td01lq,linqi.projector.td01lq.png,
影音娱乐,小米出品,小米小爱智能闹钟,zimi.clock.myk01,zimi.clock.myk01.png,
影音娱乐,小米出品,小米小爱音箱 儿童版,jiqid.wifispeaker.k03,jiqid.wifispeaker.k03.png,
影音娱乐,小米出品,小米小爱音箱HD,onemore.wifispeaker.sm4,onemore.wifispeaker.sm4.png,
影音娱乐,小米出品,小米小爱音箱Play 增强版,xiaomi.wifispeaker.l05c,xiaomi.wifispeaker.l05c.png,
影音娱乐,小米出品,小米手环 多功能桌搭1,yuemee.wifispeaker.sa2,yuemee.wifispeaker.sa2.png,
影音娱乐,小米出品,小米手环 多功能桌搭2,yuemee.wifispeaker.sa6,yuemee.wifispeaker.sa6.png,
影音娱乐,小米出品,小米投影仪青春版 2S,fengmi.projector.045mc2,fengmi.projector.045mc2.png,
影音娱乐,小米出品,小米盒子4S MAX,xiaomi.tvbox.4smv1,xiaomi.tvbox.4smv1.png,
影音娱乐,小米出品,小米盒子4S Pro,xiaomi.tvbox.4prob1,xiaomi.tvbox.4prob1.png,
影音娱乐,小米出品,小米盒子5,xiaomi.tvbox.5b1,xiaomi.tvbox.5b1.png,
影音娱乐,小米出品,小米盒子5 MAX,xiaomi.tvbox.5maxb1,xiaomi.tvbox.5maxb1.png,
影音娱乐,小米出品,小米磁吸散热背夹,xiaomi.cooler.r02p,xiaomi.cooler.r02p.png,
影音娱乐,小米出品,小米网络收音机,chuangmi.radio.v1,chuangmi.radio.v1.png,
影音娱乐,小米出品,小米网络音箱,xiaomi.wifispeaker.v1,xiaomi.wifispeaker.v1.png,
影音娱乐,小米出品,投影仪遥控,miir.projector.ir01,miir.projector.ir01.png,
影音娱乐,小米出品,机顶盒遥控,miir.stb.ir01,miir.stb.ir01.png,
影音娱乐,小米出品,电视盒子遥控,miir.tvbox.ir01,miir.tvbox.ir01.png,
影音娱乐,小米出品,电视遥控,miir.tv.ir01,miir.tv.ir01.png,
影音娱乐,小米出品,米兔卡片学习机,jiqid.mistudy.v2,jiqid.mistudy.v2.png,
影音娱乐,小米出品,米兔智能故事机,jiqid.mistory.v1,jiqid.mistory.v1.png,
影音娱乐,小米出品,米家镭雕机,fengmi.engrave.demo01,fengmi.engrave.demo01.png,
影音娱乐,小米出品,车载K歌麦克风,xiaomi.mic.s33,xiaomi.mic.s33.png,
影音娱乐,小米出品,音箱遥控,miir.wifispeaker.ir01,miir.wifispeaker.ir01.png,
影音娱乐,小雅,小雅AI图书馆,xiaoya.wifispeaker.ai016,xiaoya.wifispeaker.ai016.png,
影音娱乐,小雅,小雅nano音箱,xiaoya.wifispeaker.nano,xiaoya.wifispeaker.nano.png,
影音娱乐,峰米,光峰 B300T 激光家庭影院,fengmi.projector.206ac3,fengmi.projector.206ac3.png,
影音娱乐,峰米,小明 0101M 投影仪,fengmi.projector.015fco,fengmi.projector.015fco.png,
影音娱乐,峰米,小明 0601 投影仪,fengmi.projector.c065f,fengmi.projector.c065f.png,
影音娱乐,峰米,小明 0611 投影仪,fengmi.projector.c066f,fengmi.projector.c066f.png,
影音娱乐,峰米,小明 Q3 Pro 智能投影仪,fengmi.projector.025fc3,fengmi.projector.025fc3.png,
影音娱乐,峰米,小明 Q5 智能投影仪,fengmi.projector.015fo2,fengmi.projector.015fo2.png,
影音娱乐,峰米,小明C015FCB-Pro智能投影仪,fengmi.projector.015fo6,fengmi.projector.015fo6.png,
影音娱乐,峰米,小明C015FCB-X2智能投影仪,fengmi.projector.015fo3,fengmi.projector.015fo3.png,
影音娱乐,峰米,小明C015FCB-X3智能投影仪,fengmi.projector.015fo5,fengmi.projector.015fo5.png,
影音娱乐,峰米,小明XMM3101智能投影仪,fengmi.projector.025fc5,fengmi.projector.025fc5.png,
影音娱乐,峰米,峰米 T2 激光电视,fengmi.projector.206fc3,fengmi.projector.206fc3.png,
影音娱乐,当贝,当贝智能投影仪-Smart2,dangb.projector.dbs2,dangb.projector.dbs2.png,
影音娱乐,当贝,当贝智能激光投影仪-D7X,dangb.projector.dbd7x,dangb.projector.dbd7x.png,
影音娱乐,当贝,当贝智能激光投影仪-D7X Pro,dangb.projector.dbd7xp,dangb.projector.dbd7xp.png,
影音娱乐,当贝,当贝智能激光投影仪-S7 Ultra Max,dangb.projector.dbs7u,dangb.projector.dbs7u.png,
影音娱乐,当贝,当贝智能激光投影仪-X7 Max,dangb.projector.dbx7m,dangb.projector.dbx7m.png,
影音娱乐,当贝,当贝智能激光投影仪-X7 Pro,dangb.projector.dbx7p,dangb.projector.dbx7p.png,
影音娱乐,当贝,当贝智能激光投影仪-X7 Ultra,dangb.projector.dbx7u,dangb.projector.dbx7u.png,
影音娱乐,悠达,悠达智能音视频功放主机,yodaar.avamp.i3x,yodaar.avamp.i3x.png,
影音娱乐,星环智声活,星环智能影音功放,sbar.avamp.sbar,sbar.avamp.sbar.png,
影音娱乐,机器岛,儿童智能机器人,jiqid.mistory.zjj,jiqid.mistory.zjj.png,
影音娱乐,机器岛,智能魔方,jiqid.robot.cube,jiqid.robot.cube.png,
影音娱乐,机器岛,机器岛智能点读笔,jiqid.mistory.ipen1,jiqid.mistory.ipen1.png,
影音娱乐,科恩贝斯,科恩贝斯CEBS智能影院音视频功放,cebs.avamp.amp01,cebs.avamp.amp01.png,
影音娱乐,秒秒测,秒秒测温湿智能时钟,miaomiaoce.clock.ht02,miaomiaoce.clock.ht02.png,
影音娱乐,艾达普,艾达普 手指机器人,adp.robot.ad,adp.robot.ad.png,
影音娱乐,英嘉尼,英嘉尼智能功放,yihe.avamp.yjn01,yihe.avamp.yjn01.png,
影音娱乐,青萍,青萍蓝牙小钟,cgllc.clock.cgc1,cgllc.clock.cgc1.png,
影音娱乐,青萍,青萍蓝牙闹钟,cgllc.clock.dove,cgllc.clock.dove.png,
影音娱乐,BOSTAUDIO,昊音智能影K影院功放,hyin.avamp.amp1,hyin.avamp.amp1.png,
影音娱乐,JMGO,坚果智能投影仪-Migo系列,jmgo.projector.k620cn,jmgo.projector.k620cn.png,
影音娱乐,backaudio泊声,泊声智能影K功放,liany.avamp.amp1,liany.avamp.amp1.png,
影音娱乐,cn wise,WISE智能5.1影K主机,wise1.avamp.wise51,wise1.avamp.wise51.png,
影音娱乐,小米出品,REDMI 投影仪 5,xiaomi.projector.rm5c,xiaomi.projector.rm5c.png,
影音娱乐,小米出品,REDMI 投影仪 5 Pro,xiaomi.projector.rm5pro,xiaomi.projector.rm5pro.png,
影音娱乐,小米出品,小米电视S Pro RGB-Mini LED 2027,xiaomi.tv.mimsh1,xiaomi.tv.mimsh1.png,
影音娱乐,康品,康品智能时钟L9,kpin.clock.l9,kpin.clock.l9.png,
影音娱乐,当贝,当贝智能激光投影仪-D7X Pro 超亮版,dangb.projector.dbd7xh,dangb.projector.dbd7xh.png,
影音娱乐,当贝,当贝智能激光投影仪-D7X 超亮版,dangb.projector.dbd7xm,dangb.projector.dbd7xm.png,
影音娱乐,英嘉尼,英嘉尼智能影音播放主机,yihe.avamp.yybfj,yihe.avamp.yybfj.png,
影音娱乐,当贝,当贝智能激光投影仪-X9 Max,dangb.projector.dbx9m,dangb.projector.dbx9m.png,
影音娱乐,当贝,当贝智能激光投影仪-X9 Pro,dangb.projector.dbx9p,dangb.projector.dbx9p.png,
影音娱乐,当贝,当贝智能激光投影仪-X9 Ultra,dangb.projector.dbx9u,dangb.projector.dbx9u.png,
插座开关,7z,7z一键智能开关,gxhl.switch.7zsw11,gxhl.switch.7zsw11.png,
插座开关,7z,7z三键智能开关,gxhl.switch.7zsw13,gxhl.switch.7zsw13.png,
插座开关,7z,7z二键智能开关,gxhl.switch.7zsw12,gxhl.switch.7zsw12.png,
插座开关,7z,7z智能灯控开关-1路,hnlc.switch.sw1a01,hnlc.switch.sw1a01.png,
插座开关,7z,7z智能灯控开关-2路,hnlc.switch.sw2a01,hnlc.switch.sw2a01.png,
插座开关,7z,7z智能灯控开关-3路,hnlc.switch.sw3a01,hnlc.switch.sw3a01.png,
插座开关,AImLbS,AImLbS智能插座(WiFi),wiing.plug.jdls1,wiing.plug.jdls1.png,
插座开关,AImLbS,AImLbS智能插座(mesh),wiing.plug.bm1,wiing.plug.bm1.png,
插座开关,AImLbS,AImLbS智能插座安全守护版,wiing.plug.jdlpro,wiing.plug.jdlpro.png,
插座开关,AImLbS,AlmLbS智能插座计量版（Mesh）,wiing.plug.v8icm,wiing.plug.v8icm.png,
插座开关,AImLbS,AlmLbS智能插座（Mesh）,wiing.plug.v7icm,wiing.plug.v7icm.png,
插座开关,AImLbS,AlmLbs智能插座（WiFi）,wiing.plug.v9icm,wiing.plug.v9icm.png,
插座开关,ALWAYS,AWS 蓝牙智能无线旋钮开关,al425.remote.sw1a01,al425.remote.sw1a01.png,
插座开关,ANKOTTI安科帝,ANKOTTI安科帝智能一开（Mesh2.0）,creat6.switch.bln31,creat6.switch.bln31.png,
插座开关,ANKOTTI安科帝,ANKOTTI安科帝智能三开（Mesh2.0）,creat6.switch.bln33,creat6.switch.bln33.png,
插座开关,ANKOTTI安科帝,ANKOTTI安科帝智能二开（Mesh2.0）,creat6.switch.bln32,creat6.switch.bln32.png,
插座开关,ANTJIUJIU,antjiujiu智能开关 蚁柔pro一位,gzzn.switch.sw1a01,gzzn.switch.sw1a01.png,
插座开关,ANTJIUJIU,antjiujiu智能开关 蚁柔pro三位,gzzn.switch.sw3a01,gzzn.switch.sw3a01.png,
插座开关,ANTJIUJIU,antjiujiu智能开关 蚁柔pro二位,gzzn.switch.sw2a01,gzzn.switch.sw2a01.png,
插座开关,ANTJIUJIU,antjiujiu智能开关 蚁柔pro四位,gzzn.switch.sw4a01,gzzn.switch.sw4a01.png,
插座开关,ANXIANG,AX单火智能一键开关,ax01.switch.bln31,ax01.switch.bln31.png,
插座开关,ANXIANG,AX单火智能三键开关,ax01.switch.bln33,ax01.switch.bln33.png,
插座开关,ANXIANG,AX单火智能二键开关,ax01.switch.bln32,ax01.switch.bln32.png,
插座开关,ANXIANG,AX智联一键开关（田字版）,ax01.switch.sw1d01,ax01.switch.sw1d01.png,
插座开关,ANXIANG,AX智联一键开关（竖版）,ax01.switch.sw1e01,ax01.switch.sw1e01.png,
插座开关,ANXIANG,AX智联三键开关（田字版）,ax01.switch.sw3d01,ax01.switch.sw3d01.png,
插座开关,ANXIANG,AX智联三键开关（竖版）,ax01.switch.sw3e01,ax01.switch.sw3e01.png,
插座开关,ANXIANG,AX智联二键开关（田字版）,ax01.switch.sw2d01,ax01.switch.sw2d01.png,
插座开关,ANXIANG,AX智联二键开关（竖版）,ax01.switch.sw2e01,ax01.switch.sw2e01.png,
插座开关,ANXIANG,AX智联四键开关（田字版）,ax01.switch.sw4d01,ax01.switch.sw4d01.png,
插座开关,ANXIANG,AX智联四键开关（竖版）,ax01.switch.sw4e02,ax01.switch.sw4e02.png,
插座开关,ANXIANG,AX智联场景开关屏,ax01.switch.sw1a04,ax01.switch.sw1a04.png,
插座开关,ANXIANG,AX智能一键开关,ax01.switch.sw1a01,ax01.switch.sw1a01.png,
插座开关,ANXIANG,AX智能三键开关,ax01.switch.sw3a01,ax01.switch.sw3a01.png,
插座开关,ANXIANG,AX智能二键开关,ax01.switch.sw2a01,ax01.switch.sw2a01.png,
插座开关,ANXIANG,AX智能四键开关,ax01.switch.sw4a01,ax01.switch.sw4a01.png,
插座开关,ANXIANG,AX智能屏显一键开关,ax01.switch.px01,ax01.switch.px01.png,
插座开关,ANXIANG,AX智能屏显三键开关,ax01.switch.px03,ax01.switch.px03.png,
插座开关,ANXIANG,AX智能屏显二键开关,ax01.switch.px02,ax01.switch.px02.png,
插座开关,ANXIANG,安想S1系列零火智能一键开关,ax01.switch.sw1b01,ax01.switch.sw1b01.png,
插座开关,ANXIANG,安想S1系列零火智能三键开关,ax01.switch.sw3b01,ax01.switch.sw3b01.png,
插座开关,ANXIANG,安想S1系列零火智能二键开关,ax01.switch.sw2b01,ax01.switch.sw2b01.png,
插座开关,ANXIANG,安想S1系列零火智能四键开关,ax01.switch.sw4b01,ax01.switch.sw4b01.png,
插座开关,ANXIANG,安想S7系列智能开关一开,ax01.switch.sw1c01,ax01.switch.sw1c01.png,
插座开关,ANXIANG,安想S7系列智能开关三开,ax01.switch.sw3c01,ax01.switch.sw3c01.png,
插座开关,ANXIANG,安想S7系列智能开关二开,ax01.switch.sw2c01,ax01.switch.sw2c01.png,
插座开关,ANXIANG,安想S7系列智能开关四开,ax01.switch.sw4c01,ax01.switch.sw4c01.png,
插座开关,Aiasst,Aiasst智能通断器（Mesh2.0）,aizbot.switch.amtdq,aizbot.switch.amtdq.png,
插座开关,Aiasst,Aiasst智能通断器（Wi-Fi）,aizbot.switch.awtdq,aizbot.switch.awtdq.png,
插座开关,Aiasst,智秋1路通断器（Mesh2.0）,aizbot.switch.zqkg1,aizbot.switch.zqkg1.png,
插座开关,Aiasst,智秋2路通断器（Mesh2.0）,aizbot.switch.zqkg2,aizbot.switch.zqkg2.png,
插座开关,Aiasst,智秋4路通断器（Mesh2.0）,aizbot.switch.zqkg4,aizbot.switch.zqkg4.png,
插座开关,Aioaie,Aioaie4寸场景屏开关,kalami.switch.sw3a03,kalami.switch.sw3a03.png,
插座开关,Aioaie,Aioaie一键智能开关,kalami.switch.klmk1,kalami.switch.klmk1.png,
插座开关,Aioaie,Aioaie一键智能开关M4,kalami.switch.m4sw01,kalami.switch.m4sw01.png,
插座开关,Aioaie,Aioaie一键智能开关M5,kalami.switch.ptm501,kalami.switch.ptm501.png,
插座开关,Aioaie,Aioaie三键智能开关,kalami.switch.klmk3,kalami.switch.klmk3.png,
插座开关,Aioaie,Aioaie三键智能开关M4,kalami.switch.m4sw03,kalami.switch.m4sw03.png,
插座开关,Aioaie,Aioaie三键智能开关M5,kalami.switch.ptm503,kalami.switch.ptm503.png,
插座开关,Aioaie,Aioaie二键智能开关,kalami.switch.klmk2,kalami.switch.klmk2.png,
插座开关,Aioaie,Aioaie二键智能开关M4,kalami.switch.m4sw02,kalami.switch.m4sw02.png,
插座开关,Aioaie,Aioaie二键智能开关M5,kalami.switch.ptm502,kalami.switch.ptm502.png,
插座开关,Aioaie,Aioaie四键智能开关,kalami.switch.klmk4,kalami.switch.klmk4.png,
插座开关,Aioaie,Aioaie智能一键屏显开关,kalami.switch.bln31,kalami.switch.bln31.png,
插座开关,Aioaie,Aioaie智能一键屏显开关M4,kalami.switch.m4px01,kalami.switch.m4px01.png,
插座开关,Aioaie,Aioaie智能一键屏显开关M5,kalami.switch.m5px01,kalami.switch.m5px01.png,
插座开关,Aioaie,Aioaie智能三键屏显开关,kalami.switch.bln33,kalami.switch.bln33.png,
插座开关,Aioaie,Aioaie智能三键屏显开关M4,kalami.switch.m4px03,kalami.switch.m4px03.png,
插座开关,Aioaie,Aioaie智能三键屏显开关M5,kalami.switch.m5px03,kalami.switch.m5px03.png,
插座开关,Aioaie,Aioaie智能二键屏显开关,kalami.switch.bln32,kalami.switch.bln32.png,
插座开关,Aioaie,Aioaie智能二键屏显开关M4,kalami.switch.m4px02,kalami.switch.m4px02.png,
插座开关,Aioaie,Aioaie智能二键屏显开关M5,kalami.switch.m5px02,kalami.switch.m5px02.png,
插座开关,Aqara,Aqara 墙壁开关(单火线单键版),lumi.ctrl_neutral1.v1,lumi.ctrl_neutral1.v1.png,
插座开关,Aqara,Aqara 墙壁开关(单火线双键版),lumi.ctrl_neutral2.v1,lumi.ctrl_neutral2.v1.png,
插座开关,Aqara,Aqara 墙壁开关（零火线单键版）,lumi.ctrl_ln1.aq1,lumi.ctrl_ln1.aq1.png,
插座开关,Aqara,Aqara 无线开关（贴墙式单键版）,lumi.sensor_86sw1.v1,lumi.sensor_86sw1.v1.png,
插座开关,Aqara,Aqara 无线开关（贴墙式双键版）1,lumi.sensor_86sw2.v1,lumi.sensor_86sw2.v1.png,
插座开关,Aqara,Aqara 无线开关（贴墙式双键版）2,lumi.remote.b286acn01,lumi.remote.b286acn01.png,
插座开关,Aqara,Aqara 智能墙壁开关（单火线单键版）,lumi.switch.b1lc04,lumi.switch.b1lc04.png,
插座开关,Aqara,Aqara 智能墙壁开关（单火线双键版）,lumi.switch.b2lc04,lumi.switch.b2lc04.png,
插座开关,Aqara,Aqara 智能墙壁开关（零火线三键版）,lumi.switch.acn040,lumi.switch.acn040.png,
插座开关,Aqara,Aqara 智能墙壁开关（零火线单键版）,lumi.switch.b1nc01,lumi.switch.b1nc01.png,
插座开关,Aqara,Aqara 智能墙壁开关（零火线双键版）,lumi.switch.b2nc01,lumi.switch.b2nc01.png,
插座开关,Aqara,Aqara卡农 智能墙壁开关 Z1（三键版）,lumi.switch.acn054,lumi.switch.acn054.png,
插座开关,Aqara,Aqara卡农 智能墙壁开关 Z1（单键版）,lumi.switch.acn048,lumi.switch.acn048.png,
插座开关,Aqara,Aqara卡农 智能墙壁开关 Z1（双键版）,lumi.switch.acn049,lumi.switch.acn049.png,
插座开关,Aqara,Aqara卡农 智能墙壁开关 Z1（四键版）,lumi.switch.acn055,lumi.switch.acn055.png,
插座开关,Aqara,Aqara双路控制模块,lumi.relay.c2acn01,lumi.relay.c2acn01.png,
插座开关,Aqara,Aqara墙壁开关（零火线单键版）,lumi.ctrl_ln1.v1,lumi.ctrl_ln1.v1.png,
插座开关,Aqara,Aqara墙壁开关（零火线双键版）,lumi.ctrl_ln2.v1,lumi.ctrl_ln2.v1.png,
插座开关,Aqara,Aqara墙壁插座（ZigBee版）,lumi.ctrl_86plug.aq1,lumi.ctrl_86plug.aq1.png,
插座开关,Aqara,Aqara无线开关 D1（贴墙式单键版）,lumi.remote.b186acn02,lumi.remote.b186acn02.png,
插座开关,Aqara,Aqara无线开关 D1（贴墙式双键版）,lumi.remote.b286acn02,lumi.remote.b286acn02.png,
插座开关,Aqara,Aqara无线开关 E1,lumi.remote.acn007,lumi.remote.acn007.png,
插座开关,Aqara,Aqara无线开关 E1 (贴墙式单键版),lumi.remote.acn003,lumi.remote.acn003.png,
插座开关,Aqara,Aqara无线开关 E1 (贴墙式双键版),lumi.remote.acn004,lumi.remote.acn004.png,
插座开关,Aqara,Aqara无线开关(贴墙式单键版),lumi.remote.b186acn01,lumi.remote.b186acn01.png,
插座开关,Aqara,Aqara无线开关1,lumi.remote.b1acn01,lumi.remote.b1acn01.png,
插座开关,Aqara,Aqara无线开关2,lumi.sensor_switch.aq2,lumi.sensor_switch.aq2.png,
插座开关,Aqara,Aqara无线开关（升级版）,lumi.sensor_switch.aq3,lumi.sensor_switch.aq3.png,
插座开关,Aqara,Aqara智能墙壁开关 D1（单火线三键版）,lumi.switch.l3acn3,lumi.switch.l3acn3.png,
插座开关,Aqara,Aqara智能墙壁开关 D1（单火线单键版）,lumi.switch.b1lacn02,lumi.switch.b1lacn02.png,
插座开关,Aqara,Aqara智能墙壁开关 D1（单火线双键版）,lumi.switch.b2lacn02,lumi.switch.b2lacn02.png,
插座开关,Aqara,Aqara智能墙壁开关 D1（零火线三键版）,lumi.switch.n3acn3,lumi.switch.n3acn3.png,
插座开关,Aqara,Aqara智能墙壁开关 D1（零火线单键版）,lumi.switch.b1nacn02,lumi.switch.b1nacn02.png,
插座开关,Aqara,Aqara智能墙壁开关 D1（零火线双键版）,lumi.switch.b2nacn02,lumi.switch.b2nacn02.png,
插座开关,Aqara,Aqara魔方控制器,lumi.sensor_cube.aqgl01,lumi.sensor_cube.aqgl01.png,
插座开关,Aqara,墙壁插座(ZigBee版),lumi.ctrl_86plug.v1,lumi.ctrl_86plug.v1.png,
插座开关,Aqara,无线场景开关(六键版),lumi.remote.b686opcn01,lumi.remote.b686opcn01.png,
插座开关,Aqara,无线场景开关(双键版),lumi.remote.b286opcn01,lumi.remote.b286opcn01.png,
插座开关,Aqara,无线场景开关(四键版),lumi.remote.b486opcn01,lumi.remote.b486opcn01.png,
插座开关,Aqara,魔方控制器,lumi.sensor_cube.v1,lumi.sensor_cube.v1.png,
插座开关,BEANCOMM,YM一键屏显开关Z3,bean.switch.bln51,bean.switch.bln51.png,
插座开关,BEANCOMM,YM三键屏显开关Z3,bean.switch.bpns3,bean.switch.bpns3.png,
插座开关,BEANCOMM,YM二键屏显开关Z3,bean.switch.bln52,bean.switch.bln52.png,
插座开关,BEANCOMM,YM六键屏显开关Z3,bean.switch.bpns6,bean.switch.bpns6.png,
插座开关,BEANCOMM,YM四键屏显开关Z3,bean.switch.bln54,bean.switch.bln54.png,
插座开关,BELEDE,贝朗德-M15屏显三键开关,belede.switch.sw1d02,belede.switch.sw1d02.png,
插座开关,BELEDE,贝朗德-M15屏显二键开关,belede.switch.sw1d01,belede.switch.sw1d01.png,
插座开关,BELEDE,贝朗德-M15屏显四键开关,belede.switch.sw1d03,belede.switch.sw1d03.png,
插座开关,BELEDE,贝朗德M17-OL屏显四键开关,belede.switch.sw4a02,belede.switch.sw4a02.png,
插座开关,BELEDE,贝朗德屏显智能四键开关,belede.switch.sw4c02,belede.switch.sw4c02.png,
插座开关,BELEDE,贝朗德情景智能一键开关,belede.switch.sw1a01,belede.switch.sw1a01.png,
插座开关,BELEDE,贝朗德情景智能三键开关,belede.switch.sw3a01,belede.switch.sw3a01.png,
插座开关,BELEDE,贝朗德情景智能二键开关,belede.switch.sw2a01,belede.switch.sw2a01.png,
插座开关,BELEDE,贝朗德情景智能四键开关,belede.switch.sw4a01,belede.switch.sw4a01.png,
插座开关,BELEDE,贝朗德智能单火一键开关,belede.switch.sw1c01,belede.switch.sw1c01.png,
插座开关,BELEDE,贝朗德智能单火三键开关,belede.switch.sw3c01,belede.switch.sw3c01.png,
插座开关,BELEDE,贝朗德智能单火二键开关,belede.switch.sw2c01,belede.switch.sw2c01.png,
插座开关,BELEDE,贝朗德智能单火四键开关,belede.switch.sw4c01,belede.switch.sw4c01.png,
插座开关,BELEDE,贝朗德超薄智能一键开关,belede.switch.sw1b01,belede.switch.sw1b01.png,
插座开关,BELEDE,贝朗德超薄智能三键开关,belede.switch.sw3b01,belede.switch.sw3b01.png,
插座开关,BELEDE,贝朗德超薄智能二键开关,belede.switch.sw2b01,belede.switch.sw2b01.png,
插座开关,BUBA,BUBA智能开关二键(PLC),mjkj.switch.l15k2,mjkj.switch.l15k2.png,
插座开关,BUBA,BUBA智能开关八键(PLC),mjkj.switch.l15k8,mjkj.switch.l15k8.png,
插座开关,BUBA,BUBA智能开关四键(PLC),mjkj.switch.l15k4,mjkj.switch.l15k4.png,
插座开关,CEKI,CEKI 智能无线开关,3399xx.remote.cekikg,3399xx.remote.cekikg.png,
插座开关,CHIGO,志高一键屏显开关,zqdq.switch.sxpx01,zqdq.switch.sxpx01.png,
插座开关,CHIGO,志高三键屏显开关,zqdq.switch.sxpx03,zqdq.switch.sxpx03.png,
插座开关,CHIGO,志高二键屏显开关,zqdq.switch.sxpx02,zqdq.switch.sxpx02.png,
插座开关,CHIGO,志高智联一键开关,zqdq.switch.sw1b01,zqdq.switch.sw1b01.png,
插座开关,CHIGO,志高智联三键开关,zqdq.switch.sw3b01,zqdq.switch.sw3b01.png,
插座开关,CHIGO,志高智联二键开关,zqdq.switch.sw2b01,zqdq.switch.sw2b01.png,
插座开关,CHIGO,志高智联四键开关,zqdq.switch.sw4b01,zqdq.switch.sw4b01.png,
插座开关,CHIGO,志高智能一键开关,zqdq.switch.sw1a01,zqdq.switch.sw1a01.png,
插座开关,CHIGO,志高智能三键开关,zqdq.switch.sw3a01,zqdq.switch.sw3a01.png,
插座开关,CHIGO,志高智能二键开关,zqdq.switch.sw2a01,zqdq.switch.sw2a01.png,
插座开关,CHIGO,志高智能四键开关,zqdq.switch.sw4a01,zqdq.switch.sw4a01.png,
插座开关,CHITCO,CHITCO智能开关(一开),chitco.switch.sw1a01,chitco.switch.sw1a01.png,
插座开关,CHITCO,CHITCO智能开关(三开),chitco.switch.sw3a01,chitco.switch.sw3a01.png,
插座开关,CHITCO,CHITCO智能开关(二开),chitco.switch.sw2a01,chitco.switch.sw2a01.png,
插座开关,CHITCO,CHITCO智能开关(四开),chitco.switch.sw4a01,chitco.switch.sw4a01.png,
插座开关,CKA,CKA一键复合开关,cka001.switch.sw1a01,cka001.switch.sw1a01.png,
插座开关,CKA,CKA三键复合开关,cka001.switch.sw3a01,cka001.switch.sw3a01.png,
插座开关,CKA,CKA二键复合开关,cka001.switch.sw2a01,cka001.switch.sw2a01.png,
插座开关,CKA,CKA四键复合开关,cka001.switch.sw4a01,cka001.switch.sw4a01.png,
插座开关,Cpcker,Cpcker一键智能单火开关2.0,ckcper.switch.bln001,ckcper.switch.bln001.png,
插座开关,Cpcker,Cpcker一键智能零火开关2.0,ckcper.switch.sw1a01,ckcper.switch.sw1a01.png,
插座开关,Cpcker,Cpcker三键智能单火开关2.0,ckcper.switch.bln003,ckcper.switch.bln003.png,
插座开关,Cpcker,Cpcker三键智能零火开关2.0,ckcper.switch.sw3a01,ckcper.switch.sw3a01.png,
插座开关,Cpcker,Cpcker二键智能单火开关2.0,ckcper.switch.bln002,ckcper.switch.bln002.png,
插座开关,Cpcker,Cpcker二键智能零火开关2.0,ckcper.switch.sw2a01,ckcper.switch.sw2a01.png,
插座开关,Cpcker,Cpcker四键智能零火开关2.0,ckcper.switch.sw4a01,ckcper.switch.sw4a01.png,
插座开关,DEBROGLIE,DEBROGLIE无线八键开关（BLE）,de1.remote.wjwx8,de1.remote.wjwx8.png,
插座开关,DEBROGLIE,DEBROGLIE智能插座(Mesh2.0),de1.plug.wjzncz,de1.plug.wjzncz.png,
插座开关,DELAI,DELAI德徕智能开关(一开),delai.switch.m61k,delai.switch.m61k.png,
插座开关,DELAI,DELAI德徕智能开关(三开),delai.switch.m63k,delai.switch.m63k.png,
插座开关,DELAI,DELAI德徕智能开关(二开),delai.switch.m62k,delai.switch.m62k.png,
插座开关,DELAI,DELAI德徕智能开关(八开),delai.switch.m98k,delai.switch.m98k.png,
插座开关,DELAI,DELAI德徕智能开关(六开),delai.switch.m66k,delai.switch.m66k.png,
插座开关,DELAI,DELAI德徕智能开关(四开),delai.switch.m64k,delai.switch.m64k.png,
插座开关,DELIXI electric,德力西电气CD295F智能墙壁开关(单火三键),dlx.switch.3d295,dlx.switch.3d295.png,
插座开关,DELIXI electric,德力西电气CD295F智能墙壁开关(单火单键),dlx.switch.1d295,dlx.switch.1d295.png,
插座开关,DELIXI electric,德力西电气CD295F智能墙壁开关(单火双键),dlx.switch.2d295,dlx.switch.2d295.png,
插座开关,DELIXI electric,德力西电气CD295F智能墙壁开关(零火三键),dlx.switch.3cd295,dlx.switch.3cd295.png,
插座开关,DELIXI electric,德力西电气CD295F智能墙壁开关(零火单键),dlx.switch.1cd295,dlx.switch.1cd295.png,
插座开关,DELIXI electric,德力西电气CD295F智能墙壁开关(零火双键),dlx.switch.2cd295,dlx.switch.2cd295.png,
插座开关,DELIXI electric,德力西电气CD295F智能墙壁开关(零火四键),dlx.switch.4cd295,dlx.switch.4cd295.png,
插座开关,DELIXI electric,德力西电气DE288智能墙壁开关(单火三键),dlx.switch.3d288,dlx.switch.3d288.png,
插座开关,DELIXI electric,德力西电气DE288智能墙壁开关(单火单键),dlx.switch.1d288,dlx.switch.1d288.png,
插座开关,DELIXI electric,德力西电气DE288智能墙壁开关(单火双键),dlx.switch.2d288,dlx.switch.2d288.png,
插座开关,DELIXI electric,德力西电气DE288智能墙壁开关（零火三键）,dlx.switch.3e288,dlx.switch.3e288.png,
插座开关,DELIXI electric,德力西电气DE288智能墙壁开关（零火单键）,dlx.switch.1e288,dlx.switch.1e288.png,
插座开关,DELIXI electric,德力西电气DE288智能墙壁开关（零火双键）,dlx.switch.2e288,dlx.switch.2e288.png,
插座开关,DELIXI electric,德力西电气DE288智能墙壁开关（零火四键）,dlx.switch.4e288,dlx.switch.4e288.png,
插座开关,DELIXI electric,德力西电气一位单零火智能开关,dlx.switch.md01k,dlx.switch.md01k.png,
插座开关,DELIXI electric,德力西电气一位智能屏显免刻字复合面板,dlx.switch.m11,dlx.switch.m11.png,
插座开关,DELIXI electric,德力西电气一位零火智能开关,dlx.switch.m01k,dlx.switch.m01k.png,
插座开关,DELIXI electric,德力西电气三位单零火智能开关,dlx.switch.md03k,dlx.switch.md03k.png,
插座开关,DELIXI electric,德力西电气三位智能屏显免刻字复合面板,dlx.switch.m13,dlx.switch.m13.png,
插座开关,DELIXI electric,德力西电气三位零火智能开关,dlx.switch.m03k,dlx.switch.m03k.png,
插座开关,DELIXI electric,德力西电气二位单零火智能开关,dlx.switch.md02k,dlx.switch.md02k.png,
插座开关,DELIXI electric,德力西电气二位智能屏显免刻字复合面板,dlx.switch.m12,dlx.switch.m12.png,
插座开关,DELIXI electric,德力西电气二位零火智能开关,dlx.switch.m02k,dlx.switch.m02k.png,
插座开关,DELIXI electric,德力西电气全屏智能多功能面板,dlx.switch.m14zk,dlx.switch.m14zk.png,
插座开关,DELIXI electric,德力西电气四位单零火智能开关,dlx.switch.md04k,dlx.switch.md04k.png,
插座开关,DELIXI electric,德力西电气四位智能屏显免刻字复合面板,dlx.switch.m14,dlx.switch.m14.png,
插座开关,DELIXI electric,德力西电气四位零火智能开关,dlx.switch.m04k,dlx.switch.m04k.png,
插座开关,DELIXI electric,德力西电气圆面屏智能中控面板,dlx.switch.m14yp,dlx.switch.m14yp.png,
插座开关,DELIXI electric,德力西电气智能插座M01,dlx.plug.deim01,dlx.plug.deim01.png,
插座开关,DELIXI electric,德力西电气智能插座M02,dlx.plug.deim02,dlx.plug.deim02.png,
插座开关,DXV,DXV一键开关Mesh2.0版,luoban.switch.sw1a01,luoban.switch.sw1a01.png,
插座开关,DXV,DXV三键开关Mesh2.0版,luoban.switch.sw3a01,luoban.switch.sw3a01.png,
插座开关,DXV,DXV二键开关Mesh2.0版,luoban.switch.sw2a01,luoban.switch.sw2a01.png,
插座开关,DXV,DXV四键开关Mesh2.0版,luoban.switch.sw4a01,luoban.switch.sw4a01.png,
插座开关,Dsny德士尼,Dsny智能三路K3开关,zagd.switch.dsnyk3,zagd.switch.dsnyk3.png,
插座开关,Dsny德士尼,Dsny智能两路K2开关,zagd.switch.dsnyk2,zagd.switch.dsnyk2.png,
插座开关,Dsny德士尼,Dsny智能单路K1开关,zagd.switch.dsnyk1,zagd.switch.dsnyk1.png,
插座开关,FDD国际电工,fdd 国际电工一键屏显开关,xdx001.switch.px01,xdx001.switch.px01.png,
插座开关,FDD国际电工,fdd 国际电工三键屏显开关,xdx001.switch.px03,xdx001.switch.px03.png,
插座开关,FDD国际电工,fdd 国际电工二键屏显开关,xdx001.switch.px02,xdx001.switch.px02.png,
插座开关,FDD国际电工,fdd 国际电工智联一键开关,xdx001.switch.sw1b01,xdx001.switch.sw1b01.png,
插座开关,FDD国际电工,fdd 国际电工智联三键开关,xdx001.switch.sw3b01,xdx001.switch.sw3b01.png,
插座开关,FDD国际电工,fdd 国际电工智联二键开关,xdx001.switch.sw2b01,xdx001.switch.sw2b01.png,
插座开关,FDD国际电工,fdd 国际电工智联四键开关,xdx001.switch.sw4b01,xdx001.switch.sw4b01.png,
插座开关,FDD国际电工,fdd 国际电工智能一键开关,xdx001.switch.sw1a01,xdx001.switch.sw1a01.png,
插座开关,FDD国际电工,fdd 国际电工智能三键开关,xdx001.switch.sw3a01,xdx001.switch.sw3a01.png,
插座开关,FDD国际电工,fdd 国际电工智能二键开关,xdx001.switch.sw2a01,xdx001.switch.sw2a01.png,
插座开关,FDD国际电工,fdd 国际电工智能四键开关,xdx001.switch.sw4a01,xdx001.switch.sw4a01.png,
插座开关,FRFOX,FRFOX-M6一键智能开关,yoohoo.switch.bln311,yoohoo.switch.bln311.png,
插座开关,FRFOX,FRFOX-M6三键智能开关,yoohoo.switch.bln333,yoohoo.switch.bln333.png,
插座开关,FRFOX,FRFOX-M6二键智能开关,yoohoo.switch.bln322,yoohoo.switch.bln322.png,
插座开关,FRFOX,FRFOX-M6六键智能开关,yoohoo.switch.bln366,yoohoo.switch.bln366.png,
插座开关,FRFOX,FRFOX-M6四键智能开关,yoohoo.switch.bln344,yoohoo.switch.bln344.png,
插座开关,FRFOX,FRFOX-M6智能插卡取电器,yoohoo.cs.ck01,yoohoo.cs.ck01.png,
插座开关,FRFOX,FRFOX-S5一键智能开关,yoohoo.switch.s51k,yoohoo.switch.s51k.png,
插座开关,FRFOX,FRFOX-S5三键智能开关,yoohoo.switch.s53k,yoohoo.switch.s53k.png,
插座开关,FRFOX,FRFOX-S5二键智能开关,yoohoo.switch.s52k,yoohoo.switch.s52k.png,
插座开关,FRFOX,FRFOX-S5六键智能开关,yoohoo.switch.s56k,yoohoo.switch.s56k.png,
插座开关,FRFOX,FRFOX-S5四键智能开关,yoohoo.switch.s54k,yoohoo.switch.s54k.png,
插座开关,FRFOX,FRFOX-S7一键智能开关,yoohoo.switch.s701,yoohoo.switch.s701.png,
插座开关,FRFOX,FRFOX-S7三键智能开关,yoohoo.switch.s703,yoohoo.switch.s703.png,
插座开关,FRFOX,FRFOX-S7二键智能开关,yoohoo.switch.s702,yoohoo.switch.s702.png,
插座开关,FRFOX,FRFOX-Z5臻薄屏显一键开关,yoohoo.switch.z501,yoohoo.switch.z501.png,
插座开关,FRFOX,FRFOX-Z5臻薄屏显三键开关,yoohoo.switch.z503,yoohoo.switch.z503.png,
插座开关,FRFOX,FRFOX-Z5臻薄屏显二键开关,yoohoo.switch.z502,yoohoo.switch.z502.png,
插座开关,FRFOX,FRFOX-Z7三键智能开关,yoohoo.switch.z703,yoohoo.switch.z703.png,
插座开关,FRFOX,FRFOX-Z7二键智能开关,yoohoo.switch.z702,yoohoo.switch.z702.png,
插座开关,FRFOX,FRFOX-Z7六键智能开关,yoohoo.switch.z706,yoohoo.switch.z706.png,
插座开关,FRFOX,FRFOX-Z7四键智能开关,yoohoo.switch.z704,yoohoo.switch.z704.png,
插座开关,FRFOX,FRFOX蓝牙一键开关,yoohoo.switch.bln31,yoohoo.switch.bln31.png,
插座开关,FRFOX,FRFOX蓝牙三键开关,yoohoo.switch.bln33,yoohoo.switch.bln33.png,
插座开关,FRFOX,FRFOX蓝牙二键开关,yoohoo.switch.bln32,yoohoo.switch.bln32.png,
插座开关,FRFOX,FRFOX蓝牙八键开关,yoohoo.switch.bln38,yoohoo.switch.bln38.png,
插座开关,FRFOX,FRFOX蓝牙六键开关,yoohoo.switch.bln36,yoohoo.switch.bln36.png,
插座开关,FRFOX,FRFOX蓝牙四键开关,yoohoo.switch.bln34,yoohoo.switch.bln34.png,
插座开关,FSL,FSL一位智能开关,sfl.switch.sw1a01,sfl.switch.sw1a01.png,
插座开关,FSL,FSL三位智能开关,sfl.switch.sw3a01,sfl.switch.sw3a01.png,
插座开关,FSL,FSL二位智能开关,sfl.switch.sw2a01,sfl.switch.sw2a01.png,
插座开关,FSL,FSL四位智能开关,sfl.switch.sw4a01,sfl.switch.sw4a01.png,
插座开关,Gayoo光言光语,光言光语 一键智能开关Mesh2.0,gayoo.switch.gykgg1,gayoo.switch.gykgg1.png,
插座开关,Gayoo光言光语,光言光语 三键智能开关Mesh2.0,gayoo.switch.gykgg3,gayoo.switch.gykgg3.png,
插座开关,Gayoo光言光语,光言光语 二键智能开关Mesh2.0,gayoo.switch.gykgg2,gayoo.switch.gykgg2.png,
插座开关,Gayoo光言光语,光言光语 四键智能开关Mesh2.0,gayoo.switch.gykgg4,gayoo.switch.gykgg4.png,
插座开关,Gosund,Gosund 30W GaN智能排插WP12,cuco.plug.wp12,cuco.plug.wp12.png,
插座开关,Gosund,Gosund智慧扩充插座P2,cuco.plug.p2,cuco.plug.p2.png,
插座开关,Gosund,Gosund智能插座WP5,cuco.plug.wp5,cuco.plug.wp5.png,
插座开关,Gosund,Gosund智能插座WP5-AM(计电量),cuco.plug.wp5m,cuco.plug.wp5m.png,
插座开关,Gosund,电小酷智能墙插CO1-M2,cuco.plug.co1,cuco.plug.co1.png,
插座开关,Gosund,电小酷智能开关CS1（零火线单键版）2,cuco.switch.cs1,cuco.switch.cs1.png,
插座开关,Gosund,电小酷智能开关CS2（零火线双键版）2,cuco.switch.cs2,cuco.switch.cs2.png,
插座开关,Gosund,电小酷智能开关CS3（零火线三键版）2,cuco.switch.cs3,cuco.switch.cs3.png,
插座开关,Gosund,电小酷智能开关S4AM （单火线单键版),cuco.switch.s4amts,cuco.switch.s4amts.png,
插座开关,Gosund,电小酷智能开关S5AM （单火线双键版),cuco.switch.s5amts,cuco.switch.s5amts.png,
插座开关,Gosund,电小酷智能插座 CP1,cuco.plug.cp1,cuco.plug.cp1.png,
插座开关,Gosund,电小酷智能插座CP1-AM(计电量)1,cuco.plug.cp1m,cuco.plug.cp1m.png,
插座开关,Gosund,电小酷智能插座CP2,cuco.plug.cp2,cuco.plug.cp2.png,
插座开关,Gosund,电小酷智能插座CP2-AM,cuco.plug.cp2a,cuco.plug.cp2a.png,
插座开关,Gosund,电小酷智能插座CP3-AM2,cuco.plug.cp3a,cuco.plug.cp3a.png,
插座开关,GranchipIoT,Gra智能控制器V7（Mesh2.0）,giot.plug.v9icm,giot.plug.v9icm.png,
插座开关,GranchipIoT,Gra智能控制器V7（Mesh）,giot.plug.v7icm,giot.plug.v7icm.png,
插座开关,GranchipIoT,Gra智能控制器V7（WiFi）,giot.plug.v7icw,giot.plug.v7icw.png,
插座开关,GranchipIoT,Gra电计量控制器V8（WiFi）,giot.plug.v9icwf,giot.plug.v9icwf.png,
插座开关,Graun,Graun智能一键开关,graiot.switch.bln001,graiot.switch.bln001.png,
插座开关,Graun,Graun智能三键开关,graiot.switch.bln003,graiot.switch.bln003.png,
插座开关,Graun,Graun智能二键开关,graiot.switch.bln002,graiot.switch.bln002.png,
插座开关,Graun,Graun智能八键开关,graiot.switch.bln008,graiot.switch.bln008.png,
插座开关,Graun,Graun智能六键开关,graiot.switch.bln006,graiot.switch.bln006.png,
插座开关,Graun,Graun智能四键开关,graiot.switch.bln004,graiot.switch.bln004.png,
插座开关,H+,H+ 微动智能开关 三键,huca.switch.h2mb03,huca.switch.h2mb03.png,
插座开关,H+,H+ 微动智能开关 单键,huca.switch.h2mb01,huca.switch.h2mb01.png,
插座开关,H+,H+ 微动智能开关 双键,huca.switch.h2mb02,huca.switch.h2mb02.png,
插座开关,H+,H+ 超薄智能开关 三键,huca.switch.hc3m31,huca.switch.hc3m31.png,
插座开关,H+,H+ 轻触智能开关三键,huca.switch.2lh3,huca.switch.2lh3.png,
插座开关,H+,H+ 轻触智能开关单键,huca.switch.2lh1,huca.switch.2lh1.png,
插座开关,H+,H+ 轻触智能开关双键,huca.switch.2lh2,huca.switch.2lh2.png,
插座开关,H+,H+单火三键开关,huca.switch.dh3,huca.switch.dh3.png,
插座开关,H+,H+单火双键开关,huca.switch.dh2,huca.switch.dh2.png,
插座开关,H+,H+单火开关,huca.switch.dh1,huca.switch.dh1.png,
插座开关,H+,H+无线场景八键开关,huca.remote.wx8,huca.remote.wx8.png,
插座开关,H+,H+智能开关三键（单火/零火通用版）,huca.switch.dhs3,huca.switch.dhs3.png,
插座开关,H+,H+智能开关单键（单火/零火通用版）,huca.switch.dhs1,huca.switch.dhs1.png,
插座开关,H+,H+智能开关双键（单火/零火通用版）,huca.switch.dhs2,huca.switch.dhs2.png,
插座开关,H+,H+智能开关四开（零火版）,huca.switch.dhs4,huca.switch.dhs4.png,
插座开关,H+,H+智能插座（WiFi版）,huca.plug.cz2,huca.plug.cz2.png,
插座开关,H+,H+智能插座（蓝牙Mesh版）,huca.plug.cz2b,huca.plug.cz2b.png,
插座开关,H+,H+超薄智能开关 单键,huca.switch.hc3m11,huca.switch.hc3m11.png,
插座开关,H+,H+零火三键开关,huca.switch.lh3,huca.switch.lh3.png,
插座开关,H+,H+零火单键开关,huca.switch.lh1,huca.switch.lh1.png,
插座开关,H+,H+零火双键开关,huca.switch.lh2,huca.switch.lh2.png,
插座开关,H+,H+零火四键开关,huca.switch.lh4,huca.switch.lh4.png,
插座开关,H+,H＋超薄智能开关 双键,huca.switch.hc3m21,huca.switch.hc3m21.png,
插座开关,HONYAR,HONYAR一键智能开关,honyar.switch.bln01,honyar.switch.bln01.png,
插座开关,HONYAR,HONYAR三键智能开关,honyar.switch.bln03,honyar.switch.bln03.png,
插座开关,HONYAR,HONYAR二键智能开关,honyar.switch.bln02,honyar.switch.bln02.png,
插座开关,HONYAR,HONYAR四键智能开关,honyar.switch.bln04,honyar.switch.bln04.png,
插座开关,HONYAR,鸿雁三键智能开关Pro,honyar.switch.hyp009,honyar.switch.hyp009.png,
插座开关,HONYAR,鸿雁三键智能按键开关,honyar.switch.sw3e01,honyar.switch.sw3e01.png,
插座开关,HONYAR,鸿雁全面屏开关HM1Plus,honyar.switch.px,honyar.switch.px.png,
插座开关,HONYAR,鸿雁单键智能开关Pro,honyar.switch.hyp007,honyar.switch.hyp007.png,
插座开关,HONYAR,鸿雁单键智能按键开关,honyar.switch.sw1e01,honyar.switch.sw1e01.png,
插座开关,HONYAR,鸿雁双键智能开关Pro,honyar.switch.hyp008,honyar.switch.hyp008.png,
插座开关,HONYAR,鸿雁双键智能按键开关,honyar.switch.sw2e01,honyar.switch.sw2e01.png,
插座开关,HONYAR,鸿雁四键智能开关Pro,honyar.switch.hyp010,honyar.switch.hyp010.png,
插座开关,HONYAR,鸿雁四键智能按键开关,honyar.switch.sw4e01,honyar.switch.sw4e01.png,
插座开关,HUISHUAI,辉帅一位零火智能开关,hszna.switch.h0001,hszna.switch.h0001.png,
插座开关,HUISHUAI,辉帅三位零火智能开关,hszna.switch.h0003,hszna.switch.h0003.png,
插座开关,HUISHUAI,辉帅二位零火智能开关,hszna.switch.h0002,hszna.switch.h0002.png,
插座开关,HUISHUAI,辉帅全面屏智能面板,hszna.switch.h0005,hszna.switch.h0005.png,
插座开关,HUISHUAI,辉帅四位零火智能开关,hszna.switch.h0004,hszna.switch.h0004.png,
插座开关,HUISHUAI,辉帅圆屏多功能面板,hszna.switch.h0006,hszna.switch.h0006.png,
插座开关,HiPC,HiPC电脑智能开机卡,hipc.plug.m1,hipc.plug.m1.png,
插座开关,IWN,IWN小铃铛彩屏按键一位零火智能开关,iwn.switch.iws003,iwn.switch.iws003.png,
插座开关,IWN,IWN小铃铛彩屏按键三位零火智能开关,iwn.switch.iws005,iwn.switch.iws005.png,
插座开关,IWN,IWN小铃铛彩屏按键二位零火智能开关,iwn.switch.iws004,iwn.switch.iws004.png,
插座开关,IWN,IWN小铃铛彩屏按键四位零火智能开关,iwn.switch.iws006,iwn.switch.iws006.png,
插座开关,IWN 小铃铛,IWN小铃铛一位单零火兼容开关,topwit.switch.rzw99,topwit.switch.rzw99.png,
插座开关,IWN 小铃铛,IWN小铃铛一位零火屏显开关,topwit.switch.rzw88,topwit.switch.rzw88.png,
插座开关,IWN 小铃铛,IWN小铃铛一位零火智能开关,topwit.switch.rzw77,topwit.switch.rzw77.png,
插座开关,IWN 小铃铛,IWN小铃铛三位单零火兼容开关,topwit.switch.yzw02,topwit.switch.yzw02.png,
插座开关,IWN 小铃铛,IWN小铃铛三位零火屏显开关,topwit.switch.rzw89,topwit.switch.rzw89.png,
插座开关,IWN 小铃铛,IWN小铃铛三位零火智能开关,topwit.switch.rzw79,topwit.switch.rzw79.png,
插座开关,IWN 小铃铛,IWN小铃铛二位单零火兼容开关,topwit.switch.yzw01,topwit.switch.yzw01.png,
插座开关,IWN 小铃铛,IWN小铃铛二位零火屏显开关,topwit.switch.rzw90,topwit.switch.rzw90.png,
插座开关,IWN 小铃铛,IWN小铃铛二位零火智能开关,topwit.switch.rzw78,topwit.switch.rzw78.png,
插座开关,IWN 小铃铛,IWN小铃铛全面屏智能面板,topwit.switch.rzw75,topwit.switch.rzw75.png,
插座开关,IWN 小铃铛,IWN小铃铛四位单零火兼容开关,topwit.switch.yzw03,topwit.switch.yzw03.png,
插座开关,IWN 小铃铛,IWN小铃铛四位零火屏显开关,topwit.switch.rzw91,topwit.switch.rzw91.png,
插座开关,IWN 小铃铛,IWN小铃铛四位零火智能开关,topwit.switch.rzw80,topwit.switch.rzw80.png,
插座开关,IWN 小铃铛,IWN小铃铛圆屏智能多功能面板,topwit.switch.rzw74,topwit.switch.rzw74.png,
插座开关,IWN 小铃铛,IWN小铃铛智能安全轨道插,topwit.plug.rzs02,topwit.plug.rzs02.png,
插座开关,Iwytech,Iwytech智能插座V5,ivtec.plug.v5,ivtec.plug.v5.png,
插座开关,JOCO,JOCO四键圆屏开关（Mesh2.0）,nbxh.switch.jckg5,nbxh.switch.jckg5.png,
插座开关,JOCO,JOCO智能Mesh一键屏显开关,nbxh.switch.sw1b01,nbxh.switch.sw1b01.png,
插座开关,JOCO,JOCO智能Mesh一键开关,nbxh.switch.sw1a01,nbxh.switch.sw1a01.png,
插座开关,JOCO,JOCO智能Mesh三键屏显开关,nbxh.switch.sw3b01,nbxh.switch.sw3b01.png,
插座开关,JOCO,JOCO智能Mesh三键开关,nbxh.switch.sw3a01,nbxh.switch.sw3a01.png,
插座开关,JOCO,JOCO智能Mesh二键屏显开关,nbxh.switch.sw2b01,nbxh.switch.sw2b01.png,
插座开关,JOCO,JOCO智能Mesh二键开关,nbxh.switch.sw2a01,nbxh.switch.sw2a01.png,
插座开关,JOCO,JOCO智能X1八键开关  （Mesh2.0）,nbxh.switch.jckg6,nbxh.switch.jckg6.png,
插座开关,JOCO,JOCO智能自然系列一路开关（Mesh2.0）,nbxh.switch.jckg1,nbxh.switch.jckg1.png,
插座开关,JOCO,JOCO智能自然系列三路开关（Mesh2.0）,nbxh.switch.jckg3,nbxh.switch.jckg3.png,
插座开关,JOCO,JOCO智能自然系列二路开关（Mesh2.0）,nbxh.switch.jckg2,nbxh.switch.jckg2.png,
插座开关,JOCO,JOCO智能自然系列四路开关（Mesh2.0）,nbxh.switch.jckg4,nbxh.switch.jckg4.png,
插座开关,JYEASE,捷易智能四路开关（Mesh2.0）,jyzc.switch.jykg4,jyzc.switch.jykg4.png,
插座开关,KEEY,KEEY智能一键开关（Mesh2.0）,keey.switch.qykgm1,keey.switch.qykgm1.png,
插座开关,KEEY,KEEY智能三键开关（Mesh2.0）,keey.switch.qykgm3,keey.switch.qykgm3.png,
插座开关,KEEY,KEEY智能二键开关（Mesh2.0）,keey.switch.qykgm2,keey.switch.qykgm2.png,
插座开关,KEEY,KEEY智能四键开关（Mesh2.0）,keey.switch.qykgm4,keey.switch.qykgm4.png,
插座开关,KEEY,KEEY智能无线开关M,keey.remote.qywx4,keey.remote.qywx4.png,
插座开关,KGP,KGP智能三位开关（Mesh2.0）,kegu.switch.sw3a01,kegu.switch.sw3a01.png,
插座开关,KGP,KGP智能二位开关（Mesh2.0）,kegu.switch.sw2a01,kegu.switch.sw2a01.png,
插座开关,KGP,KGP智能四位开关（Mesh2.0）,kegu.switch.sw4a01,kegu.switch.sw4a01.png,
插座开关,KGP,KGP智能屏显一位开关,kegu.switch.kgkg1,kegu.switch.kgkg1.png,
插座开关,KGP,KGP智能屏显三位开关,kegu.switch.kgkg3,kegu.switch.kgkg3.png,
插座开关,KGP,KGP智能屏显二位开关,kegu.switch.kgkg2,kegu.switch.kgkg2.png,
插座开关,KINSUNY今上,今上智能开关S1,ksks.switch.sw4a01,ksks.switch.sw4a01.png,
插座开关,KINSUNY今上,今上智能开关S1 四键,ksks.switch.sw4a02,ksks.switch.sw4a02.png,
插座开关,KINSUNY今上,今上智能开关S2,ksks.switch.sw3a01,ksks.switch.sw3a01.png,
插座开关,KINSUNY今上,今上智能开关S2 三键,ksks.switch.sw3a02,ksks.switch.sw3a02.png,
插座开关,KINSUNY今上,今上智能开关S3 三键,ksks.switch.sw3a03,ksks.switch.sw3a03.png,
插座开关,KINSUNY今上,今上智能开关S3 双键,ksks.switch.sw2a01,ksks.switch.sw2a01.png,
插座开关,KOEY,KOEY瞬系列智能开关1键,koey.switch.sw1a01,koey.switch.sw1a01.png,
插座开关,KOEY,KOEY瞬系列智能开关2键,koey.switch.sw2a01,koey.switch.sw2a01.png,
插座开关,KOEY,KOEY瞬系列智能开关3键,koey.switch.sw3a01,koey.switch.sw3a01.png,
插座开关,KOEY,KOEY瞬系列智能开关4键,koey.switch.sw4a01,koey.switch.sw4a01.png,
插座开关,KOEY,KOEY瞬系列超薄智能开关1键,koey.switch.sw1b01,koey.switch.sw1b01.png,
插座开关,KOEY,KOEY瞬系列超薄智能开关2键,koey.switch.sw2b01,koey.switch.sw2b01.png,
插座开关,KOEY,KOEY瞬系列超薄智能开关3键,koey.switch.sw3b01,koey.switch.sw3b01.png,
插座开关,KOEY,KOEY瞬系列超薄智能开关4键（屏显）,koey.switch.sw4b01,koey.switch.sw4b01.png,
插座开关,KONKE 控客,KONKE三路智控开关,ksmart.switch.sw3b01,ksmart.switch.sw3b01.png,
插座开关,KONKE 控客,KONKE单路智控开关,ksmart.switch.sw1b01,ksmart.switch.sw1b01.png,
插座开关,KONKE 控客,KONKE双路智控开关,ksmart.switch.sw2b01,ksmart.switch.sw2b01.png,
插座开关,KONKE 控客,KONKE四路智控开关,ksmart.switch.sw4b01,ksmart.switch.sw4b01.png,
插座开关,Kenwell,Kenwell 智能开关一键,kwi.switch.sw1a01,kwi.switch.sw1a01.png,
插座开关,Kenwell,Kenwell 智能开关三键,kwi.switch.sw3a01,kwi.switch.sw3a01.png,
插座开关,Kenwell,Kenwell 智能开关二键,kwi.switch.sw2a01,kwi.switch.sw2a01.png,
插座开关,Kenwell,Kenwell 智能开关四键,kwi.switch.sw4a01,kwi.switch.sw4a01.png,
插座开关,LEELEN,LEELEN-P4一键智能开关,leelen.switch.bln31,leelen.switch.bln31.png,
插座开关,LEELEN,LEELEN-P4三键智能开关,leelen.switch.bln33,leelen.switch.bln33.png,
插座开关,LEELEN,LEELEN-P4二键智能开关,leelen.switch.bln32,leelen.switch.bln32.png,
插座开关,LENGCEOI,迅为一键智能开关Mesh2.0,lat888.switch.bln31,lat888.switch.bln31.png,
插座开关,LENGCEOI,迅为三键智能开关Mesh2.0,lat888.switch.bln33,lat888.switch.bln33.png,
插座开关,LENGCEOI,迅为二键智能开关Mesh2.0,lat888.switch.bln32,lat888.switch.bln32.png,
插座开关,LENGCEOI,迅为六键智能开关Mesh2.0,lat888.switch.bln36,lat888.switch.bln36.png,
插座开关,LENGCEOI,迅为四键智能开关Mesh2.0,lat888.switch.bln34,lat888.switch.bln34.png,
插座开关,LENGCEOI,迅为插卡取电器Mesh2.0,lat888.cs.ck01,lat888.cs.ck01.png,
插座开关,LETARON,擎洲一键智能开关,qzgd.switch.sw1a02,qzgd.switch.sw1a02.png,
插座开关,LETARON,擎洲三键智能开关,qzgd.switch.sw3a02,qzgd.switch.sw3a02.png,
插座开关,LETARON,擎洲二键智能开关,qzgd.switch.sw2a02,qzgd.switch.sw2a02.png,
插座开关,LETARON,擎洲八键智能开关,qzgd.switch.sw4a02,qzgd.switch.sw4a02.png,
插座开关,LETARON,擎洲四键智能开关,qzgd.switch.sw4a01,qzgd.switch.sw4a01.png,
插座开关,LEX乐享生活,LEXMesh 一键智能开关2.0,lex.switch.sw1b01,lex.switch.sw1b01.png,
插座开关,LEX乐享生活,LEXMesh 三键智能开关2.0,lex.switch.sw3b01,lex.switch.sw3b01.png,
插座开关,LEX乐享生活,LEXMesh 二键智能开关2.0,lex.switch.sw2b01,lex.switch.sw2b01.png,
插座开关,LEX乐享生活,LEXMesh 四键中间屏显开关2.0,lex.switch.sw4a02,lex.switch.sw4a02.png,
插座开关,LEX乐享生活,LEXMesh 四键智能开关2.0,lex.switch.sw4b01,lex.switch.sw4b01.png,
插座开关,LIUHONG 留虹照明,留虹照明智能开关一键,lh2024.switch.sw1a01,lh2024.switch.sw1a01.png,
插座开关,LIUHONG 留虹照明,留虹照明智能开关三键,lh2024.switch.sw3a01,lh2024.switch.sw3a01.png,
插座开关,LIUHONG 留虹照明,留虹照明智能开关二键,lh2024.switch.sw2a01,lh2024.switch.sw2a01.png,
插座开关,LIUHONG 留虹照明,留虹照明智能开关四键,lh2024.switch.sw4a01,lh2024.switch.sw4a01.png,
插座开关,LKRQ,LKRQ电脑开机卡,pzg.plug.1127,pzg.plug.1127.png,
插座开关,LKRQ,LKRQ电脑开机卡（Mesh2.0）,pzg.plug.0002,pzg.plug.0002.png,
插座开关,LONINK,LONINK一键开关（WiFi）,lonink.switch.ln084,lonink.switch.ln084.png,
插座开关,LONINK,LONINK三键开关（WiFi）,lonink.switch.ln086,lonink.switch.ln086.png,
插座开关,LONINK,LONINK二键开关（WiFi）,lonink.switch.ln085,lonink.switch.ln085.png,
插座开关,LONINK,LONINK智能一键开关 WiFi,lonink.switch.ln064,lonink.switch.ln064.png,
插座开关,LONINK,LONINK智能三键开关 WiFi,lonink.switch.ln066,lonink.switch.ln066.png,
插座开关,LONINK,LONINK智能二键开关 WiFi,lonink.switch.ln065,lonink.switch.ln065.png,
插座开关,Lemesh,情景Lemesh一键屏显开关Ultra,lemesh.switch.sw1f20,lemesh.switch.sw1f20.png,
插座开关,Lemesh,情景Lemesh三键屏显开关Ultra,lemesh.switch.sw3f18,lemesh.switch.sw3f18.png,
插座开关,Lemesh,情景Lemesh二键屏显开关Ultra,lemesh.switch.sw2f19,lemesh.switch.sw2f19.png,
插座开关,Lemesh,情景Lemesh四键屏显开关Pro,lemesh.switch.sw4f24,lemesh.switch.sw4f24.png,
插座开关,Lemesh,情景Lemesh四键屏显开关Ultra,lemesh.switch.sw4f15,lemesh.switch.sw4f15.png,
插座开关,LineHope,LineHope智能墙壁开关H1（零火三键版）,line.switch.h13,line.switch.h13.png,
插座开关,LineHope,LineHope智能墙壁开关H1（零火单键版）,line.switch.h11,line.switch.h11.png,
插座开关,LineHope,LineHope智能墙壁开关H1（零火双键版）,line.switch.h12,line.switch.h12.png,
插座开关,LineHope,LineHope智能墙壁开关H4（零火三键版）,line.switch.kgh43,line.switch.kgh43.png,
插座开关,LineHope,LineHope智能墙壁开关H4（零火单键版）,line.switch.kgh41,line.switch.kgh41.png,
插座开关,LineHope,LineHope智能墙壁开关H4（零火双键版）,line.switch.kgh42,line.switch.kgh42.png,
插座开关,LineHope,LineHope智能墙壁开关H4（零火四键版）,line.switch.kgh44,line.switch.kgh44.png,
插座开关,LineHope,LineHope智能墙壁开关H8 三键,line.switch.kgh83,line.switch.kgh83.png,
插座开关,LineHope,LineHope智能墙壁开关H8 单键,line.switch.kgh81,line.switch.kgh81.png,
插座开关,LineHope,LineHope智能墙壁开关H8 双键,line.switch.kgh82,line.switch.kgh82.png,
插座开关,LineHope,LineHope智能墙壁开关K1（零火三键版）,line.switch.kgk13,line.switch.kgk13.png,
插座开关,LineHope,LineHope智能墙壁开关K1（零火单键版）,line.switch.kgk1,line.switch.kgk1.png,
插座开关,LineHope,LineHope智能墙壁开关K1（零火双键版）,line.switch.kgk12,line.switch.kgk12.png,
插座开关,LineHope,LineHope智能屏显开关E8 三键,line.switch.pkge83,line.switch.pkge83.png,
插座开关,LineHope,LineHope智能屏显开关E8 单键,line.switch.pkge81,line.switch.pkge81.png,
插座开关,LineHope,LineHope智能屏显开关E8 双键,line.switch.pkge82,line.switch.pkge82.png,
插座开关,LineHope,LineHope智能屏显开关E8 四键,line.switch.pxkge8,line.switch.pxkge8.png,
插座开关,LineHope,LineHope智能无线旋钮开关E6,line.remote.fxnkg,line.remote.fxnkg.png,
插座开关,MAIHUI,MAIHUI 一开智能开关2.0,ppe.switch.sw1a01,ppe.switch.sw1a01.png,
插座开关,MAIHUI,MAIHUI 三开智能开关2.0,ppe.switch.sw3a01,ppe.switch.sw3a01.png,
插座开关,MAIHUI,MAIHUI 二开智能开关2.0,ppe.switch.sw2a01,ppe.switch.sw2a01.png,
插座开关,MAIHUI,MAIHUI 四开智能开关2.0,ppe.switch.sw4a01,ppe.switch.sw4a01.png,
插座开关,MAIHUI,MAIHUI一开智能开关2.0,ppe.switch.bdh1,ppe.switch.bdh1.png,
插座开关,MAIHUI,MAIHUI三开智能开关2.0,ppe.switch.bdh3,ppe.switch.bdh3.png,
插座开关,MAIHUI,MAIHUI二开智能开关2.0,ppe.switch.bdh2,ppe.switch.bdh2.png,
插座开关,MAIHUI,MAIHUI四开智能开关2.0,ppe.switch.bdh4,ppe.switch.bdh4.png,
插座开关,MAIHUI,MAIHUI智能插卡取电器2.0,ppe.cs.swk01,ppe.cs.swk01.png,
插座开关,MCOLOR,MCOLOR 智能开关全面屏,mcolor.switch.sw3a03,mcolor.switch.sw3a03.png,
插座开关,MCOLOR,MCOLOR智能开关 智灵一键,mcolor.switch.sw1b01,mcolor.switch.sw1b01.png,
插座开关,MCOLOR,MCOLOR智能开关 智灵三键,mcolor.switch.sw3b01,mcolor.switch.sw3b01.png,
插座开关,MCOLOR,MCOLOR智能开关 智灵二键,mcolor.switch.sw2b01,mcolor.switch.sw2b01.png,
插座开关,MCOLOR,MCOLOR智能开关 智灵四键,mcolor.switch.sw4b01,mcolor.switch.sw4b01.png,
插座开关,MCOLOR,MCOLOR智能开关 零火三键,mcolor.switch.sw3a01,mcolor.switch.sw3a01.png,
插座开关,MCOLOR,MCOLOR智能开关 零火八键,mcolor.switch.sw8a02,mcolor.switch.sw8a02.png,
插座开关,MCOLOR,MCOLOR智能开关 零火单键,mcolor.switch.sw1a01,mcolor.switch.sw1a01.png,
插座开关,MCOLOR,MCOLOR智能开关 零火双键,mcolor.switch.sw2a01,mcolor.switch.sw2a01.png,
插座开关,MCOLOR,MCOLOR智能开关 零火四键,mcolor.switch.sw4a01,mcolor.switch.sw4a01.png,
插座开关,MLIANJIA,MLIANJIA智慧Ai一键屏显开关,mlianj.switch.bln31,mlianj.switch.bln31.png,
插座开关,MLIANJIA,MLIANJIA智慧Ai三键屏显开关,mlianj.switch.bln33,mlianj.switch.bln33.png,
插座开关,MLIANJIA,MLIANJIA智慧Ai二键屏显开关,mlianj.switch.bln32,mlianj.switch.bln32.png,
插座开关,MLIANJIA,MLIANJIA智慧Ai六键屏显开关,mlianj.switch.bln36,mlianj.switch.bln36.png,
插座开关,MLIANJIA,MLIANJIA智慧Ai四键屏显开关,mlianj.switch.bln34,mlianj.switch.bln34.png,
插座开关,MLIANJIA,MLIANJIA智慧Ai屏幕开关,mlianj.switch.bpx3,mlianj.switch.bpx3.png,
插座开关,Melion,美莱恩调光开关,melion.switch.bm6a1,melion.switch.bm6a1.png,
插座开关,Mexin美心,美心智能一键开关,mexin.switch.bldup1,mexin.switch.bldup1.png,
插座开关,Mexin美心,美心智能三键开关,mexin.switch.bldup3,mexin.switch.bldup3.png,
插座开关,Mexin美心,美心智能二键开关,mexin.switch.bldup2,mexin.switch.bldup2.png,
插座开关,Mexin美心,美心智能四键开关,mexin.switch.bldup4,mexin.switch.bldup4.png,
插座开关,MyPile,MyPile智能壁挂充电支架,mypile.switch.sw5a01,mypile.switch.sw5a01.png,
插座开关,NCOMR,列科玛一位智能开关（零火版）,lzmesh.switch.bln31,lzmesh.switch.bln31.png,
插座开关,NCOMR,列科玛三位智能开关（零火版）,lzmesh.switch.bln33,lzmesh.switch.bln33.png,
插座开关,NCOMR,列科玛二位智能开关（零火版）,lzmesh.switch.bln32,lzmesh.switch.bln32.png,
插座开关,NCOMR,列科玛四位智能开关（零火版）,lzmesh.switch.bln34,lzmesh.switch.bln34.png,
插座开关,NIOT,NIOT 智能（计量）转换插座,axzn.plug.s3,axzn.plug.s3.png,
插座开关,NVC 雷士电工,NVC 雷士电工墙壁开关 Ni2（零火MESH三键）,zhzt.switch.ni2a32,zhzt.switch.ni2a32.png,
插座开关,NVC 雷士电工,NVC雷士 单火智能开关 Ni（一位）,zhzt.switch.nia11,zhzt.switch.nia11.png,
插座开关,NVC 雷士电工,NVC雷士 单火智能开关 Ni（三位）,zhzt.switch.nia31,zhzt.switch.nia31.png,
插座开关,NVC 雷士电工,NVC雷士 单火智能开关 Ni（二位）,zhzt.switch.nia21,zhzt.switch.nia21.png,
插座开关,NVC 雷士电工,NVC雷士电工 一位零火智能开关 N26,zhzt.switch.sw1c02,zhzt.switch.sw1c02.png,
插座开关,NVC 雷士电工,NVC雷士电工 一位零火智能开关BLE-Mesh,zhzt.switch.sw1d03,zhzt.switch.sw1d03.png,
插座开关,NVC 雷士电工,NVC雷士电工 三位零火智能开关 N26,zhzt.switch.sw3c02,zhzt.switch.sw3c02.png,
插座开关,NVC 雷士电工,NVC雷士电工 三位零火智能开关BLE-Mesh,zhzt.switch.sw3d03,zhzt.switch.sw3d03.png,
插座开关,NVC 雷士电工,NVC雷士电工 二位零火智能开关 N26,zhzt.switch.sw2c02,zhzt.switch.sw2c02.png,
插座开关,NVC 雷士电工,NVC雷士电工 二位零火智能开关BLE-Mesh,zhzt.switch.sw2d03,zhzt.switch.sw2d03.png,
插座开关,NVC 雷士电工,NVC雷士电工 四位3路带屏蓝牙复合开关 Q22,zhzt.switch.sw4a01,zhzt.switch.sw4a01.png,
插座开关,NVC 雷士电工,NVC雷士电工 墙壁开关 Ni2（零火MESH单键）,zhzt.switch.ni2a11,zhzt.switch.ni2a11.png,
插座开关,NVC 雷士电工,NVC雷士电工 墙壁开关 Ni2（零火MESH双键）,zhzt.switch.ni2a21,zhzt.switch.ni2a21.png,
插座开关,NVC 雷士电工,NVC雷士电工一位蓝牙复合开关 Q22,zhzt.switch.sw1a01,zhzt.switch.sw1a01.png,
插座开关,NVC 雷士电工,NVC雷士电工三位蓝牙复合开关 Q22,zhzt.switch.sw3a01,zhzt.switch.sw3a01.png,
插座开关,NVC 雷士电工,NVC雷士电工二位蓝牙复合开关 Q22,zhzt.switch.sw2a01,zhzt.switch.sw2a01.png,
插座开关,NVC 雷士电工,NVC雷士电工四位零火智能开关BLE-Mesh,zhzt.switch.sw6a01,zhzt.switch.sw6a01.png,
插座开关,NVC 雷士电工,雷士墙壁开关MESH（零火 三键）,zhzt.switch.ni2a31,zhzt.switch.ni2a31.png,
插座开关,NVC 雷士电工,雷士电工一位蓝牙复合开关Q19,zhzt.switch.sw1b01,zhzt.switch.sw1b01.png,
插座开关,NVC 雷士电工,雷士电工三位蓝牙复合开关Q19,zhzt.switch.sw3b01,zhzt.switch.sw3b01.png,
插座开关,NVC 雷士电工,雷士电工二位蓝牙复合开关Q19,zhzt.switch.sw2b01,zhzt.switch.sw2b01.png,
插座开关,NVC 雷士电工,雷士电工四位蓝牙复合开关Q19,zhzt.switch.sw4b01,zhzt.switch.sw4b01.png,
插座开关,OGeLen,欧格朗智能一键开关,ogl.switch.sw1a01,ogl.switch.sw1a01.png,
插座开关,OGeLen,欧格朗智能三键开关,ogl.switch.sw3a01,ogl.switch.sw3a01.png,
插座开关,OGeLen,欧格朗智能二键开关,ogl.switch.sw2a01,ogl.switch.sw2a01.png,
插座开关,OGeLen,欧格朗智能四键开关,ogl.switch.sw4a01,ogl.switch.sw4a01.png,
插座开关,OKOK,OKOK四路屏显智能开关,okdz.switch.sw4a01,okdz.switch.sw4a01.png,
插座开关,OML,OML一键智能复合面板,oml.switch.sw1a01,oml.switch.sw1a01.png,
插座开关,OML,OML三键智能复合面板,oml.switch.sw3a01,oml.switch.sw3a01.png,
插座开关,OML,OML二键智能复合面板,oml.switch.sw2a01,oml.switch.sw2a01.png,
插座开关,OML,OML四键智能复合面板,oml.switch.sw4a01,oml.switch.sw4a01.png,
插座开关,OML,欧曼智能复合开关K8（一键）,oml.switch.sw1c01,oml.switch.sw1c01.png,
插座开关,OML,欧曼智能复合开关K8（三键）,oml.switch.sw3c01,oml.switch.sw3c01.png,
插座开关,OML,欧曼智能复合开关K8（二键）,oml.switch.sw2c01,oml.switch.sw2c01.png,
插座开关,OML,欧曼智能屏显开关MK90(一键),oml.switch.sxpx01,oml.switch.sxpx01.png,
插座开关,OML,欧曼智能屏显开关MK90(三键),oml.switch.sxpx03,oml.switch.sxpx03.png,
插座开关,OML,欧曼智能屏显开关MK90(二键),oml.switch.sxpx02,oml.switch.sxpx02.png,
插座开关,OML,欧曼智能无线旋钮遥控开关,oml.remote.sw1b01,oml.remote.sw1b01.png,
插座开关,OSTEEN,OSTEEN智能开关（三键Mesh版）,osteen.switch.sw3a01,osteen.switch.sw3a01.png,
插座开关,OSTEEN,OSTEEN智能开关（单键Mesh版）,osteen.switch.sw1a01,osteen.switch.sw1a01.png,
插座开关,OSTEEN,OSTEEN智能开关（双键Mesh版）,osteen.switch.sw2a01,osteen.switch.sw2a01.png,
插座开关,OSTEEN,OSTEEN智能开关（四键Mesh版）,osteen.switch.sw4a01,osteen.switch.sw4a01.png,
插座开关,OUXIM,OUXIM一键智能开关Ultra,ouxim.switch.sw1a02,ouxim.switch.sw1a02.png,
插座开关,OUXIM,OUXIM三键智能开关Ultra,ouxim.switch.sw3a02,ouxim.switch.sw3a02.png,
插座开关,OUXIM,OUXIM二键智能开关Ultra,ouxim.switch.sw2a02,ouxim.switch.sw2a02.png,
插座开关,OUXIM,OUXIM四键屏显开关Ultra,ouxim.switch.sw4a03,ouxim.switch.sw4a03.png,
插座开关,OUXIM,OUXIM四键智能开关Ultra,ouxim.switch.sw4a02,ouxim.switch.sw4a02.png,
插座开关,OUXIM,OUXIM智能一键屏显开关,ouxim.switch.px1,ouxim.switch.px1.png,
插座开关,OUXIM,OUXIM智能一键开关,ouxim.switch.oxmkg1,ouxim.switch.oxmkg1.png,
插座开关,OUXIM,OUXIM智能三键屏显开关,ouxim.switch.px3,ouxim.switch.px3.png,
插座开关,OUXIM,OUXIM智能三键开关,ouxim.switch.oxmkg3,ouxim.switch.oxmkg3.png,
插座开关,OUXIM,OUXIM智能二键屏显开关,ouxim.switch.px2,ouxim.switch.px2.png,
插座开关,OUXIM,OUXIM智能二键开关,ouxim.switch.oxmkg2,ouxim.switch.oxmkg2.png,
插座开关,OUXIM,OUXIM智能四键开关,ouxim.switch.oxmkg4,ouxim.switch.oxmkg4.png,
插座开关,PIDPRO,PD智能插座(WiFi),wfxx.plug.pdczwf,wfxx.plug.pdczwf.png,
插座开关,PNTU,PNTU国际电工智能轨道插座,jyds.plug.pc01,jyds.plug.pc01.png,
插座开关,PTX,AE智能开关(MESH) 四开,090615.switch.aikw4,090615.switch.aikw4.png,
插座开关,PTX,AI智能单火开关(MESH) 一开,090615.switch.aidh1,090615.switch.aidh1.png,
插座开关,PTX,AI智能单火开关(MESH) 三开,090615.switch.aidh3,090615.switch.aidh3.png,
插座开关,PTX,AI智能单火开关(MESH) 二开,090615.switch.aidh2,090615.switch.aidh2.png,
插座开关,PTX,AK 无线开关三键(PTX),090615.remote.akswr3,090615.remote.akswr3.png,
插座开关,PTX,AK 无线开关单键(PTX),090615.remote.akswr1,090615.remote.akswr1.png,
插座开关,PTX,AK 无线开关双键(PTX),090615.remote.akswr2,090615.remote.akswr2.png,
插座开关,PTX,AK智能屏幕开关,090615.switch.akstft,090615.switch.akstft.png,
插座开关,PTX,AK智能开关(PTX) 一键,090615.switch.akkw1,090615.switch.akkw1.png,
插座开关,PTX,AK智能开关(PTX) 三键,090615.switch.aksk3,090615.switch.aksk3.png,
插座开关,PTX,AK智能开关(PTX) 二键,090615.switch.akkw2,090615.switch.akkw2.png,
插座开关,PTX,K1高清中控屏开关 (PTX),090615.switch.x6tppr,090615.switch.x6tppr.png,
插座开关,PTX,PTX 86电量版插座(WIFI),090615.plug.cmp86,090615.plug.cmp86.png,
插座开关,PTX,PTX 六键无线开关,090615.remote.yk6sw,090615.remote.yk6sw.png,
插座开关,PTX,PTX 双模智能三键开关(WIFI),090615.switch.cmb03,090615.switch.cmb03.png,
插座开关,PTX,PTX 双模智能单键开关(WIFI),090615.switch.cmb01,090615.switch.cmb01.png,
插座开关,PTX,PTX 双模智能双键开关(WIFI),090615.switch.cmb02,090615.switch.cmb02.png,
插座开关,PTX,PTX 双模触摸三键开关(WIFI),090615.switch.cmb23,090615.switch.cmb23.png,
插座开关,PTX,PTX 双模触摸单键开关(WIFI),090615.switch.cmb21,090615.switch.cmb21.png,
插座开关,PTX,PTX 双模触摸双键开关(WIFI),090615.switch.cmb22,090615.switch.cmb22.png,
插座开关,PTX,PTX 无线开关（蓝牙版）,090615.remote.btsw1,090615.remote.btsw1.png,
插座开关,PTX,PTX 无线情景旋钮开关,090615.remote.x6xnsw,090615.remote.x6xnsw.png,
插座开关,PTX,PTX 智能六键开关,090615.switch.sk6k,090615.switch.sk6k.png,
插座开关,PTX,PTX 智能四键开关,090615.switch.sk4k,090615.switch.sk4k.png,
插座开关,PTX,PTX 智能四键开关(X6),090615.switch.x6kw4,090615.switch.x6kw4.png,
插座开关,PTX,PTX 智能插卡取电开关(MESH),090615.switch.qksw01,090615.switch.qksw01.png,
插座开关,PTX,PTX 智能触摸开关一开(MESH),090615.switch.ptxtc1,090615.switch.ptxtc1.png,
插座开关,PTX,PTX 智能触摸开关三开(MESH),090615.switch.ptxtc3,090615.switch.ptxtc3.png,
插座开关,PTX,PTX 智能触摸开关二开(MESH),090615.switch.ptxtc2,090615.switch.ptxtc2.png,
插座开关,PTX,PTX 超薄美学开关 三键,090615.switch.akpro3,090615.switch.akpro3.png,
插座开关,PTX,PTX 超薄美学开关 单键,090615.switch.akpro1,090615.switch.akpro1.png,
插座开关,PTX,PTX 超薄美学开关 双键,090615.switch.akpro2,090615.switch.akpro2.png,
插座开关,PTX,PTX一键开关(WIFI),090615.switch.xswitch01,090615.switch.xswitch01.png,
插座开关,PTX,PTX一键智能开关（Mesh）,090615.switch.mets1,090615.switch.mets1.png,
插座开关,PTX,PTX三键开关(WIFI),090615.switch.xswitch03,090615.switch.xswitch03.png,
插座开关,PTX,PTX三键智能开关（Mesh）,090615.switch.mets3,090615.switch.mets3.png,
插座开关,PTX,PTX二键开关(WIFI),090615.switch.xswitch02,090615.switch.xswitch02.png,
插座开关,PTX,PTX二键智能开关（Mesh）,090615.switch.mets2,090615.switch.mets2.png,
插座开关,PTX,PTX单火按键开关一键(MESH),090615.switch.meshk1,090615.switch.meshk1.png,
插座开关,PTX,PTX单火按键开关三键(MESH),090615.switch.meshk3,090615.switch.meshk3.png,
插座开关,PTX,PTX单火按键开关二键(MESH),090615.switch.meshk2,090615.switch.meshk2.png,
插座开关,PTX,PTX单火触摸开关一键(MESH),090615.switch.mesh01,090615.switch.mesh01.png,
插座开关,PTX,PTX单火触摸开关三键(MESH),090615.switch.mesh03,090615.switch.mesh03.png,
插座开关,PTX,PTX单火触摸开关二键(MESH),090615.switch.mesh02,090615.switch.mesh02.png,
插座开关,PTX,PTX单路蓝牙智能开关模块(Mesh),090615.switch.mhrsw1,090615.switch.mhrsw1.png,
插座开关,PTX,PTX双路蓝牙智能开关模块(Mesh),090615.switch.mhrsw2,090615.switch.mhrsw2.png,
插座开关,PTX,PTX多功能无线开关(MESH),090615.remote.mlsw0a,090615.remote.mlsw0a.png,
插座开关,PTX,PTX插卡取电开关(WIFI),090615.switch.qksw32,090615.switch.qksw32.png,
插座开关,PTX,PTX智能一键开关 (X6),090615.switch.x6kw1,090615.switch.x6kw1.png,
插座开关,PTX,PTX智能三键开关 (X6),090615.switch.x6kw3,090615.switch.x6kw3.png,
插座开关,PTX,PTX智能二键开关 (X6),090615.switch.x6kw2,090615.switch.x6kw2.png,
插座开关,PTX,PTX蓝牙Mesh智能开关 一开,090615.switch.mesw1,090615.switch.mesw1.png,
插座开关,PTX,PTX蓝牙Mesh智能开关 三开,090615.switch.mesw3,090615.switch.mesw3.png,
插座开关,PTX,PTX蓝牙Mesh智能开关 二开,090615.switch.mesw2,090615.switch.mesw2.png,
插座开关,PTX,X6智能中控屏开关 (WIFI),090615.switch.x6wtft,090615.switch.x6wtft.png,
插座开关,PTX,X6智能四情景开关(PTX）,090615.remote.x6s4q,090615.remote.x6s4q.png,
插座开关,PTX,X6智能旋钮屏开关(PTX),090615.switch.x6ntft,090615.switch.x6ntft.png,
插座开关,PTX,X7 三键智能开关 (PTX),090615.switch.x7sw3,090615.switch.x7sw3.png,
插座开关,PTX,X7 双键智能开关 (PTX),090615.switch.x7sw2,090615.switch.x7sw2.png,
插座开关,PTX,X7 四键智能开关 (PTX),090615.switch.x7sw4,090615.switch.x7sw4.png,
插座开关,PTX,平头熊 X1 调光情景旋钮开关,090615.remote.desksw,090615.remote.desksw.png,
插座开关,PTX,平头熊 超薄显示屏开关三开 Mesh2.0,090615.switch.akult3,090615.switch.akult3.png,
插座开关,PTX,平头熊K1 Pro超薄中控屏开关,090615.switch.ptxpro,090615.switch.ptxpro.png,
插座开关,PTX,平头熊超薄中控屏开关 Mesh2.0,090615.switch.x1tpm,090615.switch.x1tpm.png,
插座开关,PTX,平头熊超薄显示屏开关单开 Mesh2.0,090615.switch.akult1,090615.switch.akult1.png,
插座开关,PTX,平头熊超薄显示屏开关双开 Mesh2.0,090615.switch.akult2,090615.switch.akult2.png,
插座开关,PTX,平头熊超薄美学开关三键 Mesh2.0,090615.switch.akps3,090615.switch.akps3.png,
插座开关,PTX,平头熊超薄美学开关单键 Mesh2.0,090615.switch.akps1,090615.switch.akps1.png,
插座开关,PTX,平头熊超薄美学开关双键 Mesh2.0,090615.switch.akps2,090615.switch.akps2.png,
插座开关,PTX,平头熊超薄美学开关四键 Mesh2.0,090615.switch.akpro4,090615.switch.akpro4.png,
插座开关,PTX,旋钮智能开关,090615.switch.tftcmb,090615.switch.tftcmb.png,
插座开关,PTX,智能单火开关(MESH) 一开,090615.switch.09dh1,090615.switch.09dh1.png,
插座开关,PTX,智能单火开关(MESH) 三开,090615.switch.09dh3,090615.switch.09dh3.png,
插座开关,PTX,智能单火开关(MESH) 二开,090615.switch.09dh2,090615.switch.09dh2.png,
插座开关,PTX,智能屏幕开关(PTX),090615.switch.x1tp,090615.switch.x1tp.png,
插座开关,PTX,立德云数4寸中控屏开关,090615.switch.ldys4,090615.switch.ldys4.png,
插座开关,QEEX,QEEX智能通断器,trzn.switch.zntdq,trzn.switch.zntdq.png,
插座开关,RWRW,RWRW 一键智能开关2.0,lyzndq.switch.sw1a01,lyzndq.switch.sw1a01.png,
插座开关,RWRW,RWRW 三键智能开关2.0,lyzndq.switch.sw3a01,lyzndq.switch.sw3a01.png,
插座开关,RWRW,RWRW 二键智能开关2.0,lyzndq.switch.sw2a01,lyzndq.switch.sw2a01.png,
插座开关,RWRW,RWRW 四键智能屏显开关2.0,lyzndq.switch.sw4a02,lyzndq.switch.sw4a02.png,
插座开关,RWRW,RWRW 四键智能开关2.0,lyzndq.switch.sw4a01,lyzndq.switch.sw4a01.png,
插座开关,RWRW,RWRW 高低压双路开关2.0,lyzndq.switch.sw2a02,lyzndq.switch.sw2a02.png,
插座开关,SANCORY,晟科瑞情景智能灯控开关V1,san.switch.sw1a01,san.switch.sw1a01.png,
插座开关,SANCORY,晟科瑞情景智能灯控开关V2,san.switch.sw2a01,san.switch.sw2a01.png,
插座开关,SANCORY,晟科瑞情景智能灯控开关V3,san.switch.sw3a01,san.switch.sw3a01.png,
插座开关,SANCORY,晟科瑞情景智能灯控开关V4,san.switch.sw4a01,san.switch.sw4a01.png,
插座开关,SASELAN,SASELAN情景智能开关一开,abhome.switch.sw1a01,abhome.switch.sw1a01.png,
插座开关,SASELAN,SASELAN情景智能开关三开,abhome.switch.sw3a01,abhome.switch.sw3a01.png,
插座开关,SASELAN,SASELAN情景智能开关二开,abhome.switch.sw2a01,abhome.switch.sw2a01.png,
插座开关,SASELAN,SASELAN情景智能开关四开,abhome.switch.sw4a01,abhome.switch.sw4a01.png,
插座开关,SHARE,Share蓝牙Mesh2.0超薄 三键开关,sh1966.switch.sw3a01,sh1966.switch.sw3a01.png,
插座开关,SHARE,Share蓝牙Mesh2.0超薄 二键开关,sh1966.switch.sw2a01,sh1966.switch.sw2a01.png,
插座开关,SHARE,Share蓝牙Mesh2.0超薄 单键开关,sh1966.switch.sw1a01,sh1966.switch.sw1a01.png,
插座开关,SHARE,Share蓝牙Mesh2.0超薄AG玻璃 三键开关,sh1966.switch.sw3b01,sh1966.switch.sw3b01.png,
插座开关,SHARE,Share蓝牙Mesh2.0超薄AG玻璃 二键开关,sh1966.switch.sw2b01,sh1966.switch.sw2b01.png,
插座开关,SHARE,Share蓝牙Mesh2.0超薄AG玻璃 单键开关,sh1966.switch.sw1b01,sh1966.switch.sw1b01.png,
插座开关,SHARE,Share蓝牙Mesh2.0超薄AG玻璃 四键带屏开关,sh1966.switch.sw4b01,sh1966.switch.sw4b01.png,
插座开关,SHIDUN,SHIDUN-Q4L智能一位零火开关,shidun.switch.sw1a01,shidun.switch.sw1a01.png,
插座开关,SHIDUN,SHIDUN-Q4L智能三位零火开关,shidun.switch.sw3a01,shidun.switch.sw3a01.png,
插座开关,SHIDUN,SHIDUN-Q4L智能二位零火开关,shidun.switch.sw2a01,shidun.switch.sw2a01.png,
插座开关,SHIDUN,SHIDUN-Q4L智能四位零火开关,shidun.switch.sw4a01,shidun.switch.sw4a01.png,
插座开关,SOCHUANG,SoChuang智能开关Ultra(三键),scdvb.switch.sw3,scdvb.switch.sw3.png,
插座开关,SONGLINK,松联诚全面屏多功能开关,zzslc.switch.slw20,zzslc.switch.slw20.png,
插座开关,SONGLINK,松联诚圆屏多功能开关,zzslc.switch.slw19,zzslc.switch.slw19.png,
插座开关,SONGLINK,松联诚屏显开关S7一开,zzslc.switch.slw16,zzslc.switch.slw16.png,
插座开关,SONGLINK,松联诚屏显开关S7三开,zzslc.switch.slw17,zzslc.switch.slw17.png,
插座开关,SONGLINK,松联诚屏显开关S7二开,zzslc.switch.slw06,zzslc.switch.slw06.png,
插座开关,SONGLINK,松联诚屏显开关S7四开,zzslc.switch.slw18,zzslc.switch.slw18.png,
插座开关,SONGLINK,松联诚超薄开关S5一开,zzslc.switch.slw12,zzslc.switch.slw12.png,
插座开关,SONGLINK,松联诚超薄开关S5三开,zzslc.switch.slw14,zzslc.switch.slw14.png,
插座开关,SONGLINK,松联诚超薄开关S5二开,zzslc.switch.slw13,zzslc.switch.slw13.png,
插座开关,SONGLINK,松联诚超薄开关S5四开,zzslc.switch.slw15,zzslc.switch.slw15.png,
插座开关,SWANHOME,SWAN HOME一键智能开关,zksq.switch.sw1a01,zksq.switch.sw1a01.png,
插座开关,SWANHOME,SWAN HOME三键智能开关,zksq.switch.sw3a01,zksq.switch.sw3a01.png,
插座开关,SWANHOME,SWAN HOME二键智能开关,zksq.switch.sw2a01,zksq.switch.sw2a01.png,
插座开关,SWANHOME,SWAN HOME四键智能带屏开关,zksq.switch.sw4a02,zksq.switch.sw4a02.png,
插座开关,SWANHOME,SWAN HOME四键智能开关,zksq.switch.sw4a01,zksq.switch.sw4a01.png,
插座开关,SWANHOME,SWAN HOME智能开关一键B1Pro,zksq.switch.sw1b01,zksq.switch.sw1b01.png,
插座开关,SWANHOME,SWAN HOME智能开关三键B1Pro,zksq.switch.sw3b01,zksq.switch.sw3b01.png,
插座开关,SWANHOME,SWAN HOME智能开关二键B1Pro,zksq.switch.sw2b01,zksq.switch.sw2b01.png,
插座开关,Seity,西铁照明四键屏显开关Ultra,seity.switch.sw4b01,seity.switch.sw4b01.png,
插座开关,Seity,西铁照明智能一键开关mesh,seity.switch.sw1a01,seity.switch.sw1a01.png,
插座开关,Seity,西铁照明智能三键开关mesh,seity.switch.sw3a01,seity.switch.sw3a01.png,
插座开关,Seity,西铁照明智能二键开关mesh,seity.switch.sw2a01,seity.switch.sw2a01.png,
插座开关,Seity,西铁照明智能四键开关mesh,seity.switch.sw4a01,seity.switch.sw4a01.png,
插座开关,SmartJoy,SmartJoy智享墙壁开关（零火三键WiFi版）,smartj.switch.sjlh3e,smartj.switch.sjlh3e.png,
插座开关,SmartJoy,SmartJoy智享墙壁开关（零火单键WiFi版）,smartj.switch.sjlh1e,smartj.switch.sjlh1e.png,
插座开关,SmartJoy,SmartJoy智享墙壁开关（零火双键WiFi版）,smartj.switch.sjlh2e,smartj.switch.sjlh2e.png,
插座开关,SmartJoy,SmartJoy智简墙壁开关（零火三键WiFi版）,smartj.switch.sjlh03,smartj.switch.sjlh03.png,
插座开关,SmartJoy,SmartJoy智简墙壁开关（零火单键WiFi版）,smartj.switch.sjlh01,smartj.switch.sjlh01.png,
插座开关,SmartJoy,SmartJoy智简墙壁开关（零火双键WiFi版）,smartj.switch.sjlh02,smartj.switch.sjlh02.png,
插座开关,SmartJoy,SmartJoy智能墙壁插座（WiFi版）,smartj.plug.sjsc86,smartj.plug.sjsc86.png,
插座开关,SmartJoy,SmartJoy智臻墙壁开关（零火三键蓝牙Mesh版）,smartj.switch.sjlh3s,smartj.switch.sjlh3s.png,
插座开关,SmartJoy,SmartJoy智臻墙壁开关（零火单键蓝牙Mesh版）,smartj.switch.sjlh1s,smartj.switch.sjlh1s.png,
插座开关,SmartJoy,SmartJoy智臻墙壁开关（零火双键蓝牙Mesh版）,smartj.switch.sjlh2s,smartj.switch.sjlh2s.png,
插座开关,SmartJoy,SmartJoy智臻墙壁开关（零火四键蓝牙Mesh版）,smartj.switch.sjlh4s,smartj.switch.sjlh4s.png,
插座开关,SmartJoy,SmartJoy极智墙壁开关（八键情景蓝牙Mesh版）,smartj.switch.sjlh8p,smartj.switch.sjlh8p.png,
插座开关,SmartJoy,SmartJoy极智墙壁开关（零火三键蓝牙Mesh版）,smartj.switch.sjlh3p,smartj.switch.sjlh3p.png,
插座开关,SmartJoy,SmartJoy极智墙壁开关（零火单键蓝牙Mesh版）,smartj.switch.sjlh1p,smartj.switch.sjlh1p.png,
插座开关,SmartJoy,SmartJoy极智墙壁开关（零火双键蓝牙Mesh版）,smartj.switch.sjlh2p,smartj.switch.sjlh2p.png,
插座开关,SmartJoy,SmartJoy极智墙壁开关（零火四键蓝牙Mesh版）,smartj.switch.sjlh4p,smartj.switch.sjlh4p.png,
插座开关,TATACASA,TATACASA智能无线旋钮开关AI-001,line.remote.xnkg01,line.remote.xnkg01.png,
插座开关,TEP国际电工,TEP国际电工M8系列智能一键开关,722231.switch.sw1b01,722231.switch.sw1b01.png,
插座开关,TEP国际电工,TEP国际电工M8系列智能三键开关,722231.switch.sw3b01,722231.switch.sw3b01.png,
插座开关,TEP国际电工,TEP国际电工M8系列智能二键开关,722231.switch.sw2b01,722231.switch.sw2b01.png,
插座开关,TEP国际电工,TEP国际电工M8系列智能四键开关,722231.switch.sw4b01,722231.switch.sw4b01.png,
插座开关,TEP国际电工,TEP国际电工S7系列智能一键开关,722231.switch.sw1a01,722231.switch.sw1a01.png,
插座开关,TEP国际电工,TEP国际电工S7系列智能三键开关,722231.switch.sw3a01,722231.switch.sw3a01.png,
插座开关,TEP国际电工,TEP国际电工S7系列智能二键开关,722231.switch.sw2a01,722231.switch.sw2a01.png,
插座开关,TEP国际电工,TEP国际电工S7系列智能四键开关,722231.switch.sw4a01,722231.switch.sw4a01.png,
插座开关,TEP国际电工,TEP国际电工智能轨道插座,722231.plug.001,722231.plug.001.png,
插座开关,THO,THO特好智能墙壁开关（一开）,tho.switch.sw1b01,tho.switch.sw1b01.png,
插座开关,THO,THO特好智能墙壁开关（三开）,tho.switch.sw3b01,tho.switch.sw3b01.png,
插座开关,THO,THO特好智能墙壁开关（二开）,tho.switch.sw2b01,tho.switch.sw2b01.png,
插座开关,TUODI 拓迪,拓迪电计量通断器（WiFi）,tuodi.switch.tdwtdq,tuodi.switch.tdwtdq.png,
插座开关,ThoughtHome,Thoughthome G7款零火版WIFI一键开关,znsn.switch.zs1w,znsn.switch.zs1w.png,
插座开关,ThoughtHome,Thoughthome G7款零火版WIFI三键开关,znsn.switch.zs3w,znsn.switch.zs3w.png,
插座开关,ThoughtHome,Thoughthome G7款零火版WIFI二键开关,znsn.switch.zs2w,znsn.switch.zs2w.png,
插座开关,ThoughtHome,Thoughthome G7款零火版WIFI四键开关,znsn.switch.zs4w,znsn.switch.zs4w.png,
插座开关,ThoughtHome,Thoughthome单零火线G系列一开开关,znsn.switch.g701,znsn.switch.g701.png,
插座开关,ThoughtHome,Thoughthome单零火线G系列三开开关,znsn.switch.g703,znsn.switch.g703.png,
插座开关,ThoughtHome,Thoughthome单零火线G系列二开开关,znsn.switch.g702,znsn.switch.g702.png,
插座开关,ThoughtHome,Thoughthome单零火线G系列六开开关,znsn.switch.g706,znsn.switch.g706.png,
插座开关,ThoughtHome,Thoughthome单零火线G系列四开开关,znsn.switch.g704,znsn.switch.g704.png,
插座开关,ThoughtHome,Thoughthome插卡取电器,znsn.cs.ck01,znsn.cs.ck01.png,
插座开关,U-FAMILY,U-FAMILY Mesh通断器09,guixin.switch.sw0a01,guixin.switch.sw0a01.png,
插座开关,U-FAMILY,U-FAMILY WiFi通断器V9,guixin.switch.sw0a02,guixin.switch.sw0a02.png,
插座开关,UNEC,UNEC一位蓝牙复合开关,unec.switch.sw1a01,unec.switch.sw1a01.png,
插座开关,UNEC,UNEC三位蓝牙复合开关,unec.switch.sw3a01,unec.switch.sw3a01.png,
插座开关,UNEC,UNEC二位蓝牙复合开关,unec.switch.sw2a01,unec.switch.sw2a01.png,
插座开关,UNEC,UNEC四位3路带屏蓝牙复合开关,unec.switch.sw4a01,unec.switch.sw4a01.png,
插座开关,USP国际电工,USP国际电工通断器,zhiee.switch.tdq3,zhiee.switch.tdq3.png,
插座开关,USP国际电工,百将Mesh2.0通断器,zhiee.switch.tdq4,zhiee.switch.tdq4.png,
插座开关,UWIZE,UWIZE优智者一位单零火兼容开关,topwit.switch.yzw04,topwit.switch.yzw04.png,
插座开关,UWIZE,UWIZE优智者一位零火屏显开关,topwit.switch.rzw84,topwit.switch.rzw84.png,
插座开关,UWIZE,UWIZE优智者一位零火智能开关,topwit.switch.rzw81,topwit.switch.rzw81.png,
插座开关,UWIZE,UWIZE优智者三位单零火兼容开关,topwit.switch.yzw05,topwit.switch.yzw05.png,
插座开关,UWIZE,UWIZE优智者三位零火屏显开关,topwit.switch.rzw86,topwit.switch.rzw86.png,
插座开关,UWIZE,UWIZE优智者三位零火智能开关,topwit.switch.rzw83,topwit.switch.rzw83.png,
插座开关,UWIZE,UWIZE优智者二位单零火兼容开关,topwit.switch.rzw96,topwit.switch.rzw96.png,
插座开关,UWIZE,UWIZE优智者二位零火屏显开关,topwit.switch.rzw85,topwit.switch.rzw85.png,
插座开关,UWIZE,UWIZE优智者二位零火智能开关,topwit.switch.rzw82,topwit.switch.rzw82.png,
插座开关,UWIZE,UWIZE优智者全面屏智能面板开关2,topwit.switch.rzw72,topwit.switch.rzw72.png,
插座开关,UWIZE,UWIZE优智者六位场景复合开关,topwit.switch.rzw73,topwit.switch.rzw73.png,
插座开关,UWIZE,UWIZE优智者四位单零火兼容开关,topwit.switch.rzw98,topwit.switch.rzw98.png,
插座开关,UWIZE,UWIZE优智者四位零火屏显开关,topwit.switch.rzw87,topwit.switch.rzw87.png,
插座开关,UWIZE,UWIZE优智者四位零火智能开关,topwit.switch.yzw06,topwit.switch.yzw06.png,
插座开关,UWIZE,UWIZE优智者圆屏智能多功能面板,topwit.switch.rzw71,topwit.switch.rzw71.png,
插座开关,UWIZE,UWIZE优智者智能安全轨道插,topwit.plug.rzs01,topwit.plug.rzs01.png,
插座开关,UWIZE,UZ一位零火开关1,topwit.switch.rzw49,topwit.switch.rzw49.png,
插座开关,UWIZE,UZ三位零火开关1,topwit.switch.rzw51,topwit.switch.rzw51.png,
插座开关,UWIZE,UZ二位零火开关1,topwit.switch.rzw50,topwit.switch.rzw50.png,
插座开关,UWIZE优智者,UWIZE优智者四位单零火兼容智能开关,uwize.switch.yzw16,uwize.switch.yzw16.png,
插座开关,UWIZE优智者,UWIZE优智者四位零火智能开关Mesh2.0,uwize.switch.yzw15,uwize.switch.yzw15.png,
插座开关,UWIZE优智者,UWIZE优智者屏显免刻字一位零火智能开关,uwize.switch.yzw10,uwize.switch.yzw10.png,
插座开关,UWIZE优智者,UWIZE优智者屏显免刻字三位零火智能开关,uwize.switch.yzw12,uwize.switch.yzw12.png,
插座开关,UWIZE优智者,UWIZE优智者屏显免刻字二位零火智能开关,uwize.switch.yzw11,uwize.switch.yzw11.png,
插座开关,UWIZE优智者,UWIZE优智者屏显免刻字四位零火智能开关,uwize.switch.yzw13,uwize.switch.yzw13.png,
插座开关,UWIZE优智者,UWIZE优智者彩屏按键一位零火智能开关,uwize.switch.yzw08,uwize.switch.yzw08.png,
插座开关,UWIZE优智者,UWIZE优智者彩屏按键三位零火智能开关,uwize.switch.yzw06,uwize.switch.yzw06.png,
插座开关,UWIZE优智者,UWIZE优智者彩屏按键二位零火智能开关,uwize.switch.yzw07,uwize.switch.yzw07.png,
插座开关,UWIZE优智者,UWIZE优智者彩屏按键四位零火智能开关,uwize.switch.yzw09,uwize.switch.yzw09.png,
插座开关,UWIZE优智者,UWIZE优智者插卡取电器,uwize.cs.yzw16,uwize.cs.yzw16.png,
插座开关,UWIZE优智者,UWIZE优智者智能计量插座,uwize.plug.yzs01,uwize.plug.yzs01.png,
插座开关,UZB,鸿光科技一键智能开关Mesh2.0,hgkj.switch.kg1,hgkj.switch.kg1.png,
插座开关,UZB,鸿光科技三键智能开关Mesh2.0,hgkj.switch.kg3,hgkj.switch.kg3.png,
插座开关,UZB,鸿光科技二键智能开关Mesh2.0,hgkj.switch.kg2,hgkj.switch.kg2.png,
插座开关,UZB,鸿光科技四键智能开关Mesh2.0,hgkj.switch.kg4,hgkj.switch.kg4.png,
插座开关,VELBERT,VELBERT一位智能开关,zjaj.switch.sw1a01,zjaj.switch.sw1a01.png,
插座开关,VELBERT,VELBERT三位智能开关,zjaj.switch.sw3a01,zjaj.switch.sw3a01.png,
插座开关,VELBERT,VELBERT二位智能开关,zjaj.switch.sw2a01,zjaj.switch.sw2a01.png,
插座开关,VELBERT,VELBERT四位智能开关,zjaj.switch.sw4a01,zjaj.switch.sw4a01.png,
插座开关,WGSE,WGSE情景智慧屏开关,wgse.switch.sw3a03,wgse.switch.sw3a03.png,
插座开关,WGSE,WGSE智能屏显开关,wgse.switch.sw4a01,wgse.switch.sw4a01.png,
插座开关,WGSE,WGSE智能屏显开关1键,wgse.switch.sw1b01,wgse.switch.sw1b01.png,
插座开关,WGSE,WGSE智能屏显开关2键,wgse.switch.sw2b01,wgse.switch.sw2b01.png,
插座开关,WGSE,WGSE智能屏显开关3键,wgse.switch.sw3b01,wgse.switch.sw3b01.png,
插座开关,WGSE,WGSE智能开关1键,wgse.switch.sw1a01,wgse.switch.sw1a01.png,
插座开关,WGSE,WGSE智能开关2键,wgse.switch.sw2a01,wgse.switch.sw2a01.png,
插座开关,WGSE,WGSE智能开关3键,wgse.switch.sw3a01,wgse.switch.sw3a01.png,
插座开关,WGSE,WGSE智能开关4键,wgse.switch.sw4a02,wgse.switch.sw4a02.png,
插座开关,WGSE,WGSE智能彩屏开关1键,wgse.switch.sw1r01,wgse.switch.sw1r01.png,
插座开关,WGSE,WGSE智能彩屏开关2键,wgse.switch.sw2r01,wgse.switch.sw2r01.png,
插座开关,WGSE,WGSE智能彩屏开关3键,wgse.switch.sw3r01,wgse.switch.sw3r01.png,
插座开关,WGSE,WGSE智能彩屏开关4键,wgse.switch.sw4r01,wgse.switch.sw4r01.png,
插座开关,WOTIE沃铁,沃铁智能三键开关,090615.switch.wtmk03,090615.switch.wtmk03.png,
插座开关,WOTIE沃铁,沃铁智能中控屏开关 MP4 ultra,090615.switch.wtmp4,090615.switch.wtmp4.png,
插座开关,WOTIE沃铁,沃铁智能单键开关,090615.switch.wtmk01,090615.switch.wtmk01.png,
插座开关,WOTIE沃铁,沃铁智能双键开关,090615.switch.wtmk02,090615.switch.wtmk02.png,
插座开关,WOTIE沃铁,沃铁智能四键开关,drui.switch.wtmk4,drui.switch.wtmk4.png,
插座开关,XIHO,Wi-Fi智能通断器L1,lxzn.switch.cbcsmj,lxzn.switch.cbcsmj.png,
插座开关,XIUBO,秀柏照明智能开关一键,xiubo.switch.sw1a01,xiubo.switch.sw1a01.png,
插座开关,XIUBO,秀柏照明智能开关三键,xiubo.switch.sw3a01,xiubo.switch.sw3a01.png,
插座开关,XIUBO,秀柏照明智能开关二键,xiubo.switch.sw2a01,xiubo.switch.sw2a01.png,
插座开关,XIUBO,秀柏照明智能开关四键,xiubo.switch.sw4a01,xiubo.switch.sw4a01.png,
插座开关,XLTL,XLTL智能控制器,xiaol.plug.v9icm,xiaol.plug.v9icm.png,
插座开关,XPYU,星如雨智能开关（三键）,xry.switch.sw3b01,xry.switch.sw3b01.png,
插座开关,XPYU,星如雨智能开关（二键）,xry.switch.sw2b01,xry.switch.sw2b01.png,
插座开关,XPYU,星如雨智能开关（四键）,xry.switch.sw4b01,xry.switch.sw4b01.png,
插座开关,XRYU,星如雨智能开关（一键）,xry.switch.sw1b01,xry.switch.sw1b01.png,
插座开关,X·WAWA,小蛙智能一键开关,xwa.switch.bln01,xwa.switch.bln01.png,
插座开关,X·WAWA,小蛙智能三键开关,xwa.switch.bln03,xwa.switch.bln03.png,
插座开关,X·WAWA,小蛙智能二键开关,xwa.switch.bln02,xwa.switch.bln02.png,
插座开关,X·WAWA,小蛙智能四键开关,xwa.switch.bln04,xwa.switch.bln04.png,
插座开关,YETFIF,YETFIF智能通断器,cd168.switch.cdtdq,cd168.switch.cdtdq.png,
插座开关,YHOPE,YHOPE 二键1+1复合开关,yhope.switch.yhkg,yhope.switch.yhkg.png,
插座开关,YHOPE,YHOPE 八键4+4复合开关,yhope.switch.yhkg8,yhope.switch.yhkg8.png,
插座开关,YHOPE,YHOPE 八键无线开关,yhope.remote.yhwx1,yhope.remote.yhwx1.png,
插座开关,YHOPE,YHOPE 六键3+3复合开关,yhope.switch.yhkg3,yhope.switch.yhkg3.png,
插座开关,YHOPE,YHOPE 六键4+2复合开关,yhope.switch.yhkg6,yhope.switch.yhkg6.png,
插座开关,YHOPE,YHOPE 六键无线开关,yhope.remote.yhwx2,yhope.remote.yhwx2.png,
插座开关,YHOPE,YHOPE 四路复合开关,yhope.switch.yhkg4,yhope.switch.yhkg4.png,
插座开关,YHOPE,YHOPE 四键2+2复合开关,yhope.switch.yhkg2,yhope.switch.yhkg2.png,
插座开关,YKCN,Wi-Fi智能导轨式通断器YKCN,ykcn.switch.cbcsmj,ykcn.switch.cbcsmj.png,
插座开关,YKCN,YKCN智能剩余电流动作断路器,ykcn.relay.rdcbl,ykcn.relay.rdcbl.png,
插座开关,Yeelight,YEELIGHT凌动 智能中控屏开关,yeelink.switch.v3,yeelink.switch.v3.png,
插座开关,Yeelight,YEELIGHT凌动 智能开关（一键）,yeelink.switch.sw3,yeelink.switch.sw3.png,
插座开关,Yeelight,YEELIGHT凌动 智能开关（三键）,yeelink.switch.sw5,yeelink.switch.sw5.png,
插座开关,Yeelight,YEELIGHT凌动 智能开关（二键）,yeelink.switch.sw4,yeelink.switch.sw4.png,
插座开关,Yeelight,YEELIGHT凌动 智能开关（四键）,yeelink.switch.sw6,yeelink.switch.sw6.png,
插座开关,Yeelight,Yeelight K2智能开关(屏显四键),yeelink.switch.sw20,yeelink.switch.sw20.png,
插座开关,Yeelight,Yeelight Pro 八键控制面板,yeelink.remote.yrm02,yeelink.remote.yrm02.png,
插座开关,Yeelight,Yeelight Pro 六键控制面板,yeelink.remote.yrm04,yeelink.remote.yrm04.png,
插座开关,Yeelight,Yeelight Pro 双路通断器,yeelink.switch.ysw05,yeelink.switch.ysw05.png,
插座开关,Yeelight,Yeelight Pro 四键控制面板,yeelink.remote.yrm03,yeelink.remote.yrm03.png,
插座开关,Yeelight,Yeelight Pro 旋钮遥控器,yeelink.remote.yrm05,yeelink.remote.yrm05.png,
插座开关,Yeelight,Yeelight Pro 智能开关（三键）,yeelink.switch.ysw03,yeelink.switch.ysw03.png,
插座开关,Yeelight,Yeelight Pro 智能开关（单键）,yeelink.switch.ysw01,yeelink.switch.ysw01.png,
插座开关,Yeelight,Yeelight Pro 智能开关（双键）,yeelink.switch.ysw02,yeelink.switch.ysw02.png,
插座开关,Yeelight,Yeelight S21 全面屏开关,yeelink.controller.v2,yeelink.controller.v2.png,
插座开关,Yeelight,Yeelight T1智能开关(屏显四键),yeelink.switch.sw19,yeelink.switch.sw19.png,
插座开关,Yeelight,Yeelight T1系列智能轨道插座,yeelink.plug.plug1,yeelink.plug.plug1.png,
插座开关,Yeelight,Yeelight Z2智能开关(屏显四键),yeelink.switch.sw16,yeelink.switch.sw16.png,
插座开关,Yeelight,Yeelight 双路控制模块,yeelink.switch.sw1,yeelink.switch.sw1.png,
插座开关,Yeelight,Yeelight 情景开关（六键）,yeelink.remote.yrm06,yeelink.remote.yrm06.png,
插座开关,Yeelight,Yeelight 情景开关（无线四键）,yeelink.remote.swd5,yeelink.remote.swd5.png,
插座开关,Yeelight,Yeelight 无线开关S1,yeelink.remote.remote,yeelink.remote.remote.png,
插座开关,Yeelight,Yeelight 智能开关Pro (三键),yeelink.switch.z1pro3,yeelink.switch.z1pro3.png,
插座开关,Yeelight,Yeelight 智能开关Pro (单键),yeelink.switch.z1pro1,yeelink.switch.z1pro1.png,
插座开关,Yeelight,Yeelight 智能开关Pro (双键),yeelink.switch.z1pro2,yeelink.switch.z1pro2.png,
插座开关,Yeelight,Yeelight 智能开关Pro (四键),yeelink.switch.z1pro4,yeelink.switch.z1pro4.png,
插座开关,Yeelight,Yeelight 智能开关（一开）,yeelink.switch.sw11,yeelink.switch.sw11.png,
插座开关,Yeelight,Yeelight 智能开关（三开）,yeelink.switch.sw13,yeelink.switch.sw13.png,
插座开关,Yeelight,Yeelight 智能开关（三键）,yeelink.switch.ylsw6,yeelink.switch.ylsw6.png,
插座开关,Yeelight,Yeelight 智能开关（二开）,yeelink.switch.sw12,yeelink.switch.sw12.png,
插座开关,Yeelight,Yeelight 智能开关（单键）,yeelink.switch.ylsw4,yeelink.switch.ylsw4.png,
插座开关,Yeelight,Yeelight 智能开关（双键）,yeelink.switch.ylsw5,yeelink.switch.ylsw5.png,
插座开关,Yeelight,Yeelight 智能开关（四开）,yeelink.switch.sw14,yeelink.switch.sw14.png,
插座开关,Yeelight,Yeelight 智能开关（四键）,yeelink.switch.ylsw7,yeelink.switch.ylsw7.png,
插座开关,Yeelight,Yeelight 智能开关（零火三键）,yeelink.switch.swd3,yeelink.switch.swd3.png,
插座开关,Yeelight,Yeelight 智能开关（零火单键）,yeelink.switch.swd1,yeelink.switch.swd1.png,
插座开关,Yeelight,Yeelight 智能开关（零火双键）,yeelink.switch.swd2,yeelink.switch.swd2.png,
插座开关,Yeelight,Yeelight 智能无线开关（单键）,yeelink.remote.sw1,yeelink.remote.sw1.png,
插座开关,Yeelight,Yeelight 智能无线开关（双键）,yeelink.remote.sw2,yeelink.remote.sw2.png,
插座开关,Yeelight,Yeelight全面屏开关,yeelink.switch.sw18,yeelink.switch.sw18.png,
插座开关,Yeelight,Yeelight情景开关（无线六键）,yeelink.remote.sw4,yeelink.remote.sw4.png,
插座开关,Yeelight,Yeelight情景开关（无线版）,yeelink.remote.sw3,yeelink.remote.sw3.png,
插座开关,Yeelight,Yeelight智能开关 C1（三键）,yeelink.switch.szsw3,yeelink.switch.szsw3.png,
插座开关,Yeelight,Yeelight智能开关 C1（单键）,yeelink.switch.szsw1,yeelink.switch.szsw1.png,
插座开关,Yeelight,Yeelight智能开关 C1（双键）,yeelink.switch.szsw2,yeelink.switch.szsw2.png,
插座开关,ZBOM志邦家居,志邦家居智能柜控制开关M25001,line.switch.zbgkg,line.switch.zbgkg.png,
插座开关,ZDDBOO,ZDDBOO Mesh2.0通断器,50blue.switch.zbtdq,50blue.switch.zbtdq.png,
插座开关,ZDDBOO,ZDDBOO WiFi通断器,50blue.switch.zddtdq,50blue.switch.zddtdq.png,
插座开关,ZIDT,ZIDT智能一键开关mesh 2.0,zidt.switch.blsw01,zidt.switch.blsw01.png,
插座开关,ZIDT,ZIDT智能三键开关mesh 2.0,zidt.switch.blsw03,zidt.switch.blsw03.png,
插座开关,ZIDT,ZIDT智能二键开关mesh 2.0,zidt.switch.blsw02,zidt.switch.blsw02.png,
插座开关,ZIDT,ZIDT智能四键开关mesh 2.0,zidt.switch.blsw04,zidt.switch.blsw04.png,
插座开关,ZKZB,ZKZB智能通断器,zbmesh.switch.zbtdq,zbmesh.switch.zbtdq.png,
插座开关,ZM,ZM智能三键复合开关,merten.switch.mdkg3,merten.switch.mdkg3.png,
插座开关,ZM,ZM智能八键复合开关,merten.switch.mdkg8,merten.switch.mdkg8.png,
插座开关,ZM,ZM智能六键复合开关,merten.switch.mdkg6,merten.switch.mdkg6.png,
插座开关,ZM,ZM智能单键复合开关,merten.switch.mdkg1,merten.switch.mdkg1.png,
插座开关,ZM,ZM智能双键复合开关,merten.switch.mdkg2,merten.switch.mdkg2.png,
插座开关,ZM,ZM智能四键复合开关,merten.switch.mdkg4,merten.switch.mdkg4.png,
插座开关,ZNSN,Thoughthome零火线G系列一开开关,znsn.switch.g7lh01,znsn.switch.g7lh01.png,
插座开关,ZNSN,Thoughthome零火线G系列三开开关,znsn.switch.g7lh03,znsn.switch.g7lh03.png,
插座开关,ZNSN,Thoughthome零火线G系列二开开关,znsn.switch.g7lh02,znsn.switch.g7lh02.png,
插座开关,ZNSN,Thoughthome零火线G系列六开开关,znsn.switch.g7lh06,znsn.switch.g7lh06.png,
插座开关,ZNSN,Thoughthome零火线G系列四开开关,znsn.switch.g7lh04,znsn.switch.g7lh04.png,
插座开关,ZNSN,ZNSN一键屏显开关,znsn.switch.bln31,znsn.switch.bln31.png,
插座开关,ZNSN,ZNSN三键屏显开关,znsn.switch.bln33,znsn.switch.bln33.png,
插座开关,ZNSN,ZNSN二键屏显开关,znsn.switch.bln32,znsn.switch.bln32.png,
插座开关,ZNSN,ZNSN六键屏显开关,znsn.switch.bln36,znsn.switch.bln36.png,
插座开关,ZNSN,ZNSN四键屏显开关,znsn.switch.bln34,znsn.switch.bln34.png,
插座开关,ZNSN,ZNSN正尚一键开关,znsn.switch.yjpd1,znsn.switch.yjpd1.png,
插座开关,ZNSN,ZNSN正尚三键开关,znsn.switch.yjpd3,znsn.switch.yjpd3.png,
插座开关,ZNSN,ZNSN正尚二键开关,znsn.switch.yjpd2,znsn.switch.yjpd2.png,
插座开关,ZNSN,ZNSN正尚四键开关,znsn.switch.yjpd4,znsn.switch.yjpd4.png,
插座开关,ZNSN,znsn半屏Mesh三键开关,znsn.switch.oled3,znsn.switch.oled3.png,
插座开关,ZNSN,znsn半屏Mesh六键开关,znsn.switch.oled6,znsn.switch.oled6.png,
插座开关,ZNSN,znsn半屏Mesh单键开关,znsn.switch.oled1,znsn.switch.oled1.png,
插座开关,ZNSN,znsn半屏Mesh双键开关,znsn.switch.oled2,znsn.switch.oled2.png,
插座开关,ZNSN,znsn半屏Mesh四键开关,znsn.switch.oled4,znsn.switch.oled4.png,
插座开关,ZNSN,znsn蓝牙Mesh三键开关(单火),znsn.switch.zg3ml,znsn.switch.zg3ml.png,
插座开关,ZNSN,znsn蓝牙Mesh三键开关(零火),znsn.switch.zg3m,znsn.switch.zg3m.png,
插座开关,ZNSN,znsn蓝牙Mesh三键开关2.0,znsn.switch.z3g3,znsn.switch.z3g3.png,
插座开关,ZNSN,znsn蓝牙Mesh八键开关(单火),znsn.switch.zg8ml,znsn.switch.zg8ml.png,
插座开关,ZNSN,znsn蓝牙Mesh八键开关(零火),znsn.switch.zg8m,znsn.switch.zg8m.png,
插座开关,ZNSN,znsn蓝牙Mesh单键开关(单火),znsn.switch.zg1ml,znsn.switch.zg1ml.png,
插座开关,ZNSN,znsn蓝牙Mesh单键开关(零火),znsn.switch.zg1m,znsn.switch.zg1m.png,
插座开关,ZNSN,znsn蓝牙Mesh单键开关2.0,znsn.switch.z1g3,znsn.switch.z1g3.png,
插座开关,ZNSN,znsn蓝牙Mesh双键开关(单火),znsn.switch.zg2ml,znsn.switch.zg2ml.png,
插座开关,ZNSN,znsn蓝牙Mesh双键开关(零火),znsn.switch.zg2m,znsn.switch.zg2m.png,
插座开关,ZNSN,znsn蓝牙Mesh双键开关2.0,znsn.switch.z2g3,znsn.switch.z2g3.png,
插座开关,ZNSN,znsn蓝牙Mesh四键开关(单火),znsn.switch.zg4ml,znsn.switch.zg4ml.png,
插座开关,ZNSN,znsn蓝牙Mesh四键开关(零火),znsn.switch.zg4m,znsn.switch.zg4m.png,
插座开关,ZNSN,znsn蓝牙Mesh四键开关2.0,znsn.switch.z4g3,znsn.switch.z4g3.png,
插座开关,ZNSN,znsn蓝牙Mesh开关三键（单火）,znsn.switch.zm3d,znsn.switch.zm3d.png,
插座开关,ZNSN,znsn蓝牙Mesh开关三键（零火）,znsn.switch.zm3a,znsn.switch.zm3a.png,
插座开关,ZNSN,znsn蓝牙Mesh开关单键（单火）,znsn.switch.zm1d,znsn.switch.zm1d.png,
插座开关,ZNSN,znsn蓝牙Mesh开关单键（零火）,znsn.switch.zm1a,znsn.switch.zm1a.png,
插座开关,ZNSN,znsn蓝牙Mesh开关双键（单火）,znsn.switch.zm2d,znsn.switch.zm2d.png,
插座开关,ZNSN,znsn蓝牙Mesh开关双键（零火）,znsn.switch.zm2a,znsn.switch.zm2a.png,
插座开关,ZNSN,znsn蓝牙Mesh插卡取电开关,znsn.cs.cp01m,znsn.cs.cp01m.png,
插座开关,ZNSN,znsn蓝牙通断器,znsn.switch.tdq1a,znsn.switch.tdq1a.png,
插座开关,ZQM  浙旗明,ZQM浙旗明通断器WiFi版,zqm4g.switch.tdq02,zqm4g.switch.tdq02.png,
插座开关,ZXWL,ZXWL屏显智能开关-P系列4开,andi.switch.sw4b01,andi.switch.sw4b01.png,
插座开关,ZXWL,ZXWL智能开关-S系列1开,andi.switch.sw1a01,andi.switch.sw1a01.png,
插座开关,ZXWL,ZXWL智能开关-S系列2开,andi.switch.sw2a01,andi.switch.sw2a01.png,
插座开关,ZXWL,ZXWL智能开关-S系列3开,andi.switch.sw3a01,andi.switch.sw3a01.png,
插座开关,ZXWL,ZXWL智能开关-S系列4开,andi.switch.sw4a01,andi.switch.sw4a01.png,
插座开关,ahorro,ahorro奥能蓝牙一开,ahorro.switch.an1k,ahorro.switch.an1k.png,
插座开关,ahorro,ahorro奥能蓝牙三开,ahorro.switch.an3k,ahorro.switch.an3k.png,
插座开关,ahorro,ahorro奥能蓝牙二开,ahorro.switch.an2k,ahorro.switch.an2k.png,
插座开关,ahorro,ahorro奥能蓝牙四开,ahorro.switch.an4k,ahorro.switch.an4k.png,
插座开关,intac,视科四键旋钮无线开关R1,intac.remote.air04,intac.remote.air04.png,
插座开关,jiuhao久豪,Jiuhao一键无线开关,cddz.remote.cdwx1,cddz.remote.cdwx1.png,
插座开关,jiuhao久豪,Jiuhao八键无线开关,cddz.remote.cdwx8,cddz.remote.cdwx8.png,
插座开关,jiuhao久豪,Jiuhao智能开关,cddz.switch.jhicw,cddz.switch.jhicw.png,
插座开关,jiuhao久豪,Jiuhao智能通断器V9（Mesh 2.0）,cddz.switch.cdmtdq,cddz.switch.cdmtdq.png,
插座开关,jiuhao久豪,Jiuhao智能通断器V9（WiFi）,cddz.switch.cdtdq,cddz.switch.cdtdq.png,
插座开关,jiuhao久豪,Jiuhao电脑开机卡,cddz.plug.pc01w,cddz.plug.pc01w.png,
插座开关,jiuhao久豪,Jiuhao电脑开机卡(MESH),cddz.plug.pc01m,cddz.plug.pc01m.png,
插座开关,jiuhao久豪,Jiuhao电脑开机卡Pro (Mesh2.0),cddz.plug.pc04m,cddz.plug.pc04m.png,
插座开关,jiuhao久豪,Jiuhao电脑开机卡Pro (WiFi),cddz.plug.pc03w,cddz.plug.pc03w.png,
插座开关,julun,julun智能WIFI开关,julun.switch.jlsw01,julun.switch.jlsw01.png,
插座开关,linptech,智能墙壁开关QH1（三键PLC版）,linp.switch.qh1dp3,linp.switch.qh1dp3.png,
插座开关,linptech,智能墙壁开关QH1（单键PLC版）,linp.switch.qh1dp1,linp.switch.qh1dp1.png,
插座开关,linptech,智能墙壁开关QH1（双键PLC版）,linp.switch.qh1dp2,linp.switch.qh1dp2.png,
插座开关,linptech,智能墙壁开关QH1（四键PLC版）,linp.switch.qh1dp4,linp.switch.qh1dp4.png,
插座开关,linptech,智能旋钮开关XH1 (PLC版),linp.switch.xh1dp,linp.switch.xh1dp.png,
插座开关,linptech,领普智能墙壁开关（单键）,linp.switch.t2dbw1,linp.switch.t2dbw1.png,
插座开关,linptech,领普智能墙壁开关（双键）,linp.switch.t2dbw2,linp.switch.t2dbw2.png,
插座开关,linptech,领普触屏开关S2,linp.switch.s2dw3,linp.switch.s2dw3.png,
插座开关,linptech 领普,领普Q3墙壁开关(三键),linp.switch.q33s,linp.switch.q33s.png,
插座开关,linptech 领普,领普Q3墙壁开关(单键),linp.switch.q31s,linp.switch.q31s.png,
插座开关,linptech 领普,领普Q3墙壁开关(双键),linp.switch.q32s,linp.switch.q32s.png,
插座开关,linptech 领普,领普中控屏开关S3,linp.switch.s3dw,linp.switch.s3dw.png,
插座开关,linptech 领普,领普全面屏开关,linp.switch.s1,linp.switch.s1.png,
插座开关,linptech 领普,领普单火墙壁开关MESH（三键）,linp.switch.q4s3,linp.switch.q4s3.png,
插座开关,linptech 领普,领普单火墙壁开关MESH（单键）,linp.switch.q4s1,linp.switch.q4s1.png,
插座开关,linptech 领普,领普单火墙壁开关MESH（双键）,linp.switch.q4s2,linp.switch.q4s2.png,
插座开关,linptech 领普,领普单火智能墙壁开关（MESH2.0 三键）,linp.switch.e3sbw3,linp.switch.e3sbw3.png,
插座开关,linptech 领普,领普单火智能墙壁开关（MESH2.0 单键）,linp.switch.e3sbw1,linp.switch.e3sbw1.png,
插座开关,linptech 领普,领普单火智能墙壁开关（MESH2.0 双键）,linp.switch.e3sbw2,linp.switch.e3sbw2.png,
插座开关,linptech 领普,领普墙壁开关H2（零火MESH 两键）,linp.switch.qh2db2,linp.switch.qh2db2.png,
插座开关,linptech 领普,领普墙壁开关H2（零火MESH 八键）,linp.switch.qh2db8,linp.switch.qh2db8.png,
插座开关,linptech 领普,领普墙壁开关H2（零火MESH 四键）,linp.switch.qh2db4,linp.switch.qh2db4.png,
插座开关,linptech 领普,领普墙壁开关MESH（三键）,linp.switch.q3s3,linp.switch.q3s3.png,
插座开关,linptech 领普,领普墙壁开关MESH（单键）,linp.switch.q3s1,linp.switch.q3s1.png,
插座开关,linptech 领普,领普墙壁开关MESH（双键）,linp.switch.q3s2,linp.switch.q3s2.png,
插座开关,linptech 领普,领普墙壁开关QH1（MESH三键）,linp.switch.qh1db3,linp.switch.qh1db3.png,
插座开关,linptech 领普,领普墙壁开关QH1（MESH单键）,linp.switch.qh1db1,linp.switch.qh1db1.png,
插座开关,linptech 领普,领普墙壁开关QH1（MESH双键）,linp.switch.qh1db2,linp.switch.qh1db2.png,
插座开关,linptech 领普,领普墙壁开关QH1（MESH四键）,linp.switch.qh1db4,linp.switch.qh1db4.png,
插座开关,linptech 领普,领普墙壁开关QT1（零火MESH一键）,linp.switch.qt1db1,linp.switch.qt1db1.png,
插座开关,linptech 领普,领普墙壁开关QT1（零火MESH三键）,linp.switch.qt1db3,linp.switch.qt1db3.png,
插座开关,linptech 领普,领普墙壁开关QT1（零火MESH二键）,linp.switch.qt1db2,linp.switch.qt1db2.png,
插座开关,linptech 领普,领普墙壁开关QT1（零火MESH四键）,linp.switch.qt1db4,linp.switch.qt1db4.png,
插座开关,linptech 领普,领普墙壁开关（三键）,linp.switch.q33,linp.switch.q33.png,
插座开关,linptech 领普,领普墙壁开关（单键）,linp.switch.q31,linp.switch.q31.png,
插座开关,linptech 领普,领普墙壁开关（双键）,linp.switch.q32,linp.switch.q32.png,
插座开关,linptech 领普,领普无线开关K11,linp.remote.k9b01,linp.remote.k9b01.png,
插座开关,linptech 领普,领普无线开关KH1（三键）,linp.remote.kh1bb3,linp.remote.kh1bb3.png,
插座开关,linptech 领普,领普无线开关KH1（单键）,linp.remote.kh1bb1,linp.remote.kh1bb1.png,
插座开关,linptech 领普,领普无线开关KH1（双键）,linp.remote.kh1bb2,linp.remote.kh1bb2.png,
插座开关,linptech 领普,领普无线开关KH1（四键）,linp.remote.kh1bb4,linp.remote.kh1bb4.png,
插座开关,linptech 领普,领普无线开关KS1,linp.remote.ks1,linp.remote.ks1.png,
插座开关,linptech 领普,领普智能墙壁开关（三键）,linp.switch.t2dbw3,linp.switch.t2dbw3.png,
插座开关,linptech 领普,领普智能墙壁开关（四键）,linp.switch.t2dbw4,linp.switch.t2dbw4.png,
插座开关,linptech 领普,领普智能屏显开关（MESH2.0 三键）,linp.switch.pxdbw3,linp.switch.pxdbw3.png,
插座开关,linptech 领普,领普智能屏显开关（MESH2.0 单键）,linp.switch.pxdbw1,linp.switch.pxdbw1.png,
插座开关,linptech 领普,领普智能屏显开关（MESH2.0 双键）,linp.switch.pxdbw2,linp.switch.pxdbw2.png,
插座开关,linptech 领普,领普智能屏显开关（零火MESH 一键）,linp.switch.e2db1,linp.switch.e2db1.png,
插座开关,linptech 领普,领普智能屏显开关（零火MESH 二键）,linp.switch.e2db2,linp.switch.e2db2.png,
插座开关,linptech 领普,领普智能屏显开关（零火MESH三键）,linp.switch.e2db3,linp.switch.e2db3.png,
插座开关,linptech 领普,领普蓝牙无线开关（三键）,linp.remote.k9b,linp.remote.k9b.png,
插座开关,linptech 领普,领普蓝牙无线开关（单键）,linp.remote.k9b1,linp.remote.k9b1.png,
插座开关,linptech 领普,领普蓝牙无线开关（双键）,linp.remote.k9b11,linp.remote.k9b11.png,
插座开关,linptech 领普,领普超薄智能屏显开关（MESH2.0 三键）,linp.switch.e5dbw3,linp.switch.e5dbw3.png,
插座开关,linptech 领普,领普超薄智能屏显开关（MESH2.0 单键）,linp.switch.e5dbw1,linp.switch.e5dbw1.png,
插座开关,linptech 领普,领普超薄智能屏显开关（MESH2.0 双键）,linp.switch.e5dbw2,linp.switch.e5dbw2.png,
插座开关,linptech 领普,领普超薄智能屏显开关（MESH2.0 四键）,linp.switch.e5dbw4,linp.switch.e5dbw4.png,
插座开关,linptech 领普,领普超薄触屏开关（MESH2.0）,linp.switch.s5db,linp.switch.s5db.png,
插座开关,mitch,mitch一开屏显开关青春版(Mesh2.0),googo.switch.sw1a01,googo.switch.sw1a01.png,
插座开关,mitch,mitch一路智能开关Mesh2.0,googo.switch.sw1a02,googo.switch.sw1a02.png,
插座开关,mitch,mitch三开屏显开关青春版(Mesh2.0),googo.switch.sw3a01,googo.switch.sw3a01.png,
插座开关,mitch,mitch三路智能开关Mesh2.0,googo.switch.sw3a02,googo.switch.sw3a02.png,
插座开关,mitch,mitch二开屏显开关青春版(Mesh2.0),googo.switch.sw2a01,googo.switch.sw2a01.png,
插座开关,mitch,mitch二路智能开关Mesh2.0,googo.switch.sw2a02,googo.switch.sw2a02.png,
插座开关,mitch,mitch八路智能开关Mesh2.0,googo.switch.sw8a01,googo.switch.sw8a01.png,
插座开关,mitch,mitch四开屏显开关青春版(Mesh2.0),googo.switch.sw4a03,googo.switch.sw4a03.png,
插座开关,mitch,mitch四路屏显智能开关Mesh2.0,googo.switch.sw4a01,googo.switch.sw4a01.png,
插座开关,mitch,mitch四路智能开关Mesh2.0,googo.switch.sw4a02,googo.switch.sw4a02.png,
插座开关,mitch,mitch四键屏显开关PRO版(Mesh2.0),googo.switch.sw4b02,googo.switch.sw4b02.png,
插座开关,noooe皓逸,皓逸单路通断器（Max）,haoyi.switch.sw0a01,haoyi.switch.sw0a01.png,
插座开关,noooe皓逸,皓逸四键智能开关V1,haoyi.switch.hyv1s4,haoyi.switch.hyv1s4.png,
插座开关,pluslife,Pluslife电脑开机卡,xl2024.plug.xlkjk,xl2024.plug.xlkjk.png,
插座开关,rejuvee,睿据交流单相数字断路器2型,rjkj.switch.mj152,rjkj.switch.mj152.png,
插座开关,sagewe,Sagewe智能排插M1scu311-GB15W-M,sagewe.plug.002,sagewe.plug.002.png,
插座开关,sagewe,Sagewe智能排插M1scu311-GB35W-M,sagewe.plug.003,sagewe.plug.003.png,
插座开关,sagewe,Sagewe智能插座F2501-GB-M,sagewe.plug.005,sagewe.plug.005.png,
插座开关,sagewe,Sagewe智能插座Xs11-M,sagewe.plug.001,sagewe.plug.001.png,
插座开关,sayso,SAYSO智能开关（一键）,sayso.switch.sw1a01,sayso.switch.sw1a01.png,
插座开关,sayso,SAYSO智能开关（三键）,sayso.switch.sw3a01,sayso.switch.sw3a01.png,
插座开关,sayso,SAYSO智能开关（二键）,sayso.switch.sw2a01,sayso.switch.sw2a01.png,
插座开关,sayso,SAYSO智能开关（四键）,sayso.switch.sw4a01,sayso.switch.sw4a01.png,
插座开关,sayso,商颂超薄智能屏显开关四开2.0,sayso.switch.sw4b01,sayso.switch.sw4b01.png,
插座开关,sparkleIOT,Sparkleiot智能插座,zxd123.plug.jdls1,zxd123.plug.jdls1.png,
插座开关,sparkleIOT,Sparkleiot智能通断器,zxd123.switch.xhtdq,zxd123.switch.xhtdq.png,
插座开关,xiaowell,xiaowell小为科技一位单零火兼容智能开关,xwiwn.switch.xwk009,xwiwn.switch.xwk009.png,
插座开关,xiaowell,xiaowell小为科技一位零火智能开关,xwiwn.switch.xwk005,xwiwn.switch.xwk005.png,
插座开关,xiaowell,xiaowell小为科技三位单零火兼容智能开关,xwiwn.switch.xwk011,xwiwn.switch.xwk011.png,
插座开关,xiaowell,xiaowell小为科技三位零火智能开关,xwiwn.switch.xwk007,xwiwn.switch.xwk007.png,
插座开关,xiaowell,xiaowell小为科技二位单零火兼容智能开关,xwiwn.switch.xwk010,xwiwn.switch.xwk010.png,
插座开关,xiaowell,xiaowell小为科技二位零火智能开关,xwiwn.switch.xwk006,xwiwn.switch.xwk006.png,
插座开关,xiaowell,xiaowell小为科技四位单零火兼容智能开关,xwiwn.switch.xwk012,xwiwn.switch.xwk012.png,
插座开关,xiaowell,xiaowell小为科技四位零火智能开关,xwiwn.switch.xwk008,xwiwn.switch.xwk008.png,
插座开关,xiaowell,xiaowell小为科技屏显免刻字一位零火智能开关,xwiwn.switch.xwk001,xwiwn.switch.xwk001.png,
插座开关,xiaowell,xiaowell小为科技屏显免刻字三位零火智能开关,xwiwn.switch.xwk003,xwiwn.switch.xwk003.png,
插座开关,xiaowell,xiaowell小为科技屏显免刻字二位零火智能开关,xwiwn.switch.xwk002,xwiwn.switch.xwk002.png,
插座开关,xiaowell,xiaowell小为科技屏显免刻字四位零火智能开关,xwiwn.switch.xwk004,xwiwn.switch.xwk004.png,
插座开关,xiaowell,xiaowell小为科技彩屏按键一位零火智能开关,xwiwn.switch.xwk013,xwiwn.switch.xwk013.png,
插座开关,xiaowell,xiaowell小为科技彩屏按键三位零火智能开关,xwiwn.switch.xwk015,xwiwn.switch.xwk015.png,
插座开关,xiaowell,xiaowell小为科技彩屏按键二位零火智能开关,xwiwn.switch.xwk014,xwiwn.switch.xwk014.png,
插座开关,xiaowell,xiaowell小为科技彩屏按键四位零火智能开关,xwiwn.switch.xwk016,xwiwn.switch.xwk016.png,
插座开关,xiaowell,xiaowell小为科技智能计量插座,xwiwn.plug.xwp001,xwiwn.plug.xwp001.png,
插座开关,yoogee,优阁智能一路开关（Mesh2.0）,yoogee.switch.ygkg1,yoogee.switch.ygkg1.png,
插座开关,yoogee,优阁智能三路开关（Mesh2.0）,yoogee.switch.ygkg3,yoogee.switch.ygkg3.png,
插座开关,yoogee,优阁智能二路开关（Mesh2.0）,yoogee.switch.ygkg2,yoogee.switch.ygkg2.png,
插座开关,yoogee,优阁智能四路开关（Mesh2.0）,yoogee.switch.ygkg4,yoogee.switch.ygkg4.png,
插座开关,三雄极光Pak,三雄极光Pak 智能开关 一位 2.0,pak.switch.sw1c01,pak.switch.sw1c01.png,
插座开关,三雄极光Pak,三雄极光Pak 智能开关 三位 2.0,pak.switch.sw3c02,pak.switch.sw3c02.png,
插座开关,三雄极光Pak,三雄极光Pak 智能开关 三开+三场景 2.0,pak.switch.sw3c03,pak.switch.sw3c03.png,
插座开关,三雄极光Pak,三雄极光Pak 智能开关 二位 2.0,pak.switch.sw2c01,pak.switch.sw2c01.png,
插座开关,三雄极光Pak,三雄极光Pak 智能开关 四位 2.0,pak.switch.sw4c01,pak.switch.sw4c01.png,
插座开关,三雄极光Pak,三雄极光Pak 智能开关 智享Pro一位,pak.switch.sw1b01,pak.switch.sw1b01.png,
插座开关,三雄极光Pak,三雄极光Pak 智能开关 智享Pro三位,pak.switch.sw3b01,pak.switch.sw3b01.png,
插座开关,三雄极光Pak,三雄极光Pak 智能开关 智享Pro三位+场景,pak.switch.sw4b01,pak.switch.sw4b01.png,
插座开关,三雄极光Pak,三雄极光Pak 智能开关 智享Pro二位,pak.switch.sw2b01,pak.switch.sw2b01.png,
插座开关,三雄极光Pak,三雄极光Pak 智能开关一位,pak.switch.sw1a01,pak.switch.sw1a01.png,
插座开关,三雄极光Pak,三雄极光Pak 智能开关三位,pak.switch.sw3a01,pak.switch.sw3a01.png,
插座开关,三雄极光Pak,三雄极光Pak 智能开关三位+三场景,pak.switch.sw6a02,pak.switch.sw6a02.png,
插座开关,三雄极光Pak,三雄极光Pak 智能开关二位,pak.switch.sw2a01,pak.switch.sw2a01.png,
插座开关,三雄极光Pak,三雄极光Pak 智能开关四位,pak.switch.sw4a01,pak.switch.sw4a01.png,
插座开关,三雄极光Pak,三雄极光Pak 臻享 智能触屏开关,pak.switch.sw3c01,pak.switch.sw3c01.png,
插座开关,三雄极光Pak,三雄极光Pak 臻享无线遥控开关,pak.remote.ts1,pak.remote.ts1.png,
插座开关,乐天派,乐天派智能开关Lite（三开 零火版）,rhj.switch.l821c,rhj.switch.l821c.png,
插座开关,乐天派,乐天派智能开关Lite（单开 零火版）,rhj.switch.l821,rhj.switch.l821.png,
插座开关,乐天派,乐天派智能开关Lite（双开 零火版）,rhj.switch.l821b,rhj.switch.l821b.png,
插座开关,乐归,乐归彩屏按键三位零火智能开关,legui.switch.yw3a02,legui.switch.yw3a02.png,
插座开关,乐归,乐归彩屏按键二位零火智能开关,legui.switch.yw2a02,legui.switch.yw2a02.png,
插座开关,乐归,乐归彩屏按键四位零火智能开关,legui.switch.ys4a02,legui.switch.ys4a02.png,
插座开关,乐归,乐归智能开关 一位,legui.switch.sw1a01,legui.switch.sw1a01.png,
插座开关,乐归,乐归智能开关 三位,legui.switch.sw3a01,legui.switch.sw3a01.png,
插座开关,乐归,乐归智能开关 二位,legui.switch.sw2a01,legui.switch.sw2a01.png,
插座开关,乐归,乐归智能开关 四位,legui.switch.sw4a01,legui.switch.sw4a01.png,
插座开关,乐蜗智能,乐蜗一键智能开关S1,nowoo.switch.s11k,nowoo.switch.s11k.png,
插座开关,乐蜗智能,乐蜗三键智能开关S1,nowoo.switch.s13k,nowoo.switch.s13k.png,
插座开关,乐蜗智能,乐蜗二键智能开关S1,nowoo.switch.s12k,nowoo.switch.s12k.png,
插座开关,云博士,电传智能通断器（WiFi）,lqdc88.switch.dcwtdq,lqdc88.switch.dcwtdq.png,
插座开关,云控侠,云控侠情景Mesh一键开关Ultra,ykiot.switch.sw1a01,ykiot.switch.sw1a01.png,
插座开关,云控侠,云控侠情景Mesh三键开关Ultra,ykiot.switch.sw3a01,ykiot.switch.sw3a01.png,
插座开关,云控侠,云控侠情景Mesh二键开关Ultra,ykiot.switch.sw2a01,ykiot.switch.sw2a01.png,
插座开关,云控侠,云控侠情景Mesh四键开关Ultra,ykiot.switch.sw4a01,ykiot.switch.sw4a01.png,
插座开关,云控侠,云控侠智能一键开关,ykiot.switch.bln31,ykiot.switch.bln31.png,
插座开关,云控侠,云控侠智能三键开关,ykiot.switch.bln33,ykiot.switch.bln33.png,
插座开关,云控侠,云控侠智能二键开关,ykiot.switch.bln32,ykiot.switch.bln32.png,
插座开关,云控侠,云控侠智能六键开关,ykiot.switch.bln36,ykiot.switch.bln36.png,
插座开关,云控侠,云控侠智能四键开关,ykiot.switch.bln34,ykiot.switch.bln34.png,
插座开关,云米,云米AI智能开关Master（零火一键）,viomi.switch.nm1,viomi.switch.nm1.png,
插座开关,云米,云米AI智能开关Master（零火三键）,viomi.switch.nm3,viomi.switch.nm3.png,
插座开关,云米,云米AI智能开关Master（零火二键）,viomi.switch.nm2,viomi.switch.nm2.png,
插座开关,云米,云米AI智能开关Super（一键）,yunmi.switch.su1,yunmi.switch.su1.png,
插座开关,云米,云米AI智能开关Super（三键）,yunmi.switch.su3,yunmi.switch.su3.png,
插座开关,云米,云米AI智能开关Super（二键）,yunmi.switch.su2,yunmi.switch.su2.png,
插座开关,云米,云米AI智能开关Super（四键）,yunmi.switch.su4,yunmi.switch.su4.png,
插座开关,云米,云米AI智能控制面板HomePad,viomi.controller.pads,viomi.controller.pads.png,
插座开关,亖米,亖米-Z7三键智能开关,symi.switch.z703,symi.switch.z703.png,
插座开关,亖米,亖米-Z7二键智能开关,symi.switch.z7002,symi.switch.z7002.png,
插座开关,亖米,亖米-Z7六键智能开关,symi.switch.z706,symi.switch.z706.png,
插座开关,亖米,亖米-Z7四键智能开关,symi.switch.z704,symi.switch.z704.png,
插座开关,亖米,亖米16路控制器,symi.switch.apple,symi.switch.apple.png,
插座开关,亖米,亖米Mesh一键开关Ultra,symi.switch.sw1d02,symi.switch.sw1d02.png,
插座开关,亖米,亖米Mesh三键开关Ultra,symi.switch.sw3d02,symi.switch.sw3d02.png,
插座开关,亖米,亖米Mesh二键开关Ultra,symi.switch.sw2d02,symi.switch.sw2d02.png,
插座开关,亖米,亖米Mesh四键开关Ultra,symi.switch.sw4d02,symi.switch.sw4d02.png,
插座开关,亖米,亖米一键开关mesh版,symi.switch.sw1a01,symi.switch.sw1a01.png,
插座开关,亖米,亖米一键智能开关,symi.switch.bln31,symi.switch.bln31.png,
插座开关,亖米,亖米三键开关mesh版,symi.switch.sw3a01,symi.switch.sw3a01.png,
插座开关,亖米,亖米三键智能开关,symi.switch.bln33,symi.switch.bln33.png,
插座开关,亖米,亖米二键开关mesh版,symi.switch.sw2a01,symi.switch.sw2a01.png,
插座开关,亖米,亖米二键智能开关,symi.switch.bln32,symi.switch.bln32.png,
插座开关,亖米,亖米八键开关mesh版,symi.switch.sw8a01,symi.switch.sw8a01.png,
插座开关,亖米,亖米八键智能开关,symi.switch.bln38,symi.switch.bln38.png,
插座开关,亖米,亖米六键开关mesh版,symi.switch.sw6a01,symi.switch.sw6a01.png,
插座开关,亖米,亖米六键无线开关,symi.remote.ts1,symi.remote.ts1.png,
插座开关,亖米,亖米六键智能开关,symi.switch.bln36,symi.switch.bln36.png,
插座开关,亖米,亖米四键开关mesh版,symi.switch.sw4a01,symi.switch.sw4a01.png,
插座开关,亖米,亖米四键智能开关,symi.switch.bln34,symi.switch.bln34.png,
插座开关,亖米,亖米多功能开关mesh版,symi.switch.s01,symi.switch.s01.png,
插座开关,亖米,亖米智慧屏开关,symi.switch.sw2d01,symi.switch.sw2d01.png,
插座开关,亖米,亖米智能插卡取电器,symi.cs.ck01,symi.cs.ck01.png,
插座开关,京东京造,京东京造智能墙壁开关（MESH2.0 单火三键）,jdjz.switch.jzl3,jdjz.switch.jzl3.png,
插座开关,京东京造,京东京造智能墙壁开关（MESH2.0 单火单键）,jdjz.switch.jzl1,jdjz.switch.jzl1.png,
插座开关,京东京造,京东京造智能墙壁开关（MESH2.0 单火双键）,jdjz.switch.jzl2,jdjz.switch.jzl2.png,
插座开关,京东京造,京东京造智能墙壁开关（MESH2.0 零火三键）,jdjz.switch.jzn3,jdjz.switch.jzn3.png,
插座开关,京东京造,京东京造智能墙壁开关（MESH2.0 零火单键）,jdjz.switch.jzn1,jdjz.switch.jzn1.png,
插座开关,京东京造,京东京造智能墙壁开关（MESH2.0 零火双键）,jdjz.switch.jzn2,jdjz.switch.jzn2.png,
插座开关,优点,优点智能蓝牙Mesh开关面板 一开,ydhome.switch.s3,ydhome.switch.s3.png,
插座开关,优点,优点智能蓝牙Mesh开关面板 三开,ydhome.switch.s1,ydhome.switch.s1.png,
插座开关,优点,优点智能蓝牙Mesh开关面板 二开,ydhome.switch.s2,ydhome.switch.s2.png,
插座开关,传翔,传翔磁吸墙充插座,zjcx.plug.qcsw02,zjcx.plug.qcsw02.png,
插座开关,佐卡,佐卡智能 一键开关2.0,zuka.switch.sw1a01,zuka.switch.sw1a01.png,
插座开关,佐卡,佐卡智能 三键开关2.0,zuka.switch.sw3a01,zuka.switch.sw3a01.png,
插座开关,佐卡,佐卡智能 二键开关2.0,zuka.switch.sw2a01,zuka.switch.sw2a01.png,
插座开关,佐卡,佐卡智能 四键开关2.0,zuka.switch.sw4a01,zuka.switch.sw4a01.png,
插座开关,俊朗,俊朗智能一路开关（Mesh2.0）,junon.switch.jlkg1,junon.switch.jlkg1.png,
插座开关,俊朗,俊朗智能三路开关（Mesh2.0）,junon.switch.jlkg3,junon.switch.jlkg3.png,
插座开关,俊朗,俊朗智能二路开关（Mesh2.0）,junon.switch.jlkg2,junon.switch.jlkg2.png,
插座开关,俊頤,俊頤智能开关H4 Plus(屏显免刻字),nbjy.switch.h4p,nbjy.switch.h4p.png,
插座开关,倍增,倍增墙壁开关三键版,cchome.switch.86l3v1,cchome.switch.86l3v1.png,
插座开关,倍增,倍增墙壁开关单键版,cchome.switch.86l1v1,cchome.switch.86l1v1.png,
插座开关,倍增,倍增墙壁开关双键版,cchome.switch.86l2v1,cchome.switch.86l2v1.png,
插座开关,光正,GZ 一位智能开关,guznos.switch.gzkg1,guznos.switch.gzkg1.png,
插座开关,光正,GZ 三位智能开关,guznos.switch.gzkg3,guznos.switch.gzkg3.png,
插座开关,光正,GZ 二位智能开关,guznos.switch.gzkg2,guznos.switch.gzkg2.png,
插座开关,光正,GZ 四位智能开关,guznos.switch.gzkg4,guznos.switch.gzkg4.png,
插座开关,光电蜂,光电蜂电脑开机卡,mihua.plug.rcw01,mihua.plug.rcw01.png,
插座开关,公牛,公牛G55智能一位无线开关,bull.remote.s115y,bull.remote.s115y.png,
插座开关,公牛,公牛G55智能三位无线开关,bull.remote.s315y,bull.remote.s315y.png,
插座开关,公牛,公牛G55智能二位无线开关,bull.remote.s215y,bull.remote.s215y.png,
插座开关,公牛,公牛智能一位单零火开关,bull.switch.gts111,bull.switch.gts111.png,
插座开关,公牛,公牛智能一位无线开关,bull.remote.gts115,bull.remote.gts115.png,
插座开关,公牛,公牛智能一位零火开关,bull.switch.ts111a,bull.switch.ts111a.png,
插座开关,公牛,公牛智能一位零火开关S01,bull.switch.s01k01,bull.switch.s01k01.png,
插座开关,公牛,公牛智能一位零火开关S02,bull.switch.s02k01,bull.switch.s02k01.png,
插座开关,公牛,公牛智能三位单零火开关,bull.switch.gts311,bull.switch.gts311.png,
插座开关,公牛,公牛智能三位无线开关,bull.remote.gts315,bull.remote.gts315.png,
插座开关,公牛,公牛智能三位零火开关,bull.switch.ts311a,bull.switch.ts311a.png,
插座开关,公牛,公牛智能三位零火开关S01,bull.switch.s01k03,bull.switch.s01k03.png,
插座开关,公牛,公牛智能三位零火开关S02,bull.switch.s02k03,bull.switch.s02k03.png,
插座开关,公牛,公牛智能二位单零火开关,bull.switch.gts211,bull.switch.gts211.png,
插座开关,公牛,公牛智能二位无线开关,bull.remote.gts215,bull.remote.gts215.png,
插座开关,公牛,公牛智能二位零火开关,bull.switch.ts211a,bull.switch.ts211a.png,
插座开关,公牛,公牛智能二位零火开关S01,bull.switch.s01k02,bull.switch.s01k02.png,
插座开关,公牛,公牛智能二位零火开关S02,bull.switch.s02k02,bull.switch.s02k02.png,
插座开关,公牛,公牛智能四位零火开关S01,bull.switch.s01k04,bull.switch.s01k04.png,
插座开关,公牛,公牛智能四位零火开关S02,bull.switch.s02k04,bull.switch.s02k04.png,
插座开关,公牛,公牛智能四位零火情景开关,bull.remote.ts411a,bull.remote.ts411a.png,
插座开关,其他品牌,16路控制器Modbus版,pwzn.relay.banana,pwzn.relay.banana.png,
插座开关,其他品牌,16路继电器,pwzn.relay.apple,pwzn.relay.apple.png,
插座开关,其他品牌,1位智慧开关WIFI X1版,leshi.switch.v0003,leshi.switch.v0003.png,
插座开关,其他品牌,2位智慧开关WIFI X1版,leshi.switch.v0002,leshi.switch.v0002.png,
插座开关,其他品牌,3位智慧开关WIFI X1版,leshi.switch.v0004,leshi.switch.v0004.png,
插座开关,其他品牌,3位智慧开关WIFI X版,leshi.switch.v0001,leshi.switch.v0001.png,
插座开关,其他品牌,7z一路智能调光开关,gxhl.switch.7zds11,gxhl.switch.7zds11.png,
插座开关,其他品牌,7z二路智能调光开关,gxhl.switch.7zds12,gxhl.switch.7zds12.png,
插座开关,其他品牌,8键智能复合开关mesh版,lemesh.switch.sw8a01,lemesh.switch.sw8a01.png,
插座开关,其他品牌,AE智能开关(MESH) 一开,090615.switch.aikw1,090615.switch.aikw1.png,
插座开关,其他品牌,AE智能开关(MESH) 三开,090615.switch.aikw3,090615.switch.aikw3.png,
插座开关,其他品牌,AE智能开关(MESH) 二开,090615.switch.aikw2,090615.switch.aikw2.png,
插座开关,其他品牌,Ai home 智能屏幕开关,yyzn.switch.sw3a03,yyzn.switch.sw3a03.png,
插座开关,其他品牌,Ai 智能一键Mesh开关,babai.switch.201m,babai.switch.201m.png,
插座开关,其他品牌,Ai 智能一键Mesh开关（单火版）,babai.switch.201ml,babai.switch.201ml.png,
插座开关,其他品牌,Ai 智能一键WiFi开关,babai.switch.bb101s,babai.switch.bb101s.png,
插座开关,其他品牌,Ai 智能一键开关(MESH单火),babai.switch.301ml,babai.switch.301ml.png,
插座开关,其他品牌,Ai 智能一键开关(MESH零火),babai.switch.301m,babai.switch.301m.png,
插座开关,其他品牌,Ai 智能一键开关（WiFi双模）,babai.switch.201s,babai.switch.201s.png,
插座开关,其他品牌,Ai 智能三键Mesh开关,babai.switch.203m,babai.switch.203m.png,
插座开关,其他品牌,Ai 智能三键Mesh开关（单火版）,babai.switch.203ml,babai.switch.203ml.png,
插座开关,其他品牌,Ai 智能三键WiFi开关,babai.switch.bb103s,babai.switch.bb103s.png,
插座开关,其他品牌,Ai 智能三键开关(MESH单火),babai.switch.303ml,babai.switch.303ml.png,
插座开关,其他品牌,Ai 智能三键开关(MESH零火),babai.switch.303m,babai.switch.303m.png,
插座开关,其他品牌,Ai 智能三键开关（WiFi双模）,babai.switch.203s,babai.switch.203s.png,
插座开关,其他品牌,Ai 智能二键Mesh开关,babai.switch.202m,babai.switch.202m.png,
插座开关,其他品牌,Ai 智能二键Mesh开关（单火版）,babai.switch.202ml,babai.switch.202ml.png,
插座开关,其他品牌,Ai 智能二键WiFi开关,babai.switch.bb102s,babai.switch.bb102s.png,
插座开关,其他品牌,Ai 智能二键开关(MESH单火),babai.switch.302ml,babai.switch.302ml.png,
插座开关,其他品牌,Ai 智能二键开关(MESH零火),babai.switch.302m,babai.switch.302m.png,
插座开关,其他品牌,Ai 智能二键开关（WiFi双模）,babai.switch.202s,babai.switch.202s.png,
插座开关,其他品牌,Ai 智能八键开关(MESH单火),babai.switch.308ml,babai.switch.308ml.png,
插座开关,其他品牌,Ai 智能八键开关(MESH零火),babai.switch.308m,babai.switch.308m.png,
插座开关,其他品牌,Ai 智能四键开关(MESH单火),babai.switch.304ml,babai.switch.304ml.png,
插座开关,其他品牌,Ai 智能四键开关(MESH零火),babai.switch.304m,babai.switch.304m.png,
插座开关,其他品牌,Ai 智能通断器(MESH),babai.switch.th01m,babai.switch.th01m.png,
插座开关,其他品牌,Ai-Thinker 智能插座,180.plug.plug0001,180.plug.plug0001.png,
插座开关,其他品牌,Azena 蓝牙智能零火版三联开关,090615.switch.azsw03,090615.switch.azsw03.png,
插座开关,其他品牌,Azena 蓝牙智能零火版单联开关,090615.switch.azsw01,090615.switch.azsw01.png,
插座开关,其他品牌,Azena 蓝牙智能零火版双联开关,090615.switch.azsw02,090615.switch.azsw02.png,
插座开关,其他品牌,Babuy Wi-Fi 智能插座,babai.plug.sk01a,babai.plug.sk01a.png,
插座开关,其他品牌,Babuy 二三极智能插座,babai.plug.sk86a,babai.plug.sk86a.png,
插座开关,其他品牌,CJZZ 智能燃气报警开关,cjzz.switch.002,cjzz.switch.002.png,
插座开关,其他品牌,F1 MESH一位开关,mcosu.switch.pipaf1,mcosu.switch.pipaf1.png,
插座开关,其他品牌,F1 MESH三位开关,mcosu.switch.pipaf3,mcosu.switch.pipaf3.png,
插座开关,其他品牌,F1 MESH二位开关,mcosu.switch.pipaf2,mcosu.switch.pipaf2.png,
插座开关,其他品牌,F1 MESH四位开关,mcosu.switch.pipaf4,mcosu.switch.pipaf4.png,
插座开关,其他品牌,FTD智能通断器Pro(MESH),ftd.switch.swttdq,ftd.switch.swttdq.png,
插座开关,其他品牌,GAMDER V90彩屏一键开关,tnv.switch.sw1b01,tnv.switch.sw1b01.png,
插座开关,其他品牌,GAMDER V90彩屏三键开关,tnv.switch.sw3b01,tnv.switch.sw3b01.png,
插座开关,其他品牌,GAMDER V90彩屏二键开关,tnv.switch.sw2b01,tnv.switch.sw2b01.png,
插座开关,其他品牌,GAMDER V90彩屏四键开关,tnv.switch.sw4b01,tnv.switch.sw4b01.png,
插座开关,其他品牌,GR谷雨智能一键开关,090615.switch.x6gr1,090615.switch.x6gr1.png,
插座开关,其他品牌,GR谷雨智能三键开关,090615.switch.x6gr3,090615.switch.x6gr3.png,
插座开关,其他品牌,GR谷雨智能二键开关,090615.switch.x6gr2,090615.switch.x6gr2.png,
插座开关,其他品牌,GR谷雨智能六键开关,090615.switch.x6gr6,090615.switch.x6gr6.png,
插座开关,其他品牌,GR谷雨智能四键开关,090615.switch.x6gr4,090615.switch.x6gr4.png,
插座开关,其他品牌,GSD一键智能开关,gsd.switch.sw1a01,gsd.switch.sw1a01.png,
插座开关,其他品牌,GSD三键智能开关,gsd.switch.sw3a01,gsd.switch.sw3a01.png,
插座开关,其他品牌,GSD二键智能开关,gsd.switch.sw2a01,gsd.switch.sw2a01.png,
插座开关,其他品牌,GSD八键智能开关,gsd.switch.sw8a01,gsd.switch.sw8a01.png,
插座开关,其他品牌,GSD四键智能开关,gsd.switch.sw4a01,gsd.switch.sw4a01.png,
插座开关,其他品牌,Gosvn高山领航一位智慧开关WiFi版,gosvn.switch.sw1a01,gosvn.switch.sw1a01.png,
插座开关,其他品牌,Gosvn高山领航三位智慧开关WiFi版,gosvn.switch.sw3a01,gosvn.switch.sw3a01.png,
插座开关,其他品牌,Gosvn高山领航二位智慧开关WiFi版,gosvn.switch.sw2a01,gosvn.switch.sw2a01.png,
插座开关,其他品牌,Gosvn高山领航智能阀门控制器WiFi版,gosvn.switch.sw0a01,gosvn.switch.sw0a01.png,
插座开关,其他品牌,Gra电计量控制器V8（Mesh）,giot.plug.v8icm,giot.plug.v8icm.png,
插座开关,其他品牌,H 智能三键开关 (MESH),090615.switch.hmb032,090615.switch.hmb032.png,
插座开关,其他品牌,H 智能单键开关 (MESH),090615.switch.hmb012,090615.switch.hmb012.png,
插座开关,其他品牌,H 智能双键开关 (MESH),090615.switch.hmb022,090615.switch.hmb022.png,
插座开关,其他品牌,HOMRAY智能开关一键,090615.switch.hmsw01,090615.switch.hmsw01.png,
插座开关,其他品牌,HOMRAY智能开关三键,090615.switch.hmsw03,090615.switch.hmsw03.png,
插座开关,其他品牌,HOMRAY智能开关二键,090615.switch.hmsw02,090615.switch.hmsw02.png,
插座开关,其他品牌,HT一键智能开关mesh版,lemesh.switch.sw1h01,lemesh.switch.sw1h01.png,
插座开关,其他品牌,HT三键智能开关mesh版,lemesh.switch.sw3h01,lemesh.switch.sw3h01.png,
插座开关,其他品牌,HT二键智能开关mesh版,lemesh.switch.sw2h01,lemesh.switch.sw2h01.png,
插座开关,其他品牌,HT六键智能开关mesh版,lemesh.switch.sw4a03,lemesh.switch.sw4a03.png,
插座开关,其他品牌,HT四键智能开关Mesh版,lemesh.switch.sw4h01,lemesh.switch.sw4h01.png,
插座开关,其他品牌,HT插卡取电开关,lemesh.cs.swk01,lemesh.cs.swk01.png,
插座开关,其他品牌,Kanway 轻触开关零火D-4K,kanway.switch.sw4a01,kanway.switch.sw4a01.png,
插座开关,其他品牌,LRN思维科高低压双路开关,lrn.switch.sw2a01,lrn.switch.sw2a01.png,
插座开关,其他品牌,LX智能开关-三键BLE-Mesh版,lxun.switch.lxnsw3,lxun.switch.lxnsw3.png,
插座开关,其他品牌,MAXBORN 智能三键开关,090615.switch.x6se3,090615.switch.x6se3.png,
插座开关,其他品牌,MAXBORN 智能单键开关,090615.switch.x6se1,090615.switch.x6se1.png,
插座开关,其他品牌,MAXBORN 智能双键开关,090615.switch.x6se2,090615.switch.x6se2.png,
插座开关,其他品牌,MM一位扩展智能开关,mmdq.switch.bln31,mmdq.switch.bln31.png,
插座开关,其他品牌,MM三位扩展智能开关,mmdq.switch.bln33,mmdq.switch.bln33.png,
插座开关,其他品牌,MM二位扩展智能开关,mmdq.switch.bln32,mmdq.switch.bln32.png,
插座开关,其他品牌,MM四位扩展智能开关,mmdq.switch.bln34,mmdq.switch.bln34.png,
插座开关,其他品牌,Mesh智能插座系列V1,cxw.plug.v1,cxw.plug.v1.png,
插座开关,其他品牌,Mesh智能通断器系列V1,cxw.switch.swv01,cxw.switch.swv01.png,
插座开关,其他品牌,PD通断器(WiFi),wfxx.relay.asdasd,wfxx.relay.asdasd.png,
插座开关,其他品牌,PIPA智能一键开关MESH,mcosu.switch.pipam1,mcosu.switch.pipam1.png,
插座开关,其他品牌,PIPA智能三键开关MESH,mcosu.switch.pipam3,mcosu.switch.pipam3.png,
插座开关,其他品牌,PIPA智能二键开关MESH,mcosu.switch.pipam2,mcosu.switch.pipam2.png,
插座开关,其他品牌,QD智能通断器Mesh版,iot.switch.tdq3,iot.switch.tdq3.png,
插座开关,其他品牌,QD智能通断器WiFi版,iot.switch.bjtdq5,iot.switch.bjtdq5.png,
插座开关,其他品牌,QM单火开关（三键）,qjiang.switch.fire3,qjiang.switch.fire3.png,
插座开关,其他品牌,QM单火开关（单键）,qjiang.switch.fire1,qjiang.switch.fire1.png,
插座开关,其他品牌,QM单火开关（双键）,qjiang.switch.fire2,qjiang.switch.fire2.png,
插座开关,其他品牌,QM智能Mesh开关G系列（三键）,qjiang.switch.12gsw3,qjiang.switch.12gsw3.png,
插座开关,其他品牌,QM智能Mesh开关G系列（单键）,qjiang.switch.12gsw1,qjiang.switch.12gsw1.png,
插座开关,其他品牌,QM智能Mesh开关G系列（双键）,qjiang.switch.12gsw2,qjiang.switch.12gsw2.png,
插座开关,其他品牌,QM智能Mesh开关G系列（四键）,qjiang.switch.12gsw4,qjiang.switch.12gsw4.png,
插座开关,其他品牌,QM智能Mesh开关P系列（三键）,qjiang.switch.b12sw3,qjiang.switch.b12sw3.png,
插座开关,其他品牌,QM智能Mesh开关P系列（单键）,qjiang.switch.b12sw1,qjiang.switch.b12sw1.png,
插座开关,其他品牌,QM智能Mesh开关P系列（双键）,qjiang.switch.b12sw2,qjiang.switch.b12sw2.png,
插座开关,其他品牌,QM智能Mesh开关P系列（四键）,qjiang.switch.b12sw4,qjiang.switch.b12sw4.png,
插座开关,其他品牌,QM智能Mesh开关S系列（三键）,qjiang.switch.12ssw3,qjiang.switch.12ssw3.png,
插座开关,其他品牌,QM智能Mesh开关S系列（单键）,qjiang.switch.12ssw1,qjiang.switch.12ssw1.png,
插座开关,其他品牌,QM智能Mesh开关S系列（双键）,qjiang.switch.12ssw2,qjiang.switch.12ssw2.png,
插座开关,其他品牌,QM智能Mesh开关S系列（四键）,qjiang.switch.12ssw4,qjiang.switch.12ssw4.png,
插座开关,其他品牌,QM智能Mesh开关U系列（三键）,qjiang.switch.11ssw3,qjiang.switch.11ssw3.png,
插座开关,其他品牌,QM智能Mesh开关U系列（单键）,qjiang.switch.11ssw1,qjiang.switch.11ssw1.png,
插座开关,其他品牌,QM智能Mesh开关U系列（双键）,qjiang.switch.11ssw2,qjiang.switch.11ssw2.png,
插座开关,其他品牌,QM智能Mesh情景开关Q系列（一位复合开关）,qjiang.switch.12qj01,qjiang.switch.12qj01.png,
插座开关,其他品牌,QM智能Mesh情景开关Q系列（三位复合开关）,qjiang.switch.12qj03,qjiang.switch.12qj03.png,
插座开关,其他品牌,QM智能Mesh情景开关Q系列（二位复合开关）,qjiang.switch.12qj02,qjiang.switch.12qj02.png,
插座开关,其他品牌,QM智能Mesh情景开关Q系列（四位复合开关）,qjiang.switch.12qj04,qjiang.switch.12qj04.png,
插座开关,其他品牌,QM智能Mesh插座,qjiang.plug.v1,qjiang.plug.v1.png,
插座开关,其他品牌,QM智能WiFi插座,qjiang.plug.v2,qjiang.plug.v2.png,
插座开关,其他品牌,QM智能开关（三键）,qjiang.switch.fire33,qjiang.switch.fire33.png,
插座开关,其他品牌,QM智能开关（单键）,qjiang.switch.fire11,qjiang.switch.fire11.png,
插座开关,其他品牌,QM智能开关（双键）,qjiang.switch.firey2,qjiang.switch.firey2.png,
插座开关,其他品牌,QM智能开关（四键）,qjiang.switch.firey4,qjiang.switch.firey4.png,
插座开关,其他品牌,RX八键复合面板零火mesh版,kk2022.switch.sw8a01,kk2022.switch.sw8a01.png,
插座开关,其他品牌,SZGL智能感应开关四键Mesh版,ddy.switch.sw4a02,ddy.switch.sw4a02.png,
插座开关,其他品牌,ThoughtHome智能通断器,babai.switch.th01a,babai.switch.th01a.png,
插座开关,其他品牌,UZ一位单零火兼容开关,topwit.switch.rzw63,topwit.switch.rzw63.png,
插座开关,其他品牌,UZ一位零火屏显开关,topwit.switch.rzw64,topwit.switch.rzw64.png,
插座开关,其他品牌,UZ一位零火开关2,topwit.switch.rzw43,topwit.switch.rzw43.png,
插座开关,其他品牌,UZ三位单零火兼容开关,topwit.switch.rzw61,topwit.switch.rzw61.png,
插座开关,其他品牌,UZ三位零火屏显开关,topwit.switch.rzw66,topwit.switch.rzw66.png,
插座开关,其他品牌,UZ三位零火开关2,topwit.switch.rzw45,topwit.switch.rzw45.png,
插座开关,其他品牌,UZ二位单零火兼容开关,topwit.switch.rzw62,topwit.switch.rzw62.png,
插座开关,其他品牌,UZ二位零火屏显开关,topwit.switch.rzw65,topwit.switch.rzw65.png,
插座开关,其他品牌,UZ二位零火开关2,topwit.switch.rzw44,topwit.switch.rzw44.png,
插座开关,其他品牌,UZ四位单零火兼容开关,topwit.switch.rzw59,topwit.switch.rzw59.png,
插座开关,其他品牌,UZ四位零火屏显开关,topwit.switch.rzw67,topwit.switch.rzw67.png,
插座开关,其他品牌,UZ四位零火开关1,topwit.switch.rzw52,topwit.switch.rzw52.png,
插座开关,其他品牌,UZ四位零火开关2,topwit.switch.rzw46,topwit.switch.rzw46.png,
插座开关,其他品牌,UZ插卡取电器,topwit.cs.rzw47,topwit.cs.rzw47.png,
插座开关,其他品牌,UZ零火开关（一键）,topwit.switch.iwnw01,topwit.switch.iwnw01.png,
插座开关,其他品牌,UZ零火开关（三键）,topwit.switch.iwnw03,topwit.switch.iwnw03.png,
插座开关,其他品牌,UZ零火开关（二键）,topwit.switch.iwnw02,topwit.switch.iwnw02.png,
插座开关,其他品牌,V3智能单插（Mesh）,giot.plug.v3shsm,giot.plug.v3shsm.png,
插座开关,其他品牌,V3智能通断器（Mesh）,giot.switch.v3oodm,giot.switch.v3oodm.png,
插座开关,其他品牌,V5无线一键开关 （BLE）,giot.remote.v51kwm,giot.remote.v51kwm.png,
插座开关,其他品牌,V5无线三键开关 （BLE）,giot.remote.v53kwm,giot.remote.v53kwm.png,
插座开关,其他品牌,V5无线二键开关 （BLE）,giot.remote.v52kwm,giot.remote.v52kwm.png,
插座开关,其他品牌,V5无线八键开关 （BLE）,giot.remote.v58kwm,giot.remote.v58kwm.png,
插座开关,其他品牌,V5无线六键开关（BLE）,giot.remote.v56kwm,giot.remote.v56kwm.png,
插座开关,其他品牌,V5无线四键开关 （BLE）,giot.remote.v54kwm,giot.remote.v54kwm.png,
插座开关,其他品牌,V5智能一键开关（Mesh）,giot.switch.v51ksm,giot.switch.v51ksm.png,
插座开关,其他品牌,V5智能三键开关（Mesh）,giot.switch.v53ksm,giot.switch.v53ksm.png,
插座开关,其他品牌,V5智能二键开关（Mesh）,giot.switch.v52ksm,giot.switch.v52ksm.png,
插座开关,其他品牌,V5智能四键开关（Mesh）,giot.switch.v54ksm,giot.switch.v54ksm.png,
插座开关,其他品牌,V6智能一路开关（Mesh）,giot.switch.v61ksm,giot.switch.v61ksm.png,
插座开关,其他品牌,V6智能三路开关（Mesh）,giot.switch.v63ksm,giot.switch.v63ksm.png,
插座开关,其他品牌,V6智能二路开关（Mesh）,giot.switch.v62ksm,giot.switch.v62ksm.png,
插座开关,其他品牌,V6智能单插（Mesh）,giot.plug.v6shsm,giot.plug.v6shsm.png,
插座开关,其他品牌,V6智能四路开关（Mesh）,giot.switch.v64ksm,giot.switch.v64ksm.png,
插座开关,其他品牌,V6智能通断器（Mesh）,giot.switch.v6oodm,giot.switch.v6oodm.png,
插座开关,其他品牌,V8Gra智能一路开关（Mesh2.0）,giot.switch.v81ksm,giot.switch.v81ksm.png,
插座开关,其他品牌,V8Gra智能三路开关（Mesh2.0）,giot.switch.v83ksm,giot.switch.v83ksm.png,
插座开关,其他品牌,V8Gra智能二路开关（Mesh2.0）,giot.switch.v82ksm,giot.switch.v82ksm.png,
插座开关,其他品牌,V8Gra智能四路开关（Mesh2.0）,giot.switch.v84ksm,giot.switch.v84ksm.png,
插座开关,其他品牌,WISE情景智慧屏开关,wise.switch.sw2a01,wise.switch.sw2a01.png,
插座开关,其他品牌,ZF 一位智能开关〔N7-ZK01-AXM〕,zhefa.switch.zero11,zhefa.switch.zero11.png,
插座开关,其他品牌,ZF 三位智能开关〔N7-ZK03-AXM〕,zhefa.switch.zero33,zhefa.switch.zero33.png,
插座开关,其他品牌,ZF 二位智能开关〔N7-ZK02-AXM〕,zhefa.switch.zero22,zhefa.switch.zero22.png,
插座开关,其他品牌,ZF 四位智能开关〔N7-ZK04-AXM〕,zhefa.switch.zero44,zhefa.switch.zero44.png,
插座开关,其他品牌,ZT 智能开关1键,tnv.switch.sw1c01,tnv.switch.sw1c01.png,
插座开关,其他品牌,ZT 智能开关2键,tnv.switch.sw2c01,tnv.switch.sw2c01.png,
插座开关,其他品牌,ZT 智能开关3键,tnv.switch.sw3c01,tnv.switch.sw3c01.png,
插座开关,其他品牌,ZT 智能开关4键,tnv.switch.sw4c01,tnv.switch.sw4c01.png,
插座开关,其他品牌,ahorro奥能蓝牙1开,babai.switch.ah1ml,babai.switch.ah1ml.png,
插座开关,其他品牌,ahorro奥能蓝牙2开,babai.switch.ah2m,babai.switch.ah2m.png,
插座开关,其他品牌,ahorro奥能蓝牙3开,babai.switch.ah3m,babai.switch.ah3m.png,
插座开关,其他品牌,ahorro奥能蓝牙4开,babai.switch.ah4m,babai.switch.ah4m.png,
插座开关,其他品牌,seebest智能调光器（蓝牙Mesh版）,beiyun.switch.250c,beiyun.switch.250c.png,
插座开关,其他品牌,一位开关-单火Mesh版,frfox.switch.bl01,frfox.switch.bl01.png,
插座开关,其他品牌,一位零火Mesh开关,topwit.switch.bln01,topwit.switch.bln01.png,
插座开关,其他品牌,一键智能开关(WIFI),090615.switch.switch01,090615.switch.switch01.png,
插座开关,其他品牌,一键智能开关mesh版,lemesh.switch.sw1a02,lemesh.switch.sw1a02.png,
插座开关,其他品牌,一键智能开关（零火mesh）,hyzngc.switch.zm0601,hyzngc.switch.zm0601.png,
插座开关,其他品牌,一键轻触开关WiFi X1版,leshi.switch.sw1b01,leshi.switch.sw1b01.png,
插座开关,其他品牌,三位开关-单火Mesh版,frfox.switch.bl03,frfox.switch.bl03.png,
插座开关,其他品牌,三位无线场景面板,topwit.remote.ru03,topwit.remote.ru03.png,
插座开关,其他品牌,三位零火Mesh开关,topwit.switch.bln03,topwit.switch.bln03.png,
插座开关,其他品牌,三键开关-单火Mesh版,bean.switch.bl03,bean.switch.bl03.png,
插座开关,其他品牌,三键开关-零火Mesh版,bean.switch.bln03,bean.switch.bln03.png,
插座开关,其他品牌,三键智能单火开关mesh版,lemesh.switch.sw3b01,lemesh.switch.sw3b01.png,
插座开关,其他品牌,三键智能开关(WIFI),090615.switch.switch03,090615.switch.switch03.png,
插座开关,其他品牌,三键智能开关mesh版,lemesh.switch.sw3a02,lemesh.switch.sw3a02.png,
插座开关,其他品牌,三键智能开关（零火mesh）,hyzngc.switch.zm0603,hyzngc.switch.zm0603.png,
插座开关,其他品牌,三键灯控面板零火mesh版,kk2022.switch.sw3a01,kk2022.switch.sw3a01.png,
插座开关,其他品牌,三键轻触开关WiFi X1版,leshi.switch.sw3b01,leshi.switch.sw3b01.png,
插座开关,其他品牌,乐智狗WIFI灯具通断器,dhzn.switch.sw0a01,dhzn.switch.sw0a01.png,
插座开关,其他品牌,二位开关-单火Mesh版,frfox.switch.bl02,frfox.switch.bl02.png,
插座开关,其他品牌,二位零火Mesh开关,topwit.switch.bln02,topwit.switch.bln02.png,
插座开关,其他品牌,二键智能开关(WIFI),090615.switch.switch02,090615.switch.switch02.png,
插座开关,其他品牌,二键智能开关mesh版,lemesh.switch.sw2a02,lemesh.switch.sw2a02.png,
插座开关,其他品牌,二键智能开关（零火mesh）,hyzngc.switch.zm0602,hyzngc.switch.zm0602.png,
插座开关,其他品牌,二键轻触开关WiFi X1版,leshi.switch.sw2b01,leshi.switch.sw2b01.png,
插座开关,其他品牌,八情景调光调色智能旋钮,cxw.remote.ble006,cxw.remote.ble006.png,
插座开关,其他品牌,八键情景面板V1,cxw.remote.panv01,cxw.remote.panv01.png,
插座开关,其他品牌,八键无线情景开关,lemesh.remote.ts1,lemesh.remote.ts1.png,
插座开关,其他品牌,六路开关模块,zjcx.switch.s6,zjcx.switch.s6.png,
插座开关,其他品牌,初冠智能一键WiFi开关,cgzn.switch.cgwt01,cgzn.switch.cgwt01.png,
插座开关,其他品牌,单火智能墙壁开关（MESH 三键）,linp.switch.wq4sb3,linp.switch.wq4sb3.png,
插座开关,其他品牌,单火智能墙壁开关（MESH 单键）,linp.switch.wq4sb1,linp.switch.wq4sb1.png,
插座开关,其他品牌,单火智能墙壁开关（MESH 双键）,linp.switch.wq4sb2,linp.switch.wq4sb2.png,
插座开关,其他品牌,单键开关-单火Mesh版,bean.switch.bl01,bean.switch.bl01.png,
插座开关,其他品牌,单键开关-零火Mesh版,bean.switch.bln01,bean.switch.bln01.png,
插座开关,其他品牌,单键灯控面板零火mesh版,kk2022.switch.sw1a01,kk2022.switch.sw1a01.png,
插座开关,其他品牌,南尔智能音乐中控主机,naner.controller.86m,naner.controller.86m.png,
插座开关,其他品牌,南福智能开关 NIF-D2K4,nanfu.remote.nl2v4,nanfu.remote.nl2v4.png,
插座开关,其他品牌,双键开关-单火Mesh版,bean.switch.bl02,bean.switch.bl02.png,
插座开关,其他品牌,双键开关-零火Mesh版,bean.switch.bln02,bean.switch.bln02.png,
插座开关,其他品牌,双键灯控面板零火mesh版,kk2022.switch.sw2a01,kk2022.switch.sw2a01.png,
插座开关,其他品牌,噼啪16路开关通断器,090615.switch.pi16sw,090615.switch.pi16sw.png,
插座开关,其他品牌,四位单火Mesh开关,topwit.switch.rzw05,topwit.switch.rzw05.png,
插座开关,其他品牌,四位零火Mesh开关,topwit.switch.bln04,topwit.switch.bln04.png,
插座开关,其他品牌,四键单火开关V2-Mesh版,bean.switch.bl04,bean.switch.bl04.png,
插座开关,其他品牌,四键开关-零火Mesh版,bean.switch.bln04,bean.switch.bln04.png,
插座开关,其他品牌,四键智能开关mesh版,lemesh.switch.sw4a02,lemesh.switch.sw4a02.png,
插座开关,其他品牌,四键智能开关（零火mesh）,hyzngc.switch.zm0604,hyzngc.switch.zm0604.png,
插座开关,其他品牌,四键灯控面板零火mesh版,kk2022.switch.sw4a01,kk2022.switch.sw4a01.png,
插座开关,其他品牌,墙壁侠M4智能旋钮无线开关,qbx.remote.sw7a01,qbx.remote.sw7a01.png,
插座开关,其他品牌,奥多朗智能轨道转换插座,adl001.plug.itcs,adl001.plug.itcs.png,
插座开关,其他品牌,小R智能双控开关,riot.switch.001,riot.switch.001.png,
插座开关,其他品牌,小微情景MESH通断器,fyw.switch.sw0a01,fyw.switch.sw0a01.png,
插座开关,其他品牌,小锐wifi智能插座-基础版,riot.plug.003,riot.plug.003.png,
插座开关,其他品牌,希小智插座精灵,riot.plug.006,riot.plug.006.png,
插座开关,其他品牌,希崖智能断路器,dfwlw.switch.xy02,dfwlw.switch.xy02.png,
插座开关,其他品牌,开关通断器C3版,lemesh.switch.sw0c01,lemesh.switch.sw0c01.png,
插座开关,其他品牌,开关通断器WIFI X版,leshi.switch.v002,leshi.switch.v002.png,
插座开关,其他品牌,微断云控智能控制器,hey.relay.h100,hey.relay.h100.png,
插座开关,其他品牌,微断云控智能断路器N1,hey.plug.n100,hey.plug.n100.png,
插座开关,其他品牌,情景Mesh一键开关Pro,lemesh.switch.sw1f01,lemesh.switch.sw1f01.png,
插座开关,其他品牌,情景Mesh一键开关Ultra,lemesh.switch.sw1f11,lemesh.switch.sw1f11.png,
插座开关,其他品牌,情景Mesh一键开关V2S版,lemesh.switch.sw3g01,lemesh.switch.sw3g01.png,
插座开关,其他品牌,情景Mesh三键开关Pro,lemesh.switch.sw3f01,lemesh.switch.sw3f01.png,
插座开关,其他品牌,情景Mesh三键开关Ultra,lemesh.switch.sw3f13,lemesh.switch.sw3f13.png,
插座开关,其他品牌,情景Mesh三键开关V2S版,lemesh.switch.sw3g03,lemesh.switch.sw3g03.png,
插座开关,其他品牌,情景Mesh二键开关Pro,lemesh.switch.sw2f01,lemesh.switch.sw2f01.png,
插座开关,其他品牌,情景Mesh二键开关Ultra,lemesh.switch.sw2f12,lemesh.switch.sw2f12.png,
插座开关,其他品牌,情景Mesh二键开关V2S版,lemesh.switch.sw3g02,lemesh.switch.sw3g02.png,
插座开关,其他品牌,情景Mesh四键开关Pro,lemesh.switch.sw4f01,lemesh.switch.sw4f01.png,
插座开关,其他品牌,情景Mesh四键开关Ultra,lemesh.switch.sw4f14,lemesh.switch.sw4f14.png,
插座开关,其他品牌,情景Mesh通断器TM系列,lemesh.switch.sw0a02,lemesh.switch.sw0a02.png,
插座开关,其他品牌,情景Mesh通断器V2S系列,lemesh.switch.sw0a04,lemesh.switch.sw0a04.png,
插座开关,其他品牌,情景mesh通断器,lemesh.switch.sw0a01,lemesh.switch.sw0a01.png,
插座开关,其他品牌,情景mesh通断器DBS版,dwdz.switch.sw0a01,dwdz.switch.sw0a01.png,
插座开关,其他品牌,情景旋钮遥控器Alpha,lemesh.remote.ts10,lemesh.remote.ts10.png,
插座开关,其他品牌,情景无线开关,lemesh.remote.ts0,lemesh.remote.ts0.png,
插座开关,其他品牌,情景无线开关K1,lemesh.remote.ts9,lemesh.remote.ts9.png,
插座开关,其他品牌,情景无线开关K2,lemesh.remote.ts8,lemesh.remote.ts8.png,
插座开关,其他品牌,情景无线开关K3,lemesh.remote.ts7,lemesh.remote.ts7.png,
插座开关,其他品牌,情景无线开关K4,lemesh.remote.ts6,lemesh.remote.ts6.png,
插座开关,其他品牌,情景无线开关K6,lemesh.remote.ts5,lemesh.remote.ts5.png,
插座开关,其他品牌,情景无线开关S,lemesh.remote.ts00,lemesh.remote.ts00.png,
插座开关,其他品牌,情景无线旋钮开关K4,lemesh.remote.ts4,lemesh.remote.ts4.png,
插座开关,其他品牌,情景智慧屏开关,lemesh.switch.sw2d02,lemesh.switch.sw2d02.png,
插座开关,其他品牌,数字断路器,rjkj.switch.b103,rjkj.switch.b103.png,
插座开关,其他品牌,无线物联零火三键开关,gran.switch.three,gran.switch.three.png,
插座开关,其他品牌,无线物联零火单键开关,gran.switch.one,gran.switch.one.png,
插座开关,其他品牌,无线物联零火双键开关,gran.switch.two1,gran.switch.two1.png,
插座开关,其他品牌,无线物联零火四键开关,gran.switch.four,gran.switch.four.png,
插座开关,其他品牌,智悦智能插座,ydsemi.switch.cz03,ydsemi.switch.cz03.png,
插座开关,其他品牌,智拉斐三键零火灯控开关（D5）,slf.switch.lh3d5,slf.switch.lh3d5.png,
插座开关,其他品牌,智拉斐三键零火灯控开关（HR7）,slf.switch.sw3b01,slf.switch.sw3b01.png,
插座开关,其他品牌,智拉斐三键零火灯控开关（Y8）,slf.switch.sw3a01,slf.switch.sw3a01.png,
插座开关,其他品牌,智拉斐六键零火场景开关（D5）,slf.remote.lh6d5,slf.remote.lh6d5.png,
插座开关,其他品牌,智拉斐单键零火灯控开关（D5）,slf.switch.lh1d5,slf.switch.lh1d5.png,
插座开关,其他品牌,智拉斐单键零火灯控开关（HR7）,slf.switch.sw1b01,slf.switch.sw1b01.png,
插座开关,其他品牌,智拉斐双键零火灯控开关（D5）,slf.switch.lh2d5,slf.switch.lh2d5.png,
插座开关,其他品牌,智拉斐双键零火灯控开关（HR7）,slf.switch.sw2b01,slf.switch.sw2b01.png,
插座开关,其他品牌,智拉斐双键零火灯控开关（Y8）,slf.switch.sw2a01,slf.switch.sw2a01.png,
插座开关,其他品牌,智拉斐四键零火场景开关（D5）,slf.remote.lh4d5,slf.remote.lh4d5.png,
插座开关,其他品牌,智拉斐四键零火灯控开关（D5）,slf.switch.lh4d5,slf.switch.lh4d5.png,
插座开关,其他品牌,智拉斐四键零火灯控开关（HR7）,slf.switch.sw4b01,slf.switch.sw4b01.png,
插座开关,其他品牌,智拉斐四键零火灯控开关（Y8）,slf.switch.sw4a01,slf.switch.sw4a01.png,
插座开关,其他品牌,智拉斐智能二三极插座（D8）,slf.plug.sw0a01,slf.plug.sw0a01.png,
插座开关,其他品牌,智有范 2键智能开关,ailol.switch.sw1a01,ailol.switch.sw1a01.png,
插座开关,其他品牌,智有范 4键智能开关,ailol.switch.sw2a01,ailol.switch.sw2a01.png,
插座开关,其他品牌,智有范 6键智能开关,ailol.switch.sw3a01,ailol.switch.sw3a01.png,
插座开关,其他品牌,智有范 8键智能开关,ailol.switch.sw4a01,ailol.switch.sw4a01.png,
插座开关,其他品牌,智有范F2智能旋钮遥控器,ailol.remote.ts4,ailol.remote.ts4.png,
插座开关,其他品牌,智能86插座(WIFI),090615.plug.plus01,090615.plug.plus01.png,
插座开关,其他品牌,智能8键复合开关mesh版,lxun.switch.sw08,lxun.switch.sw08.png,
插座开关,其他品牌,智能一键开关S1-Mesh版,bean.switch.blns1,bean.switch.blns1.png,
插座开关,其他品牌,智能一键开关S2-Mesh版,bean.switch.bln31,bean.switch.bln31.png,
插座开关,其他品牌,智能一键开关（零火mesh）,hyzngc.switch.hy0601,hyzngc.switch.hy0601.png,
插座开关,其他品牌,智能三键开关S1-Mesh版,bean.switch.blns3,bean.switch.blns3.png,
插座开关,其他品牌,智能三键开关S2-Mesh版,bean.switch.bln33,bean.switch.bln33.png,
插座开关,其他品牌,智能三键开关（零火mesh）,hyzngc.switch.hy0603,hyzngc.switch.hy0603.png,
插座开关,其他品牌,智能二键开关S1-Mesh版,bean.switch.blns2,bean.switch.blns2.png,
插座开关,其他品牌,智能二键开关S2-Mesh版,bean.switch.bln32,bean.switch.bln32.png,
插座开关,其他品牌,智能二键开关（零火mesh）,hyzngc.switch.hy0602,hyzngc.switch.hy0602.png,
插座开关,其他品牌,智能六键开关S2-Mesh版,bean.switch.bln36,bean.switch.bln36.png,
插座开关,其他品牌,智能四键开关S2-Mesh版,bean.switch.bln34,bean.switch.bln34.png,
插座开关,其他品牌,智能墙壁插座WiFi版,zinguo.plug.c2m,zinguo.plug.c2m.png,
插座开关,其他品牌,智能开关-一键mesh版,lxun.switch.lxswm1,lxun.switch.lxswm1.png,
插座开关,其他品牌,智能开关-三键mesh版,lxun.switch.lxkgm1,lxun.switch.lxkgm1.png,
插座开关,其他品牌,智能开关-二键mesh版,lxun.switch.lxswm2,lxun.switch.lxswm2.png,
插座开关,其他品牌,智能开关-四键mesh版,lxun.switch.lxswm4,lxun.switch.lxswm4.png,
插座开关,其他品牌,智能开关单火一位（Mesh）,topwit.switch.rzw24,topwit.switch.rzw24.png,
插座开关,其他品牌,智能开关单火三位（Mesh）,topwit.switch.rzw28,topwit.switch.rzw28.png,
插座开关,其他品牌,智能开关单火二位（Mesh）,topwit.switch.rzw25,topwit.switch.rzw25.png,
插座开关,其他品牌,智能开关单火四位（Mesh）,topwit.switch.rzw30,topwit.switch.rzw30.png,
插座开关,其他品牌,智能开关零火一位（Mesh）,topwit.switch.rzw31,topwit.switch.rzw31.png,
插座开关,其他品牌,智能开关零火三位（Mesh）,topwit.switch.rzw33,topwit.switch.rzw33.png,
插座开关,其他品牌,智能开关零火二位（Mesh）,topwit.switch.rzw32,topwit.switch.rzw32.png,
插座开关,其他品牌,智能开关零火四位（Mesh）,topwit.switch.rzw34,topwit.switch.rzw34.png,
插座开关,其他品牌,智能插卡取电mesh版,lxun.cs.ckqd01,lxun.cs.ckqd01.png,
插座开关,其他品牌,智能插座P1,iot.plug.socn1,iot.plug.socn1.png,
插座开关,其他品牌,智能无线墙充,pwzn.plug.banana,pwzn.plug.banana.png,
插座开关,其他品牌,智能移动插座(WIFI),090615.plug.plus02,090615.plug.plus02.png,
插座开关,其他品牌,智能计电量插座M1,iot.plug.jdls1,iot.plug.jdls1.png,
插座开关,其他品牌,智能轨道插座,090615.plug.plusm2,090615.plug.plusm2.png,
插座开关,其他品牌,智能通断器BLE Mesh版,shhf.switch.splgs1,shhf.switch.splgs1.png,
插座开关,其他品牌,智能通断器mesh版,lxun.switch.tdq01,lxun.switch.tdq01.png,
插座开关,其他品牌,水享手动辅助智能阀,msuen.switch.czc20s,msuen.switch.czc20s.png,
插座开关,其他品牌,水享智能阀,msuen.switch.czc20,msuen.switch.czc20.png,
插座开关,其他品牌,浦安达三相智能保护开关,iot.switch.padwb1,iot.switch.padwb1.png,
插座开关,其他品牌,浦安达单相智能保护开关,iot.switch.padw2p,iot.switch.padw2p.png,
插座开关,其他品牌,浦安达零火智能开关（一开）,iot.switch.kg21m,iot.switch.kg21m.png,
插座开关,其他品牌,浦安达零火智能开关（三开）,iot.switch.kg23m,iot.switch.kg23m.png,
插座开关,其他品牌,浦安达零火智能开关（二开）,iot.switch.kg22m,iot.switch.kg22m.png,
插座开关,其他品牌,潜水艇智能墙壁开关1控1,brrx.switch.qst1c1,brrx.switch.qst1c1.png,
插座开关,其他品牌,潜水艇智能墙壁开关1控2,brrx.switch.qst1c2,brrx.switch.qst1c2.png,
插座开关,其他品牌,潜水艇智能墙壁开关1控3,brrx.switch.qst1c3,brrx.switch.qst1c3.png,
插座开关,其他品牌,电小酷智能开关S6AM （单火线三键版),cuco.switch.s6amts,cuco.switch.s6amts.png,
插座开关,其他品牌,电小酷智能排插CP5 Pro,cuco.plug.cp5pro,cuco.plug.cp5pro.png,
插座开关,其他品牌,皓逸智能三键开关,090615.switch.x6hy3,090615.switch.x6hy3.png,
插座开关,其他品牌,皓逸智能六键开关,090615.switch.x6hy6,090615.switch.x6hy6.png,
插座开关,其他品牌,皓逸智能单键开关,090615.switch.x6hy1,090615.switch.x6hy1.png,
插座开关,其他品牌,皓逸智能双键开关,090615.switch.x6hy2,090615.switch.x6hy2.png,
插座开关,其他品牌,皓逸智能四键开关,090615.switch.x6hy4,090615.switch.x6hy4.png,
插座开关,其他品牌,空调智能插座,innolinks.plug.ap3200,innolinks.plug.ap3200.png,
插座开关,其他品牌,联讯智能无线开关,lxun.remote.wxkg08,lxun.remote.wxkg08.png,
插座开关,其他品牌,苏米T1智能开关（零火三键）,xhuan.switch.sw3a01,xhuan.switch.sw3a01.png,
插座开关,其他品牌,苏米T1智能开关（零火单键）,xhuan.switch.sw1a01,xhuan.switch.sw1a01.png,
插座开关,其他品牌,苏米T1智能开关（零火双键）,xhuan.switch.sw2a01,xhuan.switch.sw2a01.png,
插座开关,其他品牌,苏米缤纷面板,xhuan.switch.sw8a01,xhuan.switch.sw8a01.png,
插座开关,其他品牌,菲马仕控制面板,suis.controller.pad01,suis.controller.pad01.png,
插座开关,其他品牌,蓝牙Mesh插卡取电,hyzngc.cs.zmqd,hyzngc.cs.zmqd.png,
插座开关,其他品牌,计电量Mesh智能控制器,iot.switch.jdltdq,iot.switch.jdltdq.png,
插座开关,其他品牌,轻触1键零火开关 （蓝牙mesh）,lxzn.switch.01,lxzn.switch.01.png,
插座开关,其他品牌,轻触2键零火开关 （蓝牙mesh）,lxzn.switch.02,lxzn.switch.02.png,
插座开关,其他品牌,轻触3键零火开关 （蓝牙mesh）,lxzn.switch.03,lxzn.switch.03.png,
插座开关,其他品牌,辰域智能电表,riot.switch.11,riot.switch.11.png,
插座开关,其他品牌,闪极  100W 迷你充电器（蓝牙版）,sharge.plug.sj01,sharge.plug.sj01.png,
插座开关,其他品牌,零火智能墙壁开关（MESH 三键）,linp.switch.wq4db3,linp.switch.wq4db3.png,
插座开关,其他品牌,零火智能墙壁开关（MESH 单键）,linp.switch.wq4db1,linp.switch.wq4db1.png,
插座开关,其他品牌,零火智能墙壁开关（MESH 双键）,linp.switch.wq4db2,linp.switch.wq4db2.png,
插座开关,其他品牌,魔力云一开智能开关,mly.switch.sw1a01,mly.switch.sw1a01.png,
插座开关,其他品牌,魔力云三开智能开关,mly.switch.sw3a01,mly.switch.sw3a01.png,
插座开关,其他品牌,魔力云二开智能开关,mly.switch.sw2a01,mly.switch.sw2a01.png,
插座开关,其他品牌,魔力云智能灯光控制器,mly.switch.sw0a01,mly.switch.sw0a01.png,
插座开关,凌动,凌动智能 N9智能开关一键,ldzn.switch.sw1c01,ldzn.switch.sw1c01.png,
插座开关,凌动,凌动智能 N9智能开关三键,ldzn.switch.sw3c01,ldzn.switch.sw3c01.png,
插座开关,凌动,凌动智能 N9智能开关二键,ldzn.switch.sw2c01,ldzn.switch.sw2c01.png,
插座开关,凌动,凌动智能 N9智能开关四键,ldzn.switch.sw4c01,ldzn.switch.sw4c01.png,
插座开关,凌动,凌动智能 三键开关2.0,ldzn.switch.sw3a01,ldzn.switch.sw3a01.png,
插座开关,凌动,凌动智能 单键开关2.0,ldzn.switch.sw1a01,ldzn.switch.sw1a01.png,
插座开关,凌动,凌动智能 双键开关2.0,ldzn.switch.sw2a01,ldzn.switch.sw2a01.png,
插座开关,凌动,凌动智能 四键开关2.0,ldzn.switch.sw4a01,ldzn.switch.sw4a01.png,
插座开关,凌动,凌动智能 四键开关K2.0,ldzn.switch.sw4b01,ldzn.switch.sw4b01.png,
插座开关,创视多,创视多智能一路开关（Mesh2.0）,bmjzn.switch.csdkg1,bmjzn.switch.csdkg1.png,
插座开关,创视多,创视多智能三路开关（Mesh2.0）,bmjzn.switch.csdkg3,bmjzn.switch.csdkg3.png,
插座开关,创视多,创视多智能二路开关（Mesh2.0）,bmjzn.switch.csdkg2,bmjzn.switch.csdkg2.png,
插座开关,创视多,创视多智能四路开关（Mesh2.0）,bmjzn.switch.csdkg4,bmjzn.switch.csdkg4.png,
插座开关,初刻良品,初刻良品智能排插(WiFi),hzyk.plug.c4,hzyk.plug.c4.png,
插座开关,华时,华时智能一路开关（Mesh2.0）,hszn.switch.hskg1,hszn.switch.hskg1.png,
插座开关,华时,华时智能三路开关（Mesh2.0）,hszn.switch.hskg3,hszn.switch.hskg3.png,
插座开关,华时,华时智能二路开关（Mesh2.0）,hszn.switch.hskg2,hszn.switch.hskg2.png,
插座开关,华时,华时智能四路开关（Mesh2.0）,hszn.switch.hskg4,hszn.switch.hskg4.png,
插座开关,华艺,慧作智能开关(零火线单键版),huayi.switch.v0001,huayi.switch.v0001.png,
插座开关,华艺,慧作智能开关(零火线双键版),huayi.switch.v0002,huayi.switch.v0002.png,
插座开关,华艺照明,华艺一键智能开关,hyznzm.switch.sw1a01,hyznzm.switch.sw1a01.png,
插座开关,华艺照明,华艺三键智能开关,hyznzm.switch.sw3a01,hyznzm.switch.sw3a01.png,
插座开关,华艺照明,华艺二键智能开关,hyznzm.switch.sw2a01,hyznzm.switch.sw2a01.png,
插座开关,华艺照明,华艺四键智能开关,hyznzm.switch.sw4a01,hyznzm.switch.sw4a01.png,
插座开关,华艺照明,华艺屏显四键智能开关,hyznzm.switch.sw4b01,hyznzm.switch.sw4b01.png,
插座开关,博义德,博义德智能通断器Mesh版,poyde.switch.tdq3,poyde.switch.tdq3.png,
插座开关,博义德,博义德智能通断器WiFi版,poyde.switch.bjtdq5,poyde.switch.bjtdq5.png,
插座开关,博尔美,博尔美智能开关(一位),broway.switch.sw1,broway.switch.sw1.png,
插座开关,博尔美,博尔美智能开关(三位),broway.switch.sw3,broway.switch.sw3.png,
插座开关,博尔美,博尔美智能开关(二位),broway.switch.sw2,broway.switch.sw2.png,
插座开关,博尔美,博尔美智能开关(四位),broway.switch.sw4,broway.switch.sw4.png,
插座开关,博尔高,博尔高智能直连通断器（WiFi）,boerg.switch.begwtd,boerg.switch.begwtd.png,
插座开关,博尔高,博尔高智能通断器Mesh版,boerg.switch.tdq3,boerg.switch.tdq3.png,
插座开关,博尔高,博尔高智能通断器（Mesh）,boerg.plug.begtdq,boerg.plug.begtdq.png,
插座开关,博尔高,博尔高通断器V9（Mesh2.0）,boerg.switch.begmtd,boerg.switch.begmtd.png,
插座开关,即屋,GW一位开关G1,giwu.switch.g01,giwu.switch.g01.png,
插座开关,即屋,GW一位开关Q1+1,giwu.switch.f01,giwu.switch.f01.png,
插座开关,即屋,GW三位开关G3,giwu.switch.g03,giwu.switch.g03.png,
插座开关,即屋,GW三位开关Q3+3,giwu.switch.f03,giwu.switch.f03.png,
插座开关,即屋,GW二位开关G2,giwu.switch.g02,giwu.switch.g02.png,
插座开关,即屋,GW二位开关Q2+2,giwu.switch.f02,giwu.switch.f02.png,
插座开关,即屋,GW四位开关G4,giwu.switch.g04,giwu.switch.g04.png,
插座开关,即屋,GW灵动岛一位屏显开关U1,giwu.switch.sw1a01,giwu.switch.sw1a01.png,
插座开关,即屋,GW灵动岛三位屏显开关U3,giwu.switch.sw3a01,giwu.switch.sw3a01.png,
插座开关,即屋,GW灵动岛二位屏显开关U2,giwu.switch.sw2a01,giwu.switch.sw2a01.png,
插座开关,即屋,GW灵动岛四位屏显开关U4,giwu.switch.sw4a01,giwu.switch.sw4a01.png,
插座开关,即屋,即屋一位智能开关,giwu.switch.gw01,giwu.switch.gw01.png,
插座开关,即屋,即屋三位智能开关,giwu.switch.gw03,giwu.switch.gw03.png,
插座开关,即屋,即屋二位智能开关,giwu.switch.gw02,giwu.switch.gw02.png,
插座开关,即屋,即屋八位场景开关,giwu.switch.gwqj04,giwu.switch.gwqj04.png,
插座开关,即屋,即屋四位智能开关,giwu.switch.gw04,giwu.switch.gw04.png,
插座开关,即屋,即屋场景开关屏T3,giwu.switch.sw3a03,giwu.switch.sw3a03.png,
插座开关,即米智家,即米智能屏幕开关,mjkj.switch.sw3d01,mjkj.switch.sw3d01.png,
插座开关,即米智家,即米智能屏显圆屏开关,mjkj.switch.jmy001,mjkj.switch.jmy001.png,
插座开关,即米智家,即米智能屏显开关(一位),mjkj.switch.jmp001,mjkj.switch.jmp001.png,
插座开关,即米智家,即米智能屏显开关(三位),mjkj.switch.jmp003,mjkj.switch.jmp003.png,
插座开关,即米智家,即米智能屏显开关(二位),mjkj.switch.jmp002,mjkj.switch.jmp002.png,
插座开关,即米智家,即米智能屏显开关(四位),mjkj.switch.jmp004,mjkj.switch.jmp004.png,
插座开关,即米智家,即米智能开关(三键),mjkj.switch.sw3a01,mjkj.switch.sw3a01.png,
插座开关,即米智家,即米智能开关(四键）,mjkj.switch.sw4a01,mjkj.switch.sw4a01.png,
插座开关,即米智家,即米智能开关Air（一位）,mjkj.switch.v9is1,mjkj.switch.v9is1.png,
插座开关,即米智家,即米智能开关Air（三位）,mjkj.switch.v9is3,mjkj.switch.v9is3.png,
插座开关,即米智家,即米智能开关Air（二位）,mjkj.switch.v9is2,mjkj.switch.v9is2.png,
插座开关,即米智家,即米智能开关Air（四位）,mjkj.switch.v9is4,mjkj.switch.v9is4.png,
插座开关,即米智家,即米智能开关Pro一键,mjkj.switch.sw1a02,mjkj.switch.sw1a02.png,
插座开关,即米智家,即米智能开关Pro三键,mjkj.switch.sw3a02,mjkj.switch.sw3a02.png,
插座开关,即米智家,即米智能开关Pro二键,mjkj.switch.sw2a02,mjkj.switch.sw2a02.png,
插座开关,即米智家,即米智能开关Pro四键,mjkj.switch.sw4a02,mjkj.switch.sw4a02.png,
插座开关,即米智家,即米智能开关（一键）,mjkj.switch.sw1a01,mjkj.switch.sw1a01.png,
插座开关,即米智家,即米智能开关（二键）,mjkj.switch.sw2a01,mjkj.switch.sw2a01.png,
插座开关,叶绿体,叶绿体G1智能墙壁开关（单火线三键）,zhiqin.switch.x103,zhiqin.switch.x103.png,
插座开关,叶绿体,叶绿体G1智能墙壁开关（单火线单键）,zhiqin.switch.x101,zhiqin.switch.x101.png,
插座开关,叶绿体,叶绿体G1智能墙壁开关（单火线双键）,zhiqin.switch.x102,zhiqin.switch.x102.png,
插座开关,叶绿体,叶绿体G1智能墙壁开关（零火线三键）,zhiqin.switch.mij06,zhiqin.switch.mij06.png,
插座开关,叶绿体,叶绿体G1智能墙壁开关（零火线单键）,zhiqin.switch.mij04,zhiqin.switch.mij04.png,
插座开关,叶绿体,叶绿体G1智能墙壁开关（零火线双键）,zhiqin.switch.mij05,zhiqin.switch.mij05.png,
插座开关,吉帝创,吉帝创S7系列零火智能一键开关,lmyd.switch.sw1a01,lmyd.switch.sw1a01.png,
插座开关,吉帝创,吉帝创S7系列零火智能三键开关,lmyd.switch.sw3a01,lmyd.switch.sw3a01.png,
插座开关,吉帝创,吉帝创S7系列零火智能二键开关,lmyd.switch.sw2a01,lmyd.switch.sw2a01.png,
插座开关,吉帝创,吉帝创S7系列零火智能四键开关,lmyd.switch.sw4a01,lmyd.switch.sw4a01.png,
插座开关,向往,X3智慧开关,hope.switch.x3,hope.switch.x3.png,
插座开关,向往,智慧屏开关,hope.switch.w1,hope.switch.w1.png,
插座开关,向往,智慧屏开关M4,hope.switch.g7,hope.switch.g7.png,
插座开关,品禾,品禾安全定时插座(转换器),cnph.plug.p30wxm,cnph.plug.p30wxm.png,
插座开关,哲成,哲成智能M18屏键一位零火智能开关Max,jmzc.switch.zcy01,jmzc.switch.zcy01.png,
插座开关,哲成,哲成智能M18屏键三位零火智能开关Max,jmzc.switch.zcy03,jmzc.switch.zcy03.png,
插座开关,哲成,哲成智能M18屏键二位零火智能开关Max,jmzc.switch.zcy02,jmzc.switch.zcy02.png,
插座开关,哲成,哲成智能M18屏键四位零火智能开关Max,jmzc.switch.zcy04,jmzc.switch.zcy04.png,
插座开关,哲成,哲成智能一位零火智能开关,jmzc.switch.zcs01,jmzc.switch.zcs01.png,
插座开关,哲成,哲成智能三位零火智能开关,jmzc.switch.zcs03,jmzc.switch.zcs03.png,
插座开关,哲成,哲成智能二位零火智能开关,jmzc.switch.zcs02,jmzc.switch.zcs02.png,
插座开关,哲成,哲成智能四位零火智能开关,jmzc.switch.zcs04,jmzc.switch.zcs04.png,
插座开关,哲成,哲成智能圆屏多功能面板,jmzc.switch.zcs05,jmzc.switch.zcs05.png,
插座开关,唯宝彩佳,唯宝彩佳灵动岛二位开关D2-PC,vbocga.switch.sw2b01,vbocga.switch.sw2b01.png,
插座开关,唯宝彩佳,唯宝彩佳灵动岛四位开关D4-PC,vbocga.switch.sw4b01,vbocga.switch.sw4b01.png,
插座开关,唯宝彩佳,唯宝彩佳风华一位开关F1H-PC,vbocga.switch.sw1a01,vbocga.switch.sw1a01.png,
插座开关,唯宝彩佳,唯宝彩佳风华三位开关F3H-PC,vbocga.switch.sw3a01,vbocga.switch.sw3a01.png,
插座开关,唯宝彩佳,唯宝彩佳风华二位开关F2H-PC,vbocga.switch.sw2a01,vbocga.switch.sw2a01.png,
插座开关,唯宝彩佳,唯宝彩佳风华八位开关F8S-PC,vbocga.switch.sw8a01,vbocga.switch.sw8a01.png,
插座开关,唯宝彩佳,唯宝彩佳风华四位开关F4H-PC,vbocga.switch.sw4a01,vbocga.switch.sw4a01.png,
插座开关,噼啪,噼啪智能一位开关,090615.switch.piak01,090615.switch.piak01.png,
插座开关,噼啪,噼啪智能三位开关,090615.switch.piak03,090615.switch.piak03.png,
插座开关,噼啪,噼啪智能二位开关,090615.switch.piak02,090615.switch.piak02.png,
插座开关,噼啪,噼啪智能开关二三插,090615.plug.pipa86,090615.plug.pipa86.png,
插座开关,固帝,固帝 A9智能开关1键,gudi.switch.sw1a01,gudi.switch.sw1a01.png,
插座开关,固帝,固帝 A9智能开关2键,gudi.switch.sw2a01,gudi.switch.sw2a01.png,
插座开关,固帝,固帝 A9智能开关3键,gudi.switch.sw3a01,gudi.switch.sw3a01.png,
插座开关,固帝,固帝 A9智能开关4键,gudi.switch.sw4b01,gudi.switch.sw4b01.png,
插座开关,固帝,固帝 A9智能开关屏显4键,gudi.switch.sw4a01,gudi.switch.sw4a01.png,
插座开关,固帝,固帝 智能开关四寸屏,gudi.switch.sw3d01,gudi.switch.sw3d01.png,
插座开关,固帝,固帝A96彩屏智能开关三键,gudi.switch.swy002,gudi.switch.swy002.png,
插座开关,固帝,固帝A96彩屏智能开关二键,gudi.switch.swy001,gudi.switch.swy001.png,
插座开关,固帝,固帝A96彩屏智能开关四键,gudi.switch.swy003,gudi.switch.swy003.png,
插座开关,固帝,固帝D06智能开关一键,gudi.switch.swy004,gudi.switch.swy004.png,
插座开关,固帝,固帝D06智能开关三键,gudi.switch.swy006,gudi.switch.swy006.png,
插座开关,固帝,固帝D06智能开关二键,gudi.switch.swy005,gudi.switch.swy005.png,
插座开关,固帝,固帝D06智能开关四键,gudi.switch.swy007,gudi.switch.swy007.png,
插座开关,固帝,固帝智能屏显开关零火一开,gudi.switch.gdp005,gudi.switch.gdp005.png,
插座开关,固帝,固帝智能屏显开关零火三开,gudi.switch.gdp006,gudi.switch.gdp006.png,
插座开关,固帝,固帝智能屏显开关零火二开,gudi.switch.gdp002,gudi.switch.gdp002.png,
插座开关,固帝,固帝智能屏显开关零火四开,gudi.switch.gdp007,gudi.switch.gdp007.png,
插座开关,固帝,固帝超薄圆屏多功能面板,gudi.switch.gdy002,gudi.switch.gdy002.png,
插座开关,国际电工,PNTU国际电工一键屏显开关,jyds.switch.px01,jyds.switch.px01.png,
插座开关,国际电工,PNTU国际电工一键智能开关,jyds.switch.pt01,jyds.switch.pt01.png,
插座开关,国际电工,PNTU国际电工三键屏显开关,jyds.switch.px03,jyds.switch.px03.png,
插座开关,国际电工,PNTU国际电工三键智能开关,jyds.switch.pt03,jyds.switch.pt03.png,
插座开关,国际电工,PNTU国际电工二键屏显开关,jyds.switch.px02,jyds.switch.px02.png,
插座开关,国际电工,PNTU国际电工二键智能开关,jyds.switch.pt02,jyds.switch.pt02.png,
插座开关,国际电工,PNTU国际电工四键智能开关,jyds.switch.pt04,jyds.switch.pt04.png,
插座开关,墨小七,墨小七智能灯开关控制器,zair.switch.zsc02w,zair.switch.zsc02w.png,
插座开关,声必可,声必可智能开关屏,lemesh.switch.sw2e02,lemesh.switch.sw2e02.png,
插座开关,天朗智控,ZT U6 Pro智能开关1键,tnv.switch.sw1f01,tnv.switch.sw1f01.png,
插座开关,天朗智控,ZT U6 Pro智能开关2键,tnv.switch.sw2f01,tnv.switch.sw2f01.png,
插座开关,天朗智控,ZT U6 Pro智能开关3键,tnv.switch.sw3f01,tnv.switch.sw3f01.png,
插座开关,天朗智控,ZT U6 Pro智能开关4键,tnv.switch.sw4f01,tnv.switch.sw4f01.png,
插座开关,天朗智控,ZT U6智能开关1键,tnv.switch.sw1d01,tnv.switch.sw1d01.png,
插座开关,天朗智控,ZT U6智能开关2键,tnv.switch.sw2d01,tnv.switch.sw2d01.png,
插座开关,天朗智控,ZT U6智能开关3键,tnv.switch.sw3d01,tnv.switch.sw3d01.png,
插座开关,天朗智控,ZT 智能单零火开关1键,tnv.switch.sw1e01,tnv.switch.sw1e01.png,
插座开关,天朗智控,ZT 智能单零火开关2键,tnv.switch.sw2e01,tnv.switch.sw2e01.png,
插座开关,天朗智控,ZT 智能单零火开关3键,tnv.switch.sw3e01,tnv.switch.sw3e01.png,
插座开关,奥多朗,奥多朗屏显智能轨道排插S2,whdz.plug.001,whdz.plug.001.png,
插座开关,如见,如见智能屏显开关M,rusee.switch.sw4a02,rusee.switch.sw4a02.png,
插座开关,安心智选,安心R3智能断路器,axzn.switch.r3,axzn.switch.r3.png,
插座开关,宏光照明,宏光灵悦一键开关,honkon.switch.hgkgv1,honkon.switch.hgkgv1.png,
插座开关,宏光照明,宏光灵悦三键开关,honkon.switch.hgkgv3,honkon.switch.hgkgv3.png,
插座开关,宏光照明,宏光灵悦二键开关,honkon.switch.hgkgv2,honkon.switch.hgkgv2.png,
插座开关,宏光照明,宏光灵悦四键开关,honkon.switch.hgkgv4,honkon.switch.hgkgv4.png,
插座开关,定不凡,定不凡 mesh2.0 智能开关 三键,szdbf.switch.sw3a01,szdbf.switch.sw3a01.png,
插座开关,定不凡,定不凡 mesh2.0 智能开关 单键,szdbf.switch.sw1a01,szdbf.switch.sw1a01.png,
插座开关,定不凡,定不凡 mesh2.0 智能开关 双键,szdbf.switch.sw2a01,szdbf.switch.sw2a01.png,
插座开关,定不凡,定不凡 mesh2.0 智能开关 四键,szdbf.switch.sw4a01,szdbf.switch.sw4a01.png,
插座开关,宛桐,灵妖无线八键开关(BLE),zerone.remote.lywx8,zerone.remote.lywx8.png,
插座开关,宛桐,灵妖智能一位通断器（Mesh2.0）,zerone.switch.lykg1,zerone.switch.lykg1.png,
插座开关,宛桐,灵妖智能三位通断器（Mesh2.0）,zerone.switch.lykg3,zerone.switch.lykg3.png,
插座开关,宛桐,灵妖智能二位通断器（Mesh2.0）,zerone.switch.lykg2,zerone.switch.lykg2.png,
插座开关,宛桐,灵妖智能四位通断器（Mesh2.0）,zerone.switch.lykg4,zerone.switch.lykg4.png,
插座开关,客来福智能整家,客来福智能家庭面板M4,klf888.switch.sw3c01,klf888.switch.sw3c01.png,
插座开关,客来福智能整家,客来福智能开关A系列一开,klf888.switch.sw1a01,klf888.switch.sw1a01.png,
插座开关,客来福智能整家,客来福智能开关A系列三开,klf888.switch.sw3a01,klf888.switch.sw3a01.webp,
插座开关,客来福智能整家,客来福智能开关A系列二开,klf888.switch.sw2a01,klf888.switch.sw2a01.png,
插座开关,客来福智能整家,客来福智能开关A系列四开,klf888.switch.sw4a01,klf888.switch.sw4a01.png,
插座开关,客来福智能整家,客来福智能开关B系列一开,klf888.switch.sw1b01,klf888.switch.sw1b01.png,
插座开关,客来福智能整家,客来福智能开关B系列三开,klf888.switch.sw3b01,klf888.switch.sw3b01.png,
插座开关,客来福智能整家,客来福智能开关B系列二开,klf888.switch.sw2b01,klf888.switch.sw2b01.png,
插座开关,客来福智能整家,客来福智能开关B系列四开,klf888.switch.sw4b01,klf888.switch.sw4b01.png,
插座开关,客来福智能整家,客来福智能开关八键,klf888.switch.8a01,klf888.switch.8a01.png,
插座开关,家的,家的V93系列一位智能开关,gamder.switch.sw1a01,gamder.switch.sw1a01.png,
插座开关,家的,家的V93系列三位智能开关,gamder.switch.sw3a01,gamder.switch.sw3a01.png,
插座开关,家的,家的V93系列二位智能开关,gamder.switch.sw2a01,gamder.switch.sw2a01.png,
插座开关,家的,家的V93系列四位带屏显智能开关,gamder.switch.sw4a01,gamder.switch.sw4a01.png,
插座开关,家的,家的科技 一位智能开关,gamder.switch.sw1b01,gamder.switch.sw1b01.png,
插座开关,家的,家的科技 三位智能开关,gamder.switch.sw3b01,gamder.switch.sw3b01.png,
插座开关,家的,家的科技 二位智能开关,gamder.switch.sw2b01,gamder.switch.sw2b01.png,
插座开关,家的,家的科技 六位智能开关,gamder.switch.3a03,gamder.switch.3a03.png,
插座开关,家的,家的科技 四位智能开关,gamder.switch.sw4b01,gamder.switch.sw4b01.png,
插座开关,小奕,小奕一键智能开关,zhemi.switch.bln001,zhemi.switch.bln001.png,
插座开关,小奕,小奕三键智能开关,zhemi.switch.bln003,zhemi.switch.bln003.png,
插座开关,小奕,小奕二键智能开关,zhemi.switch.bln002,zhemi.switch.bln002.png,
插座开关,小奕,小奕八键智能开关,zhemi.switch.bln008,zhemi.switch.bln008.png,
插座开关,小奕,小奕六键智能开关,zhemi.switch.bln006,zhemi.switch.bln006.png,
插座开关,小奕,小奕四键智能开关,zhemi.switch.bln004,zhemi.switch.bln004.png,
插座开关,小妍同学,小妍灯控开关（三开）,mcl.switch.3k,mcl.switch.3k.png,
插座开关,小妍同学,小妍灯控开关（单开）,mcl.switch.1k,mcl.switch.1k.png,
插座开关,小妍同学,小妍灯控开关（双开）,mcl.switch.2k,mcl.switch.2k.png,
插座开关,小白,小白万能遥控器,chuangmi.remote.h102a03,chuangmi.remote.h102a03.png,
插座开关,小白,小白万能遥控器 声控版,chuangmi.remote.h102c01,chuangmi.remote.h102c01.png,
插座开关,小白,小白智能墙壁开关K2（零火三键）,chuangmi.switch.733c02,chuangmi.switch.733c02.png,
插座开关,小白,小白智能墙壁开关K2（零火单键）,chuangmi.switch.733a02,chuangmi.switch.733a02.png,
插座开关,小白,小白智能墙壁开关K2（零火双键）,chuangmi.switch.733b02,chuangmi.switch.733b02.png,
插座开关,小白,小白智能墙壁开关K3（零火三键）,chuangmi.switch.725c02,chuangmi.switch.725c02.png,
插座开关,小白,小白智能墙壁开关K3（零火单键）,chuangmi.switch.725a02,chuangmi.switch.725a02.png,
插座开关,小白,小白智能墙壁开关K3（零火双键）,chuangmi.switch.725b02,chuangmi.switch.725b02.png,
插座开关,小白,小白智能开关零火版 K1-A,chuangmi.switch.mesh,chuangmi.switch.mesh.png,
插座开关,小白,小白智能开关零火版 K1-B,chuangmi.switch.meshb01,chuangmi.switch.meshb01.png,
插座开关,小白,小白智能开关零火版 K1-C,chuangmi.switch.meshc01,chuangmi.switch.meshc01.png,
插座开关,小白,小白蓝牙无线开关K2（单键版）,chuangmi.remote.732a02,chuangmi.remote.732a02.png,
插座开关,小白,小白蓝牙无线开关K2（双键版）,chuangmi.remote.732b02,chuangmi.remote.732b02.png,
插座开关,小窝物联,XWWL一开屏显开关,ppe.switch.bln31,ppe.switch.bln31.png,
插座开关,小窝物联,XWWL三开屏显开关,ppe.switch.bln33,ppe.switch.bln33.png,
插座开关,小窝物联,XWWL二开屏显开关,ppe.switch.bln32,ppe.switch.bln32.png,
插座开关,小窝物联,XWWL四开屏显开关,ppe.switch.pxln4,ppe.switch.pxln4.png,
插座开关,小米出品,万能遥控器,xiaomi.switch.a2ota,xiaomi.switch.a2ota.png,
插座开关,小米出品,小米无线开关,lumi.sensor_switch.v2,lumi.sensor_switch.v2.png,
插座开关,小米出品,小米无线开关（双键版）,yeelink.remote.contrl,yeelink.remote.contrl.png,
插座开关,小米出品,小米无线开关（蓝牙版）,lumi.remote.mcn001,lumi.remote.mcn001.png,
插座开关,小米出品,小米智能中控屏,xiaomi.controller.oh4w,xiaomi.controller.oh4w.png,
插座开关,小米出品,小米智能中控屏 Max,xiaomi.controller.oh10p,xiaomi.controller.oh10p.png,
插座开关,小米出品,小米智能墙壁插座2,xiaomi.plug.mcn005,xiaomi.plug.mcn005.png,
插座开关,小米出品,小米智能墙壁插座1,xiaomi.plug.mcn004,xiaomi.plug.mcn004.png,
插座开关,小米出品,小米智能墙壁插座Pro1,xiaomi.plug.2pro,xiaomi.plug.2pro.png,
插座开关,小米出品,小米智能墙壁插座Pro2,xiaomi.plug.2wpro,xiaomi.plug.2wpro.png,
插座开关,小米出品,小米智能家庭面板,xiaomi.controller.86v1,xiaomi.controller.86v1.png,
插座开关,小米出品,小米智能开关Pro（三开）1,xiaomi.switch.2pro3,xiaomi.switch.2pro3.png,官网已移除该型号
插座开关,小米出品,小米智能开关Pro（三开）1,xiaomi.switch.2wpro3,xiaomi.switch.2wpro3.png,
插座开关,小米出品,小米智能开关Pro（单开）2,xiaomi.switch.2pro1,xiaomi.switch.2pro1.png,
插座开关,小米出品,小米智能开关Pro（单开）2,xiaomi.switch.2wpro1,xiaomi.switch.2wpro1.png,官网已移除该型号
插座开关,小米出品,小米智能开关Pro（双开）1,xiaomi.switch.2pro2,xiaomi.switch.2pro2.png,官网已移除该型号
插座开关,小米出品,小米智能开关Pro（双开）2,xiaomi.switch.2wpro2,xiaomi.switch.2wpro2.png,
插座开关,小米出品,小米智能开关（三开 零火版）,lumi.switch.acn018,lumi.switch.acn018.png,
插座开关,小米出品,小米智能开关（三开）1,xiaomi.switch.w3b,xiaomi.switch.w3b.png,
插座开关,小米出品,小米智能开关（三开）2,xiaomi.switch.w3,xiaomi.switch.w3.png,
插座开关,小米出品,小米智能开关（单开 零火版）,lumi.switch.acn016,lumi.switch.acn016.png,
插座开关,小米出品,小米智能开关（单开）1,xiaomi.switch.w1,xiaomi.switch.w1.png,
插座开关,小米出品,小米智能开关（单开）2,xiaomi.switch.w1b,xiaomi.switch.w1b.png,
插座开关,小米出品,小米智能开关（双开 零火版）,lumi.switch.acn017,lumi.switch.acn017.png,
插座开关,小米出品,小米智能开关（双开）1,xiaomi.switch.w2,xiaomi.switch.w2.png,
插座开关,小米出品,小米智能开关（双开）2,xiaomi.switch.w2b,xiaomi.switch.w2b.png,
插座开关,小米出品,小米智能插座,chuangmi.plug.v1,chuangmi.plug.v1.png,
插座开关,小米出品,小米智能插线板2 5位插孔版,qmi.plug.psv3,qmi.plug.psv3.png,
插座开关,小米出品,小米智能无线开关（双开）1,xiaomi.remote.mcn002,xiaomi.remote.mcn002.png,
插座开关,小米出品,小米智能无线开关（双开）2,xiaomi.remote.mcn003,xiaomi.remote.mcn003.png,
插座开关,小米出品,小米米家屏显开关（三开单控）,isa.switch.kg03hl,isa.switch.kg03hl.png,
插座开关,小米出品,小米米家屏显开关（单开单控）,isa.switch.kg01hl,isa.switch.kg01hl.png,
插座开关,小米出品,小米米家屏显开关（双开单控）,isa.switch.kg02hl,isa.switch.kg02hl.png,
插座开关,小米出品,小米米家智能墙壁插座,zimi.plug.zncz01,zimi.plug.zncz01.png,
插座开关,小米出品,小米米家智能开关（三开单控）,zimi.switch.dhkg05,zimi.switch.dhkg05.png,
插座开关,小米出品,小米米家智能开关（单开单控）,zimi.switch.dhkg01,zimi.switch.dhkg01.png,
插座开关,小米出品,小米米家智能开关（双开单控）,zimi.switch.dhkg02,zimi.switch.dhkg02.png,
插座开关,小米出品,小米米家智能插座WiFi版,chuangmi.plug.m3,chuangmi.plug.m3.png,
插座开关,小米出品,小米轨道插座10A智能插座适配器2,xiaomi.plug.10ahyb,xiaomi.plug.10ahyb.png,
插座开关,小米出品,小米轨道插座10A智能插座适配器1,xiaomi.plug.01qm,xiaomi.plug.01qm.png,
插座开关,小米出品,磁吸物理按键,xiaomi.remote.o635yz,xiaomi.remote.o635yz.png,
插座开关,小米出品,米家万能遥控器,chuangmi.remote.v2,chuangmi.remote.v2.png,
插座开关,小米出品,米家智能插座2 蓝牙网关版,chuangmi.plug.212a01,chuangmi.plug.212a01.png,
插座开关,小米出品,米家智能插座3,cuco.plug.v3,cuco.plug.v3.png,
插座开关,小米出品,米家智能插座基础版,chuangmi.plug.m1,chuangmi.plug.m1.png,
插座开关,小米出品,米家智能插座增强版,chuangmi.plug.v3,chuangmi.plug.v3.png,
插座开关,小米出品,米家智能插座蓝牙网关版,chuangmi.plug.hmi208,chuangmi.plug.hmi208.png,
插座开关,小米出品,米家智能插座（Zigbee版）,lumi.plug.v1,lumi.plug.v1.png,
插座开关,小米出品,米家智能插线板,zimi.powerstrip.v2,zimi.powerstrip.v2.png,
插座开关,小米出品,自定义遥控,miir.remote.ir01,miir.remote.ir01.png,
插座开关,小雷易家,小雷易家云雪系列四寸屏显开关,nvcsmt.switch.bis302,nvcsmt.switch.bis302.png,
插座开关,小雷易家,小雷易家云雪系列四键屏显开关,nvcsmt.switch.bis402,nvcsmt.switch.bis402.png,
插座开关,居意,居意智能开关一位,syniot.switch.t1,syniot.switch.t1.png,
插座开关,居意,居意智能开关三位,syniot.switch.t3,syniot.switch.t3.png,
插座开关,居意,居意智能开关二位,syniot.switch.t2,syniot.switch.t2.png,
插座开关,居意,智能开关一位,syniot.switch.s1,syniot.switch.s1.png,
插座开关,居意,智能开关三位,syniot.switch.s3,syniot.switch.s3.png,
插座开关,居意,智能开关二位,syniot.switch.s2,syniot.switch.s2.png,
插座开关,屹家,XW四键屏显开关M8-Pro,xunwei.switch.bpns4,xunwei.switch.bpns4.png,
插座开关,岚威,岚威六路智能计量分控排插,iot.plug.pw6u1,iot.plug.pw6u1.png,
插座开关,峥果,两线浴霸开关,zinguo.switch.b3,zinguo.switch.b3.png,
插座开关,峥果,峥果一键开关(WIFI),zinguo.switch.zc1w,zinguo.switch.zc1w.png,
插座开关,峥果,峥果三键开关(WIFI),zinguo.switch.zc3w,zinguo.switch.zc3w.png,
插座开关,峥果,峥果二键开关(WIFI),zinguo.switch.zc2w,zinguo.switch.zc2w.png,
插座开关,峥果,峥果四键开关(WIFI),zinguo.switch.zc4w,zinguo.switch.zc4w.png,
插座开关,峥果,智能定时器,zinguo.plug.sc02,zinguo.plug.sc02.png,
插座开关,峥果,智能浴霸开关,zinguo.switch.b5m,zinguo.switch.b5m.png,
插座开关,巧旺,巧旺智能排插,lgb.plug.lgbear,lgb.plug.lgbear.png,
插座开关,巧旺,巧旺智能插座,lgb.plug.lgb002,lgb.plug.lgb002.png,
插座开关,巨欧,巨欧智能通断器Mesh2.0,wzojdz.switch.tdq1,wzojdz.switch.tdq1.png,
插座开关,巨欧,巨欧智能通断器Mesh版,wzojdz.switch.tdq3,wzojdz.switch.tdq3.png,
插座开关,巨欧,巨欧智能通断器WiFi版,wzojdz.switch.bjtdq5,wzojdz.switch.bjtdq5.png,
插座开关,平头熊,平头熊 F1 四键无线开关,090615.remote.ptxsd1,090615.remote.ptxsd1.png,
插座开关,平头熊,平头熊 F1 四键无线开关(屏显版),090615.remote.x1swd,090615.remote.x1swd.png,
插座开关,平头熊,平头熊 F2智能开关 三键,ptx.switch.ptxfx3,ptx.switch.ptxfx3.png,
插座开关,平头熊,平头熊 F2智能开关 单键,ptx.switch.ptxfx1,ptx.switch.ptxfx1.png,
插座开关,平头熊,平头熊 F2智能开关 双键,ptx.switch.ptxfx2,ptx.switch.ptxfx2.png,
插座开关,平头熊,平头熊 F2智能开关 四键,ptx.switch.ptxfx4,ptx.switch.ptxfx4.png,
插座开关,平头熊,平头熊 X6 Pro智能开关 三键,ptx.switch.x6pro3,ptx.switch.x6pro3.png,
插座开关,平头熊,平头熊 X6 Pro智能开关 单键,ptx.switch.x6pro1,ptx.switch.x6pro1.png,
插座开关,平头熊,平头熊 X6 Pro智能开关 双键,ptx.switch.x6pro2,ptx.switch.x6pro2.png,
插座开关,平头熊,平头熊 X6 Pro智能开关 四键,ptx.switch.x6pro4,ptx.switch.x6pro4.png,
插座开关,平头熊,平头熊F系列精美表盘定制开关 四开(Mesh2.0),090615.switch.ftsw4,090615.switch.ftsw4.png,
插座开关,平头熊,平头熊F系列精美装饰开关 三开(Mesh2.0),090615.switch.fsw3,090615.switch.fsw3.png,
插座开关,平头熊,平头熊F系列精美装饰开关 二开(Mesh2.0),090615.switch.fsw2,090615.switch.fsw2.png,
插座开关,平头熊,平头熊F系列精美装饰开关 四开(Mesh2.0),090615.switch.fsw4,090615.switch.fsw4.png,
插座开关,平头熊,平头熊Q1 Pro超薄中控屏开关,090615.switch.q1pro,090615.switch.q1pro.png,
插座开关,平头熊,平头熊Q1 Pro超薄屏显开关 三键,090615.switch.ultra3,090615.switch.ultra3.png,
插座开关,平头熊,平头熊Q1 Pro超薄屏显开关 单键,090615.switch.ultra1,090615.switch.ultra1.png,
插座开关,平头熊,平头熊Q1 Pro超薄屏显开关 双键,090615.switch.ultra2,090615.switch.ultra2.png,
插座开关,平头熊,平头熊Q1 Pro超薄屏显开关 四键,090615.switch.q14max,090615.switch.q14max.png,
插座开关,平头熊,平头熊Q1 Pro超薄美学开关 三键,090615.switch.q13pro,090615.switch.q13pro.png,
插座开关,平头熊,平头熊Q1 Pro超薄美学开关 单键,090615.switch.q11pro,090615.switch.q11pro.png,
插座开关,平头熊,平头熊Q1 Pro超薄美学开关 双键,090615.switch.q12pro,090615.switch.q12pro.png,
插座开关,平头熊,平头熊Q1 Pro超薄美学开关 四键,090615.switch.q14pro,090615.switch.q14pro.png,
插座开关,平头熊,平头熊超薄屏显开关三键 Mesh2.0,090615.switch.aku3p,090615.switch.aku3p.png,
插座开关,平头熊,平头熊超薄屏显开关单键 Mesh2.0,090615.switch.aku1p,090615.switch.aku1p.png,
插座开关,平头熊,平头熊超薄屏显开关双键 Mesh2.0,090615.switch.aku2p,090615.switch.aku2p.png,
插座开关,平头熊,平头熊超薄显示屏开关四开 Mesh2.0,090615.switch.akult4,090615.switch.akult4.png,
插座开关,平头熊,平头熊超薄高清屏幕开关,ptx.switch.ptxf13,ptx.switch.ptxf13.png,
插座开关,平头熊,平头熊高清屏显开关 三键（F1）,ptx.switch.f1sw3,ptx.switch.f1sw3.png,
插座开关,平头熊,平头熊高清屏显开关 三键（梵高）,ptx.switch.fgsw3,ptx.switch.fgsw3.png,
插座开关,平头熊,平头熊高清屏显开关 单键（F1）,ptx.switch.f1sw1,ptx.switch.f1sw1.png,
插座开关,平头熊,平头熊高清屏显开关 单键（梵高）,ptx.switch.fgsw1,ptx.switch.fgsw1.png,
插座开关,平头熊,平头熊高清屏显开关 双键（F1）,ptx.switch.f1sw2,ptx.switch.f1sw2.png,
插座开关,平头熊,平头熊高清屏显开关 双键（梵高）,ptx.switch.fgsw2,ptx.switch.fgsw2.png,
插座开关,平头熊,平头熊高清屏显开关 四键（F1）,ptx.switch.f1gq4,ptx.switch.f1gq4.png,
插座开关,平头熊,平头熊高清屏显开关 四键（梵高）,ptx.switch.fggq4,ptx.switch.fggq4.png,
插座开关,庭狐,天狐超薄开关T9Pro 一开 Mesh2.0,thzn.switch.thkg1,thzn.switch.thkg1.png,
插座开关,庭狐,天狐超薄开关T9Pro 三开 Mesh2.0,thzn.switch.thkg3,thzn.switch.thkg3.png,
插座开关,庭狐,天狐超薄开关T9Pro 二开 Mesh2.0,thzn.switch.thkg2,thzn.switch.thkg2.png,
插座开关,庭狐,天狐超薄开关T9Pro 四开 Mesh2.0,thzn.switch.thkg4,thzn.switch.thkg4.png,
插座开关,康玛特,KOMACHT智慧Ai超薄一键屏显开关,kmt.switch.m4px01,kmt.switch.m4px01.png,
插座开关,康玛特,KOMACHT智慧Ai超薄三键屏显开关,kmt.switch.m4px03,kmt.switch.m4px03.png,
插座开关,康玛特,KOMACHT智慧Ai超薄二键屏显开关,kmt.switch.m4px02,kmt.switch.m4px02.png,
插座开关,式亚,晓翼一键开关mesh版,symi.switch.sw1c01,symi.switch.sw1c01.png,
插座开关,式亚,晓翼三键开关mesh版,symi.switch.sw3c01,symi.switch.sw3c01.png,
插座开关,式亚,晓翼二键开关mesh版,symi.switch.sw2c01,symi.switch.sw2c01.png,
插座开关,式亚,晓翼四键开关mesh版,symi.switch.sw4c01,symi.switch.sw4c01.png,
插座开关,弗雷克,弗雷克智能八键复合开关（Mesh2.0）,forick.switch.flkkg4,forick.switch.flkkg4.png,
插座开关,弗雷克,弗雷克智能开关D6（三开）,forick.switch.sw3a01,forick.switch.sw3a01.png,
插座开关,弗雷克,弗雷克智能开关D6（单开）,forick.switch.sw1a01,forick.switch.sw1a01.png,
插座开关,弗雷克,弗雷克智能开关D6（双开）,forick.switch.sw2a01,forick.switch.sw2a01.png,
插座开关,弗雷克,弗雷克智能开关D8（三开）,forick.switch.sw3b01,forick.switch.sw3b01.png,
插座开关,弗雷克,弗雷克智能开关D8（单开）,forick.switch.sw1b01,forick.switch.sw1b01.png,
插座开关,弗雷克,弗雷克智能开关D8（双开）,forick.switch.sw2b01,forick.switch.sw2b01.png,
插座开关,弗雷克,弗雷克智能开关D8（四开）,forick.switch.sw4b01,forick.switch.sw4b01.png,
插座开关,弗雷克,弗雷克智能无线旋钮遥控开关F6L,forick.remote.sw1b01,forick.remote.sw1b01.png,
插座开关,徕亮,小徕智能通断器（Mesh2.0）,laig.plug.dttdq,laig.plug.dttdq.png,
插座开关,思码光,思码光智雅一键智能开关,manew.switch.sw1a01,manew.switch.sw1a01.png,
插座开关,思码光,思码光智雅三键智能开关,manew.switch.sw3a01,manew.switch.sw3a01.png,
插座开关,思码光,思码光智雅二键智能开关,manew.switch.sw2a01,manew.switch.sw2a01.png,
插座开关,思码光,思码光智雅四键屏显智能开关,manew.switch.sw4a01,manew.switch.sw4a01.png,
插座开关,悠觅,YOOMI一键开关Mesh2.0版,tofan.switch.bln31,tofan.switch.bln31.png,
插座开关,悠觅,YOOMI三键开关Mesh2.0版,tofan.switch.bln33,tofan.switch.bln33.png,
插座开关,悠觅,YOOMI二键开关Mesh2.0版,tofan.switch.bln32,tofan.switch.bln32.png,
插座开关,悠觅,YOOMI八键开关Mesh2.0版,tofan.switch.bln38,tofan.switch.bln38.png,
插座开关,悠觅,YOOMI六键开关Mesh2.0版,tofan.switch.bln36,tofan.switch.bln36.png,
插座开关,悠觅,YOOMI四键开关Mesh2.0版,tofan.switch.bln34,tofan.switch.bln34.png,
插座开关,悠觅,悠觅Z1屏显开关MESH2.0,tofan.switch.ymd1,tofan.switch.ymd1.png,
插座开关,悠觅,悠觅一键屏显开关H1-PRO2.0,tofan.switch.h1pro1,tofan.switch.h1pro1.png,
插座开关,悠觅,悠觅三键屏显开关H1-PRO2.0,tofan.switch.h1pro3,tofan.switch.h1pro3.png,
插座开关,悠觅,悠觅二键屏显开关H1-PRO2.0,tofan.switch.h1pro2,tofan.switch.h1pro2.png,
插座开关,悠觅,悠觅四键屏显开关D1,tofan.switch.pxln4,tofan.switch.pxln4.png,
插座开关,悠觅,悠觅智能一键开关H1-MESH2.0,tofan.switch.111h1,tofan.switch.111h1.png,
插座开关,悠觅,悠觅智能三键开关H1-MESH2.0,tofan.switch.333h1,tofan.switch.333h1.png,
插座开关,悠觅,悠觅智能二键开关H1-MESH2.0,tofan.switch.222h1,tofan.switch.222h1.png,
插座开关,情景,情景轻触智能开关一位,yg1.switch.sw1a01,yg1.switch.sw1a01.png,
插座开关,情景,情景轻触智能开关三位,yg1.switch.sw3a01,yg1.switch.sw3a01.png,
插座开关,情景,情景轻触智能开关二位,yg1.switch.sw2a01,yg1.switch.sw2a01.png,
插座开关,情景,情景轻触智能开关四位,yg1.switch.sw4a01,yg1.switch.sw4a01.png,
插座开关,慕容柯,慕容柯隐形开关Mesh2.0,murong.switch.mrk005,murong.switch.mrk005.png,
插座开关,慕容柯,慕容柯隐形开关灵动版,murong.switch.mrk002,murong.switch.mrk002.png,
插座开关,慧电熊,慧电熊四路超级屏显开关(Mesh2.0),mitch.switch.sw4a02,mitch.switch.sw4a02.png,
插座开关,技电鲨,桐鹏智能通断器,tpzn.switch.9999,tpzn.switch.9999.png,
插座开关,拓凡智联,YOOMI多功能开关Z1-Mesh版,tofan.switch.s01,tofan.switch.s01.png,
插座开关,控享,KX三键灯控开关面板(单零火),kk2022.switch.bln43,kk2022.switch.bln43.png,
插座开关,控享,KX三键灯控面板,kk2022.switch.bln33,kk2022.switch.bln33.png,
插座开关,控享,KX八键复合开关面板,kk2022.switch.bln38,kk2022.switch.bln38.png,
插座开关,控享,KX单键灯控开关面板(单零火),kk2022.switch.bln41,kk2022.switch.bln41.png,
插座开关,控享,KX单键灯控面板,kk2022.switch.bln31,kk2022.switch.bln31.png,
插座开关,控享,KX双键灯控开关面板(单零火),kk2022.switch.bln42,kk2022.switch.bln42.png,
插座开关,控享,KX双键灯控面板,kk2022.switch.bln32,kk2022.switch.bln32.png,
插座开关,控享,KX四键灯控面板,kk2022.switch.bln34,kk2022.switch.bln34.png,
插座开关,控享,KX屏显三键开关面板,kk2022.switch.blp03,kk2022.switch.blp03.png,
插座开关,控享,KX屏显单键开关面板,kk2022.switch.blp01,kk2022.switch.blp01.png,
插座开关,控享,KX屏显双键开关面板,kk2022.switch.blp02,kk2022.switch.blp02.png,
插座开关,控享,KX屏显四键开关面板,kk2022.switch.blp04,kk2022.switch.blp04.png,
插座开关,控客轻智家,控客轻智家轻宸超薄屏显开关四键mesh2.0,ksmart.switch.sw4a02,ksmart.switch.sw4a02.png,
插座开关,控客轻智家,控客轻智家轻宸超薄开关三键mesh2.0,ksmart.switch.sw3a01,ksmart.switch.sw3a01.png,
插座开关,控客轻智家,控客轻智家轻宸超薄开关单键mesh2.0,ksmart.switch.sw1a01,ksmart.switch.sw1a01.png,
插座开关,控客轻智家,控客轻智家轻宸超薄开关双键mesh2.0,ksmart.switch.sw2a01,ksmart.switch.sw2a01.png,
插座开关,控客轻智家,控客轻智家轻宸超薄开关四键mesh2.0,ksmart.switch.sw4a01,ksmart.switch.sw4a01.png,
插座开关,文光汇,文光汇智能插座（Mesh计电量）,sixwgh.plug.v8icm1,sixwgh.plug.v8icm1.png,
插座开关,文光汇,文光汇智能插座（Mesh）,sixwgh.plug.v7icm,sixwgh.plug.v7icm.png,
插座开关,文光汇,文光汇智能插座（Wi-Fi）,sixwgh.plug.v9wh,sixwgh.plug.v9wh.png,
插座开关,文光汇,文光汇智能插座（WiFi计电量）,sixwgh.plug.v8icwf,sixwgh.plug.v8icwf.png,
插座开关,文光汇,文光汇智能插座（WiFi）,sixwgh.plug.v7icw1,sixwgh.plug.v7icw1.png,
插座开关,新极,新极智能一路开关Pro2.0,xinji.switch.sw1b01,xinji.switch.sw1b01.png,
插座开关,新极,新极智能一键开关Pro,xinji.switch.sw1a02,xinji.switch.sw1a02.png,
插座开关,新极,新极智能三路开关Pro2.0,xinji.switch.sw3b01,xinji.switch.sw3b01.png,
插座开关,新极,新极智能三键开关Pro,xinji.switch.sw3a02,xinji.switch.sw3a02.png,
插座开关,新极,新极智能二路开关Pro2.0,xinji.switch.sw2b01,xinji.switch.sw2b01.png,
插座开关,新极,新极智能二键开关Pro,xinji.switch.sw2a02,xinji.switch.sw2a02.png,
插座开关,新极,新极智能四路开关Pro2.0,xinji.switch.sw4b01,xinji.switch.sw4b01.png,
插座开关,新极,新极智能四键开关Pro,xinji.switch.sw4a02,xinji.switch.sw4a02.png,
插座开关,方舟鱼,方舟鱼无线开关E1,line.remote.wkgf1,line.remote.wkgf1.png,
插座开关,方舟鱼,方舟鱼无线开关E1S,line.remote.kge1s,line.remote.kge1s.png,
插座开关,方舟鱼,方舟鱼无线开关E2,line.remote.fwkge2,line.remote.fwkge2.png,
插座开关,方舟鱼,方舟鱼智能墙壁开关H4（零火三键版）,line.switch.fkgh43,line.switch.fkgh43.png,
插座开关,方舟鱼,方舟鱼智能墙壁开关H4（零火单键版）,line.switch.fkgh41,line.switch.fkgh41.png,
插座开关,方舟鱼,方舟鱼智能墙壁开关H4（零火双键版）,line.switch.fkgh42,line.switch.fkgh42.png,
插座开关,方舟鱼,方舟鱼智能墙壁开关H4（零火四键版）,line.switch.fkgh44,line.switch.fkgh44.png,
插座开关,方舟鱼,方舟鱼智能墙壁开关H5 三键,line.switch.kgdh53,line.switch.kgdh53.png,
插座开关,方舟鱼,方舟鱼智能墙壁开关H5 单键,line.switch.kgdh51,line.switch.kgdh51.png,
插座开关,方舟鱼,方舟鱼智能墙壁开关H5 双键,line.switch.kgdh52,line.switch.kgdh52.png,
插座开关,方舟鱼,方舟鱼智能墙壁开关H5 四键,line.switch.kgdh54,line.switch.kgdh54.png,
插座开关,方舟鱼,方舟鱼智能断路器D1,line.plug.afsb1,line.plug.afsb1.png,
插座开关,方舟鱼,方舟鱼智能断路器D2,line.plug.lhbl7,line.plug.lhbl7.png,
插座开关,方舟鱼,方舟鱼智能柜开关D3,line.switch.sw2a02,line.switch.sw2a02.png,
插座开关,施耐德电气,施耐德电气智能一位一场景零火开关,wiser.switch.hsk005,wiser.switch.hsk005.png,
插座开关,施耐德电气,施耐德电气智能一位零火开关,wiser.switch.hyk005,wiser.switch.hyk005.png,
插座开关,施耐德电气,施耐德电气智能三位三场景零火开关,wiser.switch.hsk007,wiser.switch.hsk007.png,
插座开关,施耐德电气,施耐德电气智能三位零火开关,wiser.switch.hyk007,wiser.switch.hyk007.png,
插座开关,施耐德电气,施耐德电气智能二位二场景零火开关,wiser.switch.hsk006,wiser.switch.hsk006.png,
插座开关,施耐德电气,施耐德电气智能二位四场景零火开关,wiser.switch.hsk008,wiser.switch.hsk008.png,
插座开关,施耐德电气,施耐德电气智能二位零火开关,wiser.switch.hyk006,wiser.switch.hyk006.png,
插座开关,施耐德电气,施耐德电气智能四位零火开关,wiser.switch.hyk008,wiser.switch.hyk008.png,
插座开关,施耐德电气,施耐德电气玻璃智能一位零火开关,wiser.switch.hyk009,wiser.switch.hyk009.png,
插座开关,施耐德电气,施耐德电气玻璃智能三位零火开关,wiser.switch.hyk011,wiser.switch.hyk011.png,
插座开关,施耐德电气,施耐德电气玻璃智能二位零火开关,wiser.switch.hyk010,wiser.switch.hyk010.png,
插座开关,施耐德电气,施耐德电气玻璃智能四位零火开关,wiser.switch.hyk012,wiser.switch.hyk012.png,
插座开关,易而达,易而达MESH单火开关1键,eda.switch.1sfsw,eda.switch.1sfsw.png,
插座开关,易而达,易而达MESH单火开关2键,eda.switch.2sfsw,eda.switch.2sfsw.png,
插座开关,易而达,易而达MESH单火开关3键,eda.switch.3sfsw,eda.switch.3sfsw.png,
插座开关,易而达,易而达MESH开关1键,eda.switch.switch,eda.switch.switch.png,
插座开关,易而达,易而达MESH开关2键,eda.switch.2sw,eda.switch.2sw.png,
插座开关,易而达,易而达MESH开关3键,eda.switch.3sw,eda.switch.3sw.png,
插座开关,星凯思,星凯思智能开关一开（Mesh2.0）,xhzn88.switch.xks01,xhzn88.switch.xks01.png,
插座开关,星凯思,星凯思智能开关三开（Mesh2.0）,xhzn88.switch.xks03,xhzn88.switch.xks03.png,
插座开关,星凯思,星凯思智能开关二开（Mesh2.0）,xhzn88.switch.xks02,xhzn88.switch.xks02.png,
插座开关,星发现,星发现智能开关(一位),star1.switch.sw1,star1.switch.sw1.png,
插座开关,星发现,星发现智能开关(三位),star1.switch.sw3,star1.switch.sw3.png,
插座开关,星发现,星发现智能开关(二位),star1.switch.sw2,star1.switch.sw2.png,
插座开关,星发现,星发现智能开关(四位),star1.switch.sw4,star1.switch.sw4.png,
插座开关,星明浩,星明浩智慧屏开关S4,xmd.switch.sw2d03,xmd.switch.sw2d03.png,
插座开关,星明浩,星明浩智能屏显开关面板A6 四开,xmd.switch.sw4a02,xmd.switch.sw4a02.png,
插座开关,星明浩,星明浩智能开关面板A6 一开,xmd.switch.sw1a01,xmd.switch.sw1a01.png,
插座开关,星明浩,星明浩智能开关面板A6 三开,xmd.switch.sw3a01,xmd.switch.sw3a01.png,
插座开关,星明浩,星明浩智能开关面板A6 二开,xmd.switch.sw2a01,xmd.switch.sw2a01.png,
插座开关,星月影,星月影Home Hi智能开关（一键）,seomsh.switch.sw1a01,seomsh.switch.sw1a01.png,
插座开关,星月影,星月影Home Hi智能开关（三键）,seomsh.switch.sw3a01,seomsh.switch.sw3a01.png,
插座开关,星月影,星月影Home Hi智能开关（二键）,seomsh.switch.sw2a01,seomsh.switch.sw2a01.png,
插座开关,星月影,星月影Home Hi智能开关（四键）,seomsh.switch.sw4a01,seomsh.switch.sw4a01.png,
插座开关,星美达,星美达智慧屏开关S4,xmd.switch.sw3d03,xmd.switch.sw3d03.png,
插座开关,晓翼,晓翼Mesh一键开关Ultra,symi.switch.sw1e02,symi.switch.sw1e02.png,
插座开关,晓翼,晓翼Mesh三键开关Ultra,symi.switch.sw3e02,symi.switch.sw3e02.png,
插座开关,晓翼,晓翼Mesh二键开关Ultra,symi.switch.sw2e02,symi.switch.sw2e02.png,
插座开关,晓翼,晓翼Mesh四键开关Ultra,symi.switch.sw4e02,symi.switch.sw4e02.png,
插座开关,晶米,晶米一键智能开关mesh版,ykl.switch.sw1a01,ykl.switch.sw1a01.png,
插座开关,晶米,晶米三键智能开关mesh版,ykl.switch.sw3a01,ykl.switch.sw3a01.png,
插座开关,晶米,晶米二键智能开关mesh版,ykl.switch.sw2a01,ykl.switch.sw2a01.png,
插座开关,晶米,晶米六键智能开关mesh版,ykl.switch.sw6a01,ykl.switch.sw6a01.png,
插座开关,晶米,晶米四键智能开关mesh版,ykl.switch.sw4a01,ykl.switch.sw4a01.png,
插座开关,晶米,晶米智能插卡取电mesh版,ykl.cs.swk01,ykl.cs.swk01.png,
插座开关,智信物联,智信物联M1 Pro开关,cqzx.switch.sw1a01,cqzx.switch.sw1a01.png,
插座开关,智信物联,智信物联四路屏显开关Mesh2.0,cqzx.switch.sw3b01,cqzx.switch.sw3b01.png,
插座开关,智和家,智和家 C1超薄开关一键,zhj.switch.zhjc11,zhj.switch.zhjc11.png,
插座开关,智和家,智和家 K1百变智能开关 一键,zhj.switch.sw1c01,zhj.switch.sw1c01.png,
插座开关,智和家,智和家 K1百变智能开关 三键,zhj.switch.sw3b01,zhj.switch.sw3b01.png,
插座开关,智和家,智和家 K1百变智能开关 二键,zhj.switch.sw2b01,zhj.switch.sw2b01.png,
插座开关,智和家,智和家 K1百变智能开关 四键,zhj.switch.sw4b01,zhj.switch.sw4b01.png,
插座开关,智和家,智和家 T1 Max智能屏显开关一键,zhj.switch.t1max1,zhj.switch.t1max1.png,
插座开关,智和家,智和家 T1 Max智能屏显开关三键,zhj.switch.t1max3,zhj.switch.t1max3.png,
插座开关,智和家,智和家 T1 Max智能屏显开关二键,zhj.switch.t1max2,zhj.switch.t1max2.png,
插座开关,智和家,智和家 T1 Pro智能开关一键,zhj.switch.t1pro1,zhj.switch.t1pro1.png,
插座开关,智和家,智和家 T1 Pro智能开关三键,zhj.switch.t1pro3,zhj.switch.t1pro3.png,
插座开关,智和家,智和家 T1 Pro智能开关二键,zhj.switch.t1pro2,zhj.switch.t1pro2.png,
插座开关,智和家,智和家 T1 Pro智能开关四键,zhj.switch.t1pro4,zhj.switch.t1pro4.png,
插座开关,智和家,智和家 T1零火智能开关 一键,zhj.switch.sw1e01,zhj.switch.sw1e01.png,
插座开关,智和家,智和家 T1零火智能开关 三键,zhj.switch.sw3e01,zhj.switch.sw3e01.png,
插座开关,智和家,智和家 T1零火智能开关 二键,zhj.switch.sw2e01,zhj.switch.sw2e01.png,
插座开关,智和家,智和家 T1零火智能开关 四键,zhj.switch.sw4e01,zhj.switch.sw4e01.png,
插座开关,智和家,智和家 T2单零火智能开关 一键,zhj.switch.sw1d02,zhj.switch.sw1d02.png,
插座开关,智和家,智和家 T2单零火智能开关 三键,zhj.switch.sw3d02,zhj.switch.sw3d02.png,
插座开关,智和家,智和家 T2单零火智能开关 二键,zhj.switch.sw2d02,zhj.switch.sw2d02.png,
插座开关,智和家,智和家 超薄圆屏多功能面板,zhj.switch.zhjw04,zhj.switch.zhjw04.png,
插座开关,智和家,智和家 超薄零火屏显开关 三开,zhj.switch.zhjw02,zhj.switch.zhjw02.png,
插座开关,智和家,智和家 超薄零火屏显开关 二开,zhj.switch.zhjw01,zhj.switch.zhjw01.png,
插座开关,智和家,智和家 超薄零火屏显开关 四开,zhj.switch.zhjw03,zhj.switch.zhjw03.png,
插座开关,智和家,智和家C1超薄屏开关,zhj.switch.zhjc1p,zhj.switch.zhjc1p.png,
插座开关,智和家,智和家L智能开关一开,zhj.switch.sw1a01,zhj.switch.sw1a01.png,
插座开关,智和家,智和家L智能开关三开,zhj.switch.sw3a01,zhj.switch.sw3a01.png,
插座开关,智和家,智和家L智能开关二开,zhj.switch.sw2a01,zhj.switch.sw2a01.png,
插座开关,智和家,智和家L智能开关四开,zhj.switch.sw4a01,zhj.switch.sw4a01.png,
插座开关,智和家,智和家 C1超薄开关三键,zhj.switch.zhjc13,zhj.switch.zhjc13.png,
插座开关,智和家,智和家 C1超薄开关二键,zhj.switch.zhjc12,zhj.switch.zhjc12.png,
插座开关,智和家,智和家 C1超薄开关四键,zhj.switch.zhjc14,zhj.switch.zhjc14.png,
插座开关,智己人,智己人智能开关零火版（三开）,zzw.switch.sw3a01,zzw.switch.sw3a01.png,
插座开关,智己人,智己人智能开关零火版（单开）,zzw.switch.sw1a01,zzw.switch.sw1a01.png,
插座开关,智己人,智己人智能开关零火版（双开）,zzw.switch.sw2a01,zzw.switch.sw2a01.png,
插座开关,智己人,智己人智能开关零火版（四开）,zzw.switch.sw4a01,zzw.switch.sw4a01.png,
插座开关,智悦,智悦智能开关,gtop.switch.yd01,gtop.switch.yd01.png,
插座开关,智拉斐,拉斐智能一键开关,slf.switch.bin31,slf.switch.bin31.png,
插座开关,智拉斐,拉斐智能三键开关,slf.switch.bin33,slf.switch.bin33.png,
插座开关,智拉斐,拉斐智能二键开关,slf.switch.bin32,slf.switch.bin32.png,
插座开关,智拉斐,拉斐智能六键开关,slf.switch.bin6,slf.switch.bin6.png,
插座开关,智拉斐,拉斐智能四键开关,slf.switch.bin34,slf.switch.bin34.png,
插座开关,智拉斐,智拉斐一键屏显超薄开关X-H5A,slf.switch.zlfx1,slf.switch.zlfx1.png,
插座开关,智拉斐,智拉斐三键屏显超薄开关X-H5A,slf.switch.zlfx3,slf.switch.zlfx3.png,
插座开关,智拉斐,智拉斐三键零火场景开关（Y8）,slf.remote.rem03,slf.remote.rem03.png,
插座开关,智拉斐,智拉斐二键屏显超薄开关X-H5A,slf.switch.zlfx2,slf.switch.zlfx2.png,
插座开关,智拉斐,智拉斐六键屏显超薄开关X-H5A,slf.switch.zlfx6,slf.switch.zlfx6.png,
插座开关,智拉斐,智拉斐六键零火场景开关（Y8）,slf.remote.rem05,slf.remote.rem05.png,
插座开关,智拉斐,智拉斐单键零火场景开关（Y8）,slf.remote.rem01,slf.remote.rem01.png,
插座开关,智拉斐,智拉斐双键零火场景开关（Y8）,slf.remote.rem02,slf.remote.rem02.png,
插座开关,智拉斐,智拉斐四键屏显超薄开关X-H5A,slf.switch.zlfx4,slf.switch.zlfx4.png,
插座开关,智拉斐,智拉斐四键零火场景开关（HR7）,slf.remote.rem04,slf.remote.rem04.png,
插座开关,智拉斐,智拉斐四键零火场景开关（Y8）,slf.remote.rem06,slf.remote.rem06.png,
插座开关,智拉斐,智拉斐智能插卡取电开关（D8）,slf.cs.ckd5,slf.cs.ckd5.png,
插座开关,智拉斐,智拉斐智能紧急呼叫开关（D8）,slf.remote.sen02,slf.remote.sen02.png,
插座开关,智拉斐,智拉斐智能紧急呼叫开关（HR7）,slf.remote.sen01,slf.remote.sen01.png,
插座开关,智无愚,智无愚屏显一键开关,zzljzn.switch.px01,zzljzn.switch.px01.png,
插座开关,智无愚,智无愚屏显三键开关,zzljzn.switch.px03,zzljzn.switch.px03.png,
插座开关,智无愚,智无愚屏显二键开关,zzljzn.switch.px02,zzljzn.switch.px02.png,
插座开关,智无愚,智无愚智能开关一键,zzljzn.switch.sw1a01,zzljzn.switch.sw1a01.png,
插座开关,智无愚,智无愚智能开关三键,zzljzn.switch.sw3a01,zzljzn.switch.sw3a01.png,
插座开关,智无愚,智无愚智能开关二键,zzljzn.switch.sw2a01,zzljzn.switch.sw2a01.png,
插座开关,智无愚,智无愚智能开关四键,zzljzn.switch.sw4a01,zzljzn.switch.sw4a01.png,
插座开关,智有范,智有范2键智能开关M1,ailol.switch.sw2b01,ailol.switch.sw2b01.png,
插座开关,智有范,智有范4键智能开关M1,ailol.switch.sw4b01,ailol.switch.sw4b01.png,
插座开关,智有范,智有范6键智能开关M1,ailol.switch.sw6b01,ailol.switch.sw6b01.png,
插座开关,智汇云,智汇云一位轻触开关面板,ezhome.switch.z4001,ezhome.switch.z4001.png,
插座开关,智汇云,智汇云三位轻触开关面板,ezhome.switch.z4003,ezhome.switch.z4003.png,
插座开关,智汇云,智汇云二位轻触开关面板,ezhome.switch.z4002,ezhome.switch.z4002.png,
插座开关,智相连,智相连Mesh2.0通断器,zxlink.switch.zxltdq,zxlink.switch.zxltdq.png,
插座开关,智领袖,智领袖智能开关（一路）,zlx.switch.zlxkg1,zlx.switch.zlxkg1.png,
插座开关,智领袖,智领袖智能开关（三路）,zlx.switch.zlxkg3,zlx.switch.zlxkg3.png,
插座开关,智领袖,智领袖智能开关（二路）,zlx.switch.zlxkg2,zlx.switch.zlxkg2.png,
插座开关,智领袖,智领袖智能开关（四路）,zlx.switch.zlxkg4,zlx.switch.zlxkg4.png,
插座开关,朗尊,朗尊MESH2.0一位多功能智能开关,lzmesh.switch.sw1b01,lzmesh.switch.sw1b01.png,
插座开关,朗尊,朗尊MESH2.0三位多功能智能开关,lzmesh.switch.sw3b01,lzmesh.switch.sw3b01.png,
插座开关,朗尊,朗尊MESH2.0二位多功能智能开关,lzmesh.switch.sw2b01,lzmesh.switch.sw2b01.png,
插座开关,朗尊,朗尊MESH2.0四位多功能智能开关,lzmesh.switch.sw4b01,lzmesh.switch.sw4b01.png,
插座开关,朗尊,朗尊MESH一位智能开关,lzmesh.switch.sw1a01,lzmesh.switch.sw1a01.png,
插座开关,朗尊,朗尊MESH三位智能开关,lzmesh.switch.sw3a01,lzmesh.switch.sw3a01.png,
插座开关,朗尊,朗尊MESH二位智能开关,lzmesh.switch.sw2a01,lzmesh.switch.sw2a01.png,
插座开关,朗尊,朗尊MESH四位智能开关,lzmesh.switch.sw4a01,lzmesh.switch.sw4a01.png,
插座开关,朗尊,朗尊四键屏显开关PRO,lzmesh.switch.sw4a02,lzmesh.switch.sw4a02.png,
插座开关,朗尊,朗尊手柄无线开关T2,lzmesh.remote.sw2b01,lzmesh.remote.sw2b01.png,
插座开关,朗尊,朗尊旋钮无线开关T1,lzmesh.remote.sw1b01,lzmesh.remote.sw1b01.png,
插座开关,朗尊,朗尊旋钮无线开关T3,lzmesh.remote.sw1b02,lzmesh.remote.sw1b02.png,
插座开关,木林森,木林森智能一键开关（田字版）,mlszn.switch.sw1b01,mlszn.switch.sw1b01.png,
插座开关,木林森,木林森智能一键开关（竖版）,mlszn.switch.sw1a01,mlszn.switch.sw1a01.png,
插座开关,木林森,木林森智能三键开关（田字版）,mlszn.switch.sw3b01,mlszn.switch.sw3b01.png,
插座开关,木林森,木林森智能三键开关（竖版）,mlszn.switch.sw3a01,mlszn.switch.sw3a01.png,
插座开关,木林森,木林森智能二键开关（田字版）,mlszn.switch.sw2b01,mlszn.switch.sw2b01.png,
插座开关,木林森,木林森智能二键开关（竖版）,mlszn.switch.sw2a01,mlszn.switch.sw2a01.png,
插座开关,木林森,木林森智能四键开关（田字版）,mlszn.switch.sw4b01,mlszn.switch.sw4b01.png,
插座开关,木林森,木林森智能四键开关（竖版）,mlszn.switch.sw4a01,mlszn.switch.sw4a01.png,
插座开关,木林森照明,木林森Z01智能中控屏开关,mlszm.switch.sw3a01,mlszm.switch.sw3a01.png,
插座开关,未来居,未来居PLC智能八键开关面板,bymiot.switch.wlv2,bymiot.switch.wlv2.png,
插座开关,未来居,未来居S9Ultra彩屏屏显开关三键（Mesh 2.0）,bymiot.switch.3kwls5,bymiot.switch.3kwls5.png,
插座开关,未来居,未来居S9Ultra彩屏屏显开关单键（Mesh 2.0）,bymiot.switch.1kwls5,bymiot.switch.1kwls5.png,
插座开关,未来居,未来居S9Ultra彩屏屏显开关双键（Mesh 2.0）,bymiot.switch.2kwls5,bymiot.switch.2kwls5.png,
插座开关,未来居,未来居S9Ultra彩屏屏显开关四键（Mesh2.0）,bymiot.switch.4kwls5,bymiot.switch.4kwls5.png,
插座开关,未来居,未来居单(零)火兼容智能开关(三键),bymiot.switch.3kwls2,bymiot.switch.3kwls2.png,
插座开关,未来居,未来居单(零)火兼容智能开关(单键),bymiot.switch.1kwls2,bymiot.switch.1kwls2.png,
插座开关,未来居,未来居单(零)火兼容智能开关(双键),bymiot.switch.2kwls2,bymiot.switch.2kwls2.png,
插座开关,未来居,未来居单(零)火兼容智能开关(四键),bymiot.switch.4kwls2,bymiot.switch.4kwls2.png,
插座开关,未来居,未来居无线三键场景开关,bymiot.remote.3kwlv1,bymiot.remote.3kwlv1.png,
插座开关,未来居,未来居无线单键场景开关,bymiot.remote.1kwlv1,bymiot.remote.1kwlv1.png,
插座开关,未来居,未来居无线双键场景开关,bymiot.remote.2kwlv1,bymiot.remote.2kwlv1.png,
插座开关,未来居,未来居智能开关Mesh2.0（一键）,bymiot.switch.1kwlv4,bymiot.switch.1kwlv4.png,
插座开关,未来居,未来居智能开关Mesh2.0（三键）,bymiot.switch.3kwlv4,bymiot.switch.3kwlv4.png,
插座开关,未来居,未来居智能开关Mesh2.0（二键）,bymiot.switch.2kwlv4,bymiot.switch.2kwlv4.png,
插座开关,未来居,未来居智能开关Mesh2.0（四键）,bymiot.switch.4kwlv4,bymiot.switch.4kwlv4.png,
插座开关,未来居,未来居智能开关一键开关（Mesh 2.0）,bymiot.switch.1kwls6,bymiot.switch.1kwls6.png,
插座开关,未来居,未来居智能开关三键开关（Mesh 2.0）,bymiot.switch.3kwls6,bymiot.switch.3kwls6.png,
插座开关,未来居,未来居智能开关双键开关（Mesh 2.0）,bymiot.switch.2kwls6,bymiot.switch.2kwls6.png,
插座开关,未来居,未来居智能开关四键开关（Mesh 2.0）,bymiot.switch.4kwls6,bymiot.switch.4kwls6.png,
插座开关,未来居,未来居超薄屏显开关三键 Mesh2.0,bymiot.switch.px03,bymiot.switch.px03.png,
插座开关,未来居,未来居超薄屏显开关单键 Mesh2.0,bymiot.switch.px01,bymiot.switch.px01.png,
插座开关,未来居,未来居超薄屏显开关双键 Mesh2.0,bymiot.switch.px02,bymiot.switch.px02.png,
插座开关,未来居,未来居轻连三键强电开关,bymiot.switch.3kwlv1,bymiot.switch.3kwlv1.png,
插座开关,未来居,未来居轻连六键强电开关,bymiot.switch.6kwlv1,bymiot.switch.6kwlv1.png,
插座开关,未来居,未来居轻连单键强电开关,bymiot.switch.1kwlv1,bymiot.switch.1kwlv1.png,
插座开关,未来居,未来居轻连双键强电开关,bymiot.switch.2kwlv1,bymiot.switch.2kwlv1.png,
插座开关,未来居,未来居轻连四键强电开关,bymiot.switch.4kwlv1,bymiot.switch.4kwlv1.png,
插座开关,未来居,未来居轻连插卡取电,bymiot.cs.wlv2,bymiot.cs.wlv2.png,
插座开关,未来居,未来居零火智能开关(三键),bymiot.switch.3kwls3,bymiot.switch.3kwls3.png,
插座开关,未来居,未来居零火智能开关(单键),bymiot.switch.1kwls3,bymiot.switch.1kwls3.png,
插座开关,未来居,未来居零火智能开关(双键),bymiot.switch.2kwls3,bymiot.switch.2kwls3.png,
插座开关,未来居,未来居零火智能开关(四键),bymiot.switch.4kwls3,bymiot.switch.4kwls3.png,
插座开关,未来居科技,未来居PLC智能四键开关面板,bymiot.switch.plcv1,bymiot.switch.plcv1.png,
插座开关,未来居科技,未来居轻连强电插卡取电（Mesh 2.0）,bymiot.cs.wlv3,bymiot.cs.wlv3.png,
插座开关,杜亚,向日葵智能面板EK1,dooya.remote.ek1,dooya.remote.ek1.png,
插座开关,杜亚,杜亚智能无线开关E1,dooya.remote.e1p,dooya.remote.e1p.png,
插座开关,杜亚,杜亚智能无线旋钮开关E6,dooya.remote.e6,dooya.remote.e6.png,
插座开关,松鼠,松鼠一开智能开关,ssznkj.switch.sw1a01,ssznkj.switch.sw1a01.png,
插座开关,松鼠,松鼠三开智能屏显开关,ssznkj.switch.sw3b01,ssznkj.switch.sw3b01.png,
插座开关,松鼠,松鼠三开智能开关,ssznkj.switch.sw3a01,ssznkj.switch.sw3a01.png,
插座开关,松鼠,松鼠二开智能开关,ssznkj.switch.sw2a01,ssznkj.switch.sw2a01.png,
插座开关,松鼠,松鼠四开智能屏显开关,ssznkj.switch.sw4a01,ssznkj.switch.sw4a01.png,
插座开关,松鼠,松鼠四开智能开关,ssznkj.switch.sw4a02,ssznkj.switch.sw4a02.png,
插座开关,柏晶,柏晶一键智能开关,bogin8.switch.sw1a01,bogin8.switch.sw1a01.png,
插座开关,柏晶,柏晶三键智能开关,bogin8.switch.sw3a01,bogin8.switch.sw3a01.png,
插座开关,柏晶,柏晶二键智能开关,bogin8.switch.sw2a01,bogin8.switch.sw2a01.png,
插座开关,柏晶,柏晶四键智能开关,bogin8.switch.sw4a01,bogin8.switch.sw4a01.png,
插座开关,柏晶,柏晶智能四键屏显开关,bogin8.switch.sw4b01,bogin8.switch.sw4b01.png,
插座开关,柏曼,柏曼智能三键墙壁开关,pbm.switch.sw3a02,pbm.switch.sw3a02.png,
插座开关,柏曼,柏曼智能单键墙壁开关,pbm.switch.sw1a01,pbm.switch.sw1a01.png,
插座开关,柏曼,柏曼智能双键墙壁开关,pbm.switch.sw2a02,pbm.switch.sw2a02.png,
插座开关,树色,树色四路通断器 (Mesh2.0),shuse.switch.sskg6,shuse.switch.sskg6.png,
插座开关,树色,树色小圆豆无线开关（BLE）,shuse.remote.yk20,shuse.remote.yk20.png,
插座开关,树色,树色手指机器人伴侣（Mesh）,shuse.plug.ifrc1,shuse.plug.ifrc1.png,
插座开关,树色,树色无线开关一键（BLE）,shuse.remote.v6swx1,shuse.remote.v6swx1.png,
插座开关,树色,树色无线开关三键（BLE）,shuse.remote.v6swx3,shuse.remote.v6swx3.png,
插座开关,树色,树色无线开关二键（BLE）,shuse.remote.v6wx2,shuse.remote.v6wx2.png,
插座开关,树色,树色智能一键开关(Mesh2.0),shuse.switch.sskg1,shuse.switch.sskg1.png,
插座开关,树色,树色智能三键开关(Mesh2.0),shuse.switch.sskg3,shuse.switch.sskg3.png,
插座开关,树色,树色智能二键开关(Mesh2.0),shuse.switch.sskg22,shuse.switch.sskg22.png,
插座开关,树色,树色智能四键开关(Mesh2.0),shuse.switch.sskg4,shuse.switch.sskg4.png,
插座开关,树色,树色智能控制器Mesh,shuse.plug.v7icm,shuse.plug.v7icm.png,
插座开关,树色,树色智能控制器Wifi,shuse.plug.v7icw,shuse.plug.v7icw.png,
插座开关,树色,树色智能控制器计量版Mesh,shuse.plug.v8icm,shuse.plug.v8icm.png,
插座开关,树色,树色智能控制器计量版Wifi,shuse.plug.v8icwf,shuse.plug.v8icwf.png,
插座开关,树色,树色通断器（Mesh2.0）,shuse.plug.sstdqm,shuse.plug.sstdqm.png,
插座开关,树色,树色通断器（WiFi）,shuse.switch.v9s24,shuse.switch.v9s24.png,
插座开关,桦府,HF情景智能一键开关,huafu.switch.sw1a01,huafu.switch.sw1a01.png,
插座开关,桦府,HF情景智能三键开关,huafu.switch.sw3a01,huafu.switch.sw3a01.png,
插座开关,桦府,HF情景智能二键开关,huafu.switch.sw2a01,huafu.switch.sw2a01.png,
插座开关,桦府,HF情景智能四键开关,huafu.switch.sw4a01,huafu.switch.sw4a01.png,
插座开关,欧伦特,欧伦特智能排插CB7,oit.plug.cb7,oit.plug.cb7.png,
插座开关,欧伦特,欧伦特智能插座CB2,oit.plug.cb2,oit.plug.cb2.png,
插座开关,欧伦特,欧伦特智能插座CB3,oit.plug.cb3,oit.plug.cb3.png,
插座开关,欧伦特,欧伦特智能插座CB6,oit.plug.cb6,oit.plug.cb6.png,
插座开关,欧普,OPPLE 一位智能开关,opple.switch.0010d5,opple.switch.0010d5.png,
插座开关,欧普,OPPLE 三位智能开关,opple.switch.0010d3,opple.switch.0010d3.png,
插座开关,欧普,OPPLE 三位智能开关 高清屏,opple.switch.00101a,opple.switch.00101a.png,
插座开关,欧普,OPPLE 二位智能开关,opple.switch.0010d6,opple.switch.0010d6.png,
插座开关,欧普,OPPLE 六位智能开关,opple.switch.0010d7,opple.switch.0010d7.png,
插座开关,欧普,OPPLE 六位智能开关 高清屏,opple.switch.00101c,opple.switch.00101c.png,
插座开关,欧普,OPPLE 六键磁吸场景开关,opple.remote.02001c,opple.remote.02001c.png,
插座开关,欧普,OPPLE 墙面旋钮,opple.switch.00101e,opple.switch.00101e.png,
插座开关,欧普,OPPLE 智能五孔插座,opple.plug.001019,opple.plug.001019.png,
插座开关,欧普,欧普单火蓝牙开关MESH(三键),opple.switch.lbs03a,opple.switch.lbs03a.png,
插座开关,欧普,欧普单火蓝牙开关MESH(单键),opple.switch.lbs01a,opple.switch.lbs01a.png,
插座开关,欧普,欧普单火蓝牙开关MESH(双键),opple.switch.lbs02a,opple.switch.lbs02a.png,
插座开关,欧普,欧普无线开关（三键）,opple.remote.5pb113,opple.remote.5pb113.png,
插座开关,欧普,欧普无线开关（单键）,opple.remote.5pb111,opple.remote.5pb111.png,
插座开关,欧普,欧普无线开关（双键）,opple.remote.5pb112,opple.remote.5pb112.png,
插座开关,正泰,正泰X5E一位智能开关,chnt.switch.bln05,chnt.switch.bln05.png,
插座开关,正泰,正泰X5E三位智能开关,chnt.switch.bln07,chnt.switch.bln07.png,
插座开关,正泰,正泰X5E二位智能开关,chnt.switch.bln06,chnt.switch.bln06.png,
插座开关,正泰,正泰Z1一位智能开关,chnt.switch.calh01,chnt.switch.calh01.png,
插座开关,正泰,正泰Z1一位智能开关(单零火),chnt.switch.cadlh1,chnt.switch.cadlh1.png,
插座开关,正泰,正泰Z1三位智能开关,chnt.switch.calh03,chnt.switch.calh03.png,
插座开关,正泰,正泰Z1三位智能开关(单零火),chnt.switch.cadlh3,chnt.switch.cadlh3.png,
插座开关,正泰,正泰Z1二位智能开关,chnt.switch.calh02,chnt.switch.calh02.png,
插座开关,正泰,正泰Z1二位智能开关(单零火),chnt.switch.cadlh2,chnt.switch.cadlh2.png,
插座开关,正泰,正泰Z1四位智能开关,chnt.switch.calh04,chnt.switch.calh04.png,
插座开关,正泰,正泰智能开关（一位零火）,chnt.switch.bln01,chnt.switch.bln01.png,
插座开关,正泰,正泰智能开关（三位零火）,chnt.switch.bln03,chnt.switch.bln03.png,
插座开关,正泰,正泰智能开关（二位零火）,chnt.switch.bln02,chnt.switch.bln02.png,
插座开关,正泰,正泰智能开关（四位零火）,chnt.switch.bln04,chnt.switch.bln04.png,
插座开关,比特,bittel比特开关1键（蓝牙mesh）,btzn.switch.bh8b1,btzn.switch.bh8b1.png,
插座开关,比特,bittel比特开关2键（蓝牙mesh）,btzn.switch.bh8b2,btzn.switch.bh8b2.png,
插座开关,比特,bittel比特开关3键（蓝牙mesh）,btzn.switch.bh8b3,btzn.switch.bh8b3.png,
插座开关,汉枫,智慧插座WiFi版,shhf.plug.spwc02,shhf.plug.spwc02.png,
插座开关,汉枫,智慧计量插座WiFi版,shhf.plug.c001,shhf.plug.c001.png,
插座开关,汉语,汉语H3智能开关（一开）,hanyu1.switch.sw1b01,hanyu1.switch.sw1b01.png,
插座开关,汉语,汉语H3智能开关（三开）,hanyu1.switch.sw3b01,hanyu1.switch.sw3b01.png,
插座开关,汉语,汉语H3智能开关（二开）,hanyu1.switch.sw2b01,hanyu1.switch.sw2b01.png,
插座开关,汉语,汉语H3智能开关（四开）,hanyu1.switch.sw4b01,hanyu1.switch.sw4b01.png,
插座开关,汉语,汉语H8田字格智能开关（一开）,hanyu1.switch.sw1a01,hanyu1.switch.sw1a01.png,
插座开关,汉语,汉语H8田字格智能开关（三开）,hanyu1.switch.sw3a01,hanyu1.switch.sw3a01.png,
插座开关,汉语,汉语H8田字格智能开关（二开）,hanyu1.switch.sw2a01,hanyu1.switch.sw2a01.png,
插座开关,汉语,汉语H8田字格智能开关（四开）,hanyu1.switch.sw4a01,hanyu1.switch.sw4a01.png,
插座开关,河光智能,河光智能一键开关（Mesh2.0）,hgzm.switch.v81ksm,hgzm.switch.v81ksm.png,
插座开关,泰力,泰力118AS任意键系列零火智能开关一开,taili.switch.sw1d01,taili.switch.sw1d01.png,
插座开关,泰力,泰力118AS任意键系列零火智能开关三开,taili.switch.sw3d01,taili.switch.sw3d01.png,
插座开关,泰力,泰力118AS任意键系列零火智能开关二开,taili.switch.sw2d01,taili.switch.sw2d01.png,
插座开关,泰力,泰力118AS单边键系列零火智能开关一开,taili.switch.sw1c01,taili.switch.sw1c01.png,
插座开关,泰力,泰力118AS单边键系列零火智能开关三开,taili.switch.sw3c01,taili.switch.sw3c01.png,
插座开关,泰力,泰力118AS单边键系列零火智能开关二开,taili.switch.sw2c01,taili.switch.sw2c01.png,
插座开关,泰力,泰力S11系列零火智能开关一开,taili.switch.sw1b01,taili.switch.sw1b01.png,
插座开关,泰力,泰力S11系列零火智能开关三开,taili.switch.sw3b01,taili.switch.sw3b01.png,
插座开关,泰力,泰力S11系列零火智能开关二开,taili.switch.sw2b01,taili.switch.sw2b01.png,
插座开关,泰力,泰力S11系列零火智能开关四开,taili.switch.sw4b01,taili.switch.sw4b01.png,
插座开关,泰力,泰力ST7系列零火智能开关一开,taili.switch.sw1a01,taili.switch.sw1a01.png,
插座开关,泰力,泰力ST7系列零火智能开关三开,taili.switch.sw3a01,taili.switch.sw3a01.png,
插座开关,泰力,泰力ST7系列零火智能开关二开,taili.switch.sw2a01,taili.switch.sw2a01.png,
插座开关,泰力,泰力ST8屏显一键开关,taili.switch.px01,taili.switch.px01.png,
插座开关,泰力,泰力ST8屏显三键开关,taili.switch.px03,taili.switch.px03.png,
插座开关,泰力,泰力ST8屏显二键开关,taili.switch.px02,taili.switch.px02.png,
插座开关,泰力,泰力V1系列零火智能开关一开,taili.switch.sw1e01,taili.switch.sw1e01.png,
插座开关,泰力,泰力V1系列零火智能开关三开,taili.switch.sw3e01,taili.switch.sw3e01.png,
插座开关,泰力,泰力V1系列零火智能开关二开,taili.switch.sw2e01,taili.switch.sw2e01.png,
插座开关,泰力,泰力V1系列零火智能开关四开,taili.switch.sw4e01,taili.switch.sw4e01.png,
插座开关,浙发,ZF 一位开关〔N7C〕,zhefa.switch.cxm01,zhefa.switch.cxm01.png,
插座开关,浙发,ZF 三位开关〔N7C〕,zhefa.switch.cxm03,zhefa.switch.cxm03.png,
插座开关,浙发,ZF 三位开关〔N7D〕,zhefa.switch.dxm03,zhefa.switch.dxm03.png,
插座开关,浙发,ZF 三联六键开关〔N7C〕,zhefa.switch.cxmqj3,zhefa.switch.cxmqj3.png,
插座开关,浙发,ZF 二位开关〔N7C〕,zhefa.switch.cxm02,zhefa.switch.cxm02.png,
插座开关,浙发,ZF 二联四键开关〔N7C〕,zhefa.switch.cxmqj2,zhefa.switch.cxmqj2.png,
插座开关,浙发,ZF 四位开关〔N7C〕,zhefa.switch.cxm04,zhefa.switch.cxm04.png,
插座开关,浙发,ZF 四联八键开关〔N7B〕,zhefa.switch.bxm08,zhefa.switch.bxm08.png,
插座开关,浩翔联智,浩翔联智蓝牙Mesh计量插座,h2t528.plug.outlet,h2t528.plug.outlet.png,
插座开关,深思,深思一位智能开关,ssdg.switch.sw1a01,ssdg.switch.sw1a01.png,
插座开关,深思,深思三位智能开关,ssdg.switch.sw3a01,ssdg.switch.sw3a01.png,
插座开关,深思,深思二位智能开关,ssdg.switch.sw2a01,ssdg.switch.sw2a01.png,
插座开关,深思,深思四位智能开关,ssdg.switch.sw4a01,ssdg.switch.sw4a01.png,
插座开关,炎米,炎米智能插座,ym001.plug.ymcz,ym001.plug.ymcz.png,
插座开关,炽达,炽达智能开关 (一开零火版),chida.switch.bln31,chida.switch.bln31.png,
插座开关,炽达,炽达智能开关 (三开零火版),chida.switch.bln33,chida.switch.bln33.png,
插座开关,炽达,炽达智能开关 (二开零火版),chida.switch.bln32,chida.switch.bln32.png,
插座开关,炽达,炽达智能开关 (四开零火版),chida.switch.bln34,chida.switch.bln34.png,
插座开关,狄耐克,狄耐克一键屏显开关面板(Mesh2.0),dnake.switch.blp01,dnake.switch.blp01.png,
插座开关,狄耐克,狄耐克三键屏显开关面板(Mesh2.0),dnake.switch.blp03,dnake.switch.blp03.png,
插座开关,狄耐克,狄耐克二键屏显开关面板(Mesh2.0),dnake.switch.blp02,dnake.switch.blp02.png,
插座开关,狄耐克,狄耐克四键屏显开关面板(Mesh2.0),dnake.switch.blp04,dnake.switch.blp04.png,
插座开关,狄耐克,狄耐克彩屏开关面板G2-Mesh版,dnake.switch.bln04,dnake.switch.bln04.png,
插座开关,狄耐克,狄耐克智慧屏开关Find-Mesh版,dnake.switch.bln10,dnake.switch.bln10.png,
插座开关,狄耐克,狄耐克智慧屏开关knob-Mesh版,dnake.switch.bln02,dnake.switch.bln02.png,
插座开关,狄耐克,狄耐克智能一键开关面板,dnake.switch.sw1b01,dnake.switch.sw1b01.png,
插座开关,狄耐克,狄耐克智能一键开关面板(单零火),dnake.switch.bdlx1,dnake.switch.bdlx1.png,
插座开关,狄耐克,狄耐克智能一键开关面板（Mesh2.0）,dnake.switch.bln31,dnake.switch.bln31.png,
插座开关,狄耐克,狄耐克智能三键开关面板,dnake.switch.sw3b01,dnake.switch.sw3b01.png,
插座开关,狄耐克,狄耐克智能三键开关面板(单零火),dnake.switch.bdlx3,dnake.switch.bdlx3.png,
插座开关,狄耐克,狄耐克智能三键开关面板（Mesh2.0）,dnake.switch.bln33,dnake.switch.bln33.png,
插座开关,狄耐克,狄耐克智能二键开关面板,dnake.switch.sw2b01,dnake.switch.sw2b01.png,
插座开关,狄耐克,狄耐克智能二键开关面板(单零火),dnake.switch.bdlx2,dnake.switch.bdlx2.png,
插座开关,狄耐克,狄耐克智能二键开关面板（Mesh2.0）,dnake.switch.bln32,dnake.switch.bln32.png,
插座开关,狄耐克,狄耐克智能六键开关面板（Mesh2.0）,dnake.switch.bln36,dnake.switch.bln36.png,
插座开关,狄耐克,狄耐克智能四键开关面板,dnake.switch.sw4b01,dnake.switch.sw4b01.png,
插座开关,狄耐克,狄耐克智能四键开关面板（Mesh2.0）,dnake.switch.bln34,dnake.switch.bln34.png,
插座开关,现代点,现代点A8易点一位智能开关,point.switch.sw1b01,point.switch.sw1b01.png,
插座开关,现代点,现代点A8易点三位智能开关,point.switch.sw3b01,point.switch.sw3b01.png,
插座开关,现代点,现代点A8易点二位智能开关,point.switch.sw2b01,point.switch.sw2b01.png,
插座开关,现代点,现代点A8易点四位智能开关,point.switch.sw4b01,point.switch.sw4b01.png,
插座开关,现代点,现代点一位智能开关蜂鸟5.0,point.switch.fn01,point.switch.fn01.png,
插座开关,现代点,现代点一键屏显开关M5-K1,point.switch.mpx01,point.switch.mpx01.png,
插座开关,现代点,现代点三位智能开关蜂鸟5.0,point.switch.fn03,point.switch.fn03.png,
插座开关,现代点,现代点三键屏显开关M5-K3,point.switch.mpx03,point.switch.mpx03.png,
插座开关,现代点,现代点二位智能开关蜂鸟5.0,point.switch.fn02,point.switch.fn02.png,
插座开关,现代点,现代点二键屏显开关M5-K2,point.switch.mpx02,point.switch.mpx02.png,
插座开关,甘石,GS一位零火屏显智能开关,qjiang.switch.oled01,qjiang.switch.oled01.png,
插座开关,甘石,GS三位零火屏显智能开关,qjiang.switch.oled03,qjiang.switch.oled03.png,
插座开关,甘石,GS二位零火屏显智能开关,qjiang.switch.oled22,qjiang.switch.oled22.png,
插座开关,甘石,GS四位零火屏显智能开关,qjiang.switch.oled04,qjiang.switch.oled04.png,
插座开关,电亿秒,电亿秒CM2计量插座,iot.plug.cm2,iot.plug.cm2.png,
插座开关,电小酷,电小酷智能墙插CO1-M1,cuco.plug.co1d,cuco.plug.co1d.png,
插座开关,电小酷,电小酷智能开关CS1（零火线单键版）1,cuco.switch.cs1d,cuco.switch.cs1d.png,
插座开关,电小酷,电小酷智能开关CS2（零火线双键版）1,cuco.switch.cs2d,cuco.switch.cs2d.png,
插座开关,电小酷,电小酷智能开关CS3（零火线三键版）1,cuco.switch.cs3d,cuco.switch.cs3d.png,
插座开关,电小酷,电小酷智能开关S4AM(单火线单键版),cuco.switch.s4amtd,cuco.switch.s4amtd.png,
插座开关,电小酷,电小酷智能开关S5AM(单火线双键版),cuco.switch.s5amtd,cuco.switch.s5amtd.png,
插座开关,电小酷,电小酷智能开关S6AM(单火线三键版),cuco.switch.s6amtd,cuco.switch.s6amtd.png,
插座开关,电小酷,电小酷智能插座 CO3-M,cuco.plug.co3d,cuco.plug.co3d.png,
插座开关,电小酷,电小酷智能插座 CP1-A,cuco.plug.cp1c,cuco.plug.cp1c.png,
插座开关,电小酷,电小酷智能插座 CP2,cuco.plug.cp2d,cuco.plug.cp2d.png,
插座开关,电小酷,电小酷智能插座 CP2-AM,cuco.plug.cp2ad,cuco.plug.cp2ad.png,
插座开关,电小酷,电小酷智能插座CP1,cuco.plug.cp1d,cuco.plug.cp1d.png,
插座开关,电小酷,电小酷智能插座CP1-AM(计电量)2,cuco.plug.cp1md,cuco.plug.cp1md.png,
插座开关,电小酷,电小酷智能插座CP3-AM1,cuco.plug.cp3ad,cuco.plug.cp3ad.png,
插座开关,电小酷,电小酷智能插座CP5,cuco.plug.cp5d,cuco.plug.cp5d.png,
插座开关,电小酷,电小酷智能插座CP5 Pro,cuco.plug.cp5prd,cuco.plug.cp5prd.png,
插座开关,电小酷,电小酷智能插座CP7Pro,cuco.plug.cp7pd,cuco.plug.cp7pd.png,
插座开关,电小酷,电小酷智能插座P8AM,cuco.plug.p8amd,cuco.plug.p8amd.png,
插座开关,皓逸,皓逸Smart Home四键开关(屏显版),090615.switch.hy3in1,090615.switch.hy3in1.png,
插座开关,皓逸,皓逸一键智能开关V1,090615.switch.hyv1s1,090615.switch.hyv1s1.png,
插座开关,皓逸,皓逸三键智能开关V1,090615.switch.hyv1s3,090615.switch.hyv1s3.png,
插座开关,皓逸,皓逸二键智能开关V1,090615.switch.hyv1s2,090615.switch.hyv1s2.png,
插座开关,皓逸,皓逸智能开关一开Q3pro(屏显版),090615.switch.q3pro1,090615.switch.q3pro1.png,
插座开关,皓逸,皓逸智能开关三开Q3pro(屏显版),090615.switch.q3pro3,090615.switch.q3pro3.png,
插座开关,皓逸,皓逸智能开关二开Q3pro(屏显版),090615.switch.q3pro2,090615.switch.q3pro2.png,
插座开关,皓逸,皓逸桌面调光情景旋钮无线开关（Pro）,090615.remote.hydesk,090615.remote.hydesk.png,
插座开关,皓逸,皓逸超薄中控屏开关Q3Pro (Mesh2.0),090615.switch.hytpq5,090615.switch.hytpq5.png,
插座开关,睿态,睿态智能开关Mesh2.0（一键）,rtzn.switch.sw1a01,rtzn.switch.sw1a01.png,
插座开关,睿态,睿态智能开关Mesh2.0（三键）,rtzn.switch.sw3a01,rtzn.switch.sw3a01.png,
插座开关,睿态,睿态智能开关Mesh2.0（二键）,rtzn.switch.sw2a01,rtzn.switch.sw2a01.png,
插座开关,睿态,睿态智能开关Mesh2.0（四键）,rtzn.switch.sw4a01,rtzn.switch.sw4a01.png,
插座开关,睿晶小智,RJ一路智能开关（Mesh2.0）,rjxn20.switch.rjkg1,rjxn20.switch.rjkg1.png,
插座开关,睿晶小智,RJ三路智能开关（Mesh2.0）,rjxn20.switch.rjkg3,rjxn20.switch.rjkg3.png,
插座开关,睿晶小智,RJ二路智能开关（Mesh2.0）,rjxn20.switch.rjkg2,rjxn20.switch.rjkg2.png,
插座开关,睿晶小智,RJ四路智能开关（Mesh2.0）,rjxn20.switch.rjkg4,rjxn20.switch.rjkg4.png,
插座开关,睿晶小智,RJ智能一键开关Mesh版,rjxn20.switch.rixmyk,rjxn20.switch.rixmyk.png,
插座开关,睿晶小智,RJ智能三键开关Mesh版,rjxn20.switch.rixmsk,rjxn20.switch.rixmsk.png,
插座开关,睿晶小智,RJ智能二键开关Mesh版,rjxn20.switch.rixmek,rjxn20.switch.rixmek.png,
插座开关,睿晶小智,RJ智能四键开关Mesh版,rjxn20.switch.rixmlk,rjxn20.switch.rixmlk.png,
插座开关,睿晶小智,RJ智能蓝牙插座,rjxn20.plug.rjcz,rjxn20.plug.rjcz.png,
插座开关,睿晶小智,RJ智能蓝牙通断器,rjxn20.switch.rjtdm,rjxn20.switch.rjtdm.png,
插座开关,知或居,知或居智能屏幕开关,bymiot.switch.wlv3,bymiot.switch.wlv3.png,
插座开关,知或居,知或居智能开关Mesh2.0（一键）,bymiot.switch.1kwlv3,bymiot.switch.1kwlv3.png,
插座开关,知或居,知或居智能开关Mesh2.0（三键）,bymiot.switch.3kwlv3,bymiot.switch.3kwlv3.png,
插座开关,知或居,知或居智能开关Mesh2.0（二键）,bymiot.switch.2kwlv3,bymiot.switch.2kwlv3.png,
插座开关,知或居,知或居智能开关Mesh2.0（四键）,bymiot.switch.4kwlv3,bymiot.switch.4kwlv3.png,
插座开关,知简,知简智能开关 一位,soron.switch.sw1a01,soron.switch.sw1a01.png,
插座开关,知简,知简智能开关 三位,soron.switch.sw3a01,soron.switch.sw3a01.png,
插座开关,知简,知简智能开关 二位,soron.switch.sw2a01,soron.switch.sw2a01.png,
插座开关,禹泰电工,禹泰电工Mesh插座,yutai.plug.bm1,yutai.plug.bm1.png,
插座开关,禹泰电工,禹泰电工WiFi插座,yutai.plug.socn1,yutai.plug.socn1.png,
插座开关,禹泰电工,禹泰电工WiFi计量插座,yutai.plug.jdls1,yutai.plug.jdls1.png,
插座开关,禹泰电工,禹泰电工智能插座Mesh2.0,yutai.plug.yccz1,yutai.plug.yccz1.png,
插座开关,禹泰电工,禹泰电工智能插座计量版（Mesh）,yutai.plug.fsov8m,yutai.plug.fsov8m.png,
插座开关,禹泰电工,禹泰电工智能插座计量版（WiFi）,yutai.plug.fsov8w,yutai.plug.fsov8w.png,
插座开关,禹泰电工,禹泰电工智能插座（Mesh）,yutai.plug.fsov7m,yutai.plug.fsov7m.png,
插座开关,禹泰电工,禹泰电工智能插座（WiFi）,yutai.plug.fsov7w,yutai.plug.fsov7w.png,
插座开关,秋田,秋田智能开关（一位）,qtzm.switch.qtkg1,qtzm.switch.qtkg1.png,
插座开关,秋田,秋田智能开关（三位）,qtzm.switch.qtkg3,qtzm.switch.qtkg3.png,
插座开关,秋田,秋田智能开关（两位）,qtzm.switch.qtkg2,qtzm.switch.qtkg2.png,
插座开关,秋田,秋田智能开关（四位）,qtzm.switch.qtkg4,qtzm.switch.qtkg4.png,
插座开关,科创者,科创者 K1 Pro 超薄四键显示屏开关2.0,bjkcz.switch.kczk14,bjkcz.switch.kczk14.png,
插座开关,科创者,科创者K1 Ultra 超薄中控屏开关2.0,bjkcz.switch.kczk13,bjkcz.switch.kczk13.png,
插座开关,科创者,科创者K1 超薄智能开关一键 2.0,bjkcz.switch.kczk11,bjkcz.switch.kczk11.png,
插座开关,科创者,科创者K1 超薄智能开关三键 2.0,bjkcz.switch.kczk33,bjkcz.switch.kczk33.png,
插座开关,科创者,科创者K1 超薄智能开关二键 2.0,bjkcz.switch.kczk12,bjkcz.switch.kczk12.png,
插座开关,科创者,科创者K1 超薄智能开关四键 2.0,bjkcz.switch.kczk44,bjkcz.switch.kczk44.png,
插座开关,科创者,科创者K1四键情景无线贴屏显版,bjkcz.remote.kczk1s,bjkcz.remote.kczk1s.png,
插座开关,科米其,科米其智能多功能面板Mesh2.0,kemiqi.switch.kmw11,kemiqi.switch.kmw11.png,
插座开关,科米其,科米其智能开关（零火一键）,kemiqi.switch.kmw01,kemiqi.switch.kmw01.png,
插座开关,科米其,科米其智能开关（零火一键）Mesh2.0,kemiqi.switch.kmw12,kemiqi.switch.kmw12.png,
插座开关,科米其,科米其智能开关（零火三键）,kemiqi.switch.kmw03,kemiqi.switch.kmw03.png,
插座开关,科米其,科米其智能开关（零火三键）Mesh2.0,kemiqi.switch.kmw14,kemiqi.switch.kmw14.png,
插座开关,科米其,科米其智能开关（零火二键）,kemiqi.switch.kmw02,kemiqi.switch.kmw02.png,
插座开关,科米其,科米其智能开关（零火二键）Mesh2.0,kemiqi.switch.kmw13,kemiqi.switch.kmw13.png,
插座开关,科米其,科米其智能开关（零火四键）,kemiqi.switch.kmw04,kemiqi.switch.kmw04.png,
插座开关,科米其,科米其智能开关（零火四键）Mesh2.0,kemiqi.switch.kmw15,kemiqi.switch.kmw15.png,
插座开关,立,立德云数4寸屏幕开关,leadzn.switch.ldys4,leadzn.switch.ldys4.png,
插座开关,立,立德云数超薄屏显开关一键,leadzn.switch.ldys01,leadzn.switch.ldys01.png,
插座开关,立,立德云数超薄屏显开关三键,leadzn.switch.ldys03,leadzn.switch.ldys03.png,
插座开关,立,立德云数超薄屏显开关二键,leadzn.switch.ldys02,leadzn.switch.ldys02.png,
插座开关,简智宅,简智宅一键屏显开关,zzx.switch.px1,zzx.switch.px1.png,
插座开关,简智宅,简智宅三键屏显开关,zzx.switch.px3,zzx.switch.px3.png,
插座开关,简智宅,简智宅二键屏显开关,zzx.switch.px2,zzx.switch.px2.png,
插座开关,简智宅,简智宅四键屏显开关,zzx.switch.px4,zzx.switch.px4.png,
插座开关,米舍,米舍超薄美学三键开关(Mesh2.0),888888.switch.sbkg3,888888.switch.sbkg3.png,
插座开关,米舍,米舍超薄美学单键开关(Mesh2.0),888888.switch.sbkg1,888888.switch.sbkg1.png,
插座开关,米舍,米舍超薄美学双键开关(Mesh2.0),888888.switch.sbkg2,888888.switch.sbkg2.png,
插座开关,米舍,米舍超薄美学多键开关(Mesh2.0),888888.switch.sbkg4,888888.switch.sbkg4.png,
插座开关,米驰,米驰M1 Pro开关,cqzx.switch.sw1a02,cqzx.switch.sw1a02.png,
插座开关,精配,JP四键开关,gzjp.switch.sw4a01,gzjp.switch.sw4a01.png,
插座开关,索菲亚,索菲亚智慧屏开关M1,sfy.switch.css002,sfy.switch.css002.png,
插座开关,索菲亚,索菲亚智能单火开关一键M1,sfy.switch.sw101,sfy.switch.sw101.png,
插座开关,索菲亚,索菲亚智能单火开关三键M1,sfy.switch.sw103,sfy.switch.sw103.png,
插座开关,索菲亚,索菲亚智能单火开关二键M1,sfy.switch.sw102,sfy.switch.sw102.png,
插座开关,索菲亚,索菲亚智能无线开关M1,sfy.remote.ws001,sfy.remote.ws001.png,
插座开关,索菲亚,索菲亚智能零火开关一键M1,sfy.switch.sw001,sfy.switch.sw001.png,
插座开关,索菲亚,索菲亚智能零火开关三键M1,sfy.switch.sw003,sfy.switch.sw003.png,
插座开关,索菲亚,索菲亚智能零火开关二键M1,sfy.switch.sw002,sfy.switch.sw002.png,
插座开关,索菲亚,索菲亚智能零火开关四键M1,sfy.switch.sw004,sfy.switch.sw004.png,
插座开关,维立光照明,WLG-U9 智能开关一键,wlg.switch.sw1a01,wlg.switch.sw1a01.png,
插座开关,维立光照明,WLG-U9 智能开关三键,wlg.switch.sw3a01,wlg.switch.sw3a01.png,
插座开关,维立光照明,WLG-U9 智能开关二键,wlg.switch.sw2a01,wlg.switch.sw2a01.png,
插座开关,维立光照明,WLG-U9Pro 圆屏开关三键,wlg.switch.sw3b01,wlg.switch.sw3b01.png,
插座开关,维立光照明,WLG-U9Pro 圆屏开关二键,wlg.switch.sw2b01,wlg.switch.sw2b01.png,
插座开关,维立光照明,WLG-U9Pro 圆屏开关四键,wlg.switch.sw4b01,wlg.switch.sw4b01.png,
插座开关,缘弧,缘弧旋钮无线开关,yhmesh.remote.sw1b01,yhmesh.remote.sw1b01.png,
插座开关,缘弧,缘弧智能开关面板一键 V2s pro 2.0,yhmesh.switch.sw1a01,yhmesh.switch.sw1a01.png,
插座开关,缘弧,缘弧智能开关面板三键 V2s pro 2.0,yhmesh.switch.sw3a01,yhmesh.switch.sw3a01.png,
插座开关,缘弧,缘弧智能开关面板二键 V2s pro 2.0,yhmesh.switch.sw2a01,yhmesh.switch.sw2a01.png,
插座开关,缘弧,缘弧智能开关面板四键 V2s pro 2.0,yhmesh.switch.sw4a01,yhmesh.switch.sw4a01.png,
插座开关,罗格朗,罗格朗一位带零线智能开关,lhz.switch.1gang,lhz.switch.1gang.png,
插座开关,罗格朗,罗格朗一位带零线智能开关MESH版,lhz.switch.1g,lhz.switch.1g.png,
插座开关,罗格朗,罗格朗三位带零线智能开关,lhz.switch.3gang,lhz.switch.3gang.png,
插座开关,罗格朗,罗格朗三位带零线智能开关MESH版,lhz.switch.3g,lhz.switch.3g.png,
插座开关,罗格朗,罗格朗二位场景开关MESH版,lhz.remote.2g,lhz.remote.2g.png,
插座开关,罗格朗,罗格朗二位带零线智能开关,lhz.switch.2gang,lhz.switch.2gang.png,
插座开关,罗格朗,罗格朗二位带零线智能开关MESH版,lhz.switch.2g,lhz.switch.2g.png,
插座开关,罗格朗,罗格朗六位场景开关MESH版,lhz.remote.6g,lhz.remote.6g.png,
插座开关,罗格朗,罗格朗四位场景开关MESH版,lhz.remote.4g,lhz.remote.4g.png,
插座开关,罗格朗,罗格朗智绘一位智能开关,lhz.switch.sw1a01,lhz.switch.sw1a01.png,
插座开关,罗格朗,罗格朗智绘三位智能开关,lhz.switch.sw3a01,lhz.switch.sw3a01.png,
插座开关,罗格朗,罗格朗智绘二位智能开关,lhz.switch.sw2a01,lhz.switch.sw2a01.png,
插座开关,罗格朗,罗格朗智绘六位零火场景开关,lhz.remote.sw6a02,lhz.remote.sw6a02.png,
插座开关,罗格朗,罗格朗智绘四位智能开关,lhz.switch.sw4a01,lhz.switch.sw4a01.png,
插座开关,罗格朗,罗格朗简悦一位智能开关,lhz.switch.jy1g,lhz.switch.jy1g.png,
插座开关,罗格朗,罗格朗简悦三位智能开关,lhz.switch.jy3g,lhz.switch.jy3g.png,
插座开关,罗格朗,罗格朗简悦二位智能开关,lhz.switch.jy2g,lhz.switch.jy2g.png,
插座开关,罗格朗,罗格朗简悦四位智能开关,lhz.switch.jy4g01,lhz.switch.jy4g01.png,
插座开关,罗格朗,罗格朗简悦四位零火场景开关,lhz.remote.jy4g,lhz.remote.jy4g.png,
插座开关,罗格朗,罗格朗绮蕴一位智能开关,lhz.switch.qy1g01,lhz.switch.qy1g01.png,
插座开关,罗格朗,罗格朗绮蕴三位智能开关,lhz.switch.qy3g01,lhz.switch.qy3g01.png,
插座开关,罗格朗,罗格朗绮蕴二位智能开关,lhz.switch.qy2g01,lhz.switch.qy2g01.png,
插座开关,罗格朗,罗格朗绮蕴四位智能开关,lhz.switch.qy4g01,lhz.switch.qy4g01.png,
插座开关,罗格朗,罗格朗绮蕴四位零火场景开关,lhz.remote.qy4g,lhz.remote.qy4g.png,
插座开关,罗格朗,罗格朗维翼一位智能开关,lhz.switch.sw1d01,lhz.switch.sw1d01.png,
插座开关,罗格朗,罗格朗维翼三位彩屏智能开关,lhz.switch.sw3c01,lhz.switch.sw3c01.png,
插座开关,罗格朗,罗格朗维翼三位智能开关,lhz.switch.sw3d01,lhz.switch.sw3d01.png,
插座开关,罗格朗,罗格朗维翼二位彩屏智能开关,lhz.switch.sw2c01,lhz.switch.sw2c01.png,
插座开关,罗格朗,罗格朗维翼二位智能开关,lhz.switch.sw2d01,lhz.switch.sw2d01.png,
插座开关,罗格朗,罗格朗维翼六位零火场景开关,lhz.remote.sw6d01,lhz.remote.sw6d01.png,
插座开关,罗格朗,罗格朗维翼四位彩屏智能开关,lhz.switch.sw4c01,lhz.switch.sw4c01.png,
插座开关,罗格朗,罗格朗维翼四位智能开关,lhz.switch.sw4d01,lhz.switch.sw4d01.png,
插座开关,罗格朗,罗格朗逸景Plus一位智能开关,lhz.switch.sw1g,lhz.switch.sw1g.png,
插座开关,罗格朗,罗格朗逸景Plus三位智能开关,lhz.switch.sw3g,lhz.switch.sw3g.png,
插座开关,罗格朗,罗格朗逸景Plus二位智能开关,lhz.switch.sw2g,lhz.switch.sw2g.png,
插座开关,罗格朗,罗格朗逸景Plus四位场景开关,lhz.remote.4gang,lhz.remote.4gang.png,
插座开关,罗格朗,罗格朗逸景Plus四位智能开关,lhz.switch.sw4g,lhz.switch.sw4g.png,
插座开关,美莱恩,美莱恩智能开关（三键）,melion.switch.sw3a01,melion.switch.sw3a01.png,
插座开关,美莱恩,美莱恩智能开关（六键）,melion.switch.sw6a01,melion.switch.sw6a01.png,
插座开关,美莱恩,美莱恩智能开关（单键）,melion.switch.sw1a01,melion.switch.sw1a01.png,
插座开关,美莱恩,美莱恩智能开关（双键）,melion.switch.sw2a01,melion.switch.sw2a01.png,
插座开关,美莱恩,美莱恩智能开关（四键）,melion.switch.sw4a01,melion.switch.sw4a01.png,
插座开关,聆巨,聆巨六路智能排插（Mesh）,linju.plug.sw6a01,linju.plug.sw6a01.png,
插座开关,聆巨,聆巨智能控制器,linju.plug.znkzq,linju.plug.znkzq.png,
插座开关,聆巨,聆巨智能插座（Mesh2.0）,linju.plug.ljspm2,linju.plug.ljspm2.png,
插座开关,聆巨,聆巨蓝牙Mesh通断器,linju.switch.sw0a01,linju.switch.sw0a01.png,
插座开关,联讯智能,LX智能一位开关M6(Mesh2.0),lxun.switch.lxkg1,lxun.switch.lxkg1.png,
插座开关,联讯智能,LX智能一键开关C5-Mesh版,lxun.switch.bln31,lxun.switch.bln31.png,
插座开关,联讯智能,LX智能一键开关C6-Mesh版,lxun.switch.c61k,lxun.switch.c61k.png,
插座开关,联讯智能,LX智能三位开关M6(Mesh2.0),lxun.switch.lxkg3,lxun.switch.lxkg3.png,
插座开关,联讯智能,LX智能三键开关C5-Mesh版,lxun.switch.bln33,lxun.switch.bln33.png,
插座开关,联讯智能,LX智能三键开关C6-Mesh版,lxun.switch.c63k,lxun.switch.c63k.png,
插座开关,联讯智能,LX智能二位开关M6(Mesh2.0),lxun.switch.lxkg2,lxun.switch.lxkg2.png,
插座开关,联讯智能,LX智能二键开关C5-Mesh版,lxun.switch.bln32,lxun.switch.bln32.png,
插座开关,联讯智能,LX智能二键开关C6-Mesh版,lxun.switch.c62k,lxun.switch.c62k.png,
插座开关,联讯智能,LX智能四位开关M6(Mesh2.0),lxun.switch.lxkg4,lxun.switch.lxkg4.png,
插座开关,联讯智能,LX智能四键开关C5-Mesh版,lxun.switch.bln34,lxun.switch.bln34.png,
插座开关,联讯智能,LX智能四键开关C6-Mesh版,lxun.switch.c64k,lxun.switch.c64k.png,
插座开关,自然爱,自然爱开关SW6 Mesh2.0 一键,gt1688.switch.sw1a01,gt1688.switch.sw1a01.png,
插座开关,自然爱,自然爱开关SW6 Mesh2.0 三键,gt1688.switch.sw3a01,gt1688.switch.sw3a01.png,
插座开关,自然爱,自然爱开关SW6 Mesh2.0 二键,gt1688.switch.sw2a01,gt1688.switch.sw2a01.png,
插座开关,自然爱,自然爱开关SW6 Mesh2.0 四键,gt1688.switch.sw4a01,gt1688.switch.sw4a01.png,
插座开关,苏米,苏米A1蓝牙Mesh开关（三键）,090615.switch.smbt03,090615.switch.smbt03.png,
插座开关,苏米,苏米A1蓝牙Mesh开关（单键）,090615.switch.smbt01,090615.switch.smbt01.png,
插座开关,苏米,苏米A1蓝牙Mesh开关（双键）,090615.switch.smbt02,090615.switch.smbt02.png,
插座开关,苏米,苏米B1蓝牙Mesh开关（三键）,090615.switch.smb1s3,090615.switch.smb1s3.png,
插座开关,苏米,苏米B1蓝牙Mesh开关（二键）,090615.switch.smb1s2,090615.switch.smb1s2.png,
插座开关,苏米,苏米B1蓝牙Mesh开关（单键）,090615.switch.smb1s1,090615.switch.smb1s1.png,
插座开关,苏米科技,苏米全面屏开关,xhuan.switch.sw2c02,xhuan.switch.sw2c02.png,
插座开关,苏米科技,苏米全面屏开关Mesh2.0,xhuan.switch.sw3c03,xhuan.switch.sw3c03.png,
插座开关,苏米科技,苏米安全轨道插座Mesh2.0,xhuan.plug.gdc01,xhuan.plug.gdc01.png,
插座开关,苏米科技,苏米屏显开关Mesh2.0(三键),xhuan.switch.3prz01,xhuan.switch.3prz01.png,
插座开关,苏米科技,苏米屏显开关Mesh2.0(单键),xhuan.switch.1prz01,xhuan.switch.1prz01.png,
插座开关,苏米科技,苏米屏显开关Mesh2.0(双键),xhuan.switch.2prz01,xhuan.switch.2prz01.png,
插座开关,苏米科技,苏米屏显开关Mesh2.0(四键),xhuan.switch.4prz01,xhuan.switch.4prz01.png,
插座开关,苏米科技,苏米屏显开关Y1 Pro（三键）,xhuan.switch.h1p3,xhuan.switch.h1p3.png,
插座开关,苏米科技,苏米屏显开关Y1 Pro（单键）,xhuan.switch.h1p1,xhuan.switch.h1p1.png,
插座开关,苏米科技,苏米屏显开关Y1 Pro（双键）,xhuan.switch.h1p2,xhuan.switch.h1p2.png,
插座开关,苏米科技,苏米智能圆屏面板Mesh2.0,xhuan.switch.xlrz05,xhuan.switch.xlrz05.png,
插座开关,苏米科技,苏米智能开关Air（零火三键）,xhuan.switch.3prz03,xhuan.switch.3prz03.png,
插座开关,苏米科技,苏米智能开关Air（零火单键）,xhuan.switch.1prz03,xhuan.switch.1prz03.png,
插座开关,苏米科技,苏米智能开关Air（零火双键）,xhuan.switch.2prz03,xhuan.switch.2prz03.png,
插座开关,苏米科技,苏米智能开关Air（零火四键）,xhuan.switch.4prz03,xhuan.switch.4prz03.png,
插座开关,苏米科技,苏米智能开关Hs（零火一键）,xhuan.switch.1nrz03,xhuan.switch.1nrz03.png,
插座开关,苏米科技,苏米智能开关Hs（零火三键）,xhuan.switch.3nrz03,xhuan.switch.3nrz03.png,
插座开关,苏米科技,苏米智能开关Hs（零火二键）,xhuan.switch.2nrz03,xhuan.switch.2nrz03.png,
插座开关,苏米科技,苏米智能开关Hs（零火四键）,xhuan.switch.4nrz03,xhuan.switch.4nrz03.png,
插座开关,苏米科技,苏米智能开关H（单火一键）,xhuan.switch.1lrz02,xhuan.switch.1lrz02.png,
插座开关,苏米科技,苏米智能开关H（单火三键）,xhuan.switch.3lrz02,xhuan.switch.3lrz02.png,
插座开关,苏米科技,苏米智能开关H（单火二键）,xhuan.switch.2lrz02,xhuan.switch.2lrz02.png,
插座开关,苏米科技,苏米智能开关H（单火四键）,xhuan.switch.4lrz02,xhuan.switch.4lrz02.png,
插座开关,苏米科技,苏米智能开关H（零火一键）,xhuan.switch.1nrz02,xhuan.switch.1nrz02.png,
插座开关,苏米科技,苏米智能开关H（零火三键）,xhuan.switch.3nrz02,xhuan.switch.3nrz02.png,
插座开关,苏米科技,苏米智能开关H（零火二键）,xhuan.switch.2nrz02,xhuan.switch.2nrz02.png,
插座开关,苏米科技,苏米智能开关H（零火四键）,xhuan.switch.4nrz02,xhuan.switch.4nrz02.png,
插座开关,苏米科技,苏米智能开关Mesh2.0（单零火一键）,xhuan.switch.1lrz04,xhuan.switch.1lrz04.png,
插座开关,苏米科技,苏米智能开关Mesh2.0（单零火三键）,xhuan.switch.3lrz04,xhuan.switch.3lrz04.png,
插座开关,苏米科技,苏米智能开关Mesh2.0（单零火二键）,xhuan.switch.2lrz04,xhuan.switch.2lrz04.png,
插座开关,苏米科技,苏米智能开关Mesh2.0（单零火四键）,xhuan.switch.4lrz04,xhuan.switch.4lrz04.png,
插座开关,苏米科技,苏米智能开关Mesh2.0（零火一键）,xhuan.switch.1nrz05,xhuan.switch.1nrz05.png,
插座开关,苏米科技,苏米智能开关Mesh2.0（零火三键）,xhuan.switch.3nrz05,xhuan.switch.3nrz05.png,
插座开关,苏米科技,苏米智能开关Mesh2.0（零火二键）,xhuan.switch.2nrz05,xhuan.switch.2nrz05.png,
插座开关,苏米科技,苏米智能开关Mesh2.0（零火四键）,xhuan.switch.4nrz05,xhuan.switch.4nrz05.png,
插座开关,苏米科技,苏米智能开关PLC版(三键),xhuan.switch.plcg04,xhuan.switch.plcg04.png,
插座开关,苏米科技,苏米智能开关PLC版(单键),xhuan.switch.plcg02,xhuan.switch.plcg02.png,
插座开关,苏米科技,苏米智能开关PLC版(双键),xhuan.switch.plcg03,xhuan.switch.plcg03.png,
插座开关,苏米科技,苏米智能开关PLC版(四键),xhuan.switch.plcg05,xhuan.switch.plcg05.png,
插座开关,苏米科技,苏米智能开关（零火一键）,xhuan.switch.sw1b01,xhuan.switch.sw1b01.png,
插座开关,苏米科技,苏米智能开关（零火三键）,xhuan.switch.sw3b01,xhuan.switch.sw3b01.png,
插座开关,苏米科技,苏米智能开关（零火二键）,xhuan.switch.sw2b01,xhuan.switch.sw2b01.png,
插座开关,苏米科技,苏米智能开关（零火四键）,xhuan.switch.sw4b01,xhuan.switch.sw4b01.png,
插座开关,苏米科技,苏米趣动屏开关S1（三键）,xhuan.switch.3prz02,xhuan.switch.3prz02.png,
插座开关,苏米科技,苏米趣动屏开关S1（单键）,xhuan.switch.1prz02,xhuan.switch.1prz02.png,
插座开关,苏米科技,苏米趣动屏开关S1（双键）,xhuan.switch.2prz02,xhuan.switch.2prz02.png,
插座开关,苏米科技,苏米趣动屏开关S1（四键）,xhuan.switch.4prz02,xhuan.switch.4prz02.png,
插座开关,莱盾,LD智能一路开关（Mesh2.0）,laidun.switch.ldkg1,laidun.switch.ldkg1.png,
插座开关,莱盾,LD智能三路开关（Mesh2.0）,laidun.switch.ldkg3,laidun.switch.ldkg3.png,
插座开关,莱盾,LD智能二路开关（Mesh2.0）,laidun.switch.ldkg2,laidun.switch.ldkg2.png,
插座开关,莱盾,LD智能四路开关（Mesh2.0）,laidun.switch.ldkg4,laidun.switch.ldkg4.png,
插座开关,莱盾,LD智能通断器(Mesh2.0),laidun.switch.ldmtdq,laidun.switch.ldmtdq.png,
插座开关,莱盾,LD智能通断器A(Mesh2.0),laidun.switch.ldtdq2,laidun.switch.ldtdq2.png,
插座开关,菱敏,菱敏智能三键开关,rinmin.switch.sjdkg3,rinmin.switch.sjdkg3.png,
插座开关,菱敏,菱敏智能单键开关,rinmin.switch.sjdkg1,rinmin.switch.sjdkg1.png,
插座开关,菱敏,菱敏智能双键开关,rinmin.switch.sjdkg2,rinmin.switch.sjdkg2.png,
插座开关,菱敏,菱敏智能四键开关,rinmin.switch.sjdkg4,rinmin.switch.sjdkg4.png,
插座开关,西蒙电气,Simon二位随意贴开关（电池版）,scc.remote.ru02,scc.remote.ru02.png,
插座开关,西蒙电气,Simon四位随意贴开关（电池版）,scc.remote.ru06,scc.remote.ru06.png,
插座开关,西蒙电气,Simon智能一键开关,scc.switch.bln21,scc.switch.bln21.png,
插座开关,西蒙电气,Simon智能三键开关,scc.switch.bln23,scc.switch.bln23.png,
插座开关,西蒙电气,Simon智能二键开关,scc.switch.bln22,scc.switch.bln22.png,
插座开关,西蒙电气,Simon智能四键开关,scc.switch.bln24,scc.switch.bln24.png,
插座开关,西蒙电气,Simon智能屏键开关,scc.switch.sw04,scc.switch.sw04.png,
插座开关,西蒙电气,Simon智能开关（一位 单零火版）,scc.switch.bl01,scc.switch.bl01.png,
插座开关,西蒙电气,Simon智能开关（一位 零火版）,scc.switch.bln01,scc.switch.bln01.png,
插座开关,西蒙电气,Simon智能开关（一开 零火版）,scc.switch.bln41,scc.switch.bln41.png,
插座开关,西蒙电气,Simon智能开关（三位 单零火版）,scc.switch.bl03,scc.switch.bl03.png,
插座开关,西蒙电气,Simon智能开关（三位 零火版）,scc.switch.bln03,scc.switch.bln03.png,
插座开关,西蒙电气,Simon智能开关（三开 零火版）,scc.switch.bln43,scc.switch.bln43.png,
插座开关,西蒙电气,Simon智能开关（二位 单零火版）,scc.switch.bl02,scc.switch.bl02.png,
插座开关,西蒙电气,Simon智能开关（二位 零火版）,scc.switch.bln02,scc.switch.bln02.png,
插座开关,西蒙电气,Simon智能开关（二开 零火版）,scc.switch.bln42,scc.switch.bln42.png,
插座开关,西蒙电气,Simon智能开关（四开 零火版),scc.switch.blnx4,scc.switch.blnx4.png,
插座开关,西蒙电气,Simon智能超级屏控开关,scc.switch.sup3,scc.switch.sup3.png,
插座开关,西门子,西门子荟辰&荟绎智能一位单火开关,siemen.switch.arina1,siemen.switch.arina1.png,
插座开关,西门子,西门子荟辰&荟绎智能一位随意贴,siemen.remote.arinap,siemen.remote.arinap.png,
插座开关,西门子,西门子荟辰&荟绎智能三位单火开关,siemen.switch.arina3,siemen.switch.arina3.png,
插座开关,西门子,西门子荟辰&荟绎智能二位单火开关,siemen.switch.arina2,siemen.switch.arina2.png,
插座开关,西门子,西门子荟辰&荟绎智能二位随意贴,siemen.remote.asw002,siemen.remote.asw002.png,
插座开关,西顿,六键复合调光面板,cdn.switch.x6,cdn.switch.x6.png,
插座开关,西顿,舍见三键场景开关,cdn.remote.x1md3,cdn.remote.x1md3.png,
插座开关,西顿,舍见二键场景开关,cdn.remote.x1md2,cdn.remote.x1md2.png,
插座开关,西顿,舍见智能墙壁开关（三键）,cdn.switch.x1msl3,cdn.switch.x1msl3.png,
插座开关,西顿,舍见智能墙壁开关（二键）,cdn.switch.x1msl2,cdn.switch.x1msl2.png,
插座开关,西顿,西顿PLC六键圆屏开关M6,cdn.switch.c6k3yp,cdn.switch.c6k3yp.png,
插座开关,西顿,西顿PLC屏显开关M6（四开）,cdn.switch.c4k4p7,cdn.switch.c4k4p7.png,
插座开关,西顿,西顿单零火兼容开关M2 (三开),cdn.switch.dlhjr3,cdn.switch.dlhjr3.png,
插座开关,西顿,西顿单零火兼容开关M2 (二开),cdn.switch.dlhjr2,cdn.switch.dlhjr2.png,
插座开关,西顿,西顿单零火兼容开关M2（一开）,cdn.switch.1dlhjr,cdn.switch.1dlhjr.png,
插座开关,西顿,西顿单零火兼容开关M2（四开）,cdn.switch.4dlhjr,cdn.switch.4dlhjr.png,
插座开关,西顿,西顿智慧屏开关M6,cdn.switch.znzkp4,cdn.switch.znzkp4.png,
插座开关,西顿,西顿智能圆屏多功能开关M6(六键）,cdn.switch.znypkg,cdn.switch.znypkg.png,
插座开关,西顿,西顿智能圆屏开关M8（四开）,cdn.switch.m8yp4,cdn.switch.m8yp4.png,
插座开关,西顿,西顿智能屏显开关M6（三开）,cdn.switch.c4k3lc,cdn.switch.c4k3lc.png,
插座开关,西顿,西顿智能屏显开关M6（二开）,cdn.switch.c4k2lc,cdn.switch.c4k2lc.png,
插座开关,西顿,西顿智能屏显开关M6（四开）,cdn.switch.c4k4lc,cdn.switch.c4k4lc.png,
插座开关,西顿,西顿智能屏显开关M8（三开）,cdn.switch.m8k3,cdn.switch.m8k3.png,
插座开关,西顿,西顿智能屏显开关M8（二开）,cdn.switch.m8k2,cdn.switch.m8k2.png,
插座开关,西顿,西顿智能屏显开关M8（四开）,cdn.switch.m8k4,cdn.switch.m8k4.png,
插座开关,西顿,西顿智能零火开关M2（一开）,cdn.switch.1knm3,cdn.switch.1knm3.png,
插座开关,西顿,西顿智能零火开关M2（三开）,cdn.switch.3klnm3,cdn.switch.3klnm3.png,
插座开关,西顿,西顿智能零火开关M2（二开）,cdn.switch.2klnm3,cdn.switch.2klnm3.png,
插座开关,西顿,西顿智能零火开关M2（四开）,cdn.switch.4klnm3,cdn.switch.4klnm3.png,
插座开关,西顿,西顿舍见PLC场景面板(六键),cdn.remote.c6m3,cdn.remote.c6m3.png,
插座开关,西顿,西顿舍见PLC场景面板(四键),cdn.remote.c4m3,cdn.remote.c4m3.png,
插座开关,西顿,西顿舍见PLC复合面板(六键),cdn.switch.fh003,cdn.switch.fh003.png,
插座开关,西顿,西顿舍见PLC复合面板(四键),cdn.switch.fh002,cdn.switch.fh002.png,
插座开关,视贝,视贝智家屏显开关2.0（四开）,shibei.switch.sw4,shibei.switch.sw4.png,
插座开关,视贝,视贝智家开关2.0（一开）,shibei.switch.sw1a01,shibei.switch.sw1a01.png,
插座开关,视贝,视贝智家开关2.0（三开）,shibei.switch.sw3a01,shibei.switch.sw3a01.png,
插座开关,视贝,视贝智家开关2.0（二开）,shibei.switch.sw2a01,shibei.switch.sw2a01.png,
插座开关,视贝,视贝智家开关2.0（四开）,shibei.switch.sw4a01,shibei.switch.sw4a01.png,
插座开关,贝朗德,贝朗德八键智能情景开关,belede.switch.sw8a01,belede.switch.sw8a01.png,
插座开关,贝朗德,贝朗德智能一键开关,belede.switch.sw1e01,belede.switch.sw1e01.png,
插座开关,贝朗德,贝朗德智能三键开关,belede.switch.sw3e02,belede.switch.sw3e02.png,
插座开关,贝朗德,贝朗德智能二键开关,belede.switch.sw2e01,belede.switch.sw2e01.png,
插座开关,贝朗德,贝朗德智能四键开关,belede.switch.sw4e01,belede.switch.sw4e01.png,
插座开关,贝朗德,贝朗德超薄屏显智能一键开关,belede.switch.s9ol1k,belede.switch.s9ol1k.png,
插座开关,贝朗德,贝朗德超薄屏显智能三键开关,belede.switch.s9ol3k,belede.switch.s9ol3k.png,
插座开关,贝朗德,贝朗德超薄屏显智能二键开关,belede.switch.s9ol2k,belede.switch.s9ol2k.png,
插座开关,迅透,迅透光感天幕控制开关,shadow.switch.sw0a01,shadow.switch.sw0a01.png,
插座开关,迈睿,迈睿双路通断器S2,merryt.switch.sw2a01,merryt.switch.sw2a01.png,
插座开关,追觅,追觅智能开关Air（一开）,dreame.switch.b031g,dreame.switch.b031g.png,
插座开关,追觅,追觅智能开关Air（三开）,dreame.switch.b033g,dreame.switch.b033g.png,
插座开关,追觅,追觅智能开关Air（二开）,dreame.switch.b032g,dreame.switch.b032g.png,
插座开关,追觅,追觅智能开关Lite（一开）,dreame.switch.b041g,dreame.switch.b041g.png,
插座开关,追觅,追觅智能开关Lite（三开）,dreame.switch.b043g,dreame.switch.b043g.png,
插座开关,追觅,追觅智能开关Lite（二开）,dreame.switch.b042g,dreame.switch.b042g.png,
插座开关,追觅,追觅智能开关（一开）,dreame.switch.b011g,dreame.switch.b011g.png,
插座开关,追觅,追觅智能开关（三开）,dreame.switch.b013g,dreame.switch.b013g.png,
插座开关,追觅,追觅智能开关（二开）,dreame.switch.b012g,dreame.switch.b012g.png,
插座开关,通士达,通士达插座,tsd.plug.hmi001,tsd.plug.hmi001.png,
插座开关,道来,单路开关模块Mesh版,daolai.switch.k1,daolai.switch.k1.png,
插座开关,道韦,道韦118DS任意键系列零火智能开关一开,daowei.switch.sw1d01,daowei.switch.sw1d01.png,
插座开关,道韦,道韦118DS任意键系列零火智能开关三开,daowei.switch.sw3d01,daowei.switch.sw3d01.png,
插座开关,道韦,道韦118DS任意键系列零火智能开关二开,daowei.switch.sw2d01,daowei.switch.sw2d01.png,
插座开关,道韦,道韦118DS单边键系列零火智能开关一开,daowei.switch.sw1c01,daowei.switch.sw1c01.png,
插座开关,道韦,道韦118DS单边键系列零火智能开关三开,daowei.switch.sw3c01,daowei.switch.sw3c01.png,
插座开关,道韦,道韦118DS单边键系列零火智能开关二开,daowei.switch.sw2c01,daowei.switch.sw2c01.png,
插座开关,道韦,道韦DS01系列零火智能开关一开,daowei.switch.sw1b01,daowei.switch.sw1b01.png,
插座开关,道韦,道韦DS01系列零火智能开关三开,daowei.switch.sw3b01,daowei.switch.sw3b01.png,
插座开关,道韦,道韦DS01系列零火智能开关二开,daowei.switch.sw2b01,daowei.switch.sw2b01.png,
插座开关,道韦,道韦DS01系列零火智能开关四开,daowei.switch.sw4b01,daowei.switch.sw4b01.png,
插座开关,道韦,道韦DS07系列零火智能开关一开,daowei.switch.sw1e01,daowei.switch.sw1e01.png,
插座开关,道韦,道韦DS07系列零火智能开关三开,daowei.switch.sw3e01,daowei.switch.sw3e01.png,
插座开关,道韦,道韦DS07系列零火智能开关二开,daowei.switch.sw2e01,daowei.switch.sw2e01.png,
插座开关,道韦,道韦DS07系列零火智能开关四开,daowei.switch.sw4e01,daowei.switch.sw4e01.png,
插座开关,道韦,道韦DS08屏显一键开关,daowei.switch.nolr01,daowei.switch.nolr01.png,
插座开关,道韦,道韦DS08屏显三键开关,daowei.switch.nolr03,daowei.switch.nolr03.png,
插座开关,道韦,道韦DS08屏显二键开关,daowei.switch.nolr02,daowei.switch.nolr02.png,
插座开关,道韦,道韦DS11系列零火智能开关一开,daowei.switch.sw1a01,daowei.switch.sw1a01.png,
插座开关,道韦,道韦DS11系列零火智能开关三开,daowei.switch.sw3a01,daowei.switch.sw3a01.png,
插座开关,道韦,道韦DS11系列零火智能开关二开,daowei.switch.sw2a01,daowei.switch.sw2a01.png,
插座开关,道韦,道韦DS11系列零火智能开关四开,daowei.switch.sw4a01,daowei.switch.sw4a01.png,
插座开关,道韦,道韦DTS-60智能情景4寸屏开关,daowei.switch.sw3a03,daowei.switch.sw3a03.png,
插座开关,邮科通信,邮科通信一键智能开关,qimi.switch.sw1b01,qimi.switch.sw1b01.png,
插座开关,邮科通信,邮科通信三键智能开关,qimi.switch.sw3b01,qimi.switch.sw3b01.png,
插座开关,邮科通信,邮科通信二键智能开关,qimi.switch.sw2b01,qimi.switch.sw2b01.png,
插座开关,邮科通信,邮科通信四键智能开关,qimi.switch.sw4b01,qimi.switch.sw4b01.png,
插座开关,酷犀,酷犀情景智慧屏开关,kuxi.switch.sw3d01,kuxi.switch.sw3d01.png,
插座开关,酷犀,酷犀智能屏显开关四键Ultra,kuxi.switch.sw4a02,kuxi.switch.sw4a02.png,
插座开关,酷犀,酷犀智能开关一键,kuxi.switch.sw1a01,kuxi.switch.sw1a01.png,
插座开关,酷犀,酷犀智能开关三键,kuxi.switch.sw3a01,kuxi.switch.sw3a01.png,
插座开关,酷犀,酷犀智能开关二键,kuxi.switch.sw2a01,kuxi.switch.sw2a01.png,
插座开关,酷犀,酷犀智能开关四键,kuxi.switch.sw4b01,kuxi.switch.sw4b01.png,
插座开关,酷犀,酷犀智能开关场景四键（带屏显）,kuxi.switch.sw4a01,kuxi.switch.sw4a01.png,
插座开关,金云智联,金云智联墙壁开关X1（单键 PLC版）,ksc.switch.px1k1,ksc.switch.px1k1.png,
插座开关,金云智联,金云智联墙壁开关X1（四键 PLC版）,ksc.switch.px1k4,ksc.switch.px1k4.png,
插座开关,金百丽灯饰,金百丽1位智能开关,jbl123.switch.sw1a01,jbl123.switch.sw1a01.png,
插座开关,金百丽灯饰,金百丽2位智能开关,jbl123.switch.sw2a01,jbl123.switch.sw2a01.png,
插座开关,金百丽灯饰,金百丽3位智能开关,jbl123.switch.sw3a01,jbl123.switch.sw3a01.png,
插座开关,金百丽灯饰,金百丽4位智能开关,jbl123.switch.sw4a01,jbl123.switch.sw4a01.png,
插座开关,鑫居,鑫居智能转换插座(WiFi),xjzn.plug.v9xjw,xjzn.plug.v9xjw.png,
插座开关,钻石,钻石通断器Mesh2.0,uimeen.switch.tdq1,uimeen.switch.tdq1.png,
插座开关,阳光照明,阳光智能开关三键,yankon.switch.sw03,yankon.switch.sw03.png,
插座开关,阳光照明,阳光智能开关三键M3,yankon.switch.ykpx03,yankon.switch.ykpx03.png,
插座开关,阳光照明,阳光智能开关单键,yankon.switch.sw01,yankon.switch.sw01.png,
插座开关,阳光照明,阳光智能开关单键M3,yankon.switch.ykpx01,yankon.switch.ykpx01.png,
插座开关,阳光照明,阳光智能开关双键,yankon.switch.sw02,yankon.switch.sw02.png,
插座开关,阳光照明,阳光智能开关双键M3,yankon.switch.ykpx02,yankon.switch.ykpx02.png,
插座开关,阳光照明,阳光智能开关四键M3,yankon.switch.ykpx04,yankon.switch.ykpx04.png,
插座开关,雁派,雁派六键无线开关（BLE）,zlyj88.remote.ypwx1,zlyj88.remote.ypwx1.png,
插座开关,雁派,雁派智能一路开关（Mesh2.0）,zlyj88.switch.ypkg1,zlyj88.switch.ypkg1.png,
插座开关,雁派,雁派智能三路开关（Mesh2.0）,zlyj88.switch.ypkg3,zlyj88.switch.ypkg3.png,
插座开关,雁派,雁派智能二路开关（Mesh2.0）,zlyj88.switch.ypkg2,zlyj88.switch.ypkg2.png,
插座开关,雁派,雁派智能四路开关（Mesh2.0）,zlyj88.switch.ypkg4,zlyj88.switch.ypkg4.png,
插座开关,雷克,雷克智能X2屏显一键开关,leike.switch.lkpxs1,leike.switch.lkpxs1.png,
插座开关,雷克,雷克智能X2屏显三键开关,leike.switch.lkpxs3,leike.switch.lkpxs3.png,
插座开关,雷克,雷克智能X2屏显二键开关,leike.switch.lkpxs2,leike.switch.lkpxs2.png,
插座开关,雷卡之星,雷卡之星智能开关一键,lkzm.switch.sw1a01,lkzm.switch.sw1a01.png,
插座开关,雷卡之星,雷卡之星智能开关三键,lkzm.switch.sw3a01,lkzm.switch.sw3a01.png,
插座开关,雷卡之星,雷卡之星智能开关二键,lkzm.switch.sw2a01,lkzm.switch.sw2a01.png,
插座开关,雷卡之星,雷卡之星智能开关四键,lkzm.switch.sw4a01,lkzm.switch.sw4a01.png,
插座开关,雷施顿照明,雷施顿智能开关（三键Mesh版）,lesdn.switch.sw3a01,lesdn.switch.sw3a01.png,
插座开关,雷施顿照明,雷施顿智能开关（单键Mesh版）,lesdn.switch.sw1a01,lesdn.switch.sw1a01.png,
插座开关,雷施顿照明,雷施顿智能开关（双键Mesh版）,lesdn.switch.sw2a01,lesdn.switch.sw2a01.png,
插座开关,雷施顿照明,雷施顿智能开关（四键Mesh版）,lesdn.switch.sw4a01,lesdn.switch.sw4a01.png,
插座开关,青米,爱国者智能插排,qmi.plug.psv1,qmi.plug.psv1.png,
插座开关,青米,青米智能插排,qmi.powerstrip.v1,qmi.powerstrip.v1.png,
插座开关,飞利浦,飞利浦智能开关_MifyPL30_1K,signfy.switch.bm0yz1,signfy.switch.bm0yz1.png,
插座开关,飞利浦,飞利浦智能开关_MifyPL30_2K,signfy.switch.bm0yz2,signfy.switch.bm0yz2.png,
插座开关,飞利浦,飞利浦智能开关_MifyPL30_3K,signfy.switch.bm0yz3,signfy.switch.bm0yz3.png,
插座开关,飞利浦,飞利浦智能开关_MifyPL30_4K,signfy.switch.bm0yz4,signfy.switch.bm0yz4.png,
插座开关,飞雕,飞雕大板智能开关（零火四键）,feid.switch.fdw008,feid.switch.fdw008.png,
插座开关,飞雕,飞雕智彩一位零火智能开关,feid.switch.fdw009,feid.switch.fdw009.png,
插座开关,飞雕,飞雕智彩三位零火智能开关,feid.switch.fdw011,feid.switch.fdw011.png,
插座开关,飞雕,飞雕智彩二位零火智能开关,feid.switch.fdw010,feid.switch.fdw010.png,
插座开关,飞雕,飞雕智彩四位零火智能开关,feid.switch.fdw012,feid.switch.fdw012.png,
插座开关,飞雕,飞雕智薄一位零火智能开关,feid.switch.fdw005,feid.switch.fdw005.png,
插座开关,飞雕,飞雕智薄三位零火智能开关,feid.switch.fdw007,feid.switch.fdw007.png,
插座开关,飞雕,飞雕智薄二位零火智能开关,feid.switch.fdw006,feid.switch.fdw006.png,
插座开关,飞雕,飞雕智薄四位零火智能开关,feid.switch.fdw013,feid.switch.fdw013.png,
插座开关,馨光,XG蓝牙Mesh智能开关,wainft.switch.sw3a01,wainft.switch.sw3a01.png,
插座开关,馨光, 馨光蓝牙mesh通断器,wainft.switch.sw0a01,wainft.switch.sw0a01.png,
插座开关,高事达,高事达PLC智能一位复合开关(零火),gaosd.switch.gsp1k,gaosd.switch.gsp1k.png,
插座开关,高事达,高事达PLC智能三位复合开关(零火),gaosd.switch.gsp3k,gaosd.switch.gsp3k.png,
插座开关,高事达,高事达PLC智能二位复合开关(零火),gaosd.switch.gsp2k,gaosd.switch.gsp2k.png,
插座开关,高事达,高事达PLC智能八位复合开关(零火),gaosd.switch.gsp8k,gaosd.switch.gsp8k.png,
插座开关,高事达,高事达PLC智能六位复合开关(零火),gaosd.switch.gsp6k,gaosd.switch.gsp6k.png,
插座开关,高事达,高事达PLC智能四位复合开关(零火),gaosd.switch.gsp4k,gaosd.switch.gsp4k.png,
插座开关,鸿雁,鸿雁GM系列智能轨道插座,honyar.plug.plug2,honyar.plug.plug2.png,
插座开关,鸿雁,鸿雁三键开关K31ND10-BD,honyar.switch.k31bd,honyar.switch.k31bd.png,
插座开关,鸿雁,鸿雁三键智能开关1,honyar.switch.sw3c04,honyar.switch.sw3c04.png,
插座开关,鸿雁,鸿雁三键智能开关2,honyar.switch.sw3a01,honyar.switch.sw3a01.png,
插座开关,鸿雁,鸿雁三键智能开关HM1 pro,honyar.switch.sw3d01,honyar.switch.sw3d01.png,
插座开关,鸿雁,鸿雁三键智能触摸开关,honyar.switch.sw3b01,honyar.switch.sw3b01.png,
插座开关,鸿雁,鸿雁三键轻触开关W3-86K31ND5-BD-M-PRO,honyar.switch.dl001,honyar.switch.dl001.png,
插座开关,鸿雁,鸿雁单键开关K11ND10-BD,honyar.switch.k11bd,honyar.switch.k11bd.png,
插座开关,鸿雁,鸿雁单键智能开关1,honyar.switch.sw1c04,honyar.switch.sw1c04.png,
插座开关,鸿雁,鸿雁单键智能开关2,honyar.switch.sw1a01,honyar.switch.sw1a01.png,
插座开关,鸿雁,鸿雁单键智能开关HM1 pro,honyar.switch.sw1d01,honyar.switch.sw1d01.png,
插座开关,鸿雁,鸿雁单键智能触摸开关,honyar.switch.sw1b01,honyar.switch.sw1b01.png,
插座开关,鸿雁,鸿雁单键轻触开关W3-86K11ND5-BD-M-PRO,honyar.switch.dl003,honyar.switch.dl003.png,
插座开关,鸿雁,鸿雁双键开关K21ND10-BD,honyar.switch.k21bd,honyar.switch.k21bd.png,
插座开关,鸿雁,鸿雁双键智能开关1,honyar.switch.sw2c04,honyar.switch.sw2c04.png,
插座开关,鸿雁,鸿雁双键智能开关2,honyar.switch.sw2a01,honyar.switch.sw2a01.png,
插座开关,鸿雁,鸿雁双键智能开关HM1 pro,honyar.switch.sw2d01,honyar.switch.sw2d01.png,
插座开关,鸿雁,鸿雁双键智能触摸开关,honyar.switch.sw2b01,honyar.switch.sw2b01.png,
插座开关,鸿雁,鸿雁双键轻触开关W3-86K21ND5-BD-M-PRO,honyar.switch.dl002,honyar.switch.dl002.png,
插座开关,鸿雁,鸿雁四键智能开关1,honyar.switch.sw4c04,honyar.switch.sw4c04.png,
插座开关,鸿雁,鸿雁四键智能开关2,honyar.switch.sw4a01,honyar.switch.sw4a01.png,
插座开关,鸿雁,鸿雁四键智能开关HM1 pro,honyar.switch.sw4d01,honyar.switch.sw4d01.png,
插座开关,鸿雁,鸿雁四键智能触摸开关,honyar.switch.sw4b01,honyar.switch.sw4b01.png,
插座开关,鸿雁,鸿雁智能插座,honyar.plug.v7icm,honyar.plug.v7icm.png,
插座开关,鸿雁,鸿雁智能插座IHC8406M,honyar.plug.cz01,honyar.plug.cz01.png,
插座开关,鸿雁,鸿雁毫米波节能转换插座,honyar.plug.hyrccz,honyar.plug.hyrccz.png,
插座开关,鸿雁,鸿雁超薄三键智能开关,honyar.switch.sw3c01,honyar.switch.sw3c01.png,
插座开关,鸿雁,鸿雁超薄单键智能开关,honyar.switch.sw1c01,honyar.switch.sw1c01.png,
插座开关,鸿雁,鸿雁超薄双键智能开关,honyar.switch.sw2c01,honyar.switch.sw2c01.png,
插座开关,鹰皇,MixDALI智能开关面板,emelit.switch.xmrp00,emelit.switch.xmrp00.png,
插座开关,麒石,麒石远程电脑开机卡,yzjkj.plug.yzjkj,yzjkj.plug.yzjkj.png,
插座开关,龙胜,龙胜一位彩屏按键零火开关,longs.switch.yls01,longs.switch.yls01.png,
插座开关,龙胜,龙胜一位零火屏显开关,longs.switch.nlsw21,longs.switch.nlsw21.png,
插座开关,龙胜,龙胜一位零火开关,longs.switch.lsnls1,longs.switch.lsnls1.png,
插座开关,龙胜,龙胜三位彩屏按键零火开关,longs.switch.yls03,longs.switch.yls03.png,
插座开关,龙胜,龙胜三位零火屏显开关,longs.switch.nlsw23,longs.switch.nlsw23.png,
插座开关,龙胜,龙胜三位零火开关,longs.switch.lsnls3,longs.switch.lsnls3.png,
插座开关,龙胜,龙胜二位彩屏按键零火开关,longs.switch.yls02,longs.switch.yls02.png,
插座开关,龙胜,龙胜二位零火屏显开关,longs.switch.nlsw22,longs.switch.nlsw22.png,
插座开关,龙胜,龙胜二位零火开关,longs.switch.lsnls2,longs.switch.lsnls2.png,
插座开关,龙胜,龙胜全面屏智能面板,longs.switch.nlsw4z,longs.switch.nlsw4z.png,
插座开关,龙胜,龙胜四位彩屏按键零火开关,longs.switch.yls04,longs.switch.yls04.png,
插座开关,龙胜,龙胜四位零火屏显开关,longs.switch.nlsw24,longs.switch.nlsw24.png,
插座开关,龙胜,龙胜四位零火开关,longs.switch.lsnls4,longs.switch.lsnls4.png,
插座开关,龙胜,龙胜圆屏智能多功能面板,longs.switch.nlsw3d,longs.switch.nlsw3d.png,
插座开关,ANXIANG,AX智联彩色屏显开关,ax01.switch.sw4g01,ax01.switch.sw4g01.png,
插座开关,ANXIANG,AX智能通断器,ax01.switch.sw0a02,ax01.switch.sw0a02.png,
插座开关,BELEDE,贝朗德M17-OL屏显一键开关,belede.switch.sw1a02,belede.switch.sw1a02.png,
插座开关,BELEDE,贝朗德M17-OL屏显三键开关,belede.switch.sw3a02,belede.switch.sw3a02.png,
插座开关,BELEDE,贝朗德M17-OL屏显二键开关,belede.switch.sw2a02,belede.switch.sw2a02.png,
插座开关,FDD国际电工,FDD 国际电工智能轨道插座,xdx001.plug.pc01,xdx001.plug.pc01.png,
插座开关,FDD国际电工,fdd 国际电工一键智能开关,xdx001.switch.dlh1k,xdx001.switch.dlh1k.png,
插座开关,FDD国际电工,fdd 国际电工三键智能开关,xdx001.switch.dlh3k,xdx001.switch.dlh3k.png,
插座开关,FDD国际电工,fdd 国际电工二键智能开关,xdx001.switch.dlh2k,xdx001.switch.dlh2k.png,
插座开关,FDD国际电工,fdd 国际电工四键智能开关,xdx001.switch.dh4k,xdx001.switch.dh4k.png,
插座开关,FRFOX,FRFOX-Z5臻薄四寸屏显开关,yoohoo.switch.sw3a03,yoohoo.switch.sw3a03.png,
插座开关,FSL,FSL 一位零火开关BLE,sfl.switch.sw1b01,sfl.switch.sw1b01.png,
插座开关,FSL,FSL 三位零火开关BLE,sfl.switch.sw3b01,sfl.switch.sw3b01.png,
插座开关,FSL,FSL 二位零火开关BLE,sfl.switch.sw2b01,sfl.switch.sw2b01.png,
插座开关,FSL,FSL 四寸智能彩屏开关,sfl.switch.sw3a03,sfl.switch.sw3a03.png,
插座开关,H.E.P,H.E.P-夏新智能三键开关,amoi.switch.bln03,amoi.switch.bln03.png,
插座开关,H.E.P,H.E.P-夏新智能二键开关,amoi.switch.bln02,amoi.switch.bln02.png,
插座开关,H.E.P,H.E.P-夏新智能四键开关,amoi.switch.bln04,amoi.switch.bln04.png,
插座开关,JOCO,JOCO智能K1情景旋钮无线开关,nbxh.remote.sw1b02,nbxh.remote.sw1b02.png,
插座开关,JTJIOT,捷特佳智能彩屏开关M8,jtjiot.switch.sw4a04,jtjiot.switch.sw4a04.png,
插座开关,JTJIOT,捷特佳智能零火开关M1,jtjiot.switch.sw1a01,jtjiot.switch.sw1a01.png,
插座开关,JTJIOT,捷特佳智能零火开关M2,jtjiot.switch.sw2a01,jtjiot.switch.sw2a01.png,
插座开关,JTJIOT,捷特佳智能零火开关M3,jtjiot.switch.sw3a01,jtjiot.switch.sw3a01.png,
插座开关,KEEY,KEEY 智能一键复合开关 M2pro,keey.switch.qytkg1,keey.switch.qytkg1.png,
插座开关,KEEY,KEEY 智能三键复合开关 M2pro,keey.switch.qytkg3,keey.switch.qytkg3.png,
插座开关,KEEY,KEEY 智能二键复合开关 M2pro,keey.switch.qytkg2,keey.switch.qytkg2.png,
插座开关,KEEY,KEEY 智能四键复合开关 M2pro,keey.switch.qytkg4,keey.switch.qytkg4.png,
插座开关,KINSUNY今上,今上智能开关S1 Pro 四键屏显版,ksks.switch.sw4a03,ksks.switch.sw4a03.png,
插座开关,MAIHUI,MAIHUI A15智能开关一键,ppe.switch.sw1c01,ppe.switch.sw1c01.png,
插座开关,MAIHUI,MAIHUI A15智能开关三键,ppe.switch.sw3c01,ppe.switch.sw3c01.png,
插座开关,MAIHUI,MAIHUI A15智能开关二键,ppe.switch.sw2c01,ppe.switch.sw2c01.png,
插座开关,MAIHUI,MAIHUI A15智能开关四键,ppe.switch.sw4c01,ppe.switch.sw4c01.png,
插座开关,MAIHUI,MAIHUI智能Mesh插座,ppe.plug.znwk01,ppe.plug.znwk01.png,
插座开关,NIOT,NIOT 智能（温控）转换插座,axzn.plug.s2w,axzn.plug.s2w.png,
插座开关,OML,欧曼智能屏显开关K8 Pro（四键）,oml.switch.sw4d01,oml.switch.sw4d01.png,
插座开关,OSTEEN,OSTEEN智能屏显开关（四键）,osteen.switch.sw4a05,osteen.switch.sw4a05.png,
插座开关,OUXIM,OUXIM圆屏四键开关,ouxim.switch.lxkg4,ouxim.switch.lxkg4.png,
插座开关,SHARE,Share蓝牙Mesh2.0超薄 四键开关,sh1966.switch.sw4c02,sh1966.switch.sw4c02.png,
插座开关,TEP国际电工,TEP国际电工M3系列智能一键屏显开关,722231.switch.m3px01,722231.switch.m3px01.png,
插座开关,TEP国际电工,TEP国际电工M3系列智能三键屏显开关,722231.switch.m3px03,722231.switch.m3px03.png,
插座开关,TEP国际电工,TEP国际电工M3系列智能二键屏显开关,722231.switch.m3px02,722231.switch.m3px02.png,
插座开关,USP国际电工,百将USB插座Mesh2.0,zhiee.plug.tdq5,zhiee.plug.tdq5.png,
插座开关,UWIZE优智者,UWIZE优智者全面屏智能面板开关1,uwize.switch.yzw23,uwize.switch.yzw23.png,
插座开关,WGSE,WGSE智能开关单零火1键,wgse.switch.sw1c01,wgse.switch.sw1c01.png,
插座开关,WGSE,WGSE智能开关单零火2键,wgse.switch.sw2c01,wgse.switch.sw2c01.png,
插座开关,WGSE,WGSE智能开关单零火3键,wgse.switch.sw3c01,wgse.switch.sw3c01.png,
插座开关,ZIDT,ZIDT智能八键开关mesh 2.0,zidt.switch.8k,zidt.switch.8k.png,
插座开关,julun,julun中枢旋钮开关,julun.remote.jlxn4,julun.remote.jlxn4.png,
插座开关,linptech,领普智能彩屏开关（三键）,linp.switch.h3dbw3,linp.switch.h3dbw3.png,
插座开关,linptech,领普智能彩屏开关（单键）,linp.switch.h3dbw1,linp.switch.h3dbw1.png,
插座开关,linptech,领普智能彩屏开关（双键）,linp.switch.h3dbw2,linp.switch.h3dbw2.png,
插座开关,luobang罗邦国际,LB一位智能开关,luoban.switch.sw1c01,luoban.switch.sw1c01.png,
插座开关,luobang罗邦国际,LB三位智能开关,luoban.switch.sw3c01,luoban.switch.sw3c01.png,
插座开关,luobang罗邦国际,LB二位智能开关,luoban.switch.sw2c01,luoban.switch.sw2c01.png,
插座开关,luobang罗邦国际,LB全面屏开关,luoban.switch.sw3a03,luoban.switch.sw3a03.png,
插座开关,luobang罗邦国际,LB四位屏显智能开关,luoban.switch.sw4a02,luoban.switch.sw4a02.png,
插座开关,luobang罗邦国际,LB四位智能开关,luoban.switch.sw4c01,luoban.switch.sw4c01.png,
插座开关,mitch,mitch无线旋钮开关,googo.remote.gnxn4,googo.remote.gnxn4.png,
插座开关,noooe皓逸,皓逸智能开关一开Q7Pro（屏显版）,haoyi.switch.sw1a01,haoyi.switch.sw1a01.png,
插座开关,noooe皓逸,皓逸智能开关三开Q7Pro（屏显版）,haoyi.switch.sw3a01,haoyi.switch.sw3a01.png,
插座开关,noooe皓逸,皓逸智能开关二开Q7Pro（屏显版）,haoyi.switch.sw2a01,haoyi.switch.sw2a01.png,
插座开关,noooe皓逸,皓逸智能开关四开Q7pro（屏显版）,haoyi.switch.sw4a01,haoyi.switch.sw4a01.png,
插座开关,sagewe,Sagewe四位智能排线板M4s411-GB-M,sagewe.plug.006,sagewe.plug.006.png,
插座开关,万多,WD智能一键开关,wanduo.switch.sw1a01,wanduo.switch.sw1a01.png,
插座开关,万多,WD智能三键开关,wanduo.switch.sw3a01,wanduo.switch.sw3a01.png,
插座开关,万多,WD智能二键开关,wanduo.switch.sw2a01,wanduo.switch.sw2a01.png,
插座开关,万多,WD智能四键开关,wanduo.switch.sw4a01,wanduo.switch.sw4a01.png,
插座开关,亖米,亖米Z5一键屏显开关,symi.switch.z501,symi.switch.z501.png,
插座开关,亖米,亖米Z5三键屏显开关,symi.switch.z503,symi.switch.z503.png,
插座开关,亖米,亖米Z5二键屏显开关,symi.switch.z502,symi.switch.z502.png,
插座开关,公牛,公牛智能一位带屏显零火开关X系列,bull.switch.x01k1s,bull.switch.x01k1s.png,
插座开关,公牛,公牛智能三位带屏显零火开关X系列,bull.switch.x01k3s,bull.switch.x01k3s.png,
插座开关,公牛,公牛智能二位带屏显零火开关X系列,bull.switch.x01k2s,bull.switch.x01k2s.png,
插座开关,公牛,公牛智能四位单零火开关,bull.switch.gts411,bull.switch.gts411.png,
插座开关,公牛,公牛智能四位带屏显零火开关X系列,bull.switch.x01k04,bull.switch.x01k04.png,
插座开关,公牛,公牛智能四位零火开关,bull.switch.ts411b,bull.switch.ts411b.png,
插座开关,公牛,公牛智能调光旋钮屏零火开关X系列,bull.switch.x01d01,bull.switch.x01d01.png,
插座开关,凌动,凌动智能 一键开关K2.0,ldzn.switch.sw1d01,ldzn.switch.sw1d01.png,
插座开关,凌动,凌动智能 三键开关K2.0,ldzn.switch.sw3d01,ldzn.switch.sw3d01.png,
插座开关,凌动,凌动智能 二键开关K2.0,ldzn.switch.sw2d01,ldzn.switch.sw2d01.png,
插座开关,凌动,凌动智能 四寸屏显开关N9,ldzn.switch.sw3a03,ldzn.switch.sw3a03.png,
插座开关,博尔美,博尔美屏显智能开关(一位),broway.switch.bemkg1,broway.switch.bemkg1.png,
插座开关,博尔美,博尔美屏显智能开关(三位),broway.switch.bemkg3,broway.switch.bemkg3.png,
插座开关,博尔美,博尔美屏显智能开关(二位),broway.switch.bemkg2,broway.switch.bemkg2.png,
插座开关,博尔高,博尔高蓝牙MESH智能通断器,boerg.switch.tdqm1,boerg.switch.tdqm1.png,
插座开关,名方MINFAN,MINFAN 智能全面屏开关,boade.switch.sw3a03,boade.switch.sw3a03.png,
插座开关,唯宝彩佳,唯宝彩佳智能屏幕开关Zao0102,vbocga.switch.sw3a03,vbocga.switch.sw3a03.png,
插座开关,固帝,固帝A96彩屏智能开关一键,gudi.switch.swy008,gudi.switch.swy008.png,
插座开关,宅联界,宅联界智能插座（Mesh）,wiing.plug.zljcz1,wiing.plug.zljcz1.png,
插座开关,小海,小海·见晓零火三键智能开关,bkxh.switch.sw3a01,bkxh.switch.sw3a01.png,
插座开关,小海,小海·见晓零火单键智能开关,bkxh.switch.sw1a01,bkxh.switch.sw1a01.png,
插座开关,小海,小海·见晓零火双键智能开关,bkxh.switch.sw2a01,bkxh.switch.sw2a01.png,
插座开关,小米出品,小米智能开关2（三开）1,xiaomi.switch.wb3,xiaomi.switch.wb3.png,
插座开关,小米出品,小米智能开关2（三开）2,xiaomi.switch.ww3,xiaomi.switch.ww3.png,
插座开关,小米出品,小米智能开关2（单开）1,xiaomi.switch.wb1,xiaomi.switch.wb1.png,
插座开关,小米出品,小米智能开关2（单开）2,xiaomi.switch.ww1,xiaomi.switch.ww1.png,
插座开关,小米出品,小米智能开关2（双开）1,xiaomi.switch.wb2,xiaomi.switch.wb2.png,
插座开关,小米出品,小米智能开关2（双开）2,xiaomi.switch.ww2,xiaomi.switch.ww2.png,
插座开关,小米出品,小米智能插座4,xiaomi.plug.04,xiaomi.plug.04.png,
插座开关,平头熊,平头熊 F1调光情景开关,090615.remote.ptxf14,090615.remote.ptxf14.png,
插座开关,慕容柯,慕容柯无线开关,murong.remote.mrk009,murong.remote.mrk009.png,
插座开关,文光汇,文光汇智能插座Mesh,sixwgh.plug.whzncz,sixwgh.plug.whzncz.png,
插座开关,文光汇,文光汇智能通断器（Mesh）,sixwgh.switch.whtdq2,sixwgh.switch.whtdq2.png,
插座开关,施耐德电气,施耐德电气带屏智能一位带场景零火开关,wiser.switch.hyk013,wiser.switch.hyk013.png,
插座开关,施耐德电气,施耐德电气带屏智能三位带场景零火开关,wiser.switch.hyk015,wiser.switch.hyk015.png,
插座开关,施耐德电气,施耐德电气带屏智能二位带场景零火开关,wiser.switch.hyk014,wiser.switch.hyk014.png,
插座开关,施耐德电气,施耐德电气带屏智能四位带场景零火开关,wiser.switch.hyk016,wiser.switch.hyk016.png,
插座开关,施耐德电气,施耐德电气玻璃带屏智能一位带场景零火开关,wiser.switch.hyk017,wiser.switch.hyk017.png,
插座开关,施耐德电气,施耐德电气玻璃带屏智能三位带场景零火开关,wiser.switch.hyk019,wiser.switch.hyk019.png,
插座开关,施耐德电气,施耐德电气玻璃带屏智能二位带场景零火开关,wiser.switch.hyk018,wiser.switch.hyk018.png,
插座开关,施耐德电气,施耐德电气玻璃带屏智能四位带场景零火开关,wiser.switch.hyk020,wiser.switch.hyk020.png,
插座开关,施耐德电气,施耐德电气玻璃智能4寸全面屏中控面板开关,wiser.switch.hjp002,wiser.switch.hjp002.png,
插座开关,星明浩,星明浩智慧情景开关屏A6 三开,xmd.switch.sw3a03,xmd.switch.sw3a03.png,
插座开关,星明浩,星明浩智能开关面板A6 四开,xmd.switch.sw4a03,xmd.switch.sw4a03.png,
插座开关,智相连,智相连通断器,zxlink.switch.zxltd2,zxlink.switch.zxltd2.png,
插座开关,朗尊,朗尊 MESH2.0 M系列 二键智能开关,lzmesh.switch.sw2c01,lzmesh.switch.sw2c01.png,
插座开关,木林森,木林森智能轨道插座,mlszn.plug.pc01,mlszn.plug.pc01.png,
插座开关,木林森照明,MLS致典一位开关Q1,mlszm.switch.mlsq1,mlszm.switch.mlsq1.png,
插座开关,木林森照明,MLS致典三位开关Q3,mlszm.switch.mlsq3,mlszm.switch.mlsq3.png,
插座开关,木林森照明,MLS致典二位开关Q2,mlszm.switch.mlsq2,mlszm.switch.mlsq2.png,
插座开关,木林森照明,MLS致典四位开关Q4,mlszm.switch.mlsq4,mlszm.switch.mlsq4.png,
插座开关,杜亚,杜亚智能开关灵智E5 三键,dooya.switch.sw3a01,dooya.switch.sw3a01.png,
插座开关,杜亚,杜亚智能开关灵智E5 单键,dooya.switch.sw1a01,dooya.switch.sw1a01.png,
插座开关,杜亚,杜亚智能开关灵智E5 双键,dooya.switch.sw2a01,dooya.switch.sw2a01.png,
插座开关,杜蒙,杜蒙智能开关Mesh2.0（零火一开）,ygzm.switch.sw1a01,ygzm.switch.sw1a01.png,
插座开关,杜蒙,杜蒙智能开关Mesh2.0（零火三开）,ygzm.switch.sw3a01,ygzm.switch.sw3a01.png,
插座开关,杜蒙,杜蒙智能开关Mesh2.0（零火二开）,ygzm.switch.sw2a01,ygzm.switch.sw2a01.png,
插座开关,海烈鸟,海烈鸟-智能零火一键开关,oppein.switch.sw1a01,oppein.switch.sw1a01.png,
插座开关,海烈鸟,海烈鸟-智能零火三键开关,oppein.switch.sw3a01,oppein.switch.sw3a01.png,
插座开关,海烈鸟,海烈鸟-智能零火二键开关,oppein.switch.sw2a01,oppein.switch.sw2a01.png,
插座开关,狄耐克,狄耐克智能一键开关F46(Mesh2.0),dnake.switch.blx1,dnake.switch.blx1.png,
插座开关,狄耐克,狄耐克智能三键开关F46(Mesh2.0),dnake.switch.blx3,dnake.switch.blx3.png,
插座开关,狄耐克,狄耐克智能二键开关F46(Mesh2.0),dnake.switch.blx2,dnake.switch.blx2.png,
插座开关,狄耐克,狄耐克智能四键屏显开关F46(Mesh2.0),dnake.switch.pxu6,dnake.switch.pxu6.png,
插座开关,狄耐克,狄耐克智能四键开关F46(Mesh2.0),dnake.switch.blx4,dnake.switch.blx4.png,
插座开关,狮朗盾,狮朗盾Z5一键屏显开关,wxal.switch.z51k,wxal.switch.z51k.png,
插座开关,狮朗盾,狮朗盾Z5三键屏显开关,wxal.switch.z53k,wxal.switch.z53k.png,
插座开关,狮朗盾,狮朗盾Z5二键屏显开关,wxal.switch.z52k,wxal.switch.z52k.png,
插座开关,现代点,现代点四位智能开关蜂鸟5.0,point.switch.fn04,point.switch.fn04.png,
插座开关,电小酷,电小酷智能插座CP2（BF版）,cuco.plug.cp2ac,cuco.plug.cp2ac.png,
插座开关,百能,百能智联一键开关(竖版),bnen1.switch.sw1b01,bnen1.switch.sw1b01.png,
插座开关,百能,百能智联三键开关(竖版),bnen1.switch.sw3b01,bnen1.switch.sw3b01.png,
插座开关,百能,百能智联二键开关(竖版),bnen1.switch.sw2b01,bnen1.switch.sw2b01.png,
插座开关,百能,百能智联四键开关(竖版),bnen1.switch.sw4b01,bnen1.switch.sw4b01.png,
插座开关,罗格朗,罗格朗四寸智能触控屏开关,lhz.switch.sw3a03,lhz.switch.sw3a03.png,
插座开关,罗格朗,罗格朗维翼一位彩屏智能开关Pro,lhz.switch.sw1c03,lhz.switch.sw1c03.png,
插座开关,罗格朗,罗格朗维翼三位彩屏智能开关Pro,lhz.switch.sw3c03,lhz.switch.sw3c03.png,
插座开关,罗格朗,罗格朗维翼二位彩屏智能开关Pro,lhz.switch.sw2c03,lhz.switch.sw2c03.png,
插座开关,罗格朗,罗格朗维翼四位彩屏智能开关Pro,lhz.switch.sw4c03,lhz.switch.sw4c03.png,
插座开关,苏米科技,苏米无线开关,xhuan.remote.smwx1,xhuan.remote.smwx1.png,
插座开关,西顿照明,西顿三键智能零火开关M2air,cdn.switch.m2ak3,cdn.switch.m2ak3.png,
插座开关,西顿照明,西顿二键智能零火开关M2air,cdn.switch.m2ak2,cdn.switch.m2ak2.png,
插座开关,西顿照明,西顿单键智能零火开关M2air,cdn.switch.m2ak1,cdn.switch.m2ak1.png,
插座开关,西顿照明,西顿四键智能零火开关M2air,cdn.switch.m2ak4,cdn.switch.m2ak4.png,
插座开关,贝朗德,贝朗德情景无线开关三键,belede.remote.sw1b03,belede.remote.sw1b03.png,
插座开关,贝朗德,贝朗德情景无线开关六键,belede.remote.sw1b06,belede.remote.sw1b06.png,
插座开关,贝邻,贝邻智能一键复合开关,bellzn.switch.blkg1,bellzn.switch.blkg1.png,
插座开关,贝邻,贝邻智能三键复合开关,bellzn.switch.blkg3,bellzn.switch.blkg3.png,
插座开关,贝邻,贝邻智能二键复合开关,bellzn.switch.blkg2,bellzn.switch.blkg2.png,
插座开关,贝邻,贝邻智能四键复合开关,bellzn.switch.blkg4,bellzn.switch.blkg4.png,
插座开关,酷犀,酷犀智能屏显开关四键ProG,kuxi.switch.sw4b02,kuxi.switch.sw4b02.png,
插座开关,鑫居,鑫居智能通断器（Mesh）,xjzn.switch.xjtdq9,xjzn.switch.xjtdq9.png,
插座开关,雷克,雷克智能S1一键开关,leike.switch.sw1b01,leike.switch.sw1b01.png,
插座开关,雷克,雷克智能S1三键开关,leike.switch.sw3b01,leike.switch.sw3b01.png,
插座开关,雷克,雷克智能S1二键开关,leike.switch.sw2b01,leike.switch.sw2b01.png,
插座开关,雷克,雷克智能S1四键开关,leike.switch.sw4b01,leike.switch.sw4b01.png,
插座开关,简顿,简顿智能开关单键,704719.switch.sw1b01,704719.switch.sw1b01.png,
插座开关,简顿,简顿智能开关双键,704719.switch.sw2b01,704719.switch.sw2b01.png,
插座开关,简顿,简顿智能开关三键,704719.switch.sw3b01,704719.switch.sw3b01.png,
插座开关,简顿,简顿智能开关四键,704719.switch.sw4b01,704719.switch.sw4b01.png,
插座开关,AKG,AKG智能通断器3.0,aikeji.switch.sw0a02,aikeji.switch.sw0a02.png,
插座开关,AKG,AKG智能开关-G系列1开,aikeji.switch.sw1a01,aikeji.switch.sw1a01.png,
插座开关,AKG,AKG智能开关-G系列2开,aikeji.switch.sw2a01,aikeji.switch.sw2a01.png,
插座开关,AKG,AKG智能开关-G系列3开,aikeji.switch.sw3a01,aikeji.switch.sw3a01.png,
插座开关,AKG,AKG智能开关-G系列4开,aikeji.switch.sw4a01,aikeji.switch.sw4a01.png,
插座开关,光缓,光缓智能开关Pro 单键,alight.switch.azkg1,alight.switch.azkg1.png,
插座开关,光缓,光缓智能开关Pro 双键,alight.switch.azkg2,alight.switch.azkg2.png,
插座开关,光缓,光缓智能开关Pro 三键,alight.switch.azkg3,alight.switch.azkg3.png,
插座开关,光缓,光缓智能开关Pro 四键,alight.switch.azkg4,alight.switch.azkg4.png,
插座开关,ZXWL,ZXWL智能通断器3.0,andi.switch.sw0a03,andi.switch.sw0a03.png,
插座开关,ANXIANG,AX智系列一键开关,ax01.switch.sw1h01,ax01.switch.sw1h01.png,
插座开关,ANXIANG,AX智系列二键开关,ax01.switch.sw2h01,ax01.switch.sw2h01.png,
插座开关,ANXIANG,AX智系列三键开关,ax01.switch.sw3h01,ax01.switch.sw3h01.png,
插座开关,ANXIANG,AX智系列四键开关,ax01.switch.sw4h01,ax01.switch.sw4h01.png,
插座开关,贝朗德,贝朗德智能通断器,belede.switch.sw0a01,belede.switch.sw0a01.png,
插座开关,贝朗德,贝朗德S9-TFMAX彩屏智能四键开关,belede.switch.sw4a04,belede.switch.sw4a04.png,
插座开关,公牛,公牛智能四寸屏零火开关X系列,bull.switch.x01t1s,bull.switch.x01t1s.png,
插座开关,西顿照明,西顿单键智能屏显开关M6air,cdn.switch.m6ak1,cdn.switch.m6ak1.png,
插座开关,西顿照明,西顿二键智能屏显开关M6air,cdn.switch.m6ak2,cdn.switch.m6ak2.png,
插座开关,西顿照明,西顿三键智能屏显开关M6air,cdn.switch.m6ak3,cdn.switch.m6ak3.png,
插座开关,西顿照明,西顿四键智能屏显开关M6air,cdn.switch.m6ak4,cdn.switch.m6ak4.png,
插座开关,电亿秒,电亿秒智能插排 CM3AM,citu.plug.dymcm3,citu.plug.dymcm3.png,
插座开关,阿耀,阿耀智能一键开关（Mesh2.0）,dba89.switch.alkg1,dba89.switch.alkg1.png,
插座开关,阿耀,阿耀智能二键开关（Mesh2.0）,dba89.switch.alkg2,dba89.switch.alkg2.png,
插座开关,阿耀,阿耀智能三键开关（Mesh2.0）,dba89.switch.alkg3,dba89.switch.alkg3.png,
插座开关,阿耀,阿耀智能四键开关（Mesh2.0）,dba89.switch.alkg4,dba89.switch.alkg4.png,
插座开关,家的,家的智能一位开关A,gamder.switch.jdkg1,gamder.switch.jdkg1.png,
插座开关,家的,家的智能二位开关A,gamder.switch.jdkg2,gamder.switch.jdkg2.png,
插座开关,家的,家的智能三位开关A,gamder.switch.jdkg3,gamder.switch.jdkg3.png,
插座开关,家的,家的智能四位开关A,gamder.switch.jdkg4,gamder.switch.jdkg4.png,
插座开关,家的,家的智能六位开关A,gamder.switch.jdkg6,gamder.switch.jdkg6.png,
插座开关,冠华,冠华晓系列一键开关,ghzm.switch.ghkg1,ghzm.switch.ghkg1.png,
插座开关,冠华,冠华晓系列二键开关,ghzm.switch.ghkg2,ghzm.switch.ghkg2.png,
插座开关,冠华,冠华晓系列三键开关,ghzm.switch.ghkg3,ghzm.switch.ghkg3.png,
插座开关,冠华,冠华晓系列四键开关,ghzm.switch.ghkg4,ghzm.switch.ghkg4.png,
插座开关,mitch,mitch玄鸟四路屏显开关(Mesh2.0),googo.switch.sw4a04,googo.switch.sw4a04.png,
插座开关,noooe皓逸,皓逸智能无线旋钮开关（中枢版）,haoyi.remote.hyxn4,haoyi.remote.hyxn4.png,
插座开关,汉烛,汉烛一键无线开关,hbg.remote.hzwx1,hbg.remote.hzwx1.png,
插座开关,汉烛,汉烛二键无线开关,hbg.remote.hzwx2,hbg.remote.hzwx2.png,
插座开关,汉烛,汉烛三键无线开关,hbg.remote.hzwx3,hbg.remote.hzwx3.png,
插座开关,汉烛,汉烛四键无线开关,hbg.remote.hzwx4,hbg.remote.hzwx4.png,
插座开关,汉烛,汉烛八键无线开关,hbg.remote.hzwx8,hbg.remote.hzwx8.png,
插座开关,汉烛,汉烛二键智能开关,hbg.switch.hzkgv2,hbg.switch.hzkgv2.png,
插座开关,汉烛,汉烛三键智能开关,hbg.switch.hzkgv3,hbg.switch.hzkgv3.png,
插座开关,汉烛,汉烛四键智能开关,hbg.switch.hzkgv4,hbg.switch.hzkgv4.png,
插座开关,汉烛,汉烛智能通断器（Mesh2.0）,hbg.switch.hztdq,hbg.switch.hztdq.png,
插座开关,汉烛,汉烛智能通断器（WIFI）,hbg.switch.hztdq2,hbg.switch.hztdq2.png,
插座开关,ISURPASS,ISURPASS智能一路通断器,isur.switch.sw1b01,isur.switch.sw1b01.png,
插座开关,IWN,IWN小铃铛全面屏智能面板开关,iwn.switch.iws008,iwn.switch.iws008.png,
插座开关,积歌必,积歌必情景通断器（Mesh）,jgb.switch.jbgtdq,jgb.switch.jbgtdq.png,
插座开关,Katai,katai一键智能开关Ultra,katai.switch.sw1b01,katai.switch.sw1b01.png,
插座开关,Katai,katai二键智能开关Ultra,katai.switch.sw2b01,katai.switch.sw2b01.png,
插座开关,Katai,katai三键智能开关Ultra,katai.switch.sw3b01,katai.switch.sw3b01.png,
插座开关,Katai,katai四键智能开关Ultra,katai.switch.sw4b01,katai.switch.sw4b01.png,
插座开关,luobang罗邦国际,LB智能通断器,luoban.switch.sw0a01,luoban.switch.sw0a01.png,
插座开关,朗德万斯,朗德万斯智能开关（一开）,lvgmbh.switch.ldws1,lvgmbh.switch.ldws1.png,
插座开关,朗德万斯,朗德万斯智能开关（二开）,lvgmbh.switch.ldws2,lvgmbh.switch.ldws2.png,
插座开关,朗德万斯,朗德万斯智能开关（三开）,lvgmbh.switch.ldws3,lvgmbh.switch.ldws3.png,
插座开关,朗德万斯,朗德万斯智能开关（四开）,lvgmbh.switch.ldws4,lvgmbh.switch.ldws4.png,
插座开关,朗尊,朗尊｜蓝牙MESH2.0 一位智能开关,lzmesh.switch.sw1f01,lzmesh.switch.sw1f01.png,
插座开关,朗尊,朗尊｜蓝牙MESH2.0 二位智能开关,lzmesh.switch.sw2f01,lzmesh.switch.sw2f01.png,
插座开关,朗尊,朗尊｜蓝牙MESH2.0 三位智能开关,lzmesh.switch.sw3f01,lzmesh.switch.sw3f01.png,
插座开关,朗尊,朗尊 MESH2.0 M系列 四键智能开关,lzmesh.switch.sw4c01,lzmesh.switch.sw4c01.png,
插座开关,朗尊,朗尊｜蓝牙MESH2.0 四位智能开关,lzmesh.switch.sw4f01,lzmesh.switch.sw4f01.png,
插座开关,ABKY,ABKY通断器Mesh2.0,mkit.switch.sw0a01,mkit.switch.sw0a01.png,
插座开关,木林森照明,MLS未来一位开关B1,mlszm.switch.mlsb1,mlszm.switch.mlsb1.png,
插座开关,木林森照明,MLS未来二位开关B2,mlszm.switch.mlsb2,mlszm.switch.mlsb2.png,
插座开关,木林森照明,MLS未来三位开关B3,mlszm.switch.mlsb3,mlszm.switch.mlsb3.png,
插座开关,木林森照明,MLS未来四位开关B4,mlszm.switch.mlsb4,mlszm.switch.mlsb4.png,
插座开关,木林森照明,MLS数显一位开关D1,mlszm.switch.mlsd1,mlszm.switch.mlsd1.png,
插座开关,木林森照明,MLS数显二位开关D2,mlszm.switch.mlsd2,mlszm.switch.mlsd2.png,
插座开关,木林森照明,MLS数显三位开关D3,mlszm.switch.mlsd3,mlszm.switch.mlsd3.png,
插座开关,木林森照明,MLS数显四位开关D4,mlszm.switch.mlsd4,mlszm.switch.mlsd4.png,
插座开关,木林森,木林森木系列一键开关,mlszn.switch.sw1c01,mlszn.switch.sw1c01.png,
插座开关,木林森,木林森木系列二键开关,mlszn.switch.sw2c01,mlszn.switch.sw2c01.png,
插座开关,木林森,木林森木系列三键开关,mlszn.switch.sw3c01,mlszn.switch.sw3c01.png,
插座开关,木林森,木林森木系列四键开关,mlszn.switch.sw4c01,mlszn.switch.sw4c01.png,
插座开关,JOCO,JOCO磁保持零火开关（Mesh2.0 单路）,nbxh.switch.xhlhv1,nbxh.switch.xhlhv1.png,
插座开关,JOCO,JOCO磁保持零火开关（Mesh2.0 双路）,nbxh.switch.xhlhv2,nbxh.switch.xhlhv2.png,
插座开关,JOCO,JOCO磁保持零火开关（Mesh2.0 三路）,nbxh.switch.xhlhv3,nbxh.switch.xhlhv3.png,
插座开关,JOCO,JOCO磁保持零火开关（Mesh2.0 四路）,nbxh.switch.xhlhv4,nbxh.switch.xhlhv4.png,
插座开关,小雷易家,小雷易家鸿雪Plus一键屏显开关,nvcsmt.switch.bis101,nvcsmt.switch.bis101.png,
插座开关,小雷易家,小雷易家鸿雪Plus二键屏显开关,nvcsmt.switch.bis201,nvcsmt.switch.bis201.png,
插座开关,小雷易家,小雷易家鸿雪Plus三键屏显开关,nvcsmt.switch.bis303,nvcsmt.switch.bis303.png,
插座开关,小雷易家,小雷易家鸿雪Plus四键屏显开关,nvcsmt.switch.bis403,nvcsmt.switch.bis403.png,
插座开关,欧创源 OCY,OCY智能一键开关MESH2.0,ocy.switch.bln41,ocy.switch.bln41.png,
插座开关,欧创源 OCY,OCY智能二键开关MESH2.0,ocy.switch.bln42,ocy.switch.bln42.png,
插座开关,欧创源 OCY,OCY智能三键开关MESH2.0,ocy.switch.bln43,ocy.switch.bln43.png,
插座开关,欧创源 OCY,OCY智能四键开关MESH2.0,ocy.switch.bln44,ocy.switch.bln44.png,
插座开关,欧创源 OCY,OCY智能六键开关MESH2.0,ocy.switch.bln46,ocy.switch.bln46.png,
插座开关,OML,欧曼无线旋钮遥控开关,oml.remote.omxn4,oml.remote.omxn4.png,
插座开关,OSTEEN,OSTEEN智能彩屏开关（四键）,osteen.switch.lnpx4k,osteen.switch.lnpx4k.png,
插座开关,现代点,现代点一位智能开关（灵动岛）,point.switch.a9max1,point.switch.a9max1.png,
插座开关,现代点,现代点二位智能开关（灵动岛）,point.switch.a9max2,point.switch.a9max2.png,
插座开关,现代点,现代点三位智能开关（灵动岛）,point.switch.a9max3,point.switch.a9max3.png,
插座开关,现代点,现代点四位智能开关（灵动岛）,point.switch.a9max4,point.switch.a9max4.png,
插座开关,墙壁侠,墙壁侠一位智能开关,qbx.switch.sw1b02,qbx.switch.sw1b02.png,
插座开关,墙壁侠,墙壁侠二位智能开关,qbx.switch.sw2b02,qbx.switch.sw2b02.png,
插座开关,墙壁侠,墙壁侠三位智能开关,qbx.switch.sw3b02,qbx.switch.sw3b02.png,
插座开关,墙壁侠,墙壁侠四位智能开关,qbx.switch.sw4b02,qbx.switch.sw4b02.png,
插座开关,岚威,岚威五路分控智能排插,runhu.plug.pw5u1,runhu.plug.pw5u1.png,
插座开关,FSL,FSL 屏显零火一开,sfl.switch.fsls01,sfl.switch.fsls01.png,
插座开关,FSL,FSL 屏显零火二开,sfl.switch.fsls02,sfl.switch.fsls02.png,
插座开关,FSL,FSL 屏显零火三开,sfl.switch.fsls03,sfl.switch.fsls03.png,
插座开关,FSL,FSL 屏显零火四开,sfl.switch.fsls04,sfl.switch.fsls04.png,
插座开关,FSL,FSL 四位零火开关BLE,sfl.switch.sw4b01,sfl.switch.sw4b01.png,
插座开关,索菲亚,索菲亚智能柜通断器M1,sfy.switch.dc001,sfy.switch.dc001.png,
插座开关,知简,知简智能迷你通断器,soron.switch.sw0a01,soron.switch.sw0a01.png,
插座开关,知简,知简智能开关 四位,soron.switch.sw4a01,soron.switch.sw4a01.png,
插座开关,THO,THO特好智能墙壁开关（四开）,tho.switch.sw4b01,tho.switch.sw4b01.png,
插座开关,宅联界,宅联界智能通断器（Mesh）,wiing.switch.zljtd2,wiing.switch.zljtd2.png,
插座开关,苏米科技,苏米无线旋钮开关,xhuan.remote.smxn4,xhuan.remote.smxn4.png,
插座开关,小米出品,小米智能开关Pro 2026版（单开）1,xiaomi.switch.2b1,xiaomi.switch.2b1.png,
插座开关,小米出品,小米智能开关Pro 2026版（双开）1,xiaomi.switch.2b2,xiaomi.switch.2b2.png,
插座开关,小米出品,小米智能开关Pro 2026版（三开）1,xiaomi.switch.2b3,xiaomi.switch.2b3.png,
插座开关,小米出品,小米智能开关Pro 2026版（单开）2,xiaomi.switch.2w1,xiaomi.switch.2w1.png,
插座开关,小米出品,小米智能开关Pro 2026版（双开）2,xiaomi.switch.2w2,xiaomi.switch.2w2.png,
插座开关,小米出品,小米智能开关Pro 2026版（三开）2,xiaomi.switch.2w3,xiaomi.switch.2w3.png,
插座开关,小米出品,小米智能开关Pro（双开）1,xiaomi.switch.pro2,xiaomi.switch.pro2.png,
插座开关,小米出品,小米智能开关Pro（三开）2,xiaomi.switch.pro3,xiaomi.switch.pro3.png,
插座开关,小米出品,小米智能开关Pro（单开）1,xiaomi.switch.wpro1,xiaomi.switch.wpro1.png,
插座开关,xiaowell,xiaowell小为科技全面屏智能面板开关,xwiwn.switch.xwk017,xwiwn.switch.xwk017.png,
插座开关,Yeelight,Yeelight Pro 智能开关,yeelink.switch.ysw11,yeelink.switch.ysw11.png,
插座开关,禹泰电工,禹泰电工Mesh智能通断器,yutai.switch.yttdq,yutai.switch.yttdq.png,
插座开关,智和家,智和家 全域调光旋钮无线开关,zhj.remote.sw1e01,zhj.remote.sw1e01.png,
插座开关,智和家,智和家 K2智能开关一键,zhj.switch.k21k,zhj.switch.k21k.png,
插座开关,智和家,智和家 K2智能开关二键,zhj.switch.k22k,zhj.switch.k22k.png,
插座开关,智和家,智和家 K2智能开关三键,zhj.switch.k23k,zhj.switch.k23k.png,
插座开关,智和家,智和家 K2智能开关四键,zhj.switch.k24k,zhj.switch.k24k.png,
插座开关,智和家,智和家 K2智能开关八键,zhj.switch.k28k,zhj.switch.k28k.png,
插座开关,智领袖,智领袖 智能开关（一开）,zlx.switch.zlxsv1,zlx.switch.zlxsv1.png,
插座开关,智领袖,智领袖 智能开关（二开）,zlx.switch.zlxsv2,zlx.switch.zlxsv2.png,
插座开关,智领袖,智领袖 智能开关（三开）,zlx.switch.zlxsv3,zlx.switch.zlxsv3.png,
插座开关,智领袖,智领袖 智能开关（四开）,zlx.switch.zlxsv4,zlx.switch.zlxsv4.png,
插座开关,智己人,智己人一键开关（M10）零火版,zzw.switch.sw1c02,zzw.switch.sw1c02.png,
插座开关,智己人,智己人二键开关（M10）零火版,zzw.switch.sw2c01,zzw.switch.sw2c01.png,
插座开关,智己人,智己人三键开关（M10）零火版,zzw.switch.sw3c01,zzw.switch.sw3c01.png,
插座开关,智己人,智己人四键开关（M10）零火版,zzw.switch.sw4c01,zzw.switch.sw4c01.png,
新上线,小米出品,米家空气净化器 5,xiaomi.airp.mp5b,xiaomi.airp.mp5b.png,
清洁电器,PANPAN盼盼,盼盼智能晾衣机YC系列,panpan.airer.lyj01,panpan.airer.lyj01.png,
清洁电器,小米出品,米家扫拖机器人 7C,xiaomi.vacuum.qv41cn,xiaomi.vacuum.qv41cn.png,
清洁电器,小米出品,米家智能晾衣机3C 柔光版,xiaomi.airer.0005,xiaomi.airer.0005.png,
清洁电器,小米出品,米家洗衣机 迷你双区洗 洗烘5kg,midjd4.washer.s14,midjd4.washer.s14.png,
清洁电器,小米出品,米家洗衣机Pro 蓝氧 洗烘10kg,mibx5.washer.f561,mibx5.washer.f561.png,
清洁电器,小米出品,米家洗衣机Pro 蓝氧 洗烘12kg,mibx5.washer.f601,mibx5.washer.f601.png,
清洁电器,小米出品,米家洗衣机Pro 超电解新风 洗烘12kg,mibx5.washer.f95,mibx5.washer.f95.png,
清洁电器,小米出品,米家洗衣机Pro 超电解新风 滚筒12kg,mibx5.washer.f96,mibx5.washer.f96.png,
清洁电器,小米出品,米家洗衣机Pro 超电解智投 滚筒10kg,mibx2.washer.f79,mibx2.washer.f79.png,
清洁电器,小米出品,米家洗衣机Pro 超电解智投 滚筒12kg,mibx5.washer.f691,mibx5.washer.f691.png,
清洁电器,小米出品,米家超薄干衣机10kg,mibx5.dry.d061,mibx5.dry.d061.png,
清洁电器,晾霸,晾霸智能晾衣机D11,lbest.airer.lm07,lbest.airer.lm07.png,
清洁电器,晾霸,晾霸智能晾衣机S32,lbest.airer.lm05,lbest.airer.lm05.png,
清洁电器,晾霸,晾霸智能晾衣机SE,lbest.airer.lm09,lbest.airer.lm09.png,
清洁电器,杰兰特,杰兰特电动晾衣架01,jielan.airer.ycs,jielan.airer.ycs.png,
清洁电器,芝森,芝森晾衣架,czjx.airer.a7,czjx.airer.a7.png,
清洁电器,苏米科技,苏米隐形智能晾衣机,xhuan.airer.sm01,xhuan.airer.sm01.png,
清洁电器,阳光照明,阳光智能晾衣架,yankon.airer.v1,yankon.airer.v1.png,
清洁电器,AUPU奥普,奥普摆叶烘干晾衣机,zjaupu.airer.lxx7,zjaupu.airer.lxx7.png,
清洁电器,AUPU奥普,奥普晾衣机D157,zjaupu.airer.lxx64,zjaupu.airer.lxx64.png,
清洁电器,AUPU奥普,奥普晾衣机D157S,zjaupu.airer.l157s,zjaupu.airer.l157s.png,
清洁电器,AUPU奥普,奥普晾衣机D557,zjaupu.airer.d557,zjaupu.airer.d557.png,
清洁电器,AUPU奥普,奥普晾衣机D558,zjaupu.airer.d558,zjaupu.airer.d558.png,
清洁电器,AUPU奥普,奥普晾衣机L557,zjaupu.airer.l557,zjaupu.airer.l557.png,
清洁电器,AUPU奥普,奥普晾衣机L558,zjaupu.airer.l558,zjaupu.airer.l558.png,
清洁电器,AUPU奥普,奥普晾衣架D350M,aupu.airer.d350m,aupu.airer.d350m.png,
清洁电器,AUPU奥普,奥普晾衣架L8M,aupu.airer.l8m,aupu.airer.l8m.png,
清洁电器,AUPU奥普,奥普烘干晾衣机,zjaupu.airer.lxx62,zjaupu.airer.lxx62.png,
清洁电器,Aqara,Aqara智能晾衣机,lumi.airer.acn01,lumi.airer.acn01.png,
清洁电器,Aqara,Aqara智能晾衣机 Lite,lumi.airer.acn02,lumi.airer.acn02.png,
清洁电器,COURAGE,卡瑞琪COURAGE一线天晾衣架,czqh.airer.yxtlyj,czqh.airer.yxtlyj.png,
清洁电器,COURAGE,卡瑞琪COURAGE单功能晾衣架（HZ）,czqh.airer.krqlyj,czqh.airer.krqlyj.png,
清洁电器,COURAGE卡瑞琪,卡瑞琪ProS1智能晾衣架,yszn01.airer.krq01,yszn01.airer.krq01.png,
清洁电器,COURAGE卡瑞琪,卡瑞琪ProS2智能晾衣架,yszn01.airer.krq02,yszn01.airer.krq02.png,
清洁电器,GOFULL格峰,格峰真隐藏晾衣机,gofull.airer.gflyj,gofull.airer.gflyj.png,
清洁电器,KINSUNY今上,今上智能晾衣机Pro,ksks.airer.pro,ksks.airer.pro.png,
清洁电器,KOEY,KOEY智能晾衣架,koey.airer.wy0a04,koey.airer.wy0a04.png,
清洁电器,NOVO,NOVO智能电动晾衣架基础款,novo.airer.g31,novo.airer.g31.png,
清洁电器,NOVO,NOVO智能电动晾衣架豪华款,novo.airer.g30,novo.airer.g30.png,
清洁电器,PANPAN盼盼,盼盼智能晾衣机Y系列,yszn01.airer.pp02,yszn01.airer.pp02.png,
清洁电器,PANPAN盼盼,盼盼智能电动晾衣架,yszn01.airer.pp01,yszn01.airer.pp01.png,
清洁电器,Royalstar 荣事达,荣事达智能衣物护理机,pgkj.dry.300pzr,pgkj.dry.300pzr.png,
清洁电器,Uwant,友望扫地机器人T300,jdyw.vacuum.t300,jdyw.vacuum.t300.png,
清洁电器,Uwant,友望扫地机器人U400,jdyw.vacuum.u400,jdyw.vacuum.u400.png,
清洁电器,Yeelight,Yeelight 智能晾衣机 E2101,yeelink.airer.fold1,yeelink.airer.fold1.png,
清洁电器,whykid,whykid吸尘器,whykid.cleaner.wk002,whykid.cleaner.wk002.png,
清洁电器,九牧,九牧智能晾衣机-A6090,ijomoo.airer.mja6,ijomoo.airer.mja6.png,
清洁电器,九牧,九牧智能晾衣机A1060H,ijomoo.airer.a1060h,ijomoo.airer.a1060h.png,
清洁电器,云米,Viomi V3,viomi.vacuum.v13,viomi.vacuum.v13.png,
清洁电器,云米,coKiing AI洗烘一体机Royal(智能投放版),viomi.washer.v22,viomi.washer.v22.png,
清洁电器,云米,云米5GIOT扫拖机器人凌厉 2,viomi.vacuum.v24,viomi.vacuum.v24.png,
清洁电器,云米,云米AI全能扫拖机器人Alpha 3 Pro,viomi.vacuum.v49,viomi.vacuum.v49.png,
清洁电器,云米,云米AI扫拖机器人 Alpha 2 Plus,viomi.vacuum.v27,viomi.vacuum.v27.png,
清洁电器,云米,云米AI扫拖机器人Alpha 2 Pro,viomi.vacuum.v15,viomi.vacuum.v15.png,
清洁电器,云米,云米AI智能晾衣机 Smart Pro（语音版）,viomi.airer.vchy13,viomi.airer.vchy13.png,
清洁电器,云米,云米AI智能晾衣机 Smart S（语音版）,viomi.airer.vchy12,viomi.airer.vchy12.png,
清洁电器,云米,云米AI智能晾衣机Lite2（错层晾晒版）,viomi.airer.vch100,viomi.airer.vch100.png,
清洁电器,云米,云米AI智能晾衣机Smart,viomi.airer.ich110,viomi.airer.ich110.png,
清洁电器,云米,云米AI智能晾衣机Super,viomi.airer.vcy105,viomi.airer.vcy105.png,
清洁电器,云米,云米AI智能晾衣机Super 2S,viomi.airer.vch109,viomi.airer.vch109.png,
清洁电器,云米,云米AI智能晾衣机Super 2Y,viomi.airer.vch110,viomi.airer.vch110.png,
清洁电器,云米,云米AI智能晾衣机Super 3,yunmi.airer.vch117,yunmi.airer.vch117.png,
清洁电器,云米,云米AI智能晾衣机Super 3A,yunmi.airer.vch120,yunmi.airer.vch120.png,
清洁电器,云米,云米AI智能晾衣机Super 3S,viomi.airer.vch115,viomi.airer.vch115.png,
清洁电器,云米,云米AI智能晾衣机Super T,viomi.airer.vch106,viomi.airer.vch106.png,
清洁电器,云米,云米AI智能晾衣机Warm 2Pro(杀菌暖烘版),viomi.airer.vch104,viomi.airer.vch104.png,
清洁电器,云米,云米AI洗地机 Super 2(双刷版),viomi.mop.v2,viomi.mop.v2.png,
清洁电器,云米,云米AI洗烘一体机 Super 2 Max (12KG),viomi.washer.sd10,viomi.washer.sd10.png,
清洁电器,云米,云米AI洗烘一体机Super 2Pro(10kg新风滚筒),viomi.washer.sd13,viomi.washer.sd13.png,
清洁电器,云米,云米AI洗烘机 Master 3E（10kg全嵌智投）,viomi.washer.sd15,viomi.washer.sd15.png,
清洁电器,云米,云米AI洗烘机 Super 2S(10kg全嵌智投）,viomi.washer.sd14,viomi.washer.sd14.png,
清洁电器,云米,云米AI洗烘机 新风速烘版 10kg,viomi.washer.v41,viomi.washer.v41.png,
清洁电器,云米,云米AI洗烘除菌扫拖机器人Alpha 3,viomi.vacuum.v45,viomi.vacuum.v45.png,
清洁电器,云米,云米AI洗衣机Super 2E（10Kg DD直驱）,viomi.washer.sd11,viomi.washer.sd11.png,
清洁电器,云米,云米AI热泵干衣机Super 2E（10Kg 智慧柔烘）,viomi.dry.v2,viomi.dry.v2.png,
清洁电器,云米,云米互联网壁挂洗衣机 小新,viomi.washer.w1,viomi.washer.w1.png,
清洁电器,云米,云米互联网扫地机 Pro,viomi.vacuum.v3,viomi.vacuum.v3.png,
清洁电器,云米,云米互联网扫拖机器人 视觉导航版,viomi.vacuum.v11,viomi.vacuum.v11.png,
清洁电器,云米,云米互联网扫拖机器人Eagle,viomi.vacuum.v29,viomi.vacuum.v29.png,
清洁电器,云米,云米互联网扫拖机器人X2（激光导航版）,viomi.vacuum.v12,viomi.vacuum.v12.png,
清洁电器,云米,云米互联网扫拖机器人X3,viomi.vacuum.v25,viomi.vacuum.v25.png,
清洁电器,云米,云米互联网晾衣机Sunny 2A,viomi.airer.vcy104,viomi.airer.vcy104.png,
清洁电器,云米,云米互联网晾衣机Sunny 2Pro,viomi.airer.vch103,viomi.airer.vch103.png,
清洁电器,云米,云米互联网晾衣机Sunny 2S,viomi.airer.nch102,viomi.airer.nch102.png,
清洁电器,云米,云米互联网晾衣机（母婴净菌版）,viomi.airer.ich109,viomi.airer.ich109.png,
清洁电器,云米,云米互联网晾衣机（阳光暖烘版）,viomi.airer.xy108b,viomi.airer.xy108b.png,
清洁电器,云米,云米互联网波轮洗衣机（9KG）,viomi.washer.s1,viomi.washer.s1.png,
清洁电器,云米,云米互联网洗烘一体机,viomi.washer.u2,viomi.washer.u2.png,
清洁电器,云米,云米互联网洗烘一体机Eyebot,viomi.washer.v17,viomi.washer.v17.png,
清洁电器,云米,云米互联网洗烘一体机Neo2(10kg 智能投放),viomi.washer.v28,viomi.washer.v28.png,
清洁电器,云米,云米互联网洗烘一体机Neo2Pro(10kg DD直驱),viomi.washer.v26,viomi.washer.v26.png,
清洁电器,云米,云米互联网洗烘一体机Neo（10kg OTA版）,viomi.washer.v8,viomi.washer.v8.png,
清洁电器,云米,云米互联网洗烘一体机Neo（8kg OTA版）,viomi.washer.v7,viomi.washer.v7.png,
清洁电器,云米,云米互联网洗烘一体机Rose 9kg,viomi.washer.v6,viomi.washer.v6.png,
清洁电器,云米,云米互联网洗烘一体机（10KG乐享版）,viomi.washer.v5,viomi.washer.v5.png,
清洁电器,云米,云米互联网洗烘一体机（10kg尊享版）,viomi.washer.v11,viomi.washer.v11.png,
清洁电器,云米,云米互联网洗烘一体机（8KG乐享版）,viomi.washer.v4,viomi.washer.v4.png,
清洁电器,云米,云米互联网洗烘一体机（8kg尊享版）,viomi.washer.v10,viomi.washer.v10.png,
清洁电器,云米,云米互联网洗烘机EyeBot Face新风速烘11kg,viomi.washer.v18,viomi.washer.v18.png,
清洁电器,云米,云米互联网洗烘机Master 2 智能投放 10kg,viomi.washer.v33,viomi.washer.v33.png,
清洁电器,云米,云米互联网洗烘机Master 2Mix 智目版 10kg,viomi.washer.v38,viomi.washer.v38.png,
清洁电器,云米,云米互联网洗烘机Master 2PRO 蒸汽护理10kg,viomi.washer.v35,viomi.washer.v35.png,
清洁电器,云米,云米互联网洗烘机Master 2S 紫外除菌 10kg,viomi.washer.v34,viomi.washer.v34.png,
清洁电器,云米,云米互联网洗烘机Neo2S 紫外除菌 10kg,viomi.washer.v46,viomi.washer.v46.png,
清洁电器,云米,云米互联网洗烘机Neo3 智目版 10kg,viomi.washer.v40,viomi.washer.v40.png,
清洁电器,云米,云米互联网洗衣机EyeBot(12KG 智目洗版),viomi.washer.v32,viomi.washer.v32.png,
清洁电器,云米,云米互联网洗衣机Master（10KG）,viomi.washer.v24,viomi.washer.v24.png,
清洁电器,云米,云米互联网洗衣机Master（8KG）,viomi.washer.v23,viomi.washer.v23.png,
清洁电器,云米,云米互联网洗衣机Neo2Pro(10kg DD直驱),viomi.washer.v27,viomi.washer.v27.png,
清洁电器,云米,云米互联网洗衣机（10KG）,viomi.washer.u4,viomi.washer.u4.png,
清洁电器,云米,云米互联网洗衣机（8KG）,viomi.washer.u3,viomi.washer.u3.png,
清洁电器,云米,云米互联网电动晾衣架Lite 1C,viomi.airer.ich111,viomi.airer.ich111.png,
清洁电器,云米,云米互联网集尘扫拖机器人,viomi.vacuum.v17,viomi.vacuum.v17.png,
清洁电器,云米,云米扫地机器人PRO,viomi.vacuum.v6,viomi.vacuum.v6.png,
清洁电器,云米,云米洗烘一体机Neo（10kg直驱版）,viomi.washer.v19,viomi.washer.v19.png,
清洁电器,云米,云米洗烘一体机Neo（10kg）,viomi.washer.v13,viomi.washer.v13.png,
清洁电器,云米,云米洗烘一体机（10kg语音版）,viomi.washer.u5,viomi.washer.u5.png,
清洁电器,云米,云米洗烘一体机（10kg领航版/智航版）,viomi.washer.v20,viomi.washer.v20.png,
清洁电器,云米,云米洗衣机Neo（10kg）,viomi.washer.v14,viomi.washer.v14.png,
清洁电器,云米,云米洗衣机（10kg领航版/智航版）,viomi.washer.v21,viomi.washer.v21.png,
清洁电器,云米,云米洗衣机（9kg/10kg语音版）,viomi.washer.u1,viomi.washer.u1.png,
清洁电器,云米,云米蓝调智能晾衣机,yunmi.airer.vch129,yunmi.airer.vch129.png,
清洁电器,云米,云米蓝调智能晾衣机 S2,yunmi.airer.vch122,yunmi.airer.vch122.png,
清洁电器,云米,云米集尘扫拖机器人ALPHA-UV,viomi.vacuum.v21,viomi.vacuum.v21.png,
清洁电器,云米,云米集尘扫拖机器人凌厉-UV,viomi.vacuum.v20,viomi.vacuum.v20.png,
清洁电器,京东京造,京东京造 A3Max智能晾衣架,jdjz.airer.a3max,jdjz.airer.a3max.png,
清洁电器,京东京造,京东京造A3Max 智能晾衣机,jdjz.airer.a3pro,jdjz.airer.a3pro.png,
清洁电器,京东京造,京东京造智能双控晾衣机,jdjz.airer.jza08,jdjz.airer.jza08.png,
清洁电器,京东京造,京东京造智能晾衣机A5 Pro,jdjz.airer.v1,jdjz.airer.v1.png,
清洁电器,京东京造,京东京造隐形单杆智能晾衣机,jdjz.airer.jdlyj,jdjz.airer.jdlyj.png,
清洁电器,休普微,JSW智能晾衣架,zjjsw.airer.sa006,zjjsw.airer.sa006.png,
清洁电器,休普微,休普微-AB杆智能晾衣架,zjjsw.airer.sa007,zjjsw.airer.sa007.png,
清洁电器,其他品牌,Ai 智能晾衣机,beihao.airer.lyj08,beihao.airer.lyj08.png,
清洁电器,其他品牌,Ai 智能晾衣架,babai.airer.lyj01,babai.airer.lyj01.png,
清洁电器,其他品牌,Courage智能晾衣机,kejia.airer.krq,kejia.airer.krq.png,
清洁电器,其他品牌,Courage智能晾衣机PRO,kejia.airer.krqpro,kejia.airer.krqpro.png,
清洁电器,其他品牌,GS智能晾衣架,gszn.airer.gs1686,gszn.airer.gs1686.png,
清洁电器,其他品牌,HRLCHURE智能晾衣架,yh1209.airer.yhxm,yh1209.airer.yhxm.png,
清洁电器,其他品牌,H智能晾衣架,jldj.airer.80036h,jldj.airer.80036h.png,
清洁电器,其他品牌,JL全功能智能晾衣机,e11035.airer.t10xfh,e11035.airer.t10xfh.png,
清洁电器,其他品牌,JL单功能智能晾衣机,e11035.airer.t10l,e11035.airer.t10l.png,
清洁电器,其他品牌,LFK智能晾衣机,e11035.airer.1208b,e11035.airer.1208b.png,
清洁电器,其他品牌,Lydsto惯导扫拖机器人G1M,gdyimu.vacuum.g1m,gdyimu.vacuum.g1m.png,
清洁电器,其他品牌,Lydsto扫拖一体机R1A,gdyimu.vacuum.r1,gdyimu.vacuum.r1.png,
清洁电器,其他品牌,Lydsto智能扫拖机器人R1DA,gdyimu.vacuum.r1da,gdyimu.vacuum.r1da.png,
清洁电器,其他品牌,PISN智能晾衣架,renx.airer.pinsh,renx.airer.pinsh.png,
清洁电器,其他品牌,V1智能晾衣架（WiFi）,giot.airer.v1icdw,giot.airer.v1icdw.png,
清洁电器,其他品牌,V2智能晾衣架（WiFi）,giot.airer.v2icdw,giot.airer.v2icdw.png,
清洁电器,其他品牌,ZJ智能晾衣架,zjdh.airer.xj003,zjdh.airer.xj003.png,
清洁电器,其他品牌,ZN-智能擦窗机器人,iot.vacuum.cc1,iot.vacuum.cc1.png,
清洁电器,其他品牌,丽升电动晾衣机,beihao.airer.l9,beihao.airer.l9.png,
清洁电器,其他品牌,九牧A6090电动晾衣机,e11035.airer.a6,e11035.airer.a6.png,
清洁电器,其他品牌,伊智佳智能晾衣机PRO,kejia.airer.yzjpro,kejia.airer.yzjpro.png,
清洁电器,其他品牌,佳帮手智能电动晾衣架,joybos.airer.jbslyj,joybos.airer.jbslyj.png,
清洁电器,其他品牌,佳爵士智能晾衣机,kejia.airer.jjs,kejia.airer.jjs.png,
清洁电器,其他品牌,佳爵士电动晾衣架,beihao.airer.l9xf,beihao.airer.l9xf.png,
清洁电器,其他品牌,信社真湿擦智能擦窗机YW703,onej.vacuum.clean,onej.vacuum.clean.png,
清洁电器,其他品牌,凯夫尔KFE,nbczwl.airer.kfe01,nbczwl.airer.kfe01.png,
清洁电器,其他品牌,勇辉智能晾衣架,yh1209.airer.public,yh1209.airer.public.png,
清洁电器,其他品牌,博高科智能电动晾衣机,kingee.airer.kelyj5,kingee.airer.kelyj5.png,
清洁电器,其他品牌,卡瑞琪智能晾衣架,nbczwl.airer.krqu40,nbczwl.airer.krqu40.png,
清洁电器,其他品牌,卡瑞琪电动晾衣架,syi.airer.sy1,syi.airer.sy1.png,
清洁电器,其他品牌,卡贝电动晾衣架,syi.airer.d16,syi.airer.d16.png,
清洁电器,其他品牌,向阳智能电动晾衣架,beihao.airer.airer3,beihao.airer.airer3.png,
清洁电器,其他品牌,太太乐TES款全功能晾衣机,e11035.airer.9003sx,e11035.airer.9003sx.png,
清洁电器,其他品牌,太太乐TES款单功能晾衣机,e11035.airer.9000x,e11035.airer.9000x.gif,
清洁电器,其他品牌,好太太晾衣机D-3115S,hotata.airer.d3115,hotata.airer.d3115.png,
清洁电器,其他品牌,彩魅智能晾衣机,bangbo.airer.c3xhqm,bangbo.airer.c3xhqm.png,
清洁电器,其他品牌,捷纳森智能晾衣架,jns.airer.1,jns.airer.1.png,
清洁电器,其他品牌,摩鱼智能母婴洗衣机,moyu.washer.s1hm,moyu.washer.s1hm.jpg,
清洁电器,其他品牌,智居乐电动晾衣架,syi.airer.zjl,syi.airer.zjl.png,
清洁电器,其他品牌,智帮手电动晾衣架,nbczwl.airer.zbs01,nbczwl.airer.zbs01.png,
清洁电器,其他品牌,智帮手电动晾衣架（WIFI+BLE版）,uxkeji.airer.zbs02,uxkeji.airer.zbs02.png,
清洁电器,其他品牌,智能晾衣机momo,ouchen.airer.m01,ouchen.airer.m01.png,
清洁电器,其他品牌,曼斯库博K款智能晾衣机,mskub.airer.k6,mskub.airer.k6.png,
清洁电器,其他品牌,曼斯库博P系列,cchip.airer.a2,cchip.airer.a2.png,
清洁电器,其他品牌,曼斯库博Y款,bangbo.airer.y6,bangbo.airer.y6.png,
清洁电器,其他品牌,登帝电动晾衣架,syi.airer.d08,syi.airer.d08.png,
清洁电器,其他品牌,米智能·电动晾衣机,kejia.airer.mzn,kejia.airer.mzn.png,
清洁电器,其他品牌,米智能·电动晾衣机PRO,kejia.airer.mznpro,kejia.airer.mznpro.png,
清洁电器,其他品牌,莱迪智能晾衣机,renx.airer.dilai,renx.airer.dilai.png,
清洁电器,其他品牌,蓝柚智能晾衣架,beihao.airer.bd,beihao.airer.bd.png,
清洁电器,其他品牌,贝纳森X3,bangbo.airer.x3xhqm,bangbo.airer.x3xhqm.png,
清洁电器,其他品牌,金贵夫人XM,nbczwl.airer.airer,nbczwl.airer.airer.png,
清洁电器,其他品牌,金贵夫人智能晾衣机,kejia.airer.th001,kejia.airer.th001.png,
清洁电器,其他品牌,金贵夫人晾衣架,gszn.airer.gs1685,gszn.airer.gs1685.png,
清洁电器,其他品牌,阳光智能晾衣机,yankon.airer.l66,yankon.airer.l66.png,
清洁电器,其他品牌,黑创 智能晾衣架 s63,babai.airer.hc01b,babai.airer.hc01b.png,
清洁电器,其他品牌,黑创HRLCHURE智能晾衣架,e11035.airer.1208a,e11035.airer.1208a.png,
清洁电器,其他品牌,黑创智能晾衣机,bangbo.airer.x5xhqm,bangbo.airer.x5xhqm.png,
清洁电器,卡瑞琪COURAGE,卡瑞琪COURAGE一线天智能晾衣架,czqh.airer.krqjsw,czqh.airer.krqjsw.png,
清洁电器,卡瑞琪COURAGE,卡瑞琪COURAGE智能电动晾衣机M9,czqh.airer.jsw2,czqh.airer.jsw2.png,
清洁电器,四季沐歌,Rise10 Mix-环形極固杆（烘干旗舰款）,micoe.airer.hz002h,micoe.airer.hz002h.png,
清洁电器,四季沐歌,Rise10-环形極固杆（除菌&体感灯）,micoe.airer.hz002x,micoe.airer.hz002x.png,
清洁电器,四季沐歌,四季沐歌  银河系列003(烘干款),micoe.airer.hz003h,micoe.airer.hz003h.png,
清洁电器,四季沐歌,四季沐歌  银河系列003(照明款),micoe.airer.hz003z,micoe.airer.hz003z.png,
清洁电器,四季沐歌,四季沐歌  Mies 10S 照明款,micoe.airer.hz001z,micoe.airer.hz001z.png,
清洁电器,四季沐歌,四季沐歌  Mies 10  Pro-烘干款,micoe.airer.hz001h,micoe.airer.hz001h.png,
清洁电器,大豪智芯,大豪智芯宠物烘干机1号Pro,jxdh.dry.zx002,jxdh.dry.zx002.png,
清洁电器,大豪智芯,大豪智芯宠物烘干机Mini一号,jxdh.dry.zxcw02,jxdh.dry.zxcw02.png,
清洁电器,太太夸,太太夸智能晾衣架,jnms15.airer.1,jnms15.airer.1.png,
清洁电器,好太太,好太太晾衣机D-3063(M13),hotata.airer.d3063,hotata.airer.d3063.png,
清洁电器,好太太,好太太晾衣机D-3375,hotata.airer.d3375,hotata.airer.d3375.png,
清洁电器,好太太,好太太晾衣机D10-ZM,hotata.airer.d10zm,hotata.airer.d10zm.png,
清洁电器,好太太,好太太晾衣机Q30Plus-ZM,hotata.airer.q30pzm,hotata.airer.q30pzm.png,
清洁电器,好太太,好太太晾衣机Q31-ZM,hotata.airer.q31zm,hotata.airer.q31zm.png,
清洁电器,好太太,好太太晾衣机Q60-ZM,hotata.airer.q60zm,hotata.airer.q60zm.png,
清洁电器,好易点,好易点智能晾衣机-消毒款2,hyd.airer.h51c,hyd.airer.h51c.png,
清洁电器,好易点,好易点智能晾衣机-简约款2,hyd.airer.h51a,hyd.airer.h51a.png,
清洁电器,好易点,好易点智能晾衣机GEN,hyd.airer.cs,hyd.airer.cs.png,
清洁电器,好易点,智能晾衣机-双机款,hyd.airer.m36a,hyd.airer.m36a.png,
清洁电器,宏盛远,宏盛远智能晾衣架,syi.airer.hsy01,syi.airer.hsy01.png,
清洁电器,小吉,小吉智能壁挂洗烘一体机,minij.washer.v17,minij.washer.v17.png,
清洁电器,小吉,小吉智能水珠壁挂洗衣机,minij.washer.v12,minij.washer.v12.png,
清洁电器,小吉,小吉智能迷你滚筒洗衣机,minij.washer.v1,minij.washer.v1.png,
清洁电器,小吉,小吉智能迷你滚筒洗衣机2.8kg,minij.washer.v15,minij.washer.v15.png,
清洁电器,小瓦,小瓦扫地机器人规划版,roborock.vacuum.e2,roborock.vacuum.e2.png,
清洁电器,小瓦,小瓦扫地机器人青春版,roborock.vacuum.c1,roborock.vacuum.c1.png,
清洁电器,小白,小白智能晾衣架 X1 Pro,chuangmi.airer.7l0a02,chuangmi.airer.7l0a02.png,
清洁电器,小白,小白自清洁扫拖机器人V3 除菌版,chuangmi.vacuum.719a02,chuangmi.vacuum.719a02.png,
清洁电器,小白,小白集尘扫地机器人V2,chuangmi.vacuum.707b02,chuangmi.vacuum.707b02.png,
清洁电器,小米出品,直驱 | 米家波轮洗衣机 尊享版 10kg,mibx5.washer.v1,mibx5.washer.v1.png,
清洁电器,小米出品,直驱 | 米家滚筒洗衣机 10kg,mibx5.washer.v6,mibx5.washer.v6.png,
清洁电器,小米出品,直驱 | 米家滚筒洗衣机 尊享版 10kg,mibx5.washer.v13,mibx5.washer.v13.png,
清洁电器,小米出品,直驱｜米家洗烘一体机 尊享版10kg,mibx2.washer.v17,mibx2.washer.v17.png,
清洁电器,小米出品,米家Mini洗衣机 1kg,mibx2.washer.v5,mibx2.washer.v5.png,
清洁电器,小米出品,米家三区洗衣机Pro 洗烘14kg,mibx2.washer.x17,mibx2.washer.x17.png,
清洁电器,小米出品,米家三区洗衣机Pro 滚筒10kg,mibx5.washer.x15,mibx5.washer.x15.png,
清洁电器,小米出品,米家三区洗衣机Pro 滚筒10kg 小筒烘,mibx5.washer.x15d,mibx5.washer.x15d.png,
清洁电器,小米出品,米家三区洗衣机Pro 滚筒14kg,mibx2.washer.x20,mibx2.washer.x20.png,
清洁电器,小米出品,米家互联网洗烘一体 1S 10kg,minij.washer.v11,minij.washer.v11.png,
清洁电器,小米出品,米家互联网洗烘一体机 10kg（或1S 10kg金/银）,minij.washer.v8,minij.washer.v8.png,
清洁电器,小米出品,米家互联网洗烘一体机1C 10kg,minij.washer.v14,minij.washer.v14.png,
清洁电器,小米出品,米家互联网洗烘一体机Pro 10kg,minij.washer.v5,minij.washer.v5.png,
清洁电器,小米出品,米家互联网热泵干衣机 10kg,mibx5.dry.v2,mibx5.dry.v2.png,
清洁电器,小米出品,米家互联网迷你波轮洗衣机Pro 3kg,minij.washer.v20,minij.washer.v20.png,
清洁电器,小米出品,米家免洗扫拖机器人,ijai.vacuum.v14,ijai.vacuum.v14.png,
清洁电器,小米出品,米家免洗扫拖机器人 2,xiaomi.vacuum.c101,xiaomi.vacuum.c101.png,
清洁电器,小米出品,米家免洗扫拖机器人 2 Pro,dreame.vacuum.r2210,dreame.vacuum.r2210.png,
清洁电器,小米出品,米家免洗扫拖机器人Pro,dreame.vacuum.p2149o,dreame.vacuum.p2149o.png,
清洁电器,小米出品,米家全能扫拖机器人,dreame.vacuum.p2114o,dreame.vacuum.p2114o.png,
清洁电器,小米出品,米家全能扫拖机器人 1S,dreame.vacuum.r2254,dreame.vacuum.r2254.png,
清洁电器,小米出品,米家全能扫拖机器人 M30,xiaomi.vacuum.d102ev,xiaomi.vacuum.d102ev.png,
清洁电器,小米出品,米家全能扫拖机器人 M30 S,xiaomi.vacuum.d103cn,xiaomi.vacuum.d103cn.png,
清洁电器,小米出品,米家全能扫拖机器人M30 Pro,xiaomi.vacuum.c107,xiaomi.vacuum.c107.png,
清洁电器,小米出品,米家全能扫拖机器人 2,xiaomi.vacuum.c102cn,xiaomi.vacuum.c102cn.png,
清洁电器,小米出品,米家内衣物洗烘一体机,mibx5.washer.v11,mibx5.washer.v11.png,
清洁电器,小米出品,米家分区洗烘一体机 15kg,mibx2.washer.v10,mibx2.washer.v10.png,
清洁电器,小米出品,米家双区洗衣机 滚筒10kg,mibx5.washer.x06,mibx5.washer.x06.png,
清洁电器,小米出品,米家双区洗衣机Pro 双洗烘10kg,mibx5.washer.x13,mibx5.washer.x13.png,
清洁电器,小米出品,米家干衣机 10kg,mibx5.dry.v3,mibx5.dry.v3.png,
清洁电器,小米出品,米家扫地机器人,rockrobo.vacuum.v1,rockrobo.vacuum.v1.png,
清洁电器,小米出品,米家扫地机器人1S,roborock.vacuum.m1s,roborock.vacuum.m1s.png,
清洁电器,小米出品,米家扫拖机器人,viomi.vacuum.v7,viomi.vacuum.v7.png,
清洁电器,小米出品,米家扫拖机器人 2Pro,ijai.vacuum.v13,ijai.vacuum.v13.png,
清洁电器,小米出品,米家扫拖机器人 4,xiaomi.vacuum.ov81cn,xiaomi.vacuum.ov81cn.png,
清洁电器,小米出品,米家扫拖机器人 5,xiaomi.vacuum.pv31cn,xiaomi.vacuum.pv31cn.png,
清洁电器,小米出品,米家扫拖机器人 5 Pro,xiaomi.vacuum.ov21cn,xiaomi.vacuum.ov21cn.png,
清洁电器,小米出品,米家扫拖机器人 5C,xiaomi.vacuum.ov42cn,xiaomi.vacuum.ov42cn.png,
清洁电器,小米出品,米家扫拖机器人 6,xiaomi.vacuum.pv32cn,xiaomi.vacuum.pv32cn.png,
清洁电器,小米出品,米家扫拖机器人 6 Max,xiaomi.vacuum.pv11cn,xiaomi.vacuum.pv11cn.png,
清洁电器,小米出品,米家扫拖机器人 6 Pro,xiaomi.vacuum.pv21cn,xiaomi.vacuum.pv21cn.png,
清洁电器,小米出品,米家扫拖机器人 G1,mijia.vacuum.v1,mijia.vacuum.v1.png,
清洁电器,小米出品,米家扫拖机器人 H40,xiaomi.vacuum.d101,xiaomi.vacuum.d101.png,
清洁电器,小米出品,米家扫拖机器人 M40,xiaomi.vacuum.d110ch,xiaomi.vacuum.d110ch.png,
清洁电器,小米出品,米家扫拖机器人 M40 S,xiaomi.vacuum.ov31cn,xiaomi.vacuum.ov31cn.png,
清洁电器,小米出品,米家扫拖机器人 Pro,ijai.vacuum.v1,ijai.vacuum.v1.png,
清洁电器,小米出品,米家扫拖机器人1C,dreame.vacuum.mb1808,dreame.vacuum.mb1808.png,
清洁电器,小米出品,米家扫拖机器人1T,dreame.vacuum.p2041,dreame.vacuum.p2041.png,
清洁电器,小米出品,米家扫拖机器人2,ijai.vacuum.v2,ijai.vacuum.v2.png,
清洁电器,小米出品,米家扫拖机器人2C,dreame.vacuum.p2140a,dreame.vacuum.p2140a.png,
清洁电器,小米出品,米家扫拖机器人2S,mijia.vacuum.b108za,mijia.vacuum.b108za.png,
清洁电器,小米出品,米家扫拖机器人3,xiaomi.vacuum.c104,xiaomi.vacuum.c104.png,
清洁电器,小米出品,米家扫拖机器人3C,ijai.vacuum.v18,ijai.vacuum.v18.png,
清洁电器,小米出品,米家扫拖机器人3C 增强版,xiaomi.vacuum.c103,xiaomi.vacuum.c103.png,
清洁电器,小米出品,米家扫拖机器人3S,mijia.vacuum.b108zh,mijia.vacuum.b108zh.png,
清洁电器,小米出品,米家无线吸尘器 4 Max,xiaomi.cleaner.4max,xiaomi.cleaner.4max.png,
清洁电器,小米出品,米家无线吸尘器 4 Pro,xiaomi.cleaner.4pro,xiaomi.cleaner.4pro.png,
清洁电器,小米出品,米家无线吸尘器3 基站版,xiaomi.cleaner.wx3,xiaomi.cleaner.wx3.png,
清洁电器,小米出品,米家无线洗地机4 Max,xiaomi.mop.wx4m,xiaomi.mop.wx4m.png,
清洁电器,小米出品,米家无线洗地机5 Max,xiaomi.mop.wx5m,xiaomi.mop.wx5m.png,
清洁电器,小米出品,米家智能双控晾衣机,xiaomi.airer.lyj4qc,xiaomi.airer.lyj4qc.png,
清洁电器,小米出品,米家智能晾衣机,hyd.airer.znlyj5,hyd.airer.znlyj5.png,
清洁电器,小米出品,米家智能晾衣机 1S,hyd.airer.1s1,hyd.airer.1s1.png,
清洁电器,小米出品,米家智能晾衣机 1S 多功能版,xiaomi.airer.1sfun,xiaomi.airer.1sfun.png,
清洁电器,小米出品,米家智能晾衣机 1T,xiaomi.airer.tjh,xiaomi.airer.tjh.png,
清洁电器,小米出品,米家智能晾衣机 2,xiaomi.airer.0002,xiaomi.airer.0002.png,
清洁电器,小米出品,米家智能晾衣机 2 Pro1,xiaomi.airer.2prog,xiaomi.airer.2prog.png,
清洁电器,小米出品,米家智能晾衣机 2 Pro2,xiaomi.airer.pro2,xiaomi.airer.pro2.png,
清洁电器,小米出品,米家智能晾衣机 3,xiaomi.airer.0003,xiaomi.airer.0003.png,
清洁电器,小米出品,米家智能晾衣机 烘干款,hyd.airer.lyjpro,hyd.airer.lyjpro.png,
清洁电器,小米出品,米家智能晾衣机1C,xiaomi.airer.lyj4q5,xiaomi.airer.lyj4q5.png,
清洁电器,小米出品,米家智能晾衣机Pro1,hyd.airer.pro,hyd.airer.pro.png,
清洁电器,小米出品,米家智能晾衣机Pro2,xiaomi.airer.pro3,xiaomi.airer.pro3.png,
清洁电器,小米出品,米家智能隐形晾衣机,xiaomi.airer.lyj3xs,xiaomi.airer.lyj3xs.png,
清洁电器,小米出品,米家智能隐形晾衣机 单杆2米,xiaomi.airer.lyj3qr,xiaomi.airer.lyj3qr.png,
清洁电器,小米出品,米家智能隐形晾衣机 双杆2.4米,xiaomi.airer.sg24,xiaomi.airer.sg24.png,
清洁电器,小米出品,米家波轮洗衣机 10kg,mibx2.washer.v6rm,mibx2.washer.v6rm.png,
清洁电器,小米出品,米家波轮洗衣机 10kg m2,mibx2.washer.v6,mibx2.washer.v6.png,
清洁电器,小米出品,米家洗烘一体机 10kg 彩屏智投,mibx5.washer.v10,mibx5.washer.v10.png,
清洁电器,小米出品,米家洗烘一体机 12kg/11.8kg 钛金灰,mibx2.washer.v15,mibx2.washer.v15.png,
清洁电器,小米出品,米家洗烘一体机10kg,minij.washer.v10,minij.washer.v10.png,
清洁电器,小米出品,米家洗衣机 分区洗 洗烘15kg,mibx2.washer.x11,mibx2.washer.x11.png,
清洁电器,小米出品,米家洗衣机 分区洗烘一体机15kg,mibx2.washer.x26,mibx2.washer.x26.png,
清洁电器,小米出品,米家洗衣机 双区洗 双洗烘,mibx5.washer.v05,mibx5.washer.v05.png,
清洁电器,小米出品,米家洗衣机 智投洗 洗烘10kg,mibx5.washer.38,mibx5.washer.38.png,
清洁电器,小米出品,米家洗衣机 智投洗Pro 洗烘12kg,midjd8.washer.45,midjd8.washer.45.png,
清洁电器,小米出品,米家洗衣机 波轮10kg,mibx2.washer.t19,mibx2.washer.t19.png,
清洁电器,小米出品,米家洗衣机 波轮12kg,mibx2.washer.t22,mibx2.washer.t22.png,
清洁电器,小米出品,米家洗衣机 洗烘10kg,mibx5.washer.f90,mibx5.washer.f90.png,
清洁电器,小米出品,米家洗衣机 洗烘12kg2,mibx5.washer.f521,mibx5.washer.f521.png,
清洁电器,小米出品,米家洗衣机 洗烘12kg1,mibx5.washer.f94,mibx5.washer.f94.png,
清洁电器,小米出品,米家洗衣机 洗烘13kg,mibx5.washer.f72,mibx5.washer.f72.png,
清洁电器,小米出品,米家洗衣机 滚筒10kg,mibx5.washer.f63,mibx5.washer.f63.png,
清洁电器,小米出品,米家洗衣机 滚筒12kg1,mibx5.washer.f81,mibx5.washer.f81.png,
清洁电器,小米出品,米家洗衣机 滚筒12kg2,mibx5.washer.f91,mibx5.washer.f91.png,
清洁电器,小米出品,米家洗衣机 精护洗Pro 洗烘10kg,mibx5.washer.f28,mibx5.washer.f28.png,
清洁电器,小米出品,米家洗衣机 超净洗 洗烘10kg,mibx5.washer.f531,mibx5.washer.f531.png,
清洁电器,小米出品,米家洗衣机 超净洗Pro 洗烘12kg,midjd8.washer.42a,midjd8.washer.42a.png,
清洁电器,小米出品,米家洗衣机 迷你Pro 3kg 智投版,mibx5.washer.s10,mibx5.washer.s10.png,
清洁电器,小米出品,米家洗衣机 迷你双区洗 洗烘 1kg,mibx5.washer.s15,mibx5.washer.s15.png,
清洁电器,小米出品,米家洗衣机 迷你洗 洗烘,midjd4.washer.s131,midjd4.washer.s131.png,
清洁电器,小米出品,米家洗衣机 ｜ 分区洗烘15kg 岩川白,mibx2.washer.v10d,mibx2.washer.v10d.png,
清洁电器,小米出品,米家洗衣机 ｜ 智投洗 滚筒10kg,mibx5.washer.37,mibx5.washer.37.png,
清洁电器,小米出品,米家洗衣机 ｜ 智投洗Pro 滚筒10kg,midjd8.washer.43,midjd8.washer.43.png,
清洁电器,小米出品,米家洗衣机 ｜ 超净洗 滚筒10kg,mibx5.washer.f321,mibx5.washer.f321.png,
清洁电器,小米出品,米家洗衣机 ｜ 超净洗Pro 洗烘一体10kg,midjd8.washer.f441,midjd8.washer.f441.png,
清洁电器,小米出品,米家洗衣机 ｜ 超净洗pro 滚筒12kg,midjd8.washer.41,midjd8.washer.41.png,
清洁电器,小米出品,米家洗衣机Pro 智投 迷你3kg,mibx5.washer.s121,mibx5.washer.s121.png,
清洁电器,小米出品,米家洗衣机Pro 波轮10kg,mibx2.washer.t20,mibx2.washer.t20.png,
清洁电器,小米出品,米家洗衣机Pro 波轮12kg,mibx2.washer.t24,mibx2.washer.t24.png,
清洁电器,小米出品,米家洗衣机Pro 至尊版 超电解智投 洗烘13kg,mibx5.washer.f98,mibx5.washer.f98.png,
清洁电器,小米出品,米家洗衣机Pro 蓝氧 滚筒10kg,mibx5.washer.f57,mibx5.washer.f57.png,
清洁电器,小米出品,米家洗衣机Pro 蓝氧智投 洗烘12kg,mibx5.washer.f67,mibx5.washer.f67.png,
清洁电器,小米出品,米家洗衣机Pro 蓝氧智投 滚筒10kg,mibx5.washer.f46,mibx5.washer.f46.png,
清洁电器,小米出品,米家洗衣机Pro 超电解智投 洗烘10kg,mibx5.washer.f59,mibx5.washer.f59.png,
清洁电器,小米出品,米家洗衣机Pro 超电解智投 洗烘12kg,mibx5.washer.f83,mibx5.washer.f83.png,
清洁电器,小米出品,米家洗衣机Pro 迷你3kg,mibx5.washer.s111,mibx5.washer.s111.png,
清洁电器,小米出品,米家热泵烘干机 10kg,mibx5.dry.d04,mibx5.dry.d04.png,
清洁电器,小米出品,米家热泵烘干机Pro 12kg,mibx5.dry.d07,mibx5.dry.d07.png,
清洁电器,小米出品,米家直驱洗烘一体机 10kg 简白版,mibx5.washer.v7,mibx5.washer.v7.png,
清洁电器,小米出品,米家直驱洗烘一体机 10kg1,mibx2.washer.v11rm,mibx2.washer.v11rm.png,
清洁电器,小米出品,米家直驱洗烘一体机 10kg2,mibx2.washer.v2,mibx2.washer.v2.png,
清洁电器,小米出品,米家超薄扫拖机器人,dreame.vacuum.p2148o,dreame.vacuum.p2148o.png,
清洁电器,小米出品,米家防缠绕扫拖机器人,szkj.vacuum.mjfc01,szkj.vacuum.mjfc01.png,
清洁电器,小米出品,米家集尘扫拖机器人,dreame.vacuum.p2150o,dreame.vacuum.p2150o.png,
清洁电器,小米出品,米家高温无线洗地机,szkj.mop.mjhvc1,szkj.mop.mjhvc1.png,
清洁电器,居意,智能晾衣架,syniot.airer.l2,syniot.airer.l2.png,
清洁电器,希箭,希箭智能晾衣机,horow.airer.p90,horow.airer.p90.png,
清洁电器,摩鱼,摩鱼内衣洗护机dg02,moyu.washer.dg02,moyu.washer.dg02.png,
清洁电器,摩鱼,摩鱼内衣洗护机dg08,moyu.washer.dg08,moyu.washer.dg08.png,
清洁电器,智米,Lydsto 扫拖一体机R1,zhimi.vacuum.xa1,zhimi.vacuum.xa1.png,
清洁电器,智米,Lydsto 扫拖一体机R1D,zhimi.vacuum.xa2,zhimi.vacuum.xa2.png,
清洁电器,智米,Lydsto惯导扫拖机器人G1,zhimi.vacuum.ga1,zhimi.vacuum.ga1.png,
清洁电器,智米,Lydsto惯导扫拖机器人G2,zhimi.vacuum.hd1,zhimi.vacuum.hd1.png,
清洁电器,智米,Lydsto扫拖一体机L1,zhimi.vacuum.l1,zhimi.vacuum.l1.png,
清洁电器,智米,Lydsto扫拖一体机R1Edge,zhimi.vacuum.r5l,zhimi.vacuum.r5l.png,
清洁电器,智米,Lydsto扫拖一体机R5,zhimi.vacuum.r5,zhimi.vacuum.r5.png,
清洁电器,智米,Lydsto自清洁扫地机W2,zhimi.vacuum.w2,zhimi.vacuum.w2.png,
清洁电器,智米,Lydsto自清洁扫地机W2Edge,zhimi.vacuum.w2max,zhimi.vacuum.w2max.png,
清洁电器,智米,Lydsto自清洁扫地机W2Lite,zhimi.vacuum.w2lite,zhimi.vacuum.w2lite.png,
清洁电器,智米,智米洗地机器人开拓者A1,zhimi.vacuum.wa1,zhimi.vacuum.wa1.png,
清洁电器,晾芯,晾芯M1智能电动晾衣机,yszn01.airer.ys2103,yszn01.airer.ys2103.png,
清洁电器,晾芯,晾芯M2智能电动晾衣机,yszn01.airer.lx01,yszn01.airer.lx01.png,
清洁电器,晾芯,晾芯M2智能电动晾衣机Pro,yszn01.airer.lx02,yszn01.airer.lx02.png,
清洁电器,晾霸,晾霸晾衣机S31,lbest.airer.lm04,lbest.airer.lm04.png,
清洁电器,杜亚,杜亚智能晾衣机2M,dooya.airer.2m,dooya.airer.2m.png,
清洁电器,欧兰特,欧兰特智能晾衣架B系列,orlant.airer.b,orlant.airer.b.png,
清洁电器,欧兰特,欧兰特智能晾衣架C系列,orlant.airer.c,orlant.airer.c.png,
清洁电器,欧普,OPPLE智能晾衣机  Mode A,opple.airer.3022wi,opple.airer.3022wi.png,
清洁电器,欧普,OPPLE智能晾衣机  Mode B,opple.airer.3032wi,opple.airer.3032wi.png,
清洁电器,欧普,OPPLE智能晾衣机 MODEL E,opple.airer.lyjb02,opple.airer.lyjb02.png,
清洁电器,派颂,派颂智能晾衣架Pro,nbps.airer.pro,nbps.airer.pro.png,
清洁电器,盼盼,盼盼智能晾衣机,dooya.airer.mjlyj,dooya.airer.mjlyj.png,
清洁电器,睿米,ROIDMI EVE CC,roidmi.vacuum.v62,roidmi.vacuum.v62.png,
清洁电器,睿米,ROIDMI EVE MAX,roidmi.vacuum.sdj60,roidmi.vacuum.sdj60.png,
清洁电器,睿米,ROIDMI手持无线吸尘器,roidmi.vacuum.v1,roidmi.vacuum.v1.png,
清洁电器,睿米,睿米扫拖机器人EVE,roidmi.vacuum.r1b,roidmi.vacuum.r1b.png,
清洁电器,睿米,睿米无界超净洗地机 NEO,roidmi.mop.xdj01,roidmi.mop.xdj01.png,
清洁电器,睿米,睿米无界超净洗地机R100,roidmi.mop.xdj03,roidmi.mop.xdj03.png,
清洁电器,睿米,睿米无线吸尘器 NEX S,roidmi.cleaner.v1,roidmi.cleaner.v1.png,
清洁电器,睿米,睿米无线吸尘器 NEX VX,roidmi.cleaner.v2,roidmi.cleaner.v2.png,
清洁电器,睿米,睿米无线吸尘器 NEX2 Pro,roidmi.cleaner.v382,roidmi.cleaner.v382.png,
清洁电器,睿米,睿米无线吸尘器F8 Pro,roidmi.cleaner.f8pro,roidmi.cleaner.f8pro.png,
清洁电器,睿米,睿米无线吸尘器旗舰版,roidmi.cleaner.v58,roidmi.cleaner.v58.png,
清洁电器,睿米,睿米真全能扫拖机器人,roidmi.vacuum.v66,roidmi.vacuum.v66.png,
清洁电器,石头,石头扫地机器人P5,roborock.vacuum.p5,roborock.vacuum.p5.png,
清洁电器,石头,石头扫地机器人S5,roborock.vacuum.s5,roborock.vacuum.s5.png,
清洁电器,石头,石头扫地机器人T4,roborock.vacuum.t4,roborock.vacuum.t4.png,
清洁电器,石头,石头扫地机器人T6,roborock.vacuum.t6,roborock.vacuum.t6.png,
清洁电器,石头,石头扫地机器人T7,roborock.vacuum.a11,roborock.vacuum.a11.png,
清洁电器,石头,石头扫地机器人T7 Pro,roborock.vacuum.a09,roborock.vacuum.a09.png,
清洁电器,石头,石头扫拖机器人 T7S,roborock.vacuum.a14,roborock.vacuum.a14.png,
清洁电器,石头,石头扫拖机器人 T7S Plus,roborock.vacuum.a23,roborock.vacuum.a23.png,
清洁电器,石头,石头扫拖机器人T8,roborock.vacuum.a37,roborock.vacuum.a37.png,
清洁电器,石头,石头扫拖机器人T8 Plus,roborock.vacuum.a52,roborock.vacuum.a52.png,
清洁电器,石头,石头自清洁扫拖机器人 G10 Plus,roborock.vacuum.a66,roborock.vacuum.a66.png,
清洁电器,石头,石头自清洁扫拖机器人 G10S Pure,roborock.vacuum.a64,roborock.vacuum.a64.png,
清洁电器,石头,石头自清洁扫拖机器人 P10,roborock.vacuum.a74,roborock.vacuum.a74.png,
清洁电器,石头,石头自清洁扫拖机器人G10,roborock.vacuum.a29,roborock.vacuum.a29.png,
清洁电器,石头,石头自清洁扫拖机器人G10S,roborock.vacuum.a46,roborock.vacuum.a46.png,
清洁电器,石头,石头自清洁扫拖机器人G10S Auto,roborock.vacuum.a76,roborock.vacuum.a76.png,
清洁电器,石头,石头自清洁扫拖机器人G10S Pro,roborock.vacuum.a26,roborock.vacuum.a26.png,
清洁电器,石头,石头自清洁扫拖机器人G20,roborock.vacuum.a69,roborock.vacuum.a69.png,
清洁电器,索菲亚,索菲亚智能晾衣架M1,sfy.airer.l002,sfy.airer.l002.png,
清洁电器,索菲亚,索菲亚智能暖风护理机M1,sfy.dry.c001,sfy.dry.c001.png,
清洁电器,绿智科技,绿智晾衣架,lzkj.airer.lylyj,lzkj.airer.lylyj.png,
清洁电器,美倾,美倾M8互联网智能扫地机器人,hanyi.vacuum.m8pro,hanyi.vacuum.m8pro.png,
清洁电器,美倾,美倾互联网智能扫地机器人,hanyi.vacuum.m7pro,hanyi.vacuum.m7pro.png,
清洁电器,追觅,Dreame Bot D9 Max,dreame.vacuum.p2259,dreame.vacuum.p2259.png,
清洁电器,追觅,MOVA扫拖机器人L600,dreame.vacuum.p2157,dreame.vacuum.p2157.png,
清洁电器,追觅,大未LDS扫拖一体机器人 — Finder,dreame.vacuum.p2036,dreame.vacuum.p2036.png,
清洁电器,追觅,追觅 D10 Plus,dreame.vacuum.r2205,dreame.vacuum.r2205.png,
清洁电器,追觅,追觅D9 Pro,dreame.vacuum.p2187,dreame.vacuum.p2187.png,
清洁电器,追觅,追觅L10 Plus,dreame.vacuum.p2028a,dreame.vacuum.p2028a.png,
清洁电器,追觅,追觅L10 Pro,dreame.vacuum.p2029,dreame.vacuum.p2029.png,
清洁电器,追觅,追觅S10,dreame.vacuum.r2228,dreame.vacuum.r2228.png,
清洁电器,追觅,追觅S10 Plus,dreame.vacuum.r2246,dreame.vacuum.r2246.png,
清洁电器,追觅,追觅S10 Pro,dreame.vacuum.r2233,dreame.vacuum.r2233.png,
清洁电器,追觅,追觅S10 Pro Plus,dreame.vacuum.r2247,dreame.vacuum.r2247.png,
清洁电器,追觅,追觅W10,dreame.vacuum.p2027,dreame.vacuum.p2027.png,
清洁电器,追觅,追觅W10 Pro,dreame.vacuum.r2104,dreame.vacuum.r2104.png,
清洁电器,追觅,追觅W10s,dreame.vacuum.r2251o,dreame.vacuum.r2251o.png,
清洁电器,追觅,追觅W10s Pro,dreame.vacuum.r2232a,dreame.vacuum.r2232a.png,
清洁电器,追觅,追觅X10,dreame.vacuum.r2235,dreame.vacuum.r2235.png,
清洁电器,追觅,追觅X10 Pro（原尊享版）,dreame.vacuum.r2215,dreame.vacuum.r2215.png,
清洁电器,追觅,追觅慧目F9 扫拖机器人,dreame.vacuum.p2008,dreame.vacuum.p2008.png,
清洁电器,追觅,追觅灵图D9 扫拖机器人,dreame.vacuum.p2009,dreame.vacuum.p2009.png,
清洁电器,邦先生,邦先生M0智能晾衣机,mrbond.airer.m0,mrbond.airer.m0.png,
清洁电器,邦先生,邦先生M1pro智能晾衣机,mrbond.airer.m1pro,mrbond.airer.m1pro.png,
清洁电器,邦先生,邦先生M1super智能晾衣机,mrbond.airer.m1super,mrbond.airer.m1super.png,
清洁电器,邦先生,邦先生M1智能晾衣机,mrbond.airer.m1s,mrbond.airer.m1s.png,
清洁电器,邦先生,邦先生M2pro智能晾衣机,mrbond.airer.m2pro,mrbond.airer.m2pro.png,
清洁电器,邦先生,邦先生M2智能晾衣机,mrbond.airer.m2,mrbond.airer.m2.png,
清洁电器,邦先生,邦先生智能晾衣机 双控款,hyd.airer.l22pro,hyd.airer.l22pro.png,
清洁电器,邦先生,邦先生智能晾衣机-消毒款,mrbond.airer.c1x,mrbond.airer.c1x.png,
清洁电器,邦先生,邦先生智能晾衣机-消毒款2,mrbond.airer.m31c2,mrbond.airer.m31c2.png,
清洁电器,邦先生,邦先生智能晾衣机-消毒款3,mrbond.airer.m33c,mrbond.airer.m33c.png,
清洁电器,邦先生,邦先生智能晾衣机-烘干款,mrbond.airer.m1tpro,mrbond.airer.m1tpro.png,
清洁电器,邦先生,邦先生智能晾衣机-简约款,mrbond.airer.m1t,mrbond.airer.m1t.png,
清洁电器,邦先生,邦先生智能晾衣机-简约款2,mrbond.airer.m31a2,mrbond.airer.m31a2.png,
清洁电器,邦先生,邦先生智能晾衣机-简约款3,mrbond.airer.m33a,mrbond.airer.m33a.png,
清洁电器,邦先生,邦先生智能晾衣机-风干款,mrbond.airer.m53c,mrbond.airer.m53c.png,
清洁电器,邦先生,邦先生智能晾衣机-风烘款,mrbond.airer.m53pro,mrbond.airer.m53pro.png,
清洁电器,邦先生,邦先生智能晾衣机-风烘款Pro,mrbond.airer.m65,mrbond.airer.m65.png,
清洁电器,邦先生,邦先生智能晾衣机GEN,hyd.airer.gen2,hyd.airer.gen2.png,
清洁电器,邦先生,邦先生智能晾衣机GEN 2,hyd.airer.gen3,hyd.airer.gen3.png,
清洁电器,邦先生,邦先生智能晾衣机GEN 3,hyd.airer.gen4,hyd.airer.gen4.png,
清洁电器,邦先生,邦先生智能晾衣机LA,mrbond.airer.m50f,mrbond.airer.m50f.png,
清洁电器,邦先生,邦先生智能晾衣机LDAH,mrbond.airer.m53cpr,mrbond.airer.m53cpr.png,
清洁电器,金贵夫人,金贵夫人智能晾衣架,jgfr.airer.znlyj,jgfr.airer.znlyj.png,
清洁电器,金贵夫人,金贵夫人隐形晾衣架,jgfr.airer.yxtlyj,jgfr.airer.yxtlyj.png,
清洁电器,鑫爱家,无线吸尘器,haikuo.cleaner.m7,haikuo.cleaner.m7.png,
清洁电器,钟点狗,钟点狗智能擦地机,kxf321.mop.mo001,kxf321.mop.mo001.png,
清洁电器,钟点狗,钟点狗智能擦地机S,kxf321.mop.mo002,kxf321.mop.mo002.png,
清洁电器,雷士,雷士智能晾衣架,leishi.airer.lyj002,leishi.airer.lyj002.png,
清洁电器,雷士,雷士智能晾衣架PRO,leishi.airer.lyj001,leishi.airer.lyj001.png,
清洁电器,顺造,顺造高温智能洗地机,szkj.mop.x1,szkj.mop.x1.png,
清洁电器,Uwant,友望扫地机器人U400 Max,jdyw.vacuum.u400m,jdyw.vacuum.u400m.png,
清洁电器,晾霸,晾霸智能晾衣机PRO,lbest.airer.lm08,lbest.airer.lm08.png,
清洁电器,小米出品,米家洗衣机Pro 超电解新风 热泵洗烘13kg,mibx5.washer.fa0,mibx5.washer.fa0.png,
清洁电器,小米出品,米家洗衣机 健康洗Pro 三筒洗烘14kg,mibx5.washer.x23d,mibx5.washer.x23d.png,
清洁电器,小米出品,米家洗衣机 健康洗Pro 三筒14kg,mibx5.washer.x24,mibx5.washer.x24.png,
清洁电器,米卫士,米卫士晾衣架,xylyj.airer.y11,xylyj.airer.y11.png,
照明,AKG,AKG智能筒射灯3.0（超省电）,aikeji.light.wy0a02,aikeji.light.wy0a02.png,
照明,Aisilan,爱斯兰情景彩光落地灯,isl.light.rgb01,isl.light.rgb01.png,
照明,Bridgelux,Bridgelux智能灯带Pro(Mesh2.0),blx888.light.puddp,blx888.light.puddp.png,
照明,DOSIN,DOSIN智能灯带,dosin1.light.dsem20,dosin1.light.dsem20.png,
照明,FANDUNBAO,FANDUNBAO 梵金射灯 Pro,hxzm66.light.hxtsd,hxzm66.light.hxtsd.png,
照明,FOOKES,FOOKES智能筒射灯（Mesh2.0),fookes.light.fksts1,fookes.light.fksts1.png,
照明,FRFOX,FRFOX-Z1射灯,yoohoo.light.lts2,yoohoo.light.lts2.png,
照明,FRFOX,FRFOX-Z2筒灯,yoohoo.light.z2,yoohoo.light.z2.png,
照明,FSL,FSL智曜系列磁吸灯,sfl.light.fslcxd,sfl.light.fslcxd.png,
照明,FSL,FSL智能落地护眼灯,sfl.light.wy0a03,sfl.light.wy0a03.png,
照明,GAMON,GAMON智能磁吸灯,dxzm.light.dxcx1,dxzm.light.dxcx1.png,
照明,GE,GE智能吸顶灯,hyws.light.zxdd01,hyws.light.zxdd01.png,
照明,GE,GE智能吸顶灯PRO,hyws.light.zxdd02,hyws.light.zxdd02.png,
照明,GOODTEK,GOODTEK双色温灯带MESH2.0,goodtk.light.wy0a01,goodtk.light.wy0a01.png,
照明,Honeywell,Honeywell卧室吸顶灯2,hming.light.wy0x10,hming.light.wy0x10.png,
照明,Honeywell,Honeywell客厅吸顶灯2,hming.light.wy0x11,hming.light.wy0x11.png,
照明,LEDCHB,LEDCHB智能磁吸轨道灯,xhzm5.light.xghm20,xhzm5.light.xghm20.png,
照明,LEISHISHAN,LEISHISHAN智能风扇灯V1,lss.light.wyfa01,lss.light.wyfa01.png,
照明,LEX乐享生活,LEXSmart 全色域霞光健康护眼灯带2.0,lex.light.slsx02,lex.light.slsx02.png,
照明,LEX乐享生活,LEXSmart 全色域霞光健康护眼磁吸灯2.0,lex.light.scxd02,lex.light.scxd02.png,
照明,MAIDUN,迈顿智能射灯(mesh2.0),maidun.light.mdtsdm,maidun.light.mdtsdm.png,
照明,MCOLOR,MCOLOR智能筒射灯,mcolor.light.wy0a01,mcolor.light.wy0a01.png,
照明,Nanoleaf,Nanoleaf 积木奇光板,nnleaf.light.nl81,nnleaf.light.nl81.png,
照明,OML,欧曼SHINE全彩氛围落地灯,oml.light.omlatv,oml.light.omlatv.png,
照明,OPPEIN,欧派-M5智能RGB射灯,oppein.light.wy0a02,oppein.light.wy0a02.png,
照明,OPPEIN,欧派-M5智能双色温射灯,oppein.light.wy0a01,oppein.light.wy0a01.png,
照明,QINENG企能,QINENG智能筒射灯,qnzm01.light.wy0a01,qnzm01.light.wy0a01.png,
照明,SEECANN,SEECANN智能筒射灯,skzm.light.adltsd,skzm.light.adltsd.png,
照明,SEECANN,SEECANN淡彩光灯带,skzm.light.dcgdd2,skzm.light.dcgdd2.png,
照明,Thanks Lighting,Thanks Lighting智能灯带,zdzm.light.zddd,zdzm.light.zddd.png,
照明,Thanks Lighting,Thanks Lighting智能磁吸灯,zdzm.light.zdcxd,zdzm.light.zdcxd.png,
照明,WGSE,WGSE智能双色灯带,wgse.light.wy0a02,wgse.light.wy0a02.png,
照明,WOTIE沃铁,沃铁WT智能灯带(MESH 2.0),drui.light.wy0a03,drui.light.wy0a03.png,
照明,WOTIE沃铁,沃铁WT智能磁吸灯(MESH 2.0),drui.light.wy0a04,drui.light.wy0a04.png,
照明,XIERD,XIERD智能吸顶灯,cxled.light.wy0a01,cxled.light.wy0a01.png,
照明,Xiao Niu 骁牛,XN TECH宽色域灯带Ultra,xy8866.light.air03,xy8866.light.air03.png,
照明,YETFIF,YETFIF智能灯带Ultra,cd168.light.cddd01,cd168.light.cddd01.png,
照明,Yeelight,Yeelight T2智能色温筒射灯2.0,yeelink.light.ml26,yeelink.light.ml26.png,
照明,Yeelight,Yeelight超薄智能吸顶灯,yeelink.light.ceil67,yeelink.light.ceil67.png,
照明,Yeelight,Yeelight超薄智能吸顶灯PRO,yeelink.light.ceil68,yeelink.light.ceil68.png,
照明,ZKZB,ZKZB智能RGBCW灯带Mesh2.0,zbmesh.light.zbrgbm,zbmesh.light.zbrgbm.png,
照明,ZKZB,ZKZB智能灯带Mesh2.0,zbmesh.light.zbdd01,zbmesh.light.zbdd01.png,
照明,ZKZB,ZKZB超宽色域智能灯带Mesh2.0,zbmesh.light.zbksdd,zbmesh.light.zbksdd.png,
照明,ZNSN,Thoughthome 星芒款智能筒射灯,znsn.light.xiliec,znsn.light.xiliec.png,
照明,ZNSN,Thoughthome 星辉款智能筒射灯,znsn.light.zslgtb,znsn.light.zslgtb.png,
照明,inSona,inSona追光系列光启吸顶灯,inble.light.wy0a02,inble.light.wy0a02.png,
照明,lipro,lipro护眼吸顶灯 单色温,lipro.light.26x8,lipro.light.26x8.png,
照明,lipro,lipro护眼客厅吸顶灯,lipro.light.26x4,lipro.light.26x4.png,
照明,luobang罗邦国际,LB智能筒射灯,luoban.light.wy0a01,luoban.light.wy0a01.png,
照明,noooe皓逸,皓逸全色域灯带氛围大师Color,haoyi.light.hoy2dd,haoyi.light.hoy2dd.png,
照明,noooe皓逸,皓逸全色域筒射灯氛围大师Color,haoyi.light.hoym20,haoyi.light.hoym20.png,
照明,三雄极光Pak,三雄极光Pak 智能人存射灯 悦影,pak.light.pakcw3,pak.light.pakcw3.png,
照明,三雄极光Pak,三雄极光Pak 智能人存筒灯 悦影,pak.light.pakcw4,pak.light.pakcw4.png,
照明,三雄极光Pak,三雄极光Pak 智能射灯2.0,pak.light.wy0a10,pak.light.wy0a10.png,
照明,三雄极光Pak,三雄极光Pak 智能灯带 光影RGBCW,pak.light.rbg001,pak.light.rbg001.png,
照明,三雄极光Pak,三雄极光Pak 智能灯带 光影双色,pak.light.wy0a14,pak.light.wy0a14.png,
照明,三雄极光Pak,三雄极光Pak 智能筒灯2.0,pak.light.wy0a11,pak.light.wy0a11.png,
照明,亮珈/LJIA,LJIA智能筒射灯,ljia.light.wy0a01,ljia.light.wy0a01.png,
照明,亿来嘉,亿来嘉DRUI智能灯带(MESH 2.0),drui.light.wy0a01,drui.light.wy0a01.png,
照明,亿来嘉,亿来嘉DRUI智能磁吸灯(MESH 2.0),drui.light.wy0a02,drui.light.wy0a02.png,
照明,亿灯源,YDY智能磁吸灯,ydy.light.ydycxd,ydy.light.ydycxd.png,
照明,光明虎,光明虎智能筒射灯,xkzj01.light.wy0a01,xkzj01.light.wy0a01.png,
照明,光炯智能,光炯智能-筒射灯（Mesh2.0）,gjzn.light.gjtsd1,gjzn.light.gjtsd1.png,
照明,光缓,光缓智能双色温灯带Pro,alight.light.azdd1,alight.light.azdd1.png,
照明,光缓,光缓智能双色温磁吸灯Pro,alight.light.azcxd1,alight.light.azcxd1.png,
照明,公牛,公牛风扇灯F18C,bull.light.fan06,bull.light.fan06.png,
照明,力多科,力多科情景柜体灯带,ldkmj.light.ldkm20,ldkmj.light.ldkm20.png,
照明,力捷智能,LIJIE智能筒射灯,lj2018.light.wy0a04,lj2018.light.wy0a04.png,
照明,千爵,千爵智能筒射灯,sswy.light.bjtsd,sswy.light.bjtsd.png,
照明,华荣电缘,HR智能双色灯带,rsdz.light.wy0a01,rsdz.light.wy0a01.png,
照明,博尔美,博尔美智能双色温灯带,broway.light.bemdd,broway.light.bemdd.png,
照明,卡瑟维,卡瑟维智能筒射灯 Ultra,qiyl.light.qytsd,qiyl.light.qytsd.png,
照明,嘉韬,嘉韬智能筒射灯,jtzm01.light.wy0a01,jtzm01.light.wy0a01.png,
照明,如见,如见mesh智能磁吸灯M,rusee.light.wy0a02,rusee.light.wy0a02.png,
照明,宏光照明,宏光智能软灯带(Mesh2.0),honkon.light.hgddm,honkon.light.hgddm.png,
照明,家的,家的光影复合吸顶灯,jiadi0.light.jwdm21,jiadi0.light.jwdm21.png,
照明,小米出品,米家显示器挂灯2,xiaomi.light.bar2,xiaomi.light.bar2.png,
照明,小米出品,米家立式学习灯2C,xiaomi.light.lamp39,xiaomi.light.lamp39.png,
照明,尖硕,尖硕智能筒射灯,yjzm01.light.wy0a01,yjzm01.light.wy0a01.png,
照明,巧旺,巧旺智能灯,lgb.light.lt001,lgb.light.lt001.png,
照明,巴伦,BL智能风扇灯,login.light.wyfa01,login.light.wyfa01.png,
照明,广颂,广颂S1火星灯带（Mesh2.0）,gsm.light.gshxdd,gsm.light.gshxdd.png,
照明,志朔照明,ZS氛围智能灯带 2.0,zszszn.light.wy0a04,zszszn.light.wy0a04.png,
照明,思码光,思码光云霞淡彩灯带M3,manew.light.wyra07,manew.light.wyra07.png,
照明,悍高HIGOLD,悍高智能柜类灯(MESH 2.0),hgled.light.hgkm20,hgled.light.hgkm20.png,
照明,慕容柯,慕容柯人存小夜灯Mesh2.0,murong.light.mrk010,murong.light.mrk010.png,
照明,易得信,易得信智能筒射灯,ydx166.light.wy0a01,ydx166.light.wy0a01.png,
照明,星月影,星月影智能一体灯带,seomsh.light.syytdd,seomsh.light.syytdd.png,
照明,星月影,星月影风扇灯Elite,seomsh.light.xyyfsd,seomsh.light.xyyfsd.png,
照明,智拉斐,智拉斐LED智能调光灯带TG-HY1,slf.light.lts01,slf.light.lts01.png,
照明,智拉斐,智拉斐嵌入式射灯TD-KT1-75-12,slf.light.tdkt1,slf.light.tdkt1.png,
照明,智拉斐,智拉斐嵌入式射灯TD-KT2-75-12,slf.light.tdkt2,slf.light.tdkt2.png,
照明,智拉斐,智拉斐嵌入式筒灯TD-GD1-75-12,slf.light.tdgd1,slf.light.tdgd1.png,
照明,智邦熊,智邦熊智能磁吸灯UItra2.0,cxznkj.light.wy0a03,cxznkj.light.wy0a03.png,
照明,朗勃司,朗勃司智能筒射灯,me3362.light.wy0a01,me3362.light.wy0a01.png,
照明,朗德万斯,朗德万斯吸顶灯LY,lvgmbh.light.lvxdd,lvgmbh.light.lvxdd.png,
照明,朗德万斯,朗德万斯智能卧室灯,lvgmbh.light.lvcw03,lvgmbh.light.lvcw03.png,
照明,朗德万斯,朗德万斯智能客厅灯,lvgmbh.light.lvcw01,lvgmbh.light.lvcw01.png,
照明,朗德万斯,朗德万斯筒射灯(Mesh2.0),lvgmbh.light.lvts01,lvgmbh.light.lvts01.png,
照明,木林森照明,MLS凌霄T01智能筒射灯,mlszm.light.mlsts3,mlszm.light.mlsts3.png,
照明,木林森照明,MLS星漫智能灯带,mlszm.light.mlsdd,mlszm.light.mlsdd.png,
照明,木林森照明,MLS星空智能筒射灯,mlszm.light.mlstsd,mlszm.light.mlstsd.png,
照明,木林森照明,木林森吸顶灯,mlszm.light.wy0a01,mlszm.light.wy0a01.png,
照明,欧司朗,欧司朗桌路台灯,traxon.light.osltd,traxon.light.osltd.png,
照明,永怡御风,永怡御风风扇灯,yyyf.light.wyfa01,yyyf.light.wyfa01.png,
照明,流星线,流星线智能筒射灯,xdlzm.light.wy0a01,xdlzm.light.wy0a01.png,
照明,海莱威,海莱威智能灯带(Mesh2.0),mw2025.light.hlwdd,mw2025.light.hlwdd.png,
照明,深思,SIASE深思智能深防眩筒射灯,ssdg.light.sstsd1,ssdg.light.sstsd1.png,
照明,源氏木语,源氏木语智能风扇灯G1,ysmy1.light.wyfa01,ysmy1.light.wyfa01.png,
照明,满星思维,满星思维智能灯带(满血版mesh2.0),mxsw.light.mxswdd,mxsw.light.mxswdd.png,
照明,狄耐克,狄耐克双色温射灯(Mesh2.0),dnake.light.lgt002,dnake.light.lgt002.png,
照明,狄耐克,狄耐克双色温灯带(Mesh2.0),dnake.light.lgt003,dnake.light.lgt003.png,
照明,琪朗,琪朗 SunnyTop 吸顶灯 A2 Max,klaled.light.ql6a2w,klaled.light.ql6a2w.png,
照明,琪朗,琪朗光立方吸顶灯E21,klaled.light.ql6e1w,klaled.light.ql6e1w.png,
照明,简顿,简顿护眼吊灯,704719.light.wy0a05,704719.light.wy0a05.png,
照明,维立光照明,WLG智能筒射灯Ultra(满血版),wlg.light.wy0a09,wlg.light.wy0a09.png,
照明,至御,至御智能筒射灯 Mesh2.0 满血版,yky01.light.ykyts1,yky01.light.ykyts1.png,
照明,苏米科技,苏米人存射灯Mesh2.0,xhuan.light.smtsd1,xhuan.light.smtsd1.png,
照明,苏米科技,苏米人存筒灯Mesh2.0,xhuan.light.smltd3,xhuan.light.smltd3.png,
照明,苏米科技,苏米浅彩动态灯带Mesh2.0,xhuan.light.hdmi2,xhuan.light.hdmi2.png,
照明,苏米科技,苏米浅彩影音动态灯带Mesh2.0,xhuan.light.hdmilm,xhuan.light.hdmilm.png,
照明,苏米科技,苏米深度调光筒射灯Ultra,xhuan.light.smtsd3,xhuan.light.smtsd3.png,
照明,西门子,西门子臻影40W卧室吸顶灯,siemen.light.21nc44,siemen.light.21nc44.png,
照明,西顿照明,西顿天空灯青春版,cdn.light.xdtjd2,cdn.light.xdtjd2.png,
照明,视贝,视贝智家筒射灯2.0,shibei.light.wy0a04,shibei.light.wy0a04.png,
照明,诺克照明,诺克照明氛围吸顶灯,nork.light.wyrb01,nork.light.wyrb01.png,
照明,贝视朗,贝视朗学习灯,bsl.light.3101yh,bsl.light.3101yh.png,
照明,鑫居,鑫居双色温灯带 Mesh2.0,xjzn.light.xjum20,xjzn.light.xjum20.png,
照明,钜豪,JUHAO钜豪智能筒射灯,jhzm88.light.wy0a01,jhzm88.light.wy0a01.png,
照明,钟金华迅,钟金华迅智能筒射灯,hxzm88.light.wy0a01,hxzm88.light.wy0a01.png,
照明,铂刻之光,铂刻之光灯带Ultra,bokee.light.bkdd,bokee.light.bkdd.png,
照明,雷士,雷士净化风扇灯,leishi.light.jhfsd,leishi.light.jhfsd.png,
照明,雷士,雷士智能护眼灯饰A1,leishi.light.126a1,leishi.light.126a1.png,
照明,雷士,雷士智能护眼灯饰A2,leishi.light.129p,leishi.light.129p.png,
照明,雷士,雷士智能护眼灯饰A3,leishi.light.126p,leishi.light.126p.png,
照明,雷士,雷士智能护眼灯饰B2,leishi.light.126b2,leishi.light.126b2.png,
照明,雷士,雷士风扇灯lite,leishi.light.nvcf01,leishi.light.nvcf01.png,
照明,雷士照明,雷士吊灯PRO,nvcsmt.light.wzj202,nvcsmt.light.wzj202.png,
照明,雷士照明,雷士智能嵌入式格栅灯,nvcsmt.light.bns204,nvcsmt.light.bns204.png,
照明,雷士照明,雷士智能明装格栅灯,nvcsmt.light.bns203,nvcsmt.light.bns203.png,
照明,飞利浦,飞利浦PureSight Pro 灯具,signfy.light.bc0lt1,signfy.light.bc0lt1.png,
照明,飞利浦,飞利浦V9 Pro智能吸顶灯 150W,signfy.light.ce15v9,signfy.light.ce15v9.png,
照明,飞利浦,飞利浦V9 Pro智能吸顶灯 45W,signfy.light.ce45v9,signfy.light.ce45v9.png,
照明,飞利浦,飞利浦V9 Pro智能吸顶灯 60W,signfy.light.ce60v9,signfy.light.ce60v9.png,
照明,飞利浦,飞利浦V9 Pro智能吸顶灯 85W,signfy.light.ce85v9,signfy.light.ce85v9.png,
照明,飞利浦,飞利浦映透智能灯,signfy.light.bc0lb1,signfy.light.bc0lb1.png,
照明,飞利浦,飞利浦智能吸顶灯48W,signfy.light.cc1sy2,signfy.light.cc1sy2.png,
照明,飞雕,飞雕智淳智能筒射灯,feid.light.fdtsd,feid.light.fdtsd.png,
照明,高灯大师,高灯大师双回路智能灯带,gdds.light.gzzfdd,gdds.light.gzzfdd.png,
照明,7z,7z AI灯控器,gxhl.light.7zps11,gxhl.light.7zps11.png,
照明,ABKY,ABKY智能彩光灯带（Mesh2.0）,mkit.light.mkwldd,mkit.light.mkwldd.png,
照明,AIWK,AIWK情景智能磁吸射灯Live,aiwk.light.wy0a01,aiwk.light.wy0a01.png,
照明,AKG,AKG智能灯带3.0,aikeji.light.wy0a01,aikeji.light.wy0a01.png,
照明,ANKOTTI安科帝,ANKOTTI安科帝智能灯,creat6.light.lt07,creat6.light.lt07.png,
照明,AOZZO奥朵,奥朵高端吊灯A2,aozzo.light.plv2a2,aozzo.light.plv2a2.png,
照明,AOZZO奥朵,奥朵高端吊灯Pro1,aozzo.light.wy0a06,aozzo.light.wy0a06.png,
照明,AOZZO奥朵,奥朵高端吸顶灯A1,aozzo.light.wy0a01,aozzo.light.wy0a01.png,
照明,AUPU奥普,AUPU奥普智能平板灯-S20M,aupu.light.mesh01,aupu.light.mesh01.png,
照明,AUPU奥普,AUPU奥普智能平板灯-S24M,aupu.light.mesh60,aupu.light.mesh60.png,
照明,AUPU奥普,AUPU奥普智能阳光平板灯-Y1M,aupu.light.meshyg,aupu.light.meshyg.png,
照明,Aisilan,爱斯兰智能筒射灯,isl.light.wy0a03,isl.light.wy0a03.png,
照明,Aqara,Aqara LED灯泡（可调色温）,lumi.light.aqcn02,lumi.light.aqcn02.png,
照明,Aqara,Aqara 吸顶灯,lumi.light.acn033,lumi.light.acn033.png,
照明,Aqara,吸顶灯MX480(可调色温),lumi.light.cwopcn03,lumi.light.cwopcn03.png,
照明,Aqara,吸顶灯MX650(可调色温),lumi.light.cwopcn02,lumi.light.cwopcn02.png,
照明,Aqara,吸顶灯MX960(可调色温),lumi.light.cwopcn01,lumi.light.cwopcn01.png,
照明,Arclux,Arclux智能射灯,arclux.light.wy0a01,arclux.light.wy0a01.png,
照明,BAOS,BAOS射灯,bsdy.light.bssdm,bsdy.light.bssdm.png,
照明,BAOS,BAOS灯带,bsdy.light.bsddm,bsdy.light.bsddm.png,
照明,BAOS,BAOS磁吸灯,bsdy.light.bscxdm,bsdy.light.bscxdm.png,
照明,BAOS,BAOS筒灯,bsdy.light.bstdm,bsdy.light.bstdm.png,
照明,BEN.JACK,宾尼优享灯Pro,binni.light.bnbsd,binni.light.bnbsd.png,
照明,BNZND,BNZND智能灯带,binai.light.bnddm,binai.light.bnddm.png,
照明,BNZND,BNZND智能磁吸灯,binai.light.bncxdm,binai.light.bncxdm.png,
照明,BNZND,BNZND智能筒射灯,binai.light.bntsdm,binai.light.bntsdm.png,
照明,BOXLAMP,BOXLAMP星空灯,box.light.w00a01,box.light.w00a01.png,
照明,BUBA,BUBA智能筒射灯(PLC),mjkj.light.plc001,mjkj.light.plc001.png,
照明,BUBA,BUBA智能线性灯(PLC),mjkj.light.plc002,mjkj.light.plc002.png,
照明,BanlanX,BanlanX彩光色温灯带,sperll.light.rgbcw,sperll.light.rgbcw.png,
照明,Basidimo,Basidimo智能灯带,basidi.light.txddm2,basidi.light.txddm2.png,
照明,Bridgelux,Bridgelux智能灯带(Mesh2.0),blx888.light.puddm,blx888.light.puddm.png,
照明,Bridgelux,普瑞RGBW全色域灯带,blx888.light.wyra01,blx888.light.wyra01.png,
照明,CDN西顿照明,西顿智家卧室灯,zedong.light.cdnxd1,zedong.light.cdnxd1.png,
照明,CDN西顿照明,西顿智家卧室灯PLUS,zedong.light.cdnxd2,zedong.light.cdnxd2.png,
照明,CDN西顿照明,西顿智家客厅灯,zedong.light.cdnxd3,zedong.light.cdnxd3.png,
照明,CIIHEN,CIIHEN智能灯带,ciheng.light.wy0a02,ciheng.light.wy0a02.png,
照明,COSUO,COSUO智能灯带(Mesh2.0),cszndy.light.cszndd,cszndy.light.cszndd.png,
照明,COTi,COTi 全色域筒射灯2.0F,tewte.light.xtdcd2,tewte.light.xtdcd2.png,
照明,COTi,COTi 智能筒射灯2.0,tewte.light.wy0a01,tewte.light.wy0a01.png,
照明,COTi,COTi 智能筒射灯2.0F,tewte.light.xxtm20,tewte.light.xxtm20.png,
照明,DELIXI electric,德力西智能护眼吸顶灯,dlx.light.lamp01,dlx.light.lamp01.png,
照明,DELIXI electric,德力西电气智能厨卫灯,dlx.light.cw790,dlx.light.cw790.png,
照明,DELIXI electric,德力西电气智能吸顶灯,dlx.light.dlxxdd,dlx.light.dlxxdd.png,
照明,DELIXI electric,德力西电气智能射灯,dlx.light.lgt001,dlx.light.lgt001.png,
照明,DELIXI electric,德力西电气智能灯带,dlx.light.lgt003,dlx.light.lgt003.png,
照明,DELIXI electric,德力西电气智能筒灯,dlx.light.lgt002,dlx.light.lgt002.png,
照明,DELIXI electric,德韵智能现代家居灯,dlx.light.eps119,dlx.light.eps119.png,
照明,DELIXI electric,德韵智能简约家居灯,dlx.light.eps118,dlx.light.eps118.png,
照明,DIMAN,DIMAN智能筒射灯（Mesh2.0）,mizhi.light.dmtsdm,mizhi.light.dmtsdm.png,
照明,DMB,DMB智能灯带,dmb827.light.wy0a02,dmb827.light.wy0a02.png,
照明,DMB,DMB智能筒射灯,dmb827.light.wy0a01,dmb827.light.wy0a01.png,
照明,DW,DW情景智能灯带2.0,zhuow.light.wy0a02,zhuow.light.wy0a02.png,
照明,DW,DW情景智能灯带V2X,zhuow.light.wy0a01,zhuow.light.wy0a01.png,
照明,DW,DW智能节律双色灯带,ftd.light.lmpzdw,ftd.light.lmpzdw.png,
照明,FAKT,FAKT情景智能橱柜灯带（Mesh2.0）,ftzm.light.wy0a06,ftzm.light.wy0a06.png,
照明,FAKT,FAKT情景智能灯带（Mesh2.0）,ftzm.light.wy0a05,ftzm.light.wy0a05.png,
照明,FAKT,FAKT智能筒射灯（Mesh2.0）,ftzm.light.wy0a04,ftzm.light.wy0a04.png,
照明,FANDUNBAO,FANDUNBAO 双色智能灯带,hxzm66.light.hxzm23,hxzm66.light.hxzm23.png,
照明,FANDUNBAO,FANDUNBAO梵金系列智能筒射灯,hxzm66.light.wy0a01,hxzm66.light.wy0a01.png,
照明,FANTAQI,方塔希EXPO智能展陈盒,nnleaf.light.sqfx01,nnleaf.light.sqfx01.png,
照明,FEG UNCANG,非克云仓智能双色温射灯,fkyc88.light.wy0a01,fkyc88.light.wy0a01.png,
照明,FOOKES,FOOKES 智能灯带,fookes.light.fksddm,fookes.light.fksddm.png,
照明,FOOKES,FOOKES智能灯带（Mesh2.0）,fookes.light.fksznd,fookes.light.fksznd.png,
照明,FOOKES,FOOKES智能磁吸灯（Mesh2.0）,fookes.light.fkscxd,fookes.light.fkscxd.png,
照明,FRI•CAN,星期五潮玩展示盒,xqwgt.light.zsh,xqwgt.light.zsh.png,
照明,FSL,FSL-晨曦护眼灯,sfl.light.dl004,sfl.light.dl004.png,
照明,FSL,FSL佛山照明云控智能灯具,sfl.light.aaas,sfl.light.aaas.png,
照明,FSL,FSL佛山照明智能吸顶灯,sfl.light.lp003,sfl.light.lp003.png,
照明,FSL,FSL品涵系列,sfl.light.fsl001,sfl.light.fsl001.png,
照明,FSL,FSL智能北欧吸顶灯,sfl.light.fslbv2,sfl.light.fslbv2.png,
照明,FSL,FSL智能北欧客厅灯,sfl.light.fslv22,sfl.light.fslv22.png,
照明,FSL,FSL智能照明灯系列,sfl.light.fsl003,sfl.light.fsl003.png,
照明,FSL,FSL智能隐形扇叶风扇灯,sfl.light.wyfa02,sfl.light.wyfa02.png,
照明,FSL,FSL智能风扇灯,sfl.light.wyfa01,sfl.light.wyfa01.png,
照明,FSL,FSL筒灯系列,sfl.light.dl002,sfl.light.dl002.png,
照明,FSL,FSL美家系列球泡,sfl.light.lp001,sfl.light.lp001.png,
照明,FSL,FSL美家系列高压灯带,sfl.light.lp002,sfl.light.lp002.png,
照明,FXSY风行四野,风行四野智能风扇灯,dlzm.light.wyfa01,dlzm.light.wyfa01.png,
照明,GIGIDIDI,GIGIDIDI智能磁吸灯,gyzm.light.gycxdm,gyzm.light.gycxdm.png,
照明,GUANX,GXMesh2.0智能筒射灯,guanx.light.wy0a01,guanx.light.wy0a01.png,
照明,Gayoo光言光语,光言光语  护眼线光灯带Mesh2.0,gayoo.light.gyhsm2,gayoo.light.gyhsm2.png,
照明,Gayoo光言光语,光言光语 光域大师智能护眼线光灯带2.0,gayoo.light.gydsdd,gayoo.light.gydsdd.png,
照明,Gayoo光言光语,光言光语 智能护眼磁吸灯Mesh2.0,gayoo.light.g01cxd,gayoo.light.g01cxd.png,
照明,Gayoo光言光语,光言光语 智能护眼筒射灯Mesh2.0,gayoo.light.gyhsm,gayoo.light.gyhsm.png,
照明,Gold Sunda,GOLDSUNDA智能灯带,gsd.light.wy0a09,gsd.light.wy0a09.png,
照明,Gold Sunda,GOLDSUNDA智能筒射灯,gsd.light.wy0a08,gsd.light.wy0a08.png,
照明,Gosund,电小酷彩色智能灯带SL4,cuco.light.sl4,cuco.light.sl4.png,
照明,Gosund,电小酷智能彩灯WB5-M2,cuco.light.wb5m,cuco.light.wb5m.png,
照明,Gosund,电小酷智能白灯WB2-M2,cuco.light.wb2m,cuco.light.wb2m.png,
照明,GranchipIoT,V10Gra智能学习灯（WiFi）,giot.light.v10ilw,giot.light.v10ilw.png,
照明,HAFUMY,XHL智能筒射灯L9,xhl.light.wy0a01,xhl.light.wy0a01.png,
照明,HAPPY NOCNOC,HAPPY NOCNOC 方形吸顶灯,noc.light.ok34,noc.light.ok34.png,
照明,HAPPY NOCNOC,HAPPY NOCNOC圆形吸顶灯,hnn.light.ok33,hnn.light.ok33.png,
照明,HAPPY NOCNOC,HAPPY NOCNOC圆形吸顶灯-新,noc.light.ok33,noc.light.ok33.png,
照明,HD,HD智能节律灯X9,gswl.light.v9hsm1,gswl.light.v9hsm1.png,
照明,HOLLKI,HOLLKI-K1026智能灯带,hollki.light.wy0a01,hollki.light.wy0a01.png,
照明,HONYAR,鸿雁智能筒射灯,honyar.light.wy0a05,honyar.light.wy0a05.png,
照明,HUISHUAI,辉帅智能调光灯带,hszna.light.hl001,hszna.light.hl001.png,
照明,HUISHUAI,辉帅智能调光筒射灯,hszna.light.hl002,hszna.light.hl002.png,
照明,Haier,海尔智能吸顶灯（标准款）,haier.light.wy0a04,haier.light.wy0a04.png,
照明,Haier,海尔智能风扇灯,haier.light.wy0a03,haier.light.wy0a03.png,
照明,Heng6,Heng6智能双色灯（Mesh2.0）,hlzm.light.heng6m,hlzm.light.heng6m.png,
照明,Honeywell,Honeywell卧室吸顶灯,hming.light.wy0x02,hming.light.wy0x02.png,
照明,Honeywell,Honeywell客厅吸顶灯,hming.light.wy0x01,hming.light.wy0x01.png,
照明,JHOW,捷皓情景智能筒射灯,jhow88.light.wy0a01,jhow88.light.wy0a01.png,
照明,JOCO,JOCO智能筒射灯（Mesh2.0）,nbxh.light.kltsdm,nbxh.light.kltsdm.png,
照明,JUDUO桔朵,桔朵智能立式护眼灯JD1,juduo.light.w00a02,juduo.light.w00a02.png,
照明,JUDUO桔朵,桔朵智能立式护眼灯JD2,juduo.light.w00a03,juduo.light.w00a03.png,
照明,JUDUO桔朵,桔朵智能立式护眼灯M1,juduo.light.w00a01,juduo.light.w00a01.png,
照明,JUSN,JUSN智能筒射灯,jszm88.light.wy0a01,jszm88.light.wy0a01.png,
照明,JYP,JYP低压双色灯带J1,jyp.light.jnym20,jyp.light.jnym20.png,
照明,JaYuHuXa,加裕星光系列筒射灯06,jiayu8.light.wy0a01,jiayu8.light.wy0a01.png,
照明,KEEY,KEEY 智能筒射灯（Mesh2.0）,keey.light.v8hsm1,keey.light.v8hsm1.png,
照明,KEEY,KEEY智能IS灯带,keey.light.qydd,keey.light.qydd.png,
照明,KEEY,KEEY智能RGBCW全⾊域灯带,keey.light.qywlcd,keey.light.qywlcd.png,
照明,KEEY,KEEY智能灯带控制器 （Mesh2.0）,keey.light.v8hsm4,keey.light.v8hsm4.png,
照明,KEEY,KEEY智能灯带（Mesh2.0）,keey.light.v8hsm,keey.light.v8hsm.png,
照明,KEKINY,KEKINYRGBCW灯带,kjy.light.wyra01,kjy.light.wyra01.png,
照明,KEKINY,KEKINY全色域灯带,kjy.light.wy0a04,kjy.light.wy0a04.png,
照明,KEKINY,KEKINY智能双色灯Pro（Mesh2.0）,kjy.light.v8uswd,kjy.light.v8uswd.png,
照明,KEKINY,KEKINY智能调光调色灯带,kjy.light.kjyddm,kjy.light.kjyddm.png,
照明,KEKINY,KEKINY灯带2.0,kjy.light.wy0a03,kjy.light.wy0a03.png,
照明,KEKINY,KEKINY筒射灯2.0,kjy.light.wy0a01,kjy.light.wy0a01.png,
照明,KGP,KGP智能灯带（Mesh2.0）,kegu.light.wy2a01,kegu.light.wy2a01.png,
照明,KINSUNY今上,今上智能吸顶灯Pro,ksks.light.wy0a07,ksks.light.wy0a07.png,
照明,KINSUNY今上,今上智能磁吸灯,ksks.light.wy0a04,ksks.light.wy0a04.png,
照明,KINSUNY今上,今上智能筒射灯,ksks.light.wy0a01,ksks.light.wy0a01.png,
照明,KINSUNY今上,今上智能筒射灯Pro,ksks.light.wy0a05,ksks.light.wy0a05.png,
照明,KINSUNY今上,今上智能线形灯,ksks.light.wy0a02,ksks.light.wy0a02.png,
照明,KINSUNY今上,今上智能线形灯Pro,ksks.light.wy0a06,ksks.light.wy0a06.png,
照明,KLMS,KLMS智能灯带,klms.light.wy0a03,klms.light.wy0a03.png,
照明,KLMS,KLMS智能磁吸灯,klms.light.wy0a02,klms.light.wy0a02.png,
照明,KLMS,KLMS智能筒射灯,klms.light.wy0a01,klms.light.wy0a01.png,
照明,KOEY,KOEY天幕系列kid吸顶灯,koey.light.wy0b01,koey.light.wy0b01.png,
照明,KOEY,KOEY天幕系列吸顶灯,koey.light.wy0a04,koey.light.wy0a04.png,
照明,KOEY,KOEY界PRO系列吸顶灯,koey.light.wy0a05,koey.light.wy0a05.png,
照明,KOEY,KOEY界系列吸顶灯,koey.light.wy0a02,koey.light.wy0a02.png,
照明,KOEY,KOEY疆域系列智能筒射灯,koey.light.wy0a01,koey.light.wy0a01.png,
照明,KOEY,KOEY疆域系列（肤感）筒射灯,koey.light.wy0a06,koey.light.wy0a06.png,
照明,KOEY,KOEY空气循环风扇灯,gtop.light.koey1,gtop.light.koey1.png,
照明,KOEY,KOEY耀系列磁吸灯,koey.light.wy0a03,koey.light.wy0a03.png,
照明,KSIIO,KSIIO智能射灯,js1.light.wy0a01,js1.light.wy0a01.png,
照明,Kodect,Kodect球泡灯（Mesh2.0),kdzm.light.kdqpdm,kdzm.light.kdqpdm.png,
照明,LCZMLC,LC智能情景射灯,lczmlc.light.wy0a01,lczmlc.light.wy0a01.png,
照明,LEDGSX,LEDGSX智能磁吸灯,gszm.light.pqcxdm,gszm.light.pqcxdm.png,
照明,LEDGSX,LEDGSX智能筒射灯,gszm.light.zntsdm,gszm.light.zntsdm.png,
照明,LEDMY乐的美,乐的美智能台灯,ledmy.light.tabled,ledmy.light.tabled.png,
照明,LEDOUX,诺邦智能射灯,ledoux.light.nbsdm,ledoux.light.nbsdm.png,
照明,LEDOUX,诺邦智能磁吸灯,ledoux.light.nbcxdm,ledoux.light.nbcxdm.png,
照明,LEISHISHAN,LEISHISHAN智慧吸顶灯Plus,lss.light.wy0a02,lss.light.wy0a02.png,
照明,LEISHISHAN,LEISHISHAN智慧筒射灯Plus,lss.light.wy0a01,lss.light.wy0a01.png,
照明,LENGCEOI,迅为智能双色调光灯Mesh2.0,lat888.light.lts26,lat888.light.lts26.png,
照明,LETARON,擎洲光电智能灯具,qzgd.light.wy0a01,qzgd.light.wy0a01.png,
照明,LEX乐享生活,LEXMesh 智能护眼线光灯带2.0,lex.light.wy0a02,lex.light.wy0a02.png,
照明,LEX乐享生活,LEXMesh智能双色灯2.0,lex.light.wy0a01,lex.light.wy0a01.png,
照明,LEX乐享生活,LEXSmart 光域大师智能护眼线光灯带2.0,lex.light.slsx01,lex.light.slsx01.png,
照明,LEX乐享生活,LEXSmart 全色域霞光健康护眼吸顶灯2.0,lex.light.sxdd02,lex.light.sxdd02.png,
照明,LEX乐享生活,LEXSmart 全色域霞光健康护眼筒射灯2.0,lex.light.stsd02,lex.light.stsd02.png,
照明,LEX乐享生活,LEXSmart 智能护眼磁吸灯2.0,lex.light.scxd01,lex.light.scxd01.png,
照明,LEX乐享生活,LEXSmart 智能筒射灯2.0,lex.light.stsd01,lex.light.stsd01.png,
照明,LEiSHUO,雷硕智能灯带,leso.light.wy0a03,leso.light.wy0a03.png,
照明,LEiSHUO,雷硕智能筒射灯,leso.light.wy0a04,leso.light.wy0a04.png,
照明,LINLY,LINLY超深度恒流筒射灯,linly.light.wy0a01,linly.light.wy0a01.png,
照明,LISHOWY,丽炫智能灯带V9（Mesh2.0）,lishwy.light.lxznd2,lishwy.light.lxznd2.png,
照明,LIUHONG 留虹照明,LIUHONG留虹照明智能双色灯带,lh2024.light.wy0a01,lh2024.light.wy0a01.png,
照明,LIUHONG 留虹照明,留虹智能吸顶灯,lh2024.light.wy0a03,lh2024.light.wy0a03.png,
照明,LIUHONG 留虹照明,留虹智能筒射灯,csx.light.wy0a01,csx.light.wy0a01.png,
照明,LIUHONG 留虹照明,留虹智能筒射灯（Mesh2.0）,lh2024.light.wy0a02,lh2024.light.wy0a02.png,
照明,LMAN,朗漫智能双色温氛围灯带,lman.light.wy0a01,lman.light.wy0a01.png,
照明,LXIS,LXIS智能筒射灯（Mesh1.0）,gdlx.light.lxis01,gdlx.light.lxis01.png,
照明,LXIS,LXIS智能筒射灯（Mesh2.0）,gdlx.light.lxis03,gdlx.light.lxis03.png,
照明,LYMAX,LYMAX智能护眼台灯(WiFi),lymax.light.lmshyd,lymax.light.lmshyd.png,
照明,LYMAX,LYMAX智能显示器挂灯(Mesh2.0),lymax.light.jfzndm,lymax.light.jfzndm.png,
照明,Lemesh,情景Lemesh人体存在感应灯,lemesh.light.w0a01,lemesh.light.w0a01.png,
照明,Lemesh,情景Lemesh智能风扇灯,lemesh.light.wyfa04,lemesh.light.wyfa04.png,
照明,Lemesh,情景Lemesh色温灯Ultra,lemesh.light.wy0d02,lemesh.light.wy0d02.png,
照明,LineHope,LineHope人体存在平板灯,line.light.rcpbd1,line.light.rcpbd1.png,
照明,LineHope,LineHope智能办公灯驱动DR3,line.light.mrd1,line.light.mrd1.png,
照明,LineHope,LineHope智能射灯DS1,line.light.msd1,line.light.msd1.png,
照明,LineHope,LineHope智能射灯DS2,line.light.msd1s,line.light.msd1s.png,
照明,LineHope,LineHope智能射灯驱动器DR1,line.light.mrs1,line.light.mrs1.png,
照明,LineHope,LineHope智能射灯驱动器DR2,line.light.mrs2,line.light.mrs2.png,
照明,LineHope,LineHope智能灯带驱动DR4,line.light.mrd2,line.light.mrd2.png,
照明,LineHope,LineHope智能筒灯DT1,line.light.mtd1,line.light.mtd1.png,
照明,Luojia,LJ智能风扇灯（Mesh2.0）,nuojia.light.ljfsdm,nuojia.light.ljfsdm.png,
照明,MInGZ,名舟智能灯带（Mesh2.0）,gdmzdz.light.mzddm,gdmzdz.light.mzddm.png,
照明,MODALOFT,ModaLoft情景Mesh色温吊顶灯UItra S350,jgfy.light.wy0a01,jgfy.light.wy0a01.png,
照明,NAMEEK'S,nameeks智能吸顶灯,nmks.light.wy0a04,nmks.light.wy0a04.png,
照明,NAMEEK'S,nameeks智能灯带,nmks.light.wy0a03,nmks.light.wy0a03.png,
照明,NAMEEK'S,nameeks智能磁吸灯,nmks.light.wy0a05,nmks.light.wy0a05.png,
照明,NAMEEK'S,nameeks智能筒射灯Ultra,nmks.light.wy0a02,nmks.light.wy0a02.png,
照明,NEEWER,纽尔智能落地灯NF01,nwxyd.light.nf01,nwxyd.light.nf01.png,
照明,NIOYE,NIOYE全彩LED灯,ddk.light.wyra01,ddk.light.wyra01.png,
照明,NIOYE,NIOYE智能彩光灯,ddk.light.wyra03,ddk.light.wyra03.png,
照明,NIOYE,NIOYE智能灯,ddk.light.wy0a01,ddk.light.wy0a01.png,
照明,NIOYE,NIOYE音乐律动全彩灯,ddk.light.wyra02,ddk.light.wyra02.png,
照明,Nanoleaf,Nanoleaf Shapes 双模版,nnleaf.light.glbulp,nnleaf.light.glbulp.png,
照明,Nanoleaf,Nanoleaf 智能星座灯,nnleaf.light.nl59,nnleaf.light.nl59.png,
照明,Nanoleaf,Nanoleaf 木纹奇光板,nnleaf.light.nl52,nnleaf.light.nl52.png,
照明,NexTool,纳拓拾音星河灯GC12S,binovo.light.rgb01,binovo.light.rgb01.png,
照明,ODEKU,ODEKU线条灯带,odeku.light.hgswdm,odeku.light.hgswdm.png,
照明,OML,OML智能五色灯带2.0,oml.light.wyra01,oml.light.wyra01.png,
照明,OML,OML智能双色射灯,oml.light.wy0a02,oml.light.wy0a02.png,
照明,OML,OML智能双色灯带2.0,oml.light.wy0a01,oml.light.wy0a01.png,
照明,OML,OML智能氛围吸顶灯（流光溢彩系列）,oml.light.wyra04,oml.light.wyra04.png,
照明,OML,欧曼智能人存感应射灯,oml.light.w00a02,oml.light.w00a02.png,
照明,OML,欧曼智能人存感应平板灯,oml.light.w00a01,oml.light.w00a01.png,
照明,OML,欧曼智能人存感应筒灯,oml.light.w00a03,oml.light.w00a03.png,
照明,OML,欧曼智能全彩筒射灯,oml.light.wyra03,oml.light.wyra03.png,
照明,OML,欧曼智能射灯Lite,oml.light.wy0a03,oml.light.wy0a03.png,
照明,ORRGI,启源全域护眼吸顶灯,orrgi.light.wy0a02,orrgi.light.wy0a02.png,
照明,ORRGI,启源护眼灯,orrgi.light.w00a03,orrgi.light.w00a03.png,
照明,OZN,OZN智能筒射灯,zlx.light.zlxtsd,zlx.light.zlxtsd.png,
照明,PHPX,PHPX智能灯带（Mesh2.0）,jpy.light.jpyddm,jpy.light.jpyddm.png,
照明,PLS Lighting,工匠智能筒射灯（Mesh2.0）,pls.light.wy0a01,pls.light.wy0a01.png,
照明,POCOCO,POCOCO 助眠星空灯,lb01.light.xylxd,lb01.light.xylxd.png,
照明,PTX,PTX 冷暖色吸顶灯(MESH),090615.light.xdlig,090615.light.xdlig.png,
照明,PTX,PTX 智能双色调光灯带(MESH),090615.light.mdd02,090615.light.mdd02.png,
照明,PTX,PTX 智能平板灯,090615.light.pblg01,090615.light.pblg01.png,
照明,PTX,PTX 智能深度调光灯(MESH),090615.light.mlig02,090615.light.mlig02.png,
照明,PTX,PTX 深度调光灯(MESH),090615.light.milg03,090615.light.milg03.png,
照明,PTX,PTX 深度调光磁吸灯(V2pro),090615.light.sdcx1,090615.light.sdcx1.png,
照明,PTX,PTX全彩音乐律动控制器,090615.light.rgblg,090615.light.rgblg.png,
照明,PTX,PTX智能冷暖灯带（Mesh),090615.light.demo2,090615.light.demo2.png,
照明,PTX,PTX智能磁吸灯(MESH),090615.light.cxlg01,090615.light.cxlg01.png,
照明,PTX,PTX智能筒灯(Mesh),090615.light.mlig01,090615.light.mlig01.png,
照明,PTX,平头熊F1调光磁吸灯(Mesh2.0),090615.light.cx20,090615.light.cx20.png,
照明,PTX,平头熊F1调光筒射灯(Mesh2.0),090615.light.milg05,090615.light.milg05.png,
照明,PTX,深度双色温调光驱动(V2pro),090615.light.mylg04,090615.light.mylg04.png,
照明,QEEX,QEEX全彩智能灯带,trzn.light.msy5cd,trzn.light.msy5cd.png,
照明,QEEX,QEEX智能灯带,trzn.light.wy0a02,trzn.light.wy0a02.png,
照明,QEEX,QEEX智能灯泡,trzn.light.wy0a04,trzn.light.wy0a04.png,
照明,QEEX,QEEX智能磁吸灯,trzn.light.wy0a03,trzn.light.wy0a03.png,
照明,QEEX,QEEX智能筒射灯,trzn.light.wy0a01,trzn.light.wy0a01.png,
照明,QISUMZJ,QISUMZJ智能磁吸灯,qszj.light.wy0a03,qszj.light.wy0a03.png,
照明,QISUMZJ,QISUMZJ智能筒射灯,qszj.light.wy0a01,qszj.light.wy0a01.png,
照明,QISUMZJ,QISUMZJ智能筒射灯V2,qszj.light.wy0a04,qszj.light.wy0a04.png,
照明,RADLiT,RADLIT锐点智能五色灯控制器,radlit.light.wyra01,radlit.light.wyra01.png,
照明,RADLiT,RADLIT锐点智能单色灯带,radlit.light.w00a01,radlit.light.w00a01.png,
照明,RADLiT,RADLIT锐点智能双色灯控制器,radlit.light.wy0a01,radlit.light.wy0a01.png,
照明,RADLiT,锐点RADLIT磁吸灯,radlit.light.wy0a02,radlit.light.wy0a02.png,
照明,RADLiT,锐点RADLIT筒射灯,radlit.light.wy0a03,radlit.light.wy0a03.png,
照明,RNLO,瑞奈智能 筒射灯2.0,rnlo01.light.wy0a01,rnlo01.light.wy0a01.png,
照明,ROYAL SWAN,ROYAL SWAN智能射灯,zksq.light.wy0a02,zksq.light.wy0a02.png,
照明,ROYAL SWAN,ROYAL SWAN智能沙漏灯,zksq.light.rssld,zksq.light.rssld.png,
照明,ROYAL SWAN,ROYAL SWAN智能灯带,zksq.light.wy0a01,zksq.light.wy0a01.png,
照明,ROYAL SWAN,ROYAL SWAN智能筒灯,zksq.light.wy0a04,zksq.light.wy0a04.png,
照明,ROYAL SWAN,ROYAL SWAN超薄智能射灯,zksq.light.wy0a03,zksq.light.wy0a03.png,
照明,RUNMIN,RUNMIN 智能灯带控制器Mesh 2.0,runmin.light.wy0a01,runmin.light.wy0a01.png,
照明,RUNMIN,RUNMIN 智能筒射灯Mesh 2.0,runmin.light.wy0a02,runmin.light.wy0a02.png,
照明,RippMesh,RippMesh-CW智能桥接灯,oeco.light.a2803,oeco.light.a2803.png,
照明,SANSI,三思智毅台灯Pro,sansi.light.wy0a06,sansi.light.wy0a06.png,
照明,SANSI,三思智能全光谱吸顶灯,sansi.light.wy0a01,sansi.light.wy0a01.png,
照明,SANSI,三思智能全彩筒射灯,sansi.light.wyra01,sansi.light.wyra01.png,
照明,SANSI,三思智能全彩筒灯,sansi.light.wy0a04,sansi.light.wy0a04.png,
照明,SANSI,三思智能夹子植物灯,sansi.light.wy0a03,sansi.light.wy0a03.png,
照明,SANSI,三思智能护眼吸顶灯,sansi.light.wy0a02,sansi.light.wy0a02.png,
照明,SANSI,三思智能爱漾台灯,sansi.light.w00a01,sansi.light.w00a01.png,
照明,SANSI,三思智能球泡灯,sansi.light.wy0a05,sansi.light.wy0a05.png,
照明,SANSI,三思超高亮智能客厅吸顶灯,sansi.light.wy0a08,sansi.light.wy0a08.png,
照明,SANSI,三思高亮智能卧室吸顶灯,sansi.light.wy0a07,sansi.light.wy0a07.png,
照明,SEECANN,SEECANN圆形ADL天际灯,skzm.light.sktjd1,skzm.light.sktjd1.png,
照明,SEECANN,SEECANN方形ADL天际灯,skzm.light.sktjd3,skzm.light.sktjd3.png,
照明,SIASE,SIASE深思智能吸顶灯（WiFi）,ssdg.light.ssxddw,ssdg.light.ssxddw.png,
照明,SIASE,SIASE深思智能筒射灯,ssdg.light.wy0a01,ssdg.light.wy0a01.png,
照明,SONGLINK,松联诚双色温筒灯S7,zzslc.light.sll02,zzslc.light.sll02.png,
照明,SONGLINK,松联诚智能灯带,zzslc.light.sll01,zzslc.light.sll01.png,
照明,SPERLL,BanlanX单色灯,sperll.light.sglw,sperll.light.sglw.png,
照明,SPERLL,BanlanX单色灯带控制器,sperll.light.sglw2,sperll.light.sglw2.png,
照明,SPERLL,BanlanX幻彩灯,sperll.light.light1,sperll.light.light1.png,
照明,SPERLL,BanlanX彩光灯带控制器,sperll.light.rgb,sperll.light.rgb.png,
照明,SPERLL,BanlanX色温灯,sperll.light.cct,sperll.light.cct.png,
照明,SPERLL,BanlanX色温灯带控制器,sperll.light.cct2,sperll.light.cct2.png,
照明,Seity,西铁智能筒射灯ultra,seity.light.wy0a02,seity.light.wy0a02.png,
照明,Seity,西铁照明智能灯带,seity.light.wy0a05,seity.light.wy0a05.png,
照明,Seity,西铁照明磁吸灯 pro,seity.light.wy0a03,seity.light.wy0a03.png,
照明,Skyiot,Skyiot智能彩色灯带,skyiot.light.wyra01,skyiot.light.wyra01.png,
照明,Skyiot,Skyiot智能灯带,skyiot.light.wy0a02,skyiot.light.wy0a02.png,
照明,Skyiot,Skyiot智能磁吸灯,skyiot.light.wy0a03,skyiot.light.wy0a03.png,
照明,Skyiot,Skyiot智能筒射灯,skyiot.light.wy0a01,skyiot.light.wy0a01.png,
照明,SmartJoy,SmartJoy智臻炫彩灯（蓝牙Mesh版）,smartj.light.sjsdmb,smartj.light.sjsdmb.png,
照明,SmartJoy,SmartJoy智臻磁吸射灯（蓝牙Mesh版）,smartj.light.sjsmds,smartj.light.sjsmds.png,
照明,SmartJoy,SmartJoy智臻磁吸格栅灯（蓝牙Mesh版）,smartj.light.sjsmdg,smartj.light.sjsmdg.png,
照明,SmartJoy,SmartJoy智臻磁吸泛光灯（蓝牙Mesh版）,smartj.light.sjsmdf,smartj.light.sjsmdf.png,
照明,SmartJoy,SmartJoy智臻色温灯（蓝牙Mesh版）,smartj.light.sjsdcb,smartj.light.sjsdcb.png,
照明,SmartJoy,SmartJoy智臻调光射灯（蓝牙Mesh版）,smartj.light.sjsdsl,smartj.light.sjsdsl.png,
照明,SmartJoy,SmartJoy智臻调光灯带（蓝牙Mesh版）,smartj.light.sjsdls,smartj.light.sjsdls.png,
照明,SmartJoy,SmartJoy智臻调光筒灯（蓝牙Mesh版）,smartj.light.sjdlds,smartj.light.sjdlds.png,
照明,SmartJoy,SmartJoy极智智能灯带控制器（蓝牙Mesh版）,smartj.light.sjpdls,smartj.light.sjpdls.png,
照明,SmartJoy,SmartJoy极智磁吸射灯（蓝牙Mesh版）,smartj.light.sjpmds,smartj.light.sjpmds.png,
照明,SmartJoy,SmartJoy极智磁吸格栅灯（蓝牙Mesh版）,smartj.light.sjpmdg,smartj.light.sjpmdg.png,
照明,SmartJoy,SmartJoy极智磁吸泛光灯（蓝牙Mesh版）,smartj.light.sjpmdf,smartj.light.sjpmdf.png,
照明,SmartJoy,SmartJoy极智磁吸餐吊灯（蓝牙Mesh版）,smartj.light.sjpmdc,smartj.light.sjpmdc.png,
照明,SmartJoy,SmartJoy极智调光筒射灯（蓝牙Mesh版）,smartj.light.sjpdsl,smartj.light.sjpdsl.png,
照明,TATACASA,TATACASA智能灯带,line.light.zndy,line.light.zndy.png,
照明,TCL,TCL LED智能吸顶灯,tcll.light.wy0a04,tcll.light.wy0a04.png,
照明,TCL,TCL智睿吸顶灯,tcll.light.wy0a01,tcll.light.wy0a01.png,
照明,TCL,TCL现代家居吸顶灯,tcll.light.xl6602,tcll.light.xl6602.png,
照明,TCL,TCL银河智能客厅灯,tcll.light.xl6601,tcll.light.xl6601.png,
照明,THO,THO特好智能灯带,tho.light.wy0a02,tho.light.wy0a02.png,
照明,THO,THO特好智能磁吸灯,tho.light.wy0a03,tho.light.wy0a03.png,
照明,THO,THO特好智能筒射灯,tho.light.wy0a01,tho.light.wy0a01.png,
照明,TNW,TNW自然界自然光筒射灯,tens.light.wy0a01,tens.light.wy0a01.png,
照明,TUODI 拓迪,拓迪低压智能氛围软灯带,tuodi.light.tdwld,tuodi.light.tdwld.png,
照明,TUODI 拓迪,拓迪低压智能软灯带,tuodi.light.tdssd,tuodi.light.tdssd.png,
照明,Thanks Lighting,Thanks Lighting智能筒射灯,zdzm.light.zdtsd,zdzm.light.zdtsd.png,
照明,ThoughtHome,ThoughtHome智能灯S1,znsn.light.v5ssw,znsn.light.v5ssw.png,
照明,U-FAMILY,U-FAMILY Mesh智能调光灯带U9,guixin.light.w00a01,guixin.light.w00a01.png,
照明,U.LUCKY,ULK-CW色温情景LED灯带,ulk.light.wy0a02,ulk.light.wy0a02.png,
照明,U.LUCKY,ULK-RGBCW幻彩情景LED灯带,ulk.light.wy0a01,ulk.light.wy0a01.png,
照明,UAFENG,UAFENG 智能灯带2.0,hfua.light.hwfm20,hfua.light.hwfm20.png,
照明,UNEC,UNEC无界筒射灯,unec.light.wy0a05,unec.light.wy0a05.png,
照明,UNEC,UNEC智能灯带,unec.light.wy0a01,unec.light.wy0a01.png,
照明,UNEC,UNEC智能磁吸灯,unec.light.wy0a02,unec.light.wy0a02.png,
照明,UNEC,UNEC智能筒射灯,unec.light.wy0a04,unec.light.wy0a04.png,
照明,UNEC,UNEC赫拉Pro筒射灯,unec.light.wy0a06,unec.light.wy0a06.png,
照明,UNEC,UNEC风云筒射灯,unec.light.wy0a08,unec.light.wy0a08.png,
照明,UNEC,UNEC风驰筒射灯,unec.light.wy0a07,unec.light.wy0a07.png,
照明,UWIZE,UWIZE优智者智能调光灯带,topwit.light.tsl09,topwit.light.tsl09.png,
照明,UWIZE,UWIZE优智者智能调光筒射灯,topwit.light.tsl08,topwit.light.tsl08.png,
照明,UWIZE优智者,UWIZE优智者智能吸顶灯,uwize.light.yzl02,uwize.light.yzl02.png,
照明,UWIZE优智者,UWIZE优智者智能射灯,uwize.light.yzl06,uwize.light.yzl06.png,
照明,UWIZE优智者,UWIZE优智者智能弧面筒灯,uwize.light.yzl05,uwize.light.yzl05.png,
照明,UWIZE优智者,UWIZE优智者智能调光灯带 Mesh2.0,uwize.light.yzl03,uwize.light.yzl03.png,
照明,UZB,鸿光智能筒射灯（Mesh2.0）,hgkj.light.v9hsm,hgkj.light.v9hsm.png,
照明,Under Sky,天空见控轴漫反射立式护眼灯C2,unsky.light.w00a01,unsky.light.w00a01.png,
照明,Under Sky,天空见漫反射节律吸顶灯XC1 Air,unsky.light.wy0a01,unsky.light.wy0a01.png,
照明,VIPL,VIPL智能灯带Mesh2.0,vipl.light.v8hsm1,vipl.light.v8hsm1.png,
照明,VIPL,VIPL智能磁吸灯Mesh2.0,vipl.light.v8hsm2,vipl.light.v8hsm2.png,
照明,VIPL,VIPL智能筒射灯Mesh2.0,vipl.light.v8hsm,vipl.light.v8hsm.png,
照明,WGSE,WGSE智能筒射灯,wgse.light.wy0a01,wgse.light.wy0a01.png,
照明,WOTIE沃铁,沃铁智能磁吸灯(MESH 2.0）,090615.light.wtmqcx,090615.light.wtmqcx.png,
照明,WOTIE沃铁,沃铁智能筒射灯(MESH 2.0),090615.light.mtmqts,090615.light.mtmqts.png,
照明,WOTIE沃铁,沃铁智能调光灯带（MESH 2.0）,090615.light.wtmqdd,090615.light.wtmqdd.png,
照明,XIUBO,秀柏智能筒射灯,xiubo.light.wy0a01,xiubo.light.wy0a01.png,
照明,XRYU,星如雨智能吸顶灯,xry.light.wy0a04,xry.light.wy0a04.png,
照明,XRYU,星如雨智能灯,xry.light.xrycxd,xry.light.xrycxd.png,
照明,XRYU,星如雨智能灯带（双色温）,xry.light.wy0a01,xry.light.wy0a01.png,
照明,XRYU,星如雨智能磁吸灯,xry.light.wy0a03,xry.light.wy0a03.png,
照明,XRYU,星如雨智能筒射灯,xry.light.wy0a02,xry.light.wy0a02.png,
照明,XTIAN,XTIAN智能灯带,xutian.light.wy0a01,xutian.light.wy0a01.png,
照明,Xiao Niu 骁牛,XN TECH智能筒射灯Ultra,xy8866.light.air02,xy8866.light.air02.png,
照明,YETFIF,YETFIF五路智能灯带(Mesh2.0),cd168.light.cd5lcd,cd168.light.cd5lcd.png,
照明,YETFIF,YETFIF智能灯带,cd168.light.wy0a02,cd168.light.wy0a02.png,
照明,YETFIF,YETFIF智能灯带（Mesh2.0）,cd168.light.v8hsm,cd168.light.v8hsm.png,
照明,YETFIF,YETFIF智能磁吸灯（Mesh2.0）,cd168.light.cdcxdm,cd168.light.cdcxdm.png,
照明,YETFIF,YETFIF智能筒射灯,cd168.light.wy0a01,cd168.light.wy0a01.png,
照明,YETFIF,YETFIF智能筒射灯Ultra,cd168.light.cdts01,cd168.light.cdts01.png,
照明,YETFIF,YETFIF智能筒射灯（Mesh2.0）,cd168.light.cd001,cd168.light.cd001.png,
照明,YOUPON,友邦智能灯带QD系列,youpon.light.wy1a01,youpon.light.wy1a01.png,
照明,YOUPON,友邦智能磁吸轨道灯SD系列,youpon.light.wy0a01,youpon.light.wy0a01.png,
照明,YOUPON,友邦智能筒射灯SD101-Z,youpon.light.wy2a01,youpon.light.wy2a01.png,
照明,YSXD,YSXD智能吸顶灯（WiFi）,ysjt.light.ysxdd,ysjt.light.ysxdd.png,
照明,Yeelight,YEELIGHT凌动 智能磁吸灯,yeelink.light.ml12,yeelink.light.ml12.png,
照明,Yeelight,YEELIGHT凌动 智能筒射灯,yeelink.light.ml11,yeelink.light.ml11.png,
照明,Yeelight,YEELIGHT凌动 灯带控制器,yeelink.light.stripj,yeelink.light.stripj.png,
照明,Yeelight,Yeelight  烁影直流变频风扇灯 S2001,yeelink.light.fancl2,yeelink.light.fancl2.png,
照明,Yeelight,Yeelight C1智能高压色温灯带,yeelink.light.stripf,yeelink.light.stripf.png,
照明,Yeelight,Yeelight LED 彩光灯带 1S,yeelink.light.stripa,yeelink.light.stripa.png,
照明,Yeelight,Yeelight LED 彩光灯带1S,yeelink.light.strip6,yeelink.light.strip6.png,
照明,Yeelight,Yeelight LED 灯丝灯,yeelink.light.mono5,yeelink.light.mono5.png,
照明,Yeelight,Yeelight LED 灯泡1S（白光版）,yeelink.light.mono4,yeelink.light.mono4.png,
照明,Yeelight,Yeelight LED光感台灯V1,yeelink.light.lamp7,yeelink.light.lamp7.png,
照明,Yeelight,Yeelight LED吸顶灯 Mini,yeelink.light.ceiling14,yeelink.light.ceiling14.png,
照明,Yeelight,Yeelight LED吸顶灯 Pro1,yeelink.light.ceiling18,yeelink.light.ceiling18.png,
照明,Yeelight,Yeelight LED吸顶灯 Pro2,yeelink.light.ceiling12,yeelink.light.ceiling12.png,
照明,Yeelight,Yeelight LED吸顶灯1,yeelink.light.ceiling1,yeelink.light.ceiling1.png,
照明,Yeelight,Yeelight LED吸顶灯2,yeelink.light.ceiling13,yeelink.light.ceiling13.png,
照明,Yeelight,Yeelight LED吸顶灯升级版,yeelink.light.ceile,yeelink.light.ceile.png,
照明,Yeelight,Yeelight LED吸顶灯青春版,yeelink.light.ceiling2,yeelink.light.ceiling2.png,
照明,Yeelight,Yeelight LED吸顶灯（升级版）,yeelink.light.ceiling11,yeelink.light.ceiling11.png,
照明,Yeelight,Yeelight LED射灯,yeelink.light.spot1,yeelink.light.spot1.png,
照明,Yeelight,Yeelight LED彩光灯带,yeelink.light.wyra01,yeelink.light.wyra01.png,
照明,Yeelight,Yeelight LED智能吸顶灯,yeelink.light.ceil32,yeelink.light.ceil32.png,
照明,Yeelight,Yeelight LED智能灯带,yeelink.light.wy0a03,yeelink.light.wy0a03.png,
照明,Yeelight,Yeelight LED智能磁吸灯,yeelink.light.wy0a01,yeelink.light.wy0a01.png,
照明,Yeelight,Yeelight LED灯泡1S 彩光版,yeelink.light.color8,yeelink.light.color8.png,
照明,Yeelight,Yeelight LED灯泡1S（彩光版）,yeelink.light.color4,yeelink.light.color4.png,
照明,Yeelight,Yeelight LED灯泡W3（色温版）,yeelink.light.cta,yeelink.light.cta.png,
照明,Yeelight,Yeelight LED灯泡（彩光版）,yeelink.light.color2,yeelink.light.color2.png,
照明,Yeelight,Yeelight LED灯泡（色温版）,yeelink.light.ct2,yeelink.light.ct2.png,
照明,Yeelight,Yeelight LED烛泡,yeelink.light.meshbulb2,yeelink.light.meshbulb2.png,
照明,Yeelight,Yeelight LED球泡,yeelink.light.meshbulb1,yeelink.light.meshbulb1.png,
照明,Yeelight,Yeelight LED筒灯,yeelink.light.dnlight2,yeelink.light.dnlight2.png,
照明,Yeelight,Yeelight P 系列青空灯 3060,yeelink.light.mono10,yeelink.light.mono10.png,
照明,Yeelight,Yeelight Pro 亮度灯,yeelink.light.ydim01,yeelink.light.ydim01.png,
照明,Yeelight,Yeelight Pro 彩光灯,yeelink.light.yrgb01,yeelink.light.yrgb01.png,
照明,Yeelight,Yeelight RGB彩光吸顶灯 卧室款,yeelink.light.ceiling20,yeelink.light.ceiling20.png,
照明,Yeelight,Yeelight RGB彩光吸顶灯 客厅款,yeelink.light.ceiling19,yeelink.light.ceiling19.png,
照明,Yeelight,Yeelight Tube Plus2屏幕挂灯,yeelink.light.lamp43,yeelink.light.lamp43.png,
照明,Yeelight,Yeelight 儿童吸顶灯 C2002,yeelink.light.ceil33,yeelink.light.ceil33.png,
照明,Yeelight,Yeelight 凌动LED吸顶灯,yeelink.light.ceil46,yeelink.light.ceil46.png,
照明,Yeelight,Yeelight 初心吸顶灯 A2001,yeelink.light.ceil29,yeelink.light.ceil29.png,
照明,Yeelight,Yeelight 吸顶灯,yeelink.light.ceil59,yeelink.light.ceil59.png,
照明,Yeelight,Yeelight 床头灯2代,yeelink.light.bslamp3,yeelink.light.bslamp3.png,
照明,Yeelight,Yeelight 彩光灯泡,yeelink.light.color1,yeelink.light.color1.png,
照明,Yeelight,Yeelight 彩光灯泡1SE,yeelink.light.colora,yeelink.light.colora.png,
照明,Yeelight,Yeelight 无线充电台灯,yeelink.light.lamp17,yeelink.light.lamp17.png,
照明,Yeelight,Yeelight 明装色温筒灯M1,yeelink.light.ml3,yeelink.light.ml3.png,
照明,Yeelight, Yeelight 星宇 LED吸顶灯,yeelink.light.ceiling16,yeelink.light.ceiling16.png,
照明,Yeelight,Yeelight 星辰LED台灯,yeelink.light.lamp9,yeelink.light.lamp9.png,
照明,Yeelight,Yeelight 星辰落地灯,yeelink.light.lamp10,yeelink.light.lamp10.png,
照明,Yeelight,Yeelight 显示器挂灯,yeelink.light.lamp15,yeelink.light.lamp15.png,
照明,Yeelight,Yeelight 显示器挂灯 Ultra,yeelink.light.lamp39,yeelink.light.lamp39.png,
照明,Yeelight,Yeelight 显示器挂灯2 Pro,yeelink.light.lamp42,yeelink.light.lamp42.png,
照明,Yeelight,Yeelight 智能LED吊灯,yeelink.light.ceil35,yeelink.light.ceil35.png,
照明,Yeelight,Yeelight 智能LED吊灯S,yeelink.light.ceil36,yeelink.light.ceil36.png,
照明,Yeelight,Yeelight 智能吸顶灯,yeelink.light.ceil38,yeelink.light.ceil38.png,
照明,Yeelight,Yeelight 智能吸顶灯 卧室款,yeelink.light.ceiling17,yeelink.light.ceiling17.png,
照明,Yeelight,Yeelight 智能吸顶灯 客厅款,yeelink.light.ceil31,yeelink.light.ceil31.png,
照明,Yeelight,Yeelight 智能吸顶灯mesh版 卧室款,yeelink.light.ml23,yeelink.light.ml23.png,
照明,Yeelight,Yeelight 智能吸顶灯mesh版 客厅款,yeelink.light.ml18,yeelink.light.ml18.png,
照明,Yeelight,Yeelight 智能吸顶灯升级版,yeelink.light.ceil39,yeelink.light.ceil39.png,
照明,Yeelight,Yeelight 智能奇光板,yeelink.light.plate2,yeelink.light.plate2.png,
照明,Yeelight,Yeelight 智能客厅吸顶灯,yeelink.light.ceil27,yeelink.light.ceil27.png,
照明,Yeelight,Yeelight 智能彩光吊灯,yeelink.light.ceil42,yeelink.light.ceil42.png,
照明,Yeelight,Yeelight 智能恒压DC灯带2.0,yeelink.light.stripk,yeelink.light.stripk.png,
照明,Yeelight,Yeelight 智能护眼台灯,yeelink.light.lamp3,yeelink.light.lamp3.png,
照明,Yeelight,Yeelight 智能护眼台灯 Prime,yeelink.light.lamp5,yeelink.light.lamp5.png,
照明,Yeelight,Yeelight 智能明装筒射灯,yeelink.light.ml20,yeelink.light.ml20.png,
照明,Yeelight,Yeelight 智能筒射灯2.0,yeelink.light.ml13,yeelink.light.ml13.png,
照明,Yeelight,Yeelight 智能色温吸顶灯,yeelink.light.ceil60,yeelink.light.ceil60.png,
照明,Yeelight,Yeelight 智能色温灯带2.0,yeelink.light.str1,yeelink.light.str1.png,
照明,Yeelight,Yeelight 智能色温球泡,yeelink.light.bulb1,yeelink.light.bulb1.png,
照明,Yeelight,Yeelight 智能色温筒射灯2.0,yeelink.light.ml24,yeelink.light.ml24.png,
照明,Yeelight,Yeelight 智能超薄吸顶灯,yeelink.light.ceil63,yeelink.light.ceil63.png,
照明,Yeelight,Yeelight 智能雷达吸顶灯 卧室款,yeelink.light.ceil65,yeelink.light.ceil65.png,
照明,Yeelight,Yeelight 智能雷达吸顶灯 客厅款,yeelink.light.ceil66,yeelink.light.ceil66.png,
照明,Yeelight,Yeelight 智能面板灯,yeelink.light.panel6,yeelink.light.panel6.png,
照明,Yeelight,Yeelight 智能风扇灯,yeelink.light.fancl8,yeelink.light.fancl8.png,
照明,Yeelight,Yeelight 极月吊灯 L1200,yeelink.light.ceil58,yeelink.light.ceil58.png,
照明,Yeelight,Yeelight 桌面学习灯 A8 Pro,yeelink.light.lamp38,yeelink.light.lamp38.png,
照明,Yeelight,Yeelight 氛围吸顶灯,yeelink.light.ceilc,yeelink.light.ceilc.png,
照明,Yeelight,Yeelight 氛围吸顶灯升级版,yeelink.light.ceilb,yeelink.light.ceilb.png,
照明,Yeelight,Yeelight 泛影LED灯带,yeelink.light.strip4,yeelink.light.strip4.png,
照明,Yeelight,Yeelight 漫反射吸顶灯,yeelink.light.ceil64,yeelink.light.ceil64.png,
照明,Yeelight,Yeelight 白光灯泡,yeelink.light.mono1,yeelink.light.mono1.png,
照明,Yeelight,Yeelight 皎月 LED吸顶灯 260,yeelink.light.ceiling24,yeelink.light.ceiling24.png,
照明,Yeelight,Yeelight 皎月 LED吸顶灯480（升级版）,yeelink.light.ceiling15,yeelink.light.ceiling15.png,
照明,Yeelight,Yeelight 皎月LED吸顶灯,yeelink.light.ceiling3,yeelink.light.ceiling3.png,
照明,Yeelight,Yeelight 皓白 LED面板灯,yeelink.light.panel1,yeelink.light.panel1.png,
照明,Yeelight,Yeelight 皓白 LED面板灯 Pro,yeelink.light.panel3,yeelink.light.panel3.png,
照明,Yeelight,Yeelight 皓石 LED吊灯,yeelink.light.ceiling10,yeelink.light.ceiling10.png,
照明,Yeelight,Yeelight 皓石LED吸顶灯,yeelink.light.ceiling7,yeelink.light.ceiling7.png,
照明,Yeelight,Yeelight 皓石LED吸顶灯 Plus,yeelink.light.ceiling8,yeelink.light.ceiling8.png,
照明,Yeelight,Yeelight 皓石LED吸顶灯 Pro,yeelink.light.ceiling9,yeelink.light.ceiling9.png,
照明,Yeelight,Yeelight 立式学习灯 V5,yeelink.light.lamp41,yeelink.light.lamp41.png,
照明,Yeelight,Yeelight 立式学习灯 V6,yeelink.light.lamp34,yeelink.light.lamp34.png,
照明,Yeelight,Yeelight 立式学习灯 V8,yeelink.light.lamp30,yeelink.light.lamp30.png,
照明,Yeelight,Yeelight 筒射灯,yeelink.light.ml1,yeelink.light.ml1.png,
照明,Yeelight,Yeelight 纤玉吸顶灯 C2001,yeelink.light.ceil26,yeelink.light.ceil26.png,
照明,Yeelight,Yeelight 纤玉吸顶灯C2001,yeelink.light.ceila,yeelink.light.ceila.png,
照明,Yeelight,Yeelight 色温灯泡 M2,yeelink.light.ml2,yeelink.light.ml2.png,
照明,Yeelight,Yeelight 超薄智能吸顶灯,yeelink.light.ceil45,yeelink.light.ceil45.png,
照明,Yeelight,Yeelight 超薄智能吸顶灯PRO,yeelink.light.ceil47,yeelink.light.ceil47.png,
照明,Yeelight,Yeelight 逸扬直流变频风扇吊灯 C1060,yeelink.light.fancl6,yeelink.light.fancl6.png,
照明,Yeelight,Yeelight 逸扬直流变频风扇吊灯 C900,yeelink.light.fancl5,yeelink.light.fancl5.png,
照明,Yeelight,Yeelight 逸扬风扇吊灯（智能款）,yeelink.light.fancl1,yeelink.light.fancl1.png,
照明,Yeelight,Yeelight 青空灯,yeelink.light.mono7,yeelink.light.mono7.png,
照明,Yeelight,Yeelight 青空灯 G6 Pro,yeelink.light.mono12,yeelink.light.mono12.png,
照明,Yeelight,Yeelight 青空灯G6,yeelink.light.mono8,yeelink.light.mono8.png,
照明,Yeelight,Yeelight 青空面板灯A10,yeelink.light.mono9,yeelink.light.mono9.png,
照明,Yeelight,Yeelight人体存在面板灯,yeelink.light.panel7,yeelink.light.panel7.png,
照明,Yeelight,Yeelight彩光灯带,yeelink.light.strip1,yeelink.light.strip1.png,
照明,Yeelight,Yeelight彩光灯带（延长版）,yeelink.light.strip2,yeelink.light.strip2.png,
照明,Yeelight,Yeelight智能LED吸顶灯升级版,yeelink.light.ceil40,yeelink.light.ceil40.png,
照明,Yeelight,Yeelight智能吸顶灯 氛围卧室款,yeelink.light.ceil56,yeelink.light.ceil56.png,
照明,Yeelight,Yeelight智能吸顶灯 氛围客厅款,yeelink.light.ceil55,yeelink.light.ceil55.png,
照明,Yeelight,Yeelight智能磁吸灯2.0,yeelink.light.ml14,yeelink.light.ml14.png,
照明,Yeelight,Yeelight智能筒射灯,yeelink.light.ml10,yeelink.light.ml10.png,
照明,Yeelight,Yeelight智能色温筒射灯C1,yeelink.light.ml9,yeelink.light.ml9.png,
照明,ZAIR,ZAIR智能落地灯 增强版,zair.light.zcw01w,zair.light.zcw01w.png,
照明,ZAIR,ZAIR智能落地灯 常规版,zair.light.zcw02w,zair.light.zcw02w.png,
照明,ZKZB,ZKZB智能磁吸灯Mesh2.0,zbmesh.light.zbcxdm,zbmesh.light.zbcxdm.png,
照明,ZKZB,ZKZB智能筒射灯Mesh2.0,zbmesh.light.zbtsdm,zbmesh.light.zbtsdm.png,
照明,ZMKEJI,aimore智能节律灯Mesh2.0,aimore.light.241120,aimore.light.241120.png,
照明,ZNSN,Thoughthome 星耀款智能筒射灯,znsn.light.ltsds2,znsn.light.ltsds2.png,
照明,ZNSN,Thoughthome智能LED灯带,znsn.light.lts2,znsn.light.lts2.png,
照明,ZNSN,ZNSN智能双色灯P7-Mesh版,znsn.light.zslt07,znsn.light.zslt07.png,
照明,ZOA,ZOA智能吸顶灯（Mesh2.0）,zadz.light.zoa02,zadz.light.zoa02.png,
照明,ZOEE,ZOEE智能灯带,zy1.light.wy0a01,zy1.light.wy0a01.png,
照明,ZSINTT,ZSiNTT智能双色温筒射灯,zszszn.light.wy0a01,zszszn.light.wy0a01.png,
照明,ZXWL,ZXWL智能灯带3.0,andi.light.wy0a02,andi.light.wy0a02.png,
照明,borlle,Borlle全域晴空吸顶灯,borlle.light.bl355x,borlle.light.bl355x.png,
照明,digad,digad智能台灯A1,didi.light.v8ssm,didi.light.v8ssm.png,
照明,e:cue,e:cue智能边几灯S1,traxon.light.lmprgb,traxon.light.lmprgb.png,
照明,inSona,inSona光因系列吸顶灯,inble.light.wy0a01,inble.light.wy0a01.png,
照明,jiuhao久豪,Jiuhao橱衣柜灯带（Mesh2.0）,cddz.light.cdygd1,cddz.light.cdygd1.png,
照明,julun,JL溢彩吸顶灯,julun.light.wyra01,julun.light.wyra01.png,
照明,julun,JL炫彩风扇灯,julun.light.wyrf01,julun.light.wyrf01.png,
照明,julun,julun智能灯(双色版),julun.light.jlcw,julun.light.jlcw.png,
照明,julun,julun智能灯(彩光版),julun.light.jl0002,julun.light.jl0002.png,
照明,linptech,linptech人体存在平板灯,linp.light.lp1bc,linp.light.lp1bc.png,
照明,linptech,linptech人体存在平板灯(MESH2.0),linp.light.lp2bc,linp.light.lp2bc.png,
照明,linptech,linptech人体存在智能灯,linp.light.lx2bcw,linp.light.lx2bcw.png,
照明,linptech,linptech人体存在筒射灯,linp.light.ld6bcw,linp.light.ld6bcw.png,
照明,linptech,linptech智能筒射灯,linp.light.ld5scw,linp.light.ld5scw.png,
照明,linptech,linptech智能筒射灯(MESH2.0),linp.light.ld5bcw,linp.light.ld5bcw.png,
照明,linptech,linptech智能筒射灯Lite,linp.light.n3bcw,linp.light.n3bcw.png,
照明,linptech,linptech智能筒射灯Pro,linp.light.n5bcw,linp.light.n5bcw.png,
照明,linptech,智能彩光灯（MESH版）,linp.light.ls1rgb,linp.light.ls1rgb.png,
照明,linptech,智能灯带（PLC版）,linp.light.ls1pcw,linp.light.ls1pcw.png,
照明,linptech,智能磁吸吊线灯（PLC版）,linp.light.lm1pd,linp.light.lm1pd.png,
照明,linptech,智能磁吸射灯（PLC版）,linp.light.lm1ps,linp.light.lm1ps.png,
照明,linptech,智能磁吸格栅灯（PLC版）,linp.light.lm1pg,linp.light.lm1pg.png,
照明,linptech,智能磁吸泛光灯（PLC版）,linp.light.lm1pf,linp.light.lm1pf.png,
照明,linptech,智能磁吸灯（PLC版）,linp.light.lm1pcw,linp.light.lm1pcw.png,
照明,linptech,智能筒射灯（MESH版）,linp.light.wy0a01,linp.light.wy0a01.png,
照明,linptech,智能筒射灯（PLC版）,linp.light.d1pcw,linp.light.d1pcw.png,
照明,linptech 领普,领普智能灯带,linp.light.lscw01,linp.light.lscw01.png,
照明,linptech 领普,领普智能磁吸灯,linp.light.lmcw01,linp.light.lmcw01.png,
照明,linptech 领普,领普智能筒射灯,linp.light.ldcw01,linp.light.ldcw01.png,
照明,lipro,lipro悦童护眼吸顶灯,lipro.light.25b1,lipro.light.25b1.png,
照明,lipro,lipro护眼吸顶灯,lipro.light.26x3,lipro.light.26x3.png,官网已移除该型号
照明,lipro,lipro护眼明装筒射灯,lipro.light.r4t2,lipro.light.r4t2.png,
照明,lipro,lipro护眼灯带 单色温,lipro.light.r3p5,lipro.light.r3p5.png,
照明,lipro,lipro护眼磁吸轨道灯,lipro.light.r3g2,lipro.light.r3g2.png,
照明,lipro,lipro护眼磁吸轨道灯 单色温,lipro.light.r3g3,lipro.light.r3g3.png,
照明,lipro,lipro护眼筒射灯,lipro.light.r3p3,lipro.light.r3p3.png,
照明,lipro,lipro护眼面板灯Pro,lipro.light.e4b1,lipro.light.e4b1.png,
照明,lipro,lipro护眼风扇灯,lipro.light.23f4,lipro.light.23f4.png,
照明,lipro,lipro护眼餐厅吊灯,lipro.light.24a2,lipro.light.24a2.png,
照明,lipro,lipro护眼餐厅吊灯 Ultra,lipro.light.25a1,lipro.light.25a1.png,
照明,lipro,lipro柔光落地护眼灯Max,lipro.light.e4z3,lipro.light.e4z3.png,
照明,lipro,lipro柔光落地护眼灯Pro,lipro.light.e4z2,lipro.light.e4z2.png,
照明,mitch,mitch双色温智能灯带,googo.light.wy0a02,googo.light.wy0a02.png,
照明,mitch,mitch双色温智能磁吸灯,googo.light.wy0a03,googo.light.wy0a03.png,
照明,mitch,mitch深度防眩智能筒射灯,googo.light.wy0a01,googo.light.wy0a01.png,
照明,noooe皓逸,皓逸24V恒压双色调光控制器,haoyi.light.wy0a01,haoyi.light.wy0a01.png,
照明,noooe皓逸,皓逸全光谱吸顶灯（Max）,haoyi.light.wy0a03,haoyi.light.wy0a03.png,
照明,noooe皓逸,皓逸全色域天境灯情景大师Color圆形,haoyi.light.hoy560,haoyi.light.hoy560.png,
照明,noooe皓逸,皓逸全色域天境灯情景大师Color方形,haoyi.light.hoy6x9,haoyi.light.hoy6x9.png,
照明,noooe皓逸,皓逸全色域灯带情景大师 Color,haoyi.light.hyclm,haoyi.light.hyclm.png,
照明,noooe皓逸,皓逸全色域灯带情景大师Lite,haoyi.light.hyddm,haoyi.light.hyddm.png,
照明,noooe皓逸,皓逸全色域磁吸灯情景大师Color,haoyi.light.hycclm,haoyi.light.hycclm.png,
照明,noooe皓逸,皓逸全色域磁吸灯情景大师Lite,haoyi.light.hycxdm,haoyi.light.hycxdm.png,
照明,noooe皓逸,皓逸全色域筒射灯情景大师Color,haoyi.light.hyctlm,haoyi.light.hyctlm.png,
照明,noooe皓逸,皓逸全色域筒射灯情景大师Lite,haoyi.light.hytsdm,haoyi.light.hytsdm.png,
照明,noooe皓逸,皓逸射灯（Max),haoyi.light.hypro1,haoyi.light.hypro1.png,
照明,noooe皓逸,皓逸智能磁吸灯（Mesh2.0）,haoyi.light.wy0a06,haoyi.light.wy0a06.png,
照明,noooe皓逸,皓逸智能筒射灯（Mesh2.0）,haoyi.light.wy0a04,haoyi.light.wy0a04.png,
照明,noooe皓逸,皓逸智能调光灯带（Mesh2.0）,haoyi.light.wy0a05,haoyi.light.wy0a05.png,
照明,noooe皓逸,皓逸磁吸灯（Max),haoyi.light.hypro2,haoyi.light.hypro2.png,
照明,puluoti,puluoti智能筒射灯（Mesh2.0）,zanqi.light.v8hsm,zanqi.light.v8hsm.png,
照明,sayso,SAYSO智能射灯,sayso.light.wy0a01,sayso.light.wy0a01.png,
照明,sken视客,SKEN智能灯带,ske.light.wy0a02,ske.light.wy0a02.png,
照明,sken视客,SKEN智能筒射灯,ske.light.wy0a01,ske.light.wy0a01.png,
照明,sken视客,视客智能磁吸灯,ske.light.skcxd,ske.light.skcxd.png,
照明,xiaowell,xiaowell小为科技智能灯带,xwiwn.light.xwl002,xwiwn.light.xwl002.png,
照明,xiaowell,xiaowell小为科技智能筒射灯,xwiwn.light.xwl001,xwiwn.light.xwl001.png,
照明,μ-home,μ-home物联网楼梯灯,doonne.light.h1,doonne.light.h1.png,
照明,万多,万多CW双色温灯带,wanduo.light.ledw1,wanduo.light.ledw1.png,
照明,三雄,三雄极光Pak 智能吊灯,pak.light.pak002,pak.light.pak002.png,
照明,三雄,三雄极光智能家居吸顶灯,pak.light.pak08,pak.light.pak08.png,
照明,三雄,三雄极光智能灯泡,pak.light.pak006,pak.light.pak006.png,
照明,三雄,三雄极光智能照明吸顶灯,pak.light.pak007,pak.light.pak007.png,
照明,三雄,三雄极光照明家居智能吸顶灯,pak.light.pak005,pak.light.pak005.png,
照明,三雄,三雄极光照明智能吸顶灯,pak.light.pak01,pak.light.pak01.png,
照明,三雄极光Pak,Pak天域声光伴眠吸顶灯（天镜版）,pak.light.pak21,pak.light.pak21.png,
照明,三雄极光Pak,Pak天域声光伴眠吸顶灯（芒彩版）,pak.light.pak20,pak.light.pak20.png,
照明,三雄极光Pak,三雄智能风扇灯,pak.light.fan01,pak.light.fan01.png,
照明,三雄极光Pak,三雄极光PAK智能人存厨卫灯,pak.light.pakcw1,pak.light.pakcw1.png,
照明,三雄极光Pak,三雄极光Pak AI大立灯,pak.light.w00a01,pak.light.w00a01.png,
照明,三雄极光Pak,三雄极光Pak 人存感应智能筒灯,pak.light.ds01,pak.light.ds01.png,
照明,三雄极光Pak,三雄极光Pak 吸顶灯MAX,pak.light.pak17,pak.light.pak17.png,
照明,三雄极光Pak,三雄极光Pak 御风智能升降环抱风扇灯,pak.light.fan04,pak.light.fan04.png,
照明,三雄极光Pak,三雄极光Pak 智能全色域吸顶灯,pak.light.pak18,pak.light.pak18.png,
照明,三雄极光Pak,三雄极光Pak 智能射灯,pak.light.wy0a03,pak.light.wy0a03.png,
照明,三雄极光Pak,三雄极光Pak 智能灯带,pak.light.wy0a05,pak.light.wy0a05.png,
照明,三雄极光Pak,三雄极光Pak 智能磁吸灯,pak.light.v8uswd,pak.light.v8uswd.png,
照明,三雄极光Pak,三雄极光Pak 智能磁吸灯2.0,pak.light.wy0a08,pak.light.wy0a08.png,
照明,三雄极光Pak,三雄极光Pak人存感应智能射灯,pak.light.ds02,pak.light.ds02.png,
照明,三雄极光Pak,三雄极光Pak智能吊灯,pak.light.pak10,pak.light.pak10.png,
照明,三雄极光Pak,三雄极光Pak智能家居灯饰,pak.light.pak14,pak.light.pak14.png,
照明,三雄极光Pak,三雄极光Pak智能灯具,pak.light.pak15,pak.light.pak15.png,
照明,三雄极光Pak,三雄极光Pak智能灯饰,pak.light.pak13,pak.light.pak13.png,
照明,三雄极光Pak,三雄极光全色域音乐灯玥语,pak.light.pak24,pak.light.pak24.png,
照明,三雄极光Pak,三雄极光智能光健康灯,pak.light.pak22,pak.light.pak22.png,
照明,三雄极光Pak,三雄极光智能光健康灯Pro,pak.light.pak23,pak.light.pak23.png,
照明,三雄极光Pak,三雄极光智能射灯,pak.light.pak12,pak.light.pak12.png,
照明,三雄极光Pak,三雄极光照明灯具,pak.light.541124,pak.light.541124.png,
照明,三雄极光Pak,三雄极光隐形风扇灯,pak.light.fan03,pak.light.fan03.png,
照明,中安巨能,中安巨能智能灯带Ultra2.0,zage.light.wy0a03,zage.light.wy0a03.png,
照明,中安巨能,中安巨能磁吸灯Mesh2.0,zage.light.wy0a01,zage.light.wy0a01.png,
照明,中安巨能,中安巨能筒射灯Mesh2.0,zage.light.wy0a02,zage.light.wy0a02.png,
照明,乐亦美,乐亦美智能筒射灯Pro,lem.light.lts26,lem.light.lts26.png,
照明,乐天派,乐天派灯带魔方版,czhkj.light.l0523,czhkj.light.l0523.png,
照明,乐式,即乘智能灯,zsjc.light.wy0b01,zsjc.light.wy0b01.png,
照明,乐式,情景Mesh氛围灯V2S,lemesh.light.wyrb02,lemesh.light.wyrb02.png,
照明,乐式,情景mesh单色灯K系列,lemesh.light.w00d01,lemesh.light.w00d01.png,
照明,乐归,LEGUI宽色域灯带,legui.light.wy0a01,legui.light.wy0a01.png,
照明,乐沿,乐沿智能筒射灯,lyzm.light.wy0a01,lyzm.light.wy0a01.png,
照明,乐盟,乐盟照明卧室吸顶灯,lmds.light.wy0a02,lmds.light.wy0a02.png,
照明,乐盟,乐盟照明客厅吸顶灯,lmds.light.wy0a01,lmds.light.wy0a01.png,
照明,九头鲸,九头鲸高端智能吸顶灯,jn0203.light.wy0a02,jn0203.light.wy0a02.png,
照明,九头鲸,九头鲸高端智能筒射灯,jn0203.light.wy0a01,jn0203.light.wy0a01.png,
照明,九轮马车,九轮马车RGB幻彩灯带,wainft.light.nrgb11,wainft.light.nrgb11.png,
照明,九轮马车,九轮马车光影同步灯带,wainft.light.tvsyn1,wainft.light.tvsyn1.png,
照明,云睐,云睐智能灯带（Mesh2.0）,clouds.light.wy0a03,clouds.light.wy0a03.png,
照明,云睐,云睐智能磁吸灯（Mesh2.0）,clouds.light.wy0a02,clouds.light.wy0a02.png,
照明,云睐,云睐智能筒射灯（Mesh2.0）,clouds.light.wy0a01,clouds.light.wy0a01.png,
照明,云米,云米AI智能灯带Master（双色温版）,viomi.light.ewf11a,viomi.light.ewf11a.png,
照明,云米,云米AI智能灯带Master（彩光版）,viomi.light.ewf11b,viomi.light.ewf11b.png,
照明,云米,云米AI智能灯带控制器Master S,yunmi.light.ebl11b,yunmi.light.ebl11b.png,
照明,云米,云米AI智能磁吸轨道灯Master,yunmi.light.ebl31b,yunmi.light.ebl31b.png,
照明,云米,云米AI智能筒射灯Master,yunmi.light.ebl21b,yunmi.light.ebl21b.png,
照明,云米,云米智能射灯C1,yunmi.light.ebl22b,yunmi.light.ebl22b.png,
照明,亖米,亖米Mesh磁吸灯Ultra,symi.light.wy0a06,symi.light.wy0a06.png,
照明,亖米,亖米Mesh筒射灯Ultra,symi.light.wy0a05,symi.light.wy0a05.png,
照明,亖米,亖米智能灯带mesh版,symi.light.wy0a04,symi.light.wy0a04.png,
照明,亖米,亖米智能筒射灯,symi.light.lt07,symi.light.lt07.png,
照明,亖米,亖米磁吸灯mesh版,symi.light.wy0a02,symi.light.wy0a02.png,
照明,亖米,亖米筒射灯mesh版,symi.light.wy0a01,symi.light.wy0a01.png,
照明,京东京造,京东京造 御风者智能风扇灯,jdjz.light.jzfl01,jdjz.light.jzfl01.png,
照明,京东京造,京东京造 长颈鹿3Ultra LED落地灯,jdjz.light.gruw,jdjz.light.gruw.png,
照明,京东京造,京东京造E1 Pro吸顶灯-L960,jdjz.light.e1l96,jdjz.light.e1l96.png,
照明,京东京造,京东京造E1 Pro吸顶灯-MX480,jdjz.light.e1prow,jdjz.light.e1prow.png,
照明,京东京造,京东京造Infinity吸顶灯-L960,jdjz.light.vgl96,jdjz.light.vgl96.png,
照明,京东京造,京东京造Infinity吸顶灯-MX500,jdjz.light.jdjzvg,jdjz.light.jdjzvg.png,
照明,京东京造,京东京造吸顶灯,zxzm.light.j01,zxzm.light.j01.png,
照明,京东京造,京东京造进步台灯2,jdjz.light.jinbu2,jdjz.light.jinbu2.png,
照明,京东京造,京东京造长颈鹿2落地灯,jdjz.light.grf2,jdjz.light.grf2.png,
照明,京东京造,京东京造长颈鹿3落地灯,jdjz.light.grf2p,jdjz.light.grf2p.png,
照明,京东京造,京东京造长颈鹿Lite2落地灯,jdjz.light.lite2,jdjz.light.lite2.png,
照明,亿灯源,YDY情景智能灯带,ydy.light.wy0a02,ydy.light.wy0a02.png,
照明,亿灯源,YDY情景智能筒射灯,ydy.light.wy0a01,ydy.light.wy0a01.png,
照明,仕先,仕先mesh智能情景灯带,stzm.light.wy0a01,stzm.light.wy0a01.png,
照明,企一照明,KEEY-BUS调光调色控制设备,heko.light.wy0a01,heko.light.wy0a01.png,
照明,企及照明,企及照明智能筒射灯（Mesh2.0）,yjzm.light.yjtsd1,yjzm.light.yjtsd1.png,
照明,企峰,企峰智能灯带mesh2.0,tqzm.light.wy0a02,tqzm.light.wy0a02.png,
照明,企峰,企峰智能筒射灯mesh2.0,tqzm.light.wy0a01,tqzm.light.wy0a01.png,
照明,企派,企派智能磁吸灯,qipai.light.wy0a02,qipai.light.wy0a02.png,
照明,企派,企派智能筒射灯,qipai.light.wy0a01,qipai.light.wy0a01.png,
照明,企逸,企逸智能磁吸灯 Ultra,qiyl.light.wy0a01,qiyl.light.wy0a01.png,
照明,企逸,企逸智能筒射灯 Ultra,qiyl.light.wy0a02,qiyl.light.wy0a02.png,
照明,众泽,众泽智能灯带Mesh2.0,zsszzd.light.wy0a01,zsszzd.light.wy0a01.png,
照明,佐卡,佐卡智能 磁吸灯2.0,zuka.light.wy0a03,zuka.light.wy0a03.png,
照明,佐卡,佐卡智能 筒射灯2.0,zuka.light.wy0a02,zuka.light.wy0a02.png,
照明,佐卡,佐卡智能 调光灯带2.0,zuka.light.wy0a04,zuka.light.wy0a04.png,
照明,佳斯度,佳斯度无叶风扇灯,justdu.light.wyfa01,justdu.light.wyfa01.png,
照明,佼佼者,JJZ情景智能灯带,jjz.light.wy0a01,jjz.light.wy0a01.png,
照明,元笙,元笙智能吸顶灯,ys333.light.mdym20,ys333.light.mdym20.png,
照明,光影世家,光影世家智能灯带（Mesh2.0）,jiadi0.light.gyzndd,jiadi0.light.gyzndd.png,
照明,光影世家,光影世家智能筒射灯（Mesh2.0）,jiadi0.light.zntsd1,jiadi0.light.zntsd1.png,
照明,光普顿,光普顿智能筒射灯,stznkj.light.wy0a01,stznkj.light.wy0a01.png,
照明,光正,GZ 智能灯带,guznos.light.gzddm,guznos.light.gzddm.png,
照明,光正,GZ 智能磁吸灯,guznos.light.gzcxdm,guznos.light.gzcxdm.png,
照明,光正,GZ 智能筒射灯,guznos.light.gztsdm,guznos.light.gztsdm.png,
照明,光源世家,光源世家光境系列舒眠灯,gysj.light.gysj02,gysj.light.gysj02.png,
照明,光源世家,光源世家小家智控洗墙灯,gysj.light.wy0a01,gysj.light.wy0a01.png,
照明,光源世家,光源世家护瞳系列母婴灯,gysj.light.gysj01,gysj.light.gysj01.png,
照明,光缓,光缓智能双色温筒射灯Pro,alight.light.aztsd1,alight.light.aztsd1.png,
照明,光缓,艾泽光缓灯带ULTRA,alight.light.wy0a04,alight.light.wy0a04.png,
照明,光缓,艾泽光缓磁吸灯ULTRA,alight.light.wy0a03,alight.light.wy0a03.png,
照明,光缓,艾泽光缓筒射灯ULTRA,alight.light.wy0a02,alight.light.wy0a02.png,
照明,光艺狮,光艺狮智能筒射灯（Mesh2.0）,ntgd.light.nttsd1,ntgd.light.nttsd1.png,
照明,八戒智享家,JYMC天镜灯(WIFI),jymc.light.lmptjd,jymc.light.lmptjd.png,
照明,八戒智享家,JYMC智能双色灯带MESH2.0,jymc.light.pubm20,jymc.light.pubm20.png,
照明,公牛,公牛L03智能调光灯带,bull.light.mlg03,bull.light.mlg03.png,
照明,公牛,公牛吊灯XC03-180W,bull.light.xc03b,bull.light.xc03b.png,
照明,公牛,公牛吊灯XC03-80W,bull.light.xc03c,bull.light.xc03c.png,
照明,公牛,公牛吊灯XC04-58W,bull.light.xc04b,bull.light.xc04b.png,
照明,公牛,公牛吸顶灯M22-100W,bull.light.jld01,bull.light.jld01.png,
照明,公牛,公牛吸顶灯X19-150W,bull.light.x19a,bull.light.x19a.png,
照明,公牛,公牛吸顶灯X19-36W,bull.light.x19d,bull.light.x19d.png,
照明,公牛,公牛吸顶灯X19-48W,bull.light.x19c,bull.light.x19c.png,
照明,公牛,公牛吸顶灯X19-55W,bull.light.x19b,bull.light.x19b.png,
照明,公牛,公牛吸顶灯XC03-230W,bull.light.xc03a,bull.light.xc03a.png,
照明,公牛,公牛吸顶灯XC03-55W,bull.light.xc03d,bull.light.xc03d.png,
照明,公牛,公牛吸顶灯XC04-195W,bull.light.xc04a,bull.light.xc04a.png,
照明,公牛,公牛吸顶灯XC04-55W,bull.light.xc04c,bull.light.xc04c.png,
照明,公牛,公牛吸顶灯XD05-150W,bull.light.xd05a,bull.light.xd05a.png,
照明,公牛,公牛吸顶灯XD05-36W,bull.light.xd05d,bull.light.xd05d.png,
照明,公牛,公牛吸顶灯XD05-48W,bull.light.xd05c,bull.light.xd05c.png,
照明,公牛,公牛吸顶灯XD05-55W,bull.light.xd05b,bull.light.xd05b.png,
照明,公牛,公牛吸顶灯XD08-150W,bull.light.xd08a,bull.light.xd08a.png,
照明,公牛,公牛吸顶灯XD08-50W,bull.light.xd08b,bull.light.xd08b.png,
照明,公牛,公牛吸顶灯XD09-150W,bull.light.xd09a,bull.light.xd09a.png,
照明,公牛,公牛吸顶灯XD09-50W,bull.light.xd09b,bull.light.xd09b.png,
照明,公牛,公牛智能双色温灯带,bull.light.mz02,bull.light.mz02.png,
照明,公牛,公牛灵犀MT02智能射灯,bull.light.wy0a01,bull.light.wy0a01.png,
照明,公牛,公牛风扇灯F00CM,bull.light.fan05,bull.light.fan05.png,
照明,公牛,公牛风扇灯F06E,bull.light.fan04,bull.light.fan04.png,
照明,公牛,公牛风扇灯F18B,bull.light.fan02,bull.light.fan02.png,
照明,公牛,公牛风扇灯F22C,bull.light.fan03,bull.light.fan03.png,
照明,公牛,公牛风扇灯F22D,bull.light.fan07,bull.light.fan07.png,
照明,兴瑞祥,XRX橱衣柜智能灯带,xrx.light.xrxcgd,xrx.light.xrxcgd.png,
照明,其他品牌,AI 色温灯(MESH),090615.light.ailig1,090615.light.ailig1.png,
照明,其他品牌,AI美居智能灯,wdc.light.wy0a01,wdc.light.wy0a01.png,
照明,其他品牌,AMI智能灯,ftd.light.lmpami,ftd.light.lmpami.png,
照明,其他品牌,AZ智能情景灯,alight.light.wy0a01,alight.light.wy0a01.png,
照明,其他品牌,Ai home智能双色温灯,yyzn.light.wy0a04,yyzn.light.wy0a04.png,
照明,其他品牌,Ai home智能灯带,yyzn.light.wy0a01,yyzn.light.wy0a01.png,
照明,其他品牌,Ai home智能磁吸灯,yyzn.light.wy0a02,yyzn.light.wy0a02.png,
照明,其他品牌,Ai home智能筒射灯,yyzn.light.wy0a03,yyzn.light.wy0a03.png,
照明,其他品牌,Ai 智能色温灯(MESH),babai.light.sl01m,babai.light.sl01m.png,
照明,其他品牌,Ai双色温灯,rjxn20.light.rjss01,rjxn20.light.rjss01.png,
照明,其他品牌,Ai智能情景WIFI双色灯,giot.light.aise01,giot.light.aise01.png,
照明,其他品牌,BS智能磁吸灯,bsdy.light.wy0a02,bsdy.light.wy0a02.png,
照明,其他品牌,BS智能筒射灯,bsdy.light.wy0a01,bsdy.light.wy0a01.png,
照明,其他品牌,C09MG智能灯,mgzn.light.wy0a01,mgzn.light.wy0a01.png,
照明,其他品牌,CW冷暖灯,iot.light.socw01,iot.light.socw01.png,
照明,其他品牌,EMG上光环吸顶灯,ymj.light.wyymj1,ymj.light.wyymj1.png,
照明,其他品牌,EMG智能灯系列,ymj.light.wy0a02,ymj.light.wy0a02.png,
照明,其他品牌,Eiperfic 智能灯 iSulight,beig.light.s660v,beig.light.s660v.png,
照明,其他品牌,FSL智能风扇灯系列,live.light.fsl001,live.light.fsl001.png,
照明,其他品牌,FTD智能双色灯S(WIFI),ftd.light.lmpswi,ftd.light.lmpswi.png,
照明,其他品牌,FTD智能双色灯V2SL(MESH),ftd.light.lpv2sl,ftd.light.lpv2sl.png,
照明,其他品牌,FTD智能彩光灯(MESH),ftd.light.cwrgb1,ftd.light.cwrgb1.png,
照明,其他品牌,GR谷雨智能天花灯,090615.light.grlig1,090615.light.grlig1.png,
照明,其他品牌,GR谷雨智能灯带,090615.light.grlg2,090615.light.grlg2.png,
照明,其他品牌,GR谷雨智能磁吸灯,090615.light.grlg3,090615.light.grlg3.png,
照明,其他品牌,GY智能灯蓝牙Ultra版,gydz.light.blecw1,gydz.light.blecw1.png,
照明,其他品牌,HT智能灯,lemesh.light.wy0c17,lemesh.light.wy0c17.png,
照明,其他品牌,JIHISI智能灯,jihisi.light.wy0a01,jihisi.light.wy0a01.png,
照明,其他品牌,JS智能双色灯,lemesh.light.wy0a19,lemesh.light.wy0a19.png,
照明,其他品牌,Jya 无线台灯（智能版）,jya.light.sla1,jya.light.sla1.png,
照明,其他品牌,LED智能灯mesh,gmm.light.wy0a02,gmm.light.wy0a02.png,
照明,其他品牌,LRN双色调光驱动,lrn.light.wya01,lrn.light.wya01.png,
照明,其他品牌,LUNO绿能米家智能灯,lndq.light.wy0a01,lndq.light.wy0a01.png,
照明,其他品牌,LX彩光灯mesh版,lxun.light.znd04,lxun.light.znd04.png,
照明,其他品牌,LX色温灯mesh版,lxun.light.znd02,lxun.light.znd02.png,
照明,其他品牌,MG智能LED线条灯,mgzn.light.mgdd02,mgzn.light.mgdd02.png,
照明,其他品牌,MG智能明装筒射灯,mgzn.light.mgmz01,mgzn.light.mgmz01.png,
照明,其他品牌,MG智能灯（蓝牙Mesh版）,magao.light.wy0a01,magao.light.wy0a01.png,
照明,其他品牌,MG智能磁吸灯,mgzn.light.mggs01,mgzn.light.mggs01.png,
照明,其他品牌,MG智能筒射灯,mgzn.light.mgzk,mgzn.light.mgzk.png,
照明,其他品牌,Mesh双色情景灯,zxgs.light.mdcl01,zxgs.light.mdcl01.png,
照明,其他品牌,Mesh色温灯系列V2,cxw.light.wyv02,cxw.light.wyv02.png,
照明,其他品牌,Mesh风扇灯系列V1,cxw.light.wyfv01,cxw.light.wyfv01.png,
照明,其他品牌,MixDALI调光调色灯,fangdi.light.fgc001,fangdi.light.fgc001.png,
照明,其他品牌,NPU耐普照明智能灯,npu.light.npu001,npu.light.npu001.png,
照明,其他品牌,Nanoleaf Shapes,nnleaf.light.ulp,nnleaf.light.ulp.png,
照明,其他品牌,Nanoleaf智能灯带,nnleaf.light.strips,nnleaf.light.strips.png,
照明,其他品牌,QM智能Mesh色温灯,qjiang.light.mesh,qjiang.light.mesh.png,
照明,其他品牌,QM智能WiFi色温灯,qjiang.light.wb6sv1,qjiang.light.wb6sv1.png,
照明,其他品牌,QT情景Mesh智能灯,gsd.light.wy0a01,gsd.light.wy0a01.png,
照明,其他品牌,RF智慧照明V1(MESH),ftd.light.lmpyul,ftd.light.lmpyul.png,
照明,其他品牌,UZ智能调光驱动,topwit.light.tsl07,topwit.light.tsl07.png,
照明,其他品牌,V3智能色温灯（Mesh）,giot.light.v3,giot.light.v3.png,
照明,其他品牌,V5智能色温灯（Mesh）,giot.light.v5ssm,giot.light.v5ssm.png,
照明,其他品牌,V5智能色温灯（WiFi）,giot.light.v5ssw,giot.light.v5ssw.png,
照明,其他品牌,V8Gra智能灯（Mesh2.0）,giot.light.v8uswd,giot.light.v8uswd.png,
照明,其他品牌,V8智能彩色灯（Mesh）,giot.light.v8icm,giot.light.v8icm.png,
照明,其他品牌,V8智能色温灯（Mesh）,giot.light.v8ssm,giot.light.v8ssm.png,
照明,其他品牌,V8智能色温灯（WiFi）,giot.light.v8ssw,giot.light.v8ssw.png,
照明,其他品牌,V9Gra智能色温灯（WiFi）,giot.light.v9ssw,giot.light.v9ssw.png,
照明,其他品牌,WiFi双色情景灯,zxgs.light.wdcl01,zxgs.light.wdcl01.png,
照明,其他品牌,Yeelight智能LED吸顶灯,gtop.light.yl03,gtop.light.yl03.png,
照明,其他品牌,Yeelight逸扬直流变频风扇吊灯C900SE,live.light.fs901,live.light.fs901.png,
照明,其他品牌,ZB 智能灯带 MESH2.0,zbmesh.light.wy0a03,zbmesh.light.wy0a03.png,
照明,其他品牌,ZB 智能筒射灯 MESH2.0,zbmesh.light.wy0a02,zbmesh.light.wy0a02.png,
照明,其他品牌,aimore智能冷暖吸顶灯MESH,aimore.light.240407,aimore.light.240407.png,
照明,其他品牌,inncap靓光LED灯泡（彩光版）,viewx.light.101001,viewx.light.101001.png,
照明,其他品牌,seebest照云吸顶灯,beiyun.light.260c,beiyun.light.260c.png,
照明,其他品牌,一百分智能射灯,ybf.light.wy0a01,ybf.light.wy0a01.png,
照明,其他品牌,东东简约智能客厅灯,dong.light.wy0a01,dong.light.wy0a01.png,
照明,其他品牌,中科明眸护眼吸顶灯皓月系列,zkxt.light.w00a01,zkxt.light.w00a01.png,
照明,其他品牌,丹菲诺智能吸顶灯具,jsc.light.wydfn1,jsc.light.wydfn1.png,
照明,其他品牌,丹菲诺智能灯,dikair.light.wy0a01,dikair.light.wy0a01.png,
照明,其他品牌,京东京造U1吸顶灯,jdjz.light.jdjzu1,jdjz.light.jdjzu1.png,
照明,其他品牌,京东京造吸顶灯V1,jdjz.light.jdjz01,jdjz.light.jdjz01.png,
照明,其他品牌,京东京造长颈鹿Lite落地灯,jdjz.light.lite,jdjz.light.lite.png,
照明,其他品牌,仙人掌照明,090615.light.xrlig1,090615.light.xrlig1.png,
照明,其他品牌,佳文调光调色智能灯,jiawen.light.wy0a02,jiawen.light.wy0a02.png,
照明,其他品牌,兀坐提篮,clk.light.basket,clk.light.basket.png,
照明,其他品牌,凡童智能灯,ftds.light.wyft1,ftds.light.wyft1.png,
照明,其他品牌,创达小台灯,tsoft.light.lite1,tsoft.light.lite1.png,
照明,其他品牌,利歌灯饰,ltdzsw.light.wylg1,ltdzsw.light.wylg1.png,
照明,其他品牌,华时智能照明,zbmesh.light.wy0a01,zbmesh.light.wy0a01.png,
照明,其他品牌,即米智能情景灯,jmkj.light.wy0a01,jmkj.light.wy0a01.png,
照明,其他品牌,即米智能灯,mjkj.light.wy0a01,mjkj.light.wy0a01.png,
照明,其他品牌,即米智能磁吸灯,mjkj.light.wy0a02,mjkj.light.wy0a02.png,
照明,其他品牌,即米智能线性灯,mjkj.light.wy0a03,mjkj.light.wy0a03.png,
照明,其他品牌,双色情景智慧灯,gmm.light.wy0a01,gmm.light.wy0a01.png,
照明,其他品牌,双色智能灯,nmt.light.wy0a01,nmt.light.wy0a01.png,
照明,其他品牌,变频智能风扇灯,shhf.light.sfla10,shhf.light.sfla10.png,
照明,其他品牌,启源双色灯,orrgi.light.wy0a01,orrgi.light.wy0a01.png,
照明,其他品牌,哈达曼智能LED吸顶灯,hdm.light.wy08a,hdm.light.wy08a.png,
照明,其他品牌,喜智喜智能灯,xzx.light.wyxzx1,xzx.light.wyxzx1.png,
照明,其他品牌,喜辉智能吸顶灯,hwzn.light.wy0a01,hwzn.light.wy0a01.png,
照明,其他品牌,天际快装吸顶灯,cchip.light.l1,cchip.light.l1.png,
照明,其他品牌,宣艺智能灯,dikair.light.wy0a02,dikair.light.wy0a02.png,
照明,其他品牌,尊阁皇冠智能灯,zunge.light.wy0a01,zunge.light.wy0a01.gif,
照明,其他品牌,展秀水晶之恋智能灯,odds.light.wy0a01,odds.light.wy0a01.png,
照明,其他品牌,帅灯堡智能吸顶灯,ddjzm.light.wy0a01,ddjzm.light.wy0a01.png,
照明,其他品牌,希尔顿智能LED吊灯,giot.light.h86161,giot.light.h86161.png,
照明,其他品牌,希尔顿智能LED吸顶灯,giot.light.h60301,giot.light.h60301.png,
照明,其他品牌,希尔顿智能吊灯,mjzm.light.wy0a04,mjzm.light.wy0a04.png,
照明,其他品牌,希尔顿智能吸顶灯,mjzm.light.wy0a03,mjzm.light.wy0a03.png,
照明,其他品牌,希尔顿智能护眼灯,giot.light.xhyd1,giot.light.xhyd1.png,
照明,其他品牌,幻彩灯,iot.light.socd01,iot.light.socd01.png,
照明,其他品牌,情景MESH双色调光灯 S1,mson.light.ms000,mson.light.ms000.png,
照明,其他品牌,情景Mesh单色灯V2S系列,lemesh.light.w00a02,lemesh.light.w00a02.png,
照明,其他品牌,情景Mesh彩光灯V2S,lemesh.light.wyra02,lemesh.light.wyra02.png,
照明,其他品牌,情景Mesh筒射灯KY系列,lemesh.light.wy0c22,lemesh.light.wy0c22.png,
照明,其他品牌,情景Mesh色温灯V1S系列,lemesh.light.wy0c14,lemesh.light.wy0c14.png,
照明,其他品牌,情景Mesh色温灯V2G,lemesh.light.wy0c26,lemesh.light.wy0c26.png,
照明,其他品牌,情景Mesh色温灯V2S Pro,lemesh.light.wy0c24,lemesh.light.wy0c24.png,
照明,其他品牌,情景Mesh色温灯V2S系列,lemesh.light.wy0c15,lemesh.light.wy0c15.png,
照明,其他品牌,情景Mesh色温灯V2X系列,lemesh.light.wy0a20,lemesh.light.wy0a20.png,
照明,其他品牌,情景Mesh色温灯ZS系列,lemesh.light.wy0c21,lemesh.light.wy0c21.png,
照明,其他品牌,情景WIFI双色灯,leshi.light.wy0b01,leshi.light.wy0b01.png,
照明,其他品牌,情景WIFI色温灯,leshi.light.wy0b03,leshi.light.wy0b03.png,
照明,其他品牌,情景WiFi色温灯C系列,lemesh.light.wy02,lemesh.light.wy02.png,
照明,其他品牌,情景WiFi色温灯Pro,lemesh.light.wy0a22,lemesh.light.wy0a22.png,
照明,其他品牌,情景WiFi色温灯TP系列,lemesh.light.wy0a21,lemesh.light.wy0a21.png,
照明,其他品牌,情景mesh单色灯,lemesh.light.w00a01,lemesh.light.w00a01.png,
照明,其他品牌,情景mesh氛围色温灯,lemesh.light.wyrb01,lemesh.light.wyrb01.png,
照明,其他品牌,情景mesh色温灯,lemesh.light.wy0c02,lemesh.light.wy0c02.png,
照明,其他品牌,情景mesh色温灯C系列,lejia.light.wy02,lejia.light.wy02.png,
照明,其他品牌,情景mesh色温灯D系列,lemesh.light.wy0c03,lemesh.light.wy0c03.png,
照明,其他品牌,情景mesh色温灯E系列,lemesh.light.wy0c05,lemesh.light.wy0c05.png,
照明,其他品牌,情景mesh色温灯K系列,lemesh.light.wy0c04,lemesh.light.wy0c04.png,
照明,其他品牌,情景mesh色温灯TM系列,lemesh.light.wy0c07,lemesh.light.wy0c07.png,
照明,其他品牌,情景mesh色温灯V2Q系列,lemesh.light.wy0c12,lemesh.light.wy0c12.png,
照明,其他品牌,情景mesh色温灯V2系列,lemesh.light.wy0c09,lemesh.light.wy0c09.png,
照明,其他品牌,情景mesh色温灯通用系列,lemesh.light.wy0c08,lemesh.light.wy0c08.png,
照明,其他品牌,情景双色灯WIFI X版,lemesh.light.wy,lemesh.light.wy.png,
照明,其他品牌,情景彩光灯Mesh X1版,lemesh.light.wyra01,lemesh.light.wyra01.png,
照明,其他品牌,情景智慧风扇灯WiFi版,leshi.light.wyfan,leshi.light.wyfan.png,
照明,其他品牌,情景智慧风扇灯通用款,leshi.light.wyfa01,leshi.light.wyfa01.png,
照明,其他品牌,情景智慧风扇灯通用款C3版,lemesh.light.wyfa01,lemesh.light.wyfa01.png,
照明,其他品牌,情景智能灯pro,iot.light.fl03,iot.light.fl03.png,
照明,其他品牌,情景智能落地学习灯Pro,lemesh.light.w00a04,lemesh.light.w00a04.png,
照明,其他品牌,情景智能风扇灯,gtop.light.fan03,gtop.light.fan03.png,
照明,其他品牌,情景电视氛围灯 Pro,lemesh.light.rgba04,lemesh.light.rgba04.png,
照明,其他品牌,情景蓝牙mesh双色灯,jsc.light.wyls02,jsc.light.wyls02.png,
照明,其他品牌,情景蓝牙mesh双色灯A,lejia.light.33301,lejia.light.33301.png,
照明,其他品牌,情景风扇灯,iot.light.fl02,iot.light.fl02.png,
照明,其他品牌,感谢智能双色温灯,rjxn20.light.gxzm01,rjxn20.light.gxzm01.png,
照明,其他品牌,新特丽智能灯具,comely.light.wy0a02,comely.light.wy0a02.png,
照明,其他品牌,新特丽智能照明,comely.light.wy0a01,comely.light.wy0a01.png,
照明,其他品牌,方响蝉翼吸顶灯,beiyun.light.chanyi,beiyun.light.chanyi.png,
照明,其他品牌,方塔希Essence双色温光伴侣,fantq0.light.wy0a02,fantq0.light.wy0a02.png,
照明,其他品牌,无极调光风扇灯,xingh.light.fsd2,xingh.light.fsd2.png,
照明,其他品牌,易唐智能灯,dikair.light.wy0a04,dikair.light.wy0a04.png,
照明,其他品牌,星辰智能吸顶灯,397.light.hallight,397.light.hallight.png,
照明,其他品牌,普卓尔智能灯,pze.light.wy0a01,pze.light.wy0a01.png,
照明,其他品牌,智悦智能灯,gtop.light.c02,gtop.light.c02.png,
照明,其他品牌,智悦智能筒射灯,gtop.light.gtop02,gtop.light.gtop02.png,
照明,其他品牌,智悦智能风扇灯,ydsemi.light.fan01,ydsemi.light.fan01.png,
照明,其他品牌,智祥调光灯mbcl01,zxgs.light.mbcl01,zxgs.light.mbcl01.png,
照明,其他品牌,智美智能吸顶灯,shhf.light.mhcw01,shhf.light.mhcw01.png,
照明,其他品牌,智能冷暖吸顶灯,aimore.light.cw3201,aimore.light.cw3201.png,
照明,其他品牌,智能冷暖吸顶灯A2,aimore.light.230915,aimore.light.230915.png,
照明,其他品牌,智能双色灯,jymc.light.jmlmp2,jymc.light.jmlmp2.png,
照明,其他品牌,智能双色灯(MESH),jymc.light.falmp,jymc.light.falmp.png,
照明,其他品牌,智能双色灯(WIFI),ftd.light.wfilmp,ftd.light.wfilmp.png,
照明,其他品牌,智能双色灯P7-Mesh版,bean.light.lt07,bean.light.lt07.png,
照明,其他品牌,智能双色灯V2(MESH),ftd.light.ftdlmp,ftd.light.ftdlmp.png,
照明,其他品牌,智能双色灯V2(WIFI),ftd.light.wfilv2,ftd.light.wfilv2.png,
照明,其他品牌,智能双色灯V3(MESH),ftd.light.dsplmp,ftd.light.dsplmp.png,
照明,其他品牌,智能双色灯V3SL(MESH),ftd.light.lpv3sl,ftd.light.lpv3sl.png,
照明,其他品牌,智能变频调光风扇灯,shhf.light.sfla12,shhf.light.sfla12.png,
照明,其他品牌,智能情景护眼落地灯,lemesh.light.w00a03,lemesh.light.w00a03.png,
照明,其他品牌,智能情景调光灯,hcs.light.yssl01,hcs.light.yssl01.png,
照明,其他品牌,智能情景风扇灯,iot.light.fl04,iot.light.fl04.png,
照明,其他品牌,智能无主灯,topwit.light.tsl01,topwit.light.tsl01.png,
照明,其他品牌,智能灯带 蓝牙Mesh版,ftzm.light.wy0a02,ftzm.light.wy0a02.png,
照明,其他品牌,智能灯带Mesh版,mvs.light.wy0a02,mvs.light.wy0a02.png,
照明,其他品牌,智能磁吸灯,topwit.light.cw02,topwit.light.cw02.png,
照明,其他品牌,智能磁吸灯Mesh版,mvs.light.wy0a03,mvs.light.wy0a03.png,
照明,其他品牌,智能筒射灯 蓝牙Mesh版,ftzm.light.wy0a01,ftzm.light.wy0a01.png,
照明,其他品牌,智能筒射灯Mesh版,mvs.light.wy0a01,mvs.light.wy0a01.png,
照明,其他品牌,智能线条灯,topwit.light.tsl02,topwit.light.tsl02.png,
照明,其他品牌,智能色温灯,topwit.light.dwy01,topwit.light.dwy01.png,
照明,其他品牌,智能色温灯WiFi版,shhf.light.slwfc3,shhf.light.slwfc3.png,
照明,其他品牌,智能色温灯蓝牙版,shhf.light.slcwb3,shhf.light.slcwb3.png,
照明,其他品牌,智能节律双色灯V1,ftd.light.wfibrm,ftd.light.wfibrm.png,
照明,其他品牌,智能节律双色灯V2,ftd.light.wfibv2,ftd.light.wfibv2.png,
照明,其他品牌,智能节律无主灯,ftd.light.nomain,ftd.light.nomain.png,
照明,其他品牌,智能调光驱动,topwit.light.tsl03,topwit.light.tsl03.png,
照明,其他品牌,智能风扇灯V1(WIFI),ftd.light.lmpfan,ftd.light.lmpfan.png,
照明,其他品牌,月影智能LED吊灯,giot.light.y86161,giot.light.y86161.png,
照明,其他品牌,月影智能LED吸顶灯,giot.light.y60301,giot.light.y60301.png,
照明,其他品牌,月影智能吊灯,mjzm.light.wy0a02,mjzm.light.wy0a02.png,
照明,其他品牌,月影智能吸顶灯,mjzm.light.wy0a01,mjzm.light.wy0a01.png,
照明,其他品牌,月影智能护眼灯,giot.light.hhyd1,giot.light.hhyd1.png,
照明,其他品牌,月影智能风扇灯,mjzm.light.wyfa01,mjzm.light.wyfa01.png,
照明,其他品牌,月影自然光护眼无主灯,giot.light.hwzd1,giot.light.hwzd1.png,
照明,其他品牌,月影自然光磁吸灯,giot.light.xwzd1,giot.light.xwzd1.png,
照明,其他品牌,木子智能灯,cxds.light.wymz01,cxds.light.wymz01.png,
照明,其他品牌,杜邦吸顶灯,giot.light.dblgt1,giot.light.dblgt1.png,
照明,其他品牌,杜邦智能照明,ftd.light.dupont,ftd.light.dupont.png,
照明,其他品牌,松伟智能吊灯,rjxn20.light.sw01,rjxn20.light.sw01.png,
照明,其他品牌,欧歌诺智能灯,ougn.light.wy0a01,ougn.light.wy0a01.png,
照明,其他品牌,正泰智能吸顶灯,chint.light.chint1,chint.light.chint1.png,
照明,其他品牌,沛鸿吸顶灯,yhph.light.wy0a01,yhph.light.wy0a01.png,
照明,其他品牌,泰孚灯控器,babai.light.tf31a,babai.light.tf31a.png,
照明,其他品牌,泰沃磁吸灯,twzm.light.wy0a01,twzm.light.wy0a01.png,
照明,其他品牌,湘裕智能LED吸顶灯,jxgc.light.wyxy1,jxgc.light.wyxy1.png,
照明,其他品牌,灯寰简约卧室灯,dhzm.light.wy0a01,dhzm.light.wy0a01.png,
照明,其他品牌,灯带控制器,pwzn.light.apple,pwzn.light.apple.png,
照明,其他品牌,灯简智能灯,dj1587.light.wy0a01,dj1587.light.wy0a01.png,
照明,其他品牌,灯部尚书智能灯,scds.light.wy0a03,scds.light.wy0a03.png,
照明,其他品牌,灯部尚书江山如画台灯,scds.light.wy0a01,scds.light.wy0a01.png,
照明,其他品牌,灵鳍智能鱼缸灯,lenkei.light.w0ra01,lenkei.light.w0ra01.png,
照明,其他品牌,爱斯兰智能Mesh筒射灯,isl.light.wy0a02,isl.light.wy0a02.png,
照明,其他品牌,爱斯兰智能灯,isl.light.wy0a01,isl.light.wy0a01.png,
照明,其他品牌,电小酷智能彩灯WB5-M1,cuco.light.wb5mn,cuco.light.wb5mn.png,
照明,其他品牌,电小酷智能白灯WB2-M1,cuco.light.wb2mn,cuco.light.wb2mn.png,
照明,其他品牌,皇创调色温筒射灯DT1,lemesh.light.wy0c23,lemesh.light.wy0c23.png,
照明,其他品牌,皇的智能灯,hbc.light.wy0a01,hbc.light.wy0a01.png,
照明,其他品牌,皓逸智能双色灯带(MESH),090615.light.kylg02,090615.light.kylg02.png,
照明,其他品牌,皓逸智能磁吸灯(MESH),090615.light.hylg03,090615.light.hylg03.png,
照明,其他品牌,皓逸智能调光灯(MESH),090615.light.hylg01,090615.light.hylg01.png,
照明,其他品牌,研泰情景智能灯,dikair.light.wy0a03,dikair.light.wy0a03.png,
照明,其他品牌,研泰智能灯,jsc.light.wyyt01,jsc.light.wyyt01.png,
照明,其他品牌,立范北欧智能灯,hyzm.light.wymy1,hyzm.light.wymy1.png,
照明,其他品牌,米尼智能灯,mnc.light.wy0a01,mnc.light.wy0a01.png,
照明,其他品牌,缘弧智能磁吸灯V2s pro,yhmesh.light.wy0a01,yhmesh.light.wy0a01.png,
照明,其他品牌,耐为简致点护眼无频闪三色智能灯带,crzm.light.wy0a04,crzm.light.wy0a04.png,
照明,其他品牌,胜信智能灯,lsds.light.wy0a01,lsds.light.wy0a01.png,
照明,其他品牌,莱维超薄智能吸顶灯,lvl.light.wy0a01,lvl.light.wy0a01.png,
照明,其他品牌,菲普家智能灯具,asdds.light.wyfpj1,asdds.light.wyfpj1.png,
照明,其他品牌,菲虹灯饰,yhzm.light.wyfh01,yhzm.light.wyfh01.png,
照明,其他品牌,萧然全铜智能灯,zichen.light.wy0a01,zichen.light.wy0a01.png,
照明,其他品牌,蓝牙双色情景灯,zxgs.light.bdcl01,zxgs.light.bdcl01.png,
照明,其他品牌,誉璇智能吸顶灯,yuxuan.light.wy0a01,yuxuan.light.wy0a01.png,
照明,其他品牌,诺度智能客厅灯,app.light.wynd1,app.light.wynd1.png,
照明,其他品牌,诺米蓝牙mesh智能灯带,giot.light.wy0a01,giot.light.wy0a01.png,
照明,其他品牌,调光无主灯,topwit.light.dw01,topwit.light.dw01.png,
照明,其他品牌,调光磁吸灯,topwit.light.cw03,topwit.light.cw03.png,
照明,其他品牌,谦中益智能灯,qyds.light.wy0a01,qyds.light.wy0a01.png,
照明,其他品牌,轻禾智能灯,qhzm.light.wy0a01,qhzm.light.wy0a01.png,
照明,其他品牌,迪木茜智能筒灯,dmq.light.wy0a01,dmq.light.wy0a01.png,
照明,其他品牌,郞励LED吸顶灯,hcznjj.light.wyll01,hcznjj.light.wyll01.png,
照明,其他品牌,银菲特灯泡蓝牙mesh版,yht.light.wy0a01,yht.light.wy0a01.png,
照明,其他品牌,阳光智能吸顶灯2,yankon.light.xdd01,yankon.light.xdd01.png,
照明,其他品牌,雪莱特护眼落地灯,cnl.light.xltfl,cnl.light.xltfl.png,
照明,其他品牌,雷圆智能客厅灯,ylzm.light.wyly01,ylzm.light.wyly01.png,
照明,其他品牌,雷士家居智能吸顶灯（专业版）,nvcsmt.light.wxj301,nvcsmt.light.wxj301.png,
照明,其他品牌,雷士智能灯带（双色款TB）,nvcsmt.light.bds201,nvcsmt.light.bds201.png,
照明,其他品牌,雷士智能筒射灯（plus）,nvcsmt.light.bas203,nvcsmt.light.bas203.png,
照明,其他品牌,雷士智能筒射灯（专业版）,nvcsmt.light.bas201,nvcsmt.light.bas201.png,
照明,其他品牌,雷士智能筒射灯（双色款TB）,nvcsmt.light.bas202,nvcsmt.light.bas202.png,
照明,其他品牌,雷士智能风扇灯,leishi.light.wyfa03,leishi.light.wyfa03.png,
照明,其他品牌,雷士枝型灯,nvcsmt.light.wzj201,nvcsmt.light.wzj201.png,
照明,其他品牌,雷施顿智能灯,lesdn.light.wy0a01,lesdn.light.wy0a01.png,
照明,其他品牌,韩娥音响吊灯,beiyun.light.hane,beiyun.light.hane.png,
照明,其他品牌,音乐律动焕彩灯带,mkit.light.wyra01,mkit.light.wyra01.png,
照明,其他品牌,飞船氛围灯,iot.light.socd03,iot.light.socd03.png,
照明,其他品牌,馨宏吸顶灯,xhzm.light.wy0a01,xhzm.light.wy0a01.png,
照明,其他品牌,高灯大师智能灯,gdds.light.wy0a01,gdds.light.wy0a01.png,
照明,其他品牌,魔力云智能灯,mly.light.wy0a01,mly.light.wy0a01.png,
照明,其他品牌,鲸云智能情景灯,jyst.light.wy0a01,jyst.light.wy0a01.png,
照明,其他品牌,龙胜智能LED吸顶灯,jmls.light.ls001,jmls.light.ls001.png,
照明,冠知,GZ智能彩光灯带mesh2.0,gzkj.light.wyra01,gzkj.light.wyra01.png,
照明,冠知,GZ智能灯带mesh2.0,gzkj.light.wy0a01,gzkj.light.wy0a01.png,
照明,冠知,GZ智能磁吸灯mesh2.0,gzkj.light.wy0a02,gzkj.light.wy0a02.png,
照明,凌动,凌动智能 灯带控制器2.0,ldzn.light.wy0a03,ldzn.light.wy0a03.png,
照明,凌动,凌动智能 磁吸灯2.0,ldzn.light.wy0a02,ldzn.light.wy0a02.png,
照明,凌动,凌动智能家居吸顶灯,ldzn.light.wy0a04,ldzn.light.wy0a04.png,
照明,凌动,凌动智能筒射灯2.0,ldzn.light.wy0a01,ldzn.light.wy0a01.png,
照明,力捷智能,LIJIE智能灯带,lj2018.light.wy0a01,lj2018.light.wy0a01.png,
照明,华伟宏亮,华伟宏亮AI智能灯,hwhl.light.hwlwfi,hwhl.light.hwlwfi.png,
照明,华时,华时智能吸顶灯（Mesh2.0）,hszn.light.wy0a01,hszn.light.wy0a01.png,
照明,华时,华时智能灯带（Mesh2.0）,hszn.light.v8hsm1,hszn.light.v8hsm1.png,
照明,华时,华时智能筒射灯（Mesh2.0）,hszn.light.v8hsm,hszn.light.v8hsm.png,
照明,华艺,华艺智能灯带,huayi.light.wy217,huayi.light.wy217.png,
照明,华艺,华艺智能磁吸灯,huayi.light.wy218,huayi.light.wy218.png,
照明,华艺,华艺智能筒射灯,huayi.light.wy216,huayi.light.wy216.png,
照明,华艺,华艺智能顶灯,huayi.light.wy212,huayi.light.wy212.png,
照明,华艺,华艺照明顶灯通用系列,huayi.light.wy002,huayi.light.wy002.png,
照明,华艺,慧作双鱼星卧室系列吸顶灯,huayi.light.pis123,huayi.light.pis123.png,
照明,华艺,慧作双鱼星客厅系列吊灯,huayi.light.pisces,huayi.light.pisces.png,
照明,华艺,慧作吸顶灯,huayi.light.wy,huayi.light.wy.png,
照明,华艺,慧作咏方圆筒灯(蓝牙Mesh),huayi.light.wy203,huayi.light.wy203.png,
照明,华艺,慧作处女星卧室系列吸顶灯,huayi.light.vir063,huayi.light.vir063.png,
照明,华艺,慧作处女星客厅系列吸顶灯,huayi.light.virgo,huayi.light.virgo.png,
照明,华艺,慧作天马星卧室系列吸顶灯,huayi.light.peg093,huayi.light.peg093.png,
照明,华艺,慧作天马星客厅系列吸顶灯,huayi.light.peg091,huayi.light.peg091.png,
照明,华艺,慧作射手星筒灯(蓝牙Mesh),huayi.light.wy201,huayi.light.wy201.png,
照明,华艺,慧作巨蟹星灯带,huayi.light.kin1,huayi.light.kin1.png,
照明,华艺,慧作巨蟹星灯带Pro,huayi.light.kin2,huayi.light.kin2.png,
照明,华艺,慧作幸运星儿童灯,huayi.light.wy208,huayi.light.wy208.png,
照明,华艺,慧作慧光板,huayi.light.rgb205,huayi.light.rgb205.png,
照明,华艺,慧作新风照明(2020版),huayi.light.fanwy2,huayi.light.fanwy2.png,
照明,华艺,慧作新风照明风扇吸顶灯,huayi.light.fanwy,huayi.light.fanwy.png,
照明,华艺,慧作智能照明(2021版),huayi.light.wy006,huayi.light.wy006.png,
照明,华艺,慧作暖阳制热吸顶灯,huayi.light.wyheat,huayi.light.wyheat.png,
照明,华艺,慧作水瓶星彩泡,huayi.light.aqu114,huayi.light.aqu114.png,
照明,华艺,慧作球泡灯(蓝牙Mesh),huayi.light.wy202,huayi.light.wy202.png,
照明,华艺,慧作白羊星卧室系列吸顶灯,huayi.light.ari013,huayi.light.ari013.png,
照明,华艺,慧作白羊星客厅系列吸顶灯,huayi.light.aries,huayi.light.aries.png,
照明,华艺,慧作紫薇星系列吸顶灯,huayi.light.zw131,huayi.light.zw131.png,
照明,华艺,慧作良辰吸顶灯(蓝牙Mesh版),huayi.light.wy200,huayi.light.wy200.png,
照明,华艺,慧作金牛星卧室系列吸顶灯,huayi.light.tau023,huayi.light.tau023.png,
照明,华艺,慧作金牛星客厅系列吸顶灯,huayi.light.taurus,huayi.light.taurus.png,
照明,华艺照明,华艺智能吸顶灯,hyznzm.light.wy0a02,hyznzm.light.wy0a02.png,
照明,华艺照明,华艺照明智能筒射灯,hyznzm.light.wy0a01,hyznzm.light.wy0a01.png,
照明,华荣电缘,RS智能节律双色灯带2.0,rsdz.light.rosm11,rsdz.light.rosm11.png,
照明,卓闻,卓闻智能筒射灯（Mesh版）,thzm.light.wy0a01,thzm.light.wy0a01.png,
照明,博尔美,博尔美情景智能射灯,brm.light.wy0a01,brm.light.wy0a01.png,
照明,博途,博途智能吸顶灯,bt166.light.wy0a05,bt166.light.wy0a05.png,
照明,博途,博途智能灯带,bt166.light.wy0a04,bt166.light.wy0a04.png,
照明,博途,博途智能磁吸灯,bt166.light.wy0a03,bt166.light.wy0a03.png,
照明,博途,博途智能筒射灯,bt166.light.wy0a01,bt166.light.wy0a01.png,
照明,即乘,即乘COB筒射灯 蓝牙MESH版,zsjc.light.wy0b02,zsjc.light.wy0b02.png,
照明,即乘,即乘磁吸灯系列,zsjc.light.wy0b03,zsjc.light.wy0b03.png,
照明,即屋,即屋智能双色射灯G3,giwu.light.wy0a01,giwu.light.wy0a01.png,
照明,即米智家,即米宽色温灯带（Mesh 2.0）,mjkj.light.jmdd,mjkj.light.jmdd.png,
照明,即米智家,即米智能线性灯2.0,mjkj.light.wy0a05,mjkj.light.wy0a05.png,
照明,即米智家,即米智能装饰吸顶灯,mjkj.light.wy0a08,mjkj.light.wy0a08.png,
照明,即米智家,即米筒射灯2.0,mjkj.light.wy0a04,mjkj.light.wy0a04.png,
照明,即米智家,即米筒射灯Ultra,mjkj.light.wy0a07,mjkj.light.wy0a07.png,
照明,召阳,召阳情景智能灯带,zhaoy.light.wy0a02,zhaoy.light.wy0a02.png,
照明,召阳,召阳情景智能磁吸灯,zhaoy.light.wy0a01,zhaoy.light.wy0a01.png,
照明,召阳,召阳情景智能筒射灯,zhaoy.light.wy0a03,zhaoy.light.wy0a03.png,
照明,可派仕,可派仕智能筒射灯,kps.light.kpstsd,kps.light.kpstsd.png,
照明,司元,司元智能筒射灯（Mesh2.0）,xy001.light.sytsdm,xy001.light.sytsdm.png,
照明,吉兆致,吉兆致智能灯泡Mesh2.0,sp168.light.wy0a01,sp168.light.wy0a01.png,
照明,名景芯 MINCENSIN,名景芯 智能客厅吸顶灯 Ultra,mjx.light.wy0a03,mjx.light.wy0a03.png,
照明,名景芯 MINCENSIN,名景芯 智能家居吸顶灯 Ultra,mjx.light.wy0a02,mjx.light.wy0a02.png,
照明,名景芯 MINCENSIN,名景芯 智能筒射灯 Ultra,mjx.light.wy0a01,mjx.light.wy0a01.png,
照明,哥曼尼,GMN情景灯带（MESH版）,gmn.light.wyra01,gmn.light.wyra01.png,
照明,哥曼尼,哥曼尼G1系列卧室风扇灯,gmn.light.wyfan1,gmn.light.wyfan1.png,
照明,哥曼尼,哥曼尼G1系列吸顶灯（蓝牙Mesh版）,gmn.light.wy0a01,gmn.light.wy0a01.png,
照明,哥曼尼,哥曼尼情景双色吸顶灯,gmn.light.wy0w01,gmn.light.wy0w01.png,
照明,哥曼尼,哥曼尼情景双色筒灯（蓝牙mesh版）,gmn.light.wy0a02,gmn.light.wy0a02.png,
照明,哥曼尼,哥曼尼情景色温灯（MESH版）,gmn.light.wy0a04,gmn.light.wy0a04.png,
照明,哲成,哲成智能双色筒射灯,jmzc.light.wy0a01,jmzc.light.wy0a01.png,
照明,哲成,哲成智能筒射灯,jmzc.light.zcl03,jmzc.light.zcl03.png,
照明,哲成,哲成智能调光灯带,jmzc.light.zcl06,jmzc.light.zcl06.png,
照明,唯宝彩佳,唯宝彩佳智能筒射灯,vbocga.light.wy0a01,vbocga.light.wy0a01.png,
照明,噼啪,噼啪智能灯带(mesh),090615.light.pipadd,090615.light.pipadd.png,
照明,噼啪,噼啪智能防眩灯(mesh),090615.light.pipatd,090615.light.pipatd.png,
照明,固帝,固帝智能筒射灯,gudi.light.wy0a01,gudi.light.wy0a01.png,
照明,塔普顿,塔普顿智能筒射灯（Mesh2.0）,yhled.light.yhtsm,yhled.light.yhtsm.png,
照明,奕朗智能,YL智能无主灯,ftd.light.lmpyil,ftd.light.lmpyil.png,
照明,好光,好光万变光效调角洗墙射灯猎户,hlm.light.wy0a01,hlm.light.wy0a01.png,
照明,如糖智能,如糖全光谱色温灯Mesh,rutang.light.wy0a01,rutang.light.wy0a01.png,
照明,如见,如见mesh智能筒射灯M,rusee.light.wy0a01,rusee.light.wy0a01.png,
照明,妙朗,妙朗智能筒射灯,mioron.light.wy0a01,mioron.light.wy0a01.png,
照明,孩视宝,孩视宝儿童房吸顶灯(单色),szjzj.light.ah33c,szjzj.light.ah33c.png,
照明,孩视宝,孩视宝儿童房吸顶灯(多色),szjzj.light.ah33e,szjzj.light.ah33e.png,
照明,孩视宝,孩视宝舒目无叶风扇灯,szjzj.light.hsb01,szjzj.light.hsb01.png,
照明,孩视宝,孩视宝舒目极简卧室吸顶灯,szjzj.light.hsbwsd,szjzj.light.hsbwsd.png,
照明,孩视宝,孩视宝舒目极简客厅吸顶灯,szjzj.light.hsbktd,szjzj.light.hsbktd.png,
照明,孩视宝,孩视宝舒目氛围卧室吸顶灯,szjzj.light.hsbdws,szjzj.light.hsbdws.png,
照明,孩视宝,孩视宝舒目氛围客厅吸顶灯,szjzj.light.hsbdkt,szjzj.light.hsbdkt.png,
照明,孩视宝,孩视宝舒目筒射灯,szjzj.light.wy0a01,szjzj.light.wy0a01.png,
照明,宏光照明,宏光智能磁吸灯(Mesh2.0),honkon.light.hgcxd,honkon.light.hgcxd.png,
照明,宏光照明,宏光智能筒射灯(Mesh2.0),honkon.light.hgtsdm,honkon.light.hgtsdm.png,
照明,宜家,宜家 E14 暖白灯,ikea.light.led1649c5,ikea.light.led1649c5.png,
照明,宜家,宜家 E14 调温灯,ikea.light.led1536g5,ikea.light.led1536g5.png,
照明,宜家,宜家 E27 乳白调温灯,ikea.light.led1545g12,ikea.light.led1545g12.png,
照明,宜家,宜家 E27 暖白灯,ikea.light.led1623g12,ikea.light.led1623g12.png,
照明,宜家,宜家 E27 透明调温灯,ikea.light.led1546g12,ikea.light.led1546g12.png,
照明,宜家,宜家 GU10 暖白灯,ikea.light.led1650r5,ikea.light.led1650r5.png,
照明,宜家,宜家 GU10 调温灯,ikea.light.led1537r6,ikea.light.led1537r6.png,
照明,宜家,宜家麦希瑟E14 470lm智能烛泡灯,devcea.light.ls2305,devcea.light.ls2305.png,
照明,宜家,宜家麦希瑟E14 470lm智能球泡灯,devcea.light.ls2304,devcea.light.ls2304.png,
照明,宜家,宜家麦希瑟E27 1055lm智能球泡灯,devcea.light.ls2303,devcea.light.ls2303.png,
照明,宜家,宜家麦希瑟E27 600lm智能球泡灯,devcea.light.ls2302,devcea.light.ls2302.png,
照明,宜家,宜家麦希瑟E27 806lm智能彩色球泡灯,devcea.light.ls2307,devcea.light.ls2307.png,
照明,宜家,宜家麦希瑟GU10 345lm智能射灯,devcea.light.ls2306,devcea.light.ls2306.png,
照明,宜美照明,宜美照明吸顶灯（WiFi）,imigy.light.ym001,imigy.light.ym001.png,
照明,宝嘉丽,宝嘉丽智能吊灯,bjl.light.wy0a01,bjl.light.wy0a01.png,
照明,宝菲利,宝菲利智能筒射灯（Mesh2.0）,bfl1.light.wy0a01,bfl1.light.wy0a01.png,
照明,客来福智能整家,客来福智能灯带,klf888.light.wy0a02,klf888.light.wy0a02.png,
照明,客来福智能整家,客来福智能磁吸灯,klf888.light.wy0a03,klf888.light.wy0a03.png,
照明,客来福智能整家,客来福智能筒射灯,klf888.light.wy0a01,klf888.light.wy0a01.png,
照明,家斯特,家斯特智能筒射灯,gydz01.light.wy0a01,gydz01.light.wy0a01.png,
照明,家的,家的双模式吸顶灯,jiadi0.light.jwdm20,jiadi0.light.jwdm20.png,
照明,家的,家的反出光护眼射灯,jiadi0.light.v8hsm,jiadi0.light.v8hsm.png,
照明,家的,家的智能筒射灯（Mesh2.0）,jiadi0.light.v8hsm2,jiadi0.light.v8hsm2.png,
照明,小凯,小凯健康照明全光谱无叶风扇灯,xkai.light.wyfa01,xkai.light.wyfa01.png,
照明,小方,华来AI智能氛围灯带,isa.light.camsl1,isa.light.camsl1.png,
照明,小白,小白智能灯带,chuangmi.light.717a02,chuangmi.light.717a02.png,
照明,小白,小白智能灯带（专业版）,chuangmi.light.738a02,chuangmi.light.738a02.png,
照明,小白,小白智能看护灯,chuangmi.light.028a01,chuangmi.light.028a01.png,
照明,小白,小白智能磁吸灯,chuangmi.light.718a02,chuangmi.light.718a02.png,
照明,小白,小白智能磁吸灯（专业版）,chuangmi.light.739a02,chuangmi.light.739a02.png,
照明,小白,小白智能筒射灯,chuangmi.light.716a02,chuangmi.light.716a02.png,
照明,小白,小白智能筒射灯（专业版）,chuangmi.light.727a02,chuangmi.light.727a02.png,
照明,小米出品,小米汽车磁吸补光灯,careco.nlight.o654,careco.nlight.o654.png,
照明,小米出品,灯泡遥控,miir.light.ir01,miir.light.ir01.png,
照明,小米出品,米家LED射灯 蓝牙MESH版,yeelink.light.spot2,yeelink.light.spot2.png,
照明,小米出品,米家LED灯泡 蓝牙MESH版,yeelink.light.mbulb3,yeelink.light.mbulb3.png,
照明,小米出品,米家LED筒灯 蓝牙MESH版,yeelink.light.light3,yeelink.light.light3.png,
照明,小米出品,米家伴睡唤醒灯,philips.light.aibed,philips.light.aibed.png,
照明,小米出品,米家分体露营灯,hoto.light.lamp,hoto.light.lamp.png,
照明,小米出品,米家卧室吸顶灯350,yeelink.light.ceiling23,yeelink.light.ceiling23.png,
照明,小米出品,米家卧室吸顶灯450,yeelink.light.ceiling22,yeelink.light.ceiling22.png,
照明,小米出品,米家台灯,yeelink.light.lamp1,yeelink.light.lamp1.png,
照明,小米出品,米家台灯 1S,yeelink.light.lamp4,yeelink.light.lamp4.png,
照明,小米出品,米家台灯1S 增强版,yeelink.light.lamp27,yeelink.light.lamp27.png,
照明,小米出品,米家台灯1S增强版 耀夜黑,yeelink.light.lamp28,yeelink.light.lamp28.png,
照明,小米出品,米家台灯2,xiaomi.light.lamp31,xiaomi.light.lamp31.png,
照明,小米出品,米家台灯Pro,yeelink.light.lamp2,yeelink.light.lamp2.png,
照明,小米出品,米家台灯Pro 读写版,philips.light.sread9,philips.light.sread9.png,
照明,小米出品,米家吸顶灯D20,xiaomi.light.ceil01,xiaomi.light.ceil01.png,
照明,小米出品,米家吸顶灯D30,xiaomi.light.ceil02,xiaomi.light.ceil02.png,
照明,小米出品,米家吸顶灯D40,xiaomi.light.ceil03,xiaomi.light.ceil03.png,
照明,小米出品,米家吸顶灯L60,xiaomi.light.ceil04,xiaomi.light.ceil04.png,
照明,小米出品,米家吸顶灯L90,xiaomi.light.ceil05,xiaomi.light.ceil05.png,
照明,小米出品,米家吸顶灯Pro 卧室版,philips.light.pceilb,philips.light.pceilb.png,
照明,小米出品,米家吸顶灯Pro 客厅版,philips.light.pceil,philips.light.pceil.png,
照明,小米出品,米家吸顶灯Pro 超薄 D50,xiaomi.light.thin02,xiaomi.light.thin02.png,
照明,小米出品,米家吸顶灯Pro 超薄 D60,xiaomi.light.thin01,xiaomi.light.thin01.png,
照明,小米出品,米家吸顶灯Pro 超薄 L100,xiaomi.light.thin,xiaomi.light.thin.png,
照明,小米出品,米家夜灯2 蓝牙版,yeelink.light.nl1,yeelink.light.nl1.png,
照明,小米出品,米家客厅吸顶灯,yeelink.light.ceiling21,yeelink.light.ceiling21.png,
照明,小米出品,米家射灯2 Pro 蓝牙Mesh版,xiaomi.light.sp2p,xiaomi.light.sp2p.png,
照明,小米出品,米家射灯2 蓝牙Mesh版,xiaomi.light.sp2,xiaomi.light.sp2.png,
照明,小米出品,米家床头灯,yeelink.light.bslamp1,yeelink.light.bslamp1.png,
照明,小米出品,米家床头灯2代,yeelink.light.bslamp2,yeelink.light.bslamp2.png,
照明,小米出品,米家智能充电台灯,yeelink.light.lamp21,yeelink.light.lamp21.png,
照明,小米出品,米家智能光感夜灯,yeelink.light.nl2,yeelink.light.nl2.png,
照明,小米出品,米家智能台灯Lite,philips.light.lite,philips.light.lite.png,
照明,小米出品,米家智能显示器挂灯1S,yeelink.light.lamp22,yeelink.light.lamp22.png,
照明,小米出品,米家智能磁吸轨道系统 射灯,yeelink.light.ml8,yeelink.light.ml8.png,
照明,小米出品,米家智能磁吸轨道系统 格栅灯,yeelink.light.ml6,yeelink.light.ml6.png,
照明,小米出品,米家智能磁吸轨道系统 线条灯,yeelink.light.ml7,yeelink.light.ml7.png,
照明,小米出品,米家智能钢琴灯,philips.light.piano,philips.light.piano.png,
照明,小米出品,米家桌面学习灯,xiaomi.light.lamp35,xiaomi.light.lamp35.png,
照明,小米出品,米家桌面学习灯 Pro,xiaomi.light.lamp33,xiaomi.light.lamp33.png,
照明,小米出品,米家漫反射吸顶灯,xiaomi.light.ceil06,xiaomi.light.ceil06.png,
照明,小米出品,米家皮皮灯,dreame.light.r2229,dreame.light.r2229.png,
照明,小米出品,米家立式学习灯,xiaomi.light.lamp30,xiaomi.light.lamp30.png,
照明,小米出品,米家立式学习灯 Pro,xiaomi.light.lamp34,xiaomi.light.lamp34.png,
照明,小米出品,米家立式学习灯2,xiaomi.light.lishi2,xiaomi.light.lishi2.png,
照明,小米出品,米家筒灯2 Pro 蓝牙Mesh版,xiaomi.light.btlm2p,xiaomi.light.btlm2p.png,
照明,小米出品,米家筒灯2 蓝牙Mesh版,xiaomi.light.btlm2,xiaomi.light.btlm2.png,
照明,小米出品,米家追光氛围灯带,philips.light.strip3,philips.light.strip3.png,
照明,小米出品,米家面板灯L30 蓝牙Mesh版,xiaomi.light.ceil30,xiaomi.light.ceil30.png,
照明,小米出品,米家面板灯L60 蓝牙Mesh版,xiaomi.light.ceil60,xiaomi.light.ceil60.png,
照明,小米出品,米家风扇灯 36英寸,xiaomi.light.cfan01,xiaomi.light.cfan01.png,
照明,小米出品,米家风扇灯 42英寸,xiaomi.light.cfan,xiaomi.light.cfan.png,
照明,小米出品,米家飞利浦卧室吸顶灯 典雅版,philips.light.ceil33,philips.light.ceil33.png,
照明,小米出品,米家飞利浦台灯2S,philips.light.sread2,philips.light.sread2.png,
照明,小米出品,米家飞利浦台灯3,philips.light.sread3,philips.light.sread3.png,
照明,小米出品,米家飞利浦客厅吸顶灯 典雅版,philips.light.ceilp,philips.light.ceilp.png,
照明,小米出品,米家飞利浦彩光灯泡,philips.light.cbulb,philips.light.cbulb.png,
照明,小米出品,米家飞利浦蓝牙夜灯,philips.light.nlight,philips.light.nlight.png,
照明,小米出品,米家飞利浦读写台灯,philips.light.rwread,philips.light.rwread.png,
照明,小米出品,米家餐厅吊灯1,xiaomi.light.dinw,xiaomi.light.dinw.png,
照明,小米出品,米家餐厅吊灯2,xiaomi.light.dining,xiaomi.light.dining.png,
照明,小米出品,车顶滑轨灯,careco.light.track,careco.light.track.png,
照明,居阁亮,JGL智能筒射灯MESH2.0,jugel.light.jgltsd,jugel.light.jgltsd.png,
照明,山和时代,山和照明情景智能筒射灯SH-ZN12W,shanh.light.wy0a01,shanh.light.wy0a01.png,
照明,山晶特控,山晶特控 床头灯WiFi版,hzsj.light.wy0a03,hzsj.light.wy0a03.png,
照明,山晶特控,山晶特控 情景夜灯Mesh R1版,hzsj.light.wy0a01,hzsj.light.wy0a01.png,
照明,山晶特控,山晶特控 情景色温灯WiFi版,hzsj.light.wy0a02,hzsj.light.wy0a02.png,
照明,山晶特控,山晶特控 氛围夜灯Mesh Q1版,hzsj.light.wyra01,hzsj.light.wyra01.png,
照明,山晶特控,山晶特控 氛围床头灯WiFi版,hzsj.light.wyfa03,hzsj.light.wyfa03.png,
照明,山晶特控,山晶特控 氛围灯WiFi版,hzsj.light.wyra02,hzsj.light.wyra02.png,
照明,巴伦,BL智能吸顶灯,login.light.wy0a01,login.light.wy0a01.png,
照明,希尔顿,希尔顿筒射灯（Mesh2.0）,yyzm.light.xedts,yyzm.light.xedts.png,
照明,希尔顿,希尔顿节律光2.0护眼灯air,yyzm.light.xedxdd,yyzm.light.xedxdd.png,
照明,平头熊,平头熊F1溢彩灯带(Mesh2.0),ptx.light.fargb,ptx.light.fargb.png,
照明,平头熊,平头熊F1火星灯带控制器（Mesh2.0）,090615.light.dd20,090615.light.dd20.png,
照明,平头熊,平头熊F5金星调光筒射灯,ptx.light.f5lig,ptx.light.f5lig.png,
照明,平头熊,平头熊K1 Pro调光筒射灯(Mesh2.0),090615.light.k1pro1,090615.light.k1pro1.png,
照明,平头熊,平头熊二三线调光灯带,ptx.light.dd23,ptx.light.dd23.png,
照明,平头熊,平头熊人体存在筒射灯,ptx.light.akligs,ptx.light.akligs.png,
照明,平头熊,平头熊智能射灯,ptx.light.aklig,ptx.light.aklig.png,
照明,平头熊,平头熊智能筒灯,ptx.light.aktlig,ptx.light.aktlig.png,
照明,平头熊,平头熊臻彩律动灯带,ptx.light.icrgbm,ptx.light.icrgbm.png,
照明,广兴洲,广兴洲智能筒射灯（05系列）,kinxzo.light.wy0a02,kinxzo.light.wy0a02.png,
照明,广磁,广磁智能筒射灯,gczm.light.wy0a01,gczm.light.wy0a01.png,
照明,广顿照明,广顿照明智能球泡灯,dyds01.light.dayblb,dyds01.light.dayblb.png,
照明,广颂,广颂S1智能灯带(Mesh2.0),gsm.light.gszns2,gsm.light.gszns2.png,
照明,康霓,康霓智控线性灯K2,atmkn.light.wy0a02,atmkn.light.wy0a02.png,
照明,康霓,康霓智控防眩筒射灯K1,atmkn.light.wy0a01,atmkn.light.wy0a01.png,
照明,开利照明,开利智能磁吸灯,kaili.light.wy0a02,kaili.light.wy0a02.png,
照明,开利照明,开利智能筒射灯,kaili.light.wy0a01,kaili.light.wy0a01.png,
照明,式亚,晓翼智能灯mesh版,symi.light.wy0a03,symi.light.wy0a03.png,
照明,徕亮,小徕智存智能灯X1,laig.light.radar,laig.light.radar.png,
照明,得邦,得邦照明A60球泡灯,tospo1.light.bpzp01,tospo1.light.bpzp01.png,
照明,得邦,得邦照明A70球泡灯,tospo1.light.bpzp02,tospo1.light.bpzp02.png,
照明,得邦,得邦照明LED 七彩球泡12W,tospo1.light.bpzc02,tospo1.light.bpzc02.png,
照明,得邦,得邦照明LED 七彩球泡7W,tospo1.light.bpzc01,tospo1.light.bpzc01.png,
照明,得邦,得邦照明光源模组,tospo1.light.rpc01,tospo1.light.rpc01.png,
照明,微波雷达,微波智能双色灯带L1,wbzn01.light.wzbm20,wbzn01.light.wzbm20.png,
照明,德蒙士,德蒙士智能节律灯,wiing.light.dmsswd,wiing.light.dmsswd.png,
照明,心新,心新落地冷暖灯,hnlife.light.socw01,hnlife.light.socw01.png,
照明,心新,心新落地幻彩灯,hnlife.light.socd01,hnlife.light.socd01.png,
照明,思码光,思码光云霞四合一淡彩灯带,manew.light.wyra01,manew.light.wyra01.png,
照明,思码光,思码光云霞淡彩云境灯,manew.light.wyra06,manew.light.wyra06.png,
照明,思码光,思码光云霞淡彩落地灯,manew.light.wyra03,manew.light.wyra03.png,
照明,思码光,思码光云霞电视同步灯带,manew.light.wyra02,manew.light.wyra02.png,
照明,思码光,思码光扶光D智能射灯,manew.light.wy0a03,manew.light.wy0a03.png,
照明,思码光,思码光扶光双色温灯带,manew.light.wy0a01,manew.light.wy0a01.png,
照明,思码光,思码光扶光智能筒射灯,manew.light.wy0a02,manew.light.wy0a02.png,
照明,悍高HIGOLD,悍高智能柜类灯(MESH),ftd.light.hglmp,ftd.light.hglmp.png,
照明,悠觅,悠觅智能双色灯带MESH2.0,tofan.light.ltds2,tofan.light.ltds2.png,
照明,悠觅,悠觅觅光智能筒射灯MESH2.0,tofan.light.lts2,tofan.light.lts2.png,
照明,情景,情景智能吸顶灯,yg1.light.wy0a04,yg1.light.wy0a04.png,
照明,情景,情景智能灯带,yg1.light.wy0a01,yg1.light.wy0a01.png,
照明,情景,情景智能筒射灯,yg1.light.wy0a03,yg1.light.wy0a03.png,
照明,情景,情景爱眼天镜吸顶灯,yg1.light.wy0a05,yg1.light.wy0a05.png,
照明,意菲意,意菲意LED智能吸顶灯,efe888.light.wy0a01,efe888.light.wy0a01.png,
照明,意菲意,意菲意智能吸顶灯,efe888.light.wy0a02,efe888.light.wy0a02.png,
照明,慕容柯,慕容柯智能灯,murong.light.mrk004,murong.light.mrk004.png,
照明,慕容柯,慕容柯节律灯Mesh2.0,murong.light.mrk007,murong.light.mrk007.png,
照明,托博电器,托博智能灯带,torbo.light.wy0a01,torbo.light.wy0a01.png,
照明,拓凡智联,YOOMI智能双色灯D7-Mesh,tofan.light.lt07,tofan.light.lt07.png,
照明,探硕,探硕情景智能灯带2.0,yhj.light.wy0a02,yhj.light.wy0a02.png,
照明,探硕,探硕情景智能筒射灯2.0,yhj.light.wy0a01,yhj.light.wy0a01.png,
照明,数字旮旯,小蓝灯,ddy.light.clhad,ddy.light.clhad.png,
照明,文鳐人感LED,文鳐人感LED灯,wyled.light.hl08,wyled.light.hl08.png,
照明,新极,新极智能0眩光超凡Pro2.0,xinji.light.wy0a05,xinji.light.wy0a05.png,
照明,新极,新极智能吸顶灯Pro,xinji.light.wy0a08,xinji.light.wy0a08.png,
照明,新极,新极智能无主灯,xinji.light.wy0a02,xinji.light.wy0a02.png,
照明,新极,新极智能灯,xinji.light.wy0a01,xinji.light.wy0a01.png,
照明,新极,新极智能灯带Pro2.0,xinji.light.wy0a04,xinji.light.wy0a04.png,
照明,新极,新极智能筒射灯Pro2.0,xinji.light.wy0a03,xinji.light.wy0a03.png,
照明,新特丽,新特丽天际线智能餐吊灯,comely.light.wy0a03,comely.light.wy0a03.png,
照明,新视界照明,新视界智能筒射灯（Mesh2.0）,xsj.light.xsjts1,xsj.light.xsjts1.png,
照明,方舟鱼,方舟鱼人体存在平板灯,line.light.frcpbd,line.light.frcpbd.png,
照明,方舟鱼,方舟鱼人体存在平板灯MP,line.light.frzpbd,line.light.frzpbd.png,
照明,施耐朗,施耐朗吸顶灯,sln88.light.wy0a02,sln88.light.wy0a02.png,
照明,施耐朗,施耐朗智能客厅吸顶灯,sln88.light.wy0a03,sln88.light.wy0a03.png,
照明,旁特照明,旁特照明智能灯带,punter.light.wy0a02,punter.light.wy0a02.png,
照明,旁特照明,旁特照明智能筒射灯PT,punter.light.wy0a01,punter.light.wy0a01.png,
照明,日信智能,日信智能磁吸灯（Mesh2.0）,rayai.light.rxcxd1,rayai.light.rxcxd1.png,
照明,日信智能,日信智能筒射灯（Mesh2.0）,rayai.light.rxtsd1,rayai.light.rxtsd1.png,
照明,日月盒子 RIYUE BOX,日月盒子无叶风扇灯,ftd.light.flpryz,ftd.light.flpryz.png,
照明,明觅,明觅智能筒射灯,szy1.light.wy0a01,szy1.light.wy0a01.png,
照明,易得信,易得信智能吸顶灯,ydx166.light.wy0a02,ydx166.light.wy0a02.png,
照明,易来,易来 皑月LED吸顶灯 480,yilai.light.ceiling1,yilai.light.ceiling1.png,
照明,易来,易来 荷枫LED吸顶灯 430,yilai.light.ceiling2,yilai.light.ceiling2.png,
照明,易来,易来 荷枫LED吸顶灯 Pro,yilai.light.ceiling3,yilai.light.ceiling3.png,
照明,星发现,星发现情景智能射灯,star1.light.wy3a02,star1.light.wy3a02.png,
照明,星悦亮,星悦亮智能筒射灯,mj188.light.wy0a01,mj188.light.wy0a01.png,
照明,星明浩,XMH智能LED灯带,xmd.light.wy0a07,xmd.light.wy0a07.png,
照明,星明浩,XMH智能吸顶灯,xmd.light.wy0a06,xmd.light.wy0a06.png,
照明,星明浩,XMH智能筒射灯A8,xmd.light.wy1a01,xmd.light.wy1a01.png,
照明,星明浩,星明浩人体存在平板灯,xmd.light.pbd01,xmd.light.pbd01.png,
照明,星月影,星月影智能射灯,seomsh.light.xyysd1,seomsh.light.xyysd1.png,
照明,星月影,星月影智能灯带,seomsh.light.wy0a02,seomsh.light.wy0a02.png,
照明,星月影,星月影智能磁吸灯,seomsh.light.wy0a03,seomsh.light.wy0a03.png,
照明,星月影,星月影智能磁吸轨道灯,seomsh.light.xyycx1,seomsh.light.xyycx1.png,
照明,星月影,星月影智能筒射灯,seomsh.light.wy0a01,seomsh.light.wy0a01.png,
照明,星月影,星月影智能筒灯,seomsh.light.xyytd1,seomsh.light.xyytd1.png,
照明,星月影,星月影智能调光灯带,seomsh.light.xyydd1,seomsh.light.xyydd1.png,
照明,星月影,星月影智能风扇灯,seomsh.light.wyfa01,seomsh.light.wyfa01.png,
照明,星月影,星月影风扇灯Master,seomsh.light.fsdmst,seomsh.light.fsdmst.png,
照明,星虹,风扇灯,xingh.light.fsd1,xingh.light.fsd1.png,
照明,晓翼,晓翼Mesh筒射灯Ultra,symi.light.wy0a07,symi.light.wy0a07.png,
照明,晖昂,晖昂智能灯带,huia.light.wy0a02,huia.light.wy0a02.png,
照明,晖昂,晖昂智能磁吸灯,huia.light.wy0a03,huia.light.wy0a03.png,
照明,晖昂,晖昂智能筒射灯,huia.light.wy0a01,huia.light.wy0a01.png,
照明,普惠照明,普惠客厅护眼吸顶灯,glvst.light.wwgv22,glvst.light.wwgv22.png,
照明,普惠照明,普惠护眼吸顶灯,glvst.light.wwgbv2,glvst.light.wwgbv2.png,
照明,晶利源电子,JLY智能调光灯带,jlyhxy.light.wy0a01,jlyhxy.light.wy0a01.png,
照明,晶米,晶米智能筒射灯mesh版,ykl.light.wy0a01,ykl.light.wy0a01.png,
照明,智信物联,智信物联深度防眩射灯ZX-SL09,cqzx.light.wy0a01,cqzx.light.wy0a01.png,
照明,智和家,智和家 智能双色温灯带2.0,zhj.light.wy0a04,zhj.light.wy0a04.png,
照明,智和家,智和家 智能磁吸灯2.0,zhj.light.wy0a03,zhj.light.wy0a03.png,
照明,智和家,智和家 超省电万一调光筒射灯,zhj.light.wy0a05,zhj.light.wy0a05.png,
照明,智和家,智和家PLC智能筒射灯,zhj.light.zhjp01,zhj.light.zhjp01.png,
照明,智和家,智和家PLC智能线性灯,zhj.light.zhjp02,zhj.light.zhjp02.png,
照明,智和家,智和家动态淡彩光天幕灯,zhj.light.rgbcwz,zhj.light.rgbcwz.png,
照明,智和家,智和家智能无主灯,zhj.light.wy0a01,zhj.light.wy0a01.png,
照明,智和家,智和家智能筒射灯2.0,zhj.light.wy0a02,zhj.light.wy0a02.png,
照明,智悦,Side智能吸顶灯,gtop.light.yl01,gtop.light.yl01.png,
照明,智悦,智悦吸顶灯,gtop.light.xl01,gtop.light.xl01.png,
照明,智悦,智悦无叶清风灯,gtop.light.fan04,gtop.light.fan04.png,
照明,智悦,智悦智能led吸顶灯,gtop.light.c06,gtop.light.c06.png,
照明,智悦,智悦智能吸顶灯,gtop.light.eps119,gtop.light.eps119.png,
照明,智悦,智悦智能吸顶灯pro,gtop.light.c05,gtop.light.c05.png,
照明,智悦,智悦智能吸顶灯通用款,gtop.light.c04,gtop.light.c04.png,
照明,智拉斐,智拉斐Y8大板旋钮单调光,slf.light.w00a01,slf.light.w00a01.png,
照明,智拉斐,智拉斐Y8大板旋钮色温调光,slf.light.wy0a01,slf.light.wy0a01.png,
照明,智步,智步人体感应氛围灯,doonne.light.pir01,doonne.light.pir01.png,
照明,智步,智步极光灯ZC5,doonne.light.rgbcw5,doonne.light.rgbcw5.png,
照明,智步,智步楼梯灯ZM1,doonne.light.002,doonne.light.002.png,
照明,智汇云,智汇云全彩音乐律动控制器,ezhome.light.l0001,ezhome.light.l0001.png,
照明,智能小灯,智能小灯深防眩灯PRO,gdled.light.wy0a01,gdled.light.wy0a01.png,
照明,智邦熊,智邦熊智能灯带UItra2.0,cxznkj.light.wy0a02,cxznkj.light.wy0a02.png,
照明,智邦熊,智邦熊智能筒射灯UItra2.0,cxznkj.light.wy0a01,cxznkj.light.wy0a01.png,
照明,智领袖,智领袖智能磁吸灯,zlx.light.zlxcxd,zlx.light.zlxcxd.png,
照明,智领袖,智领袖智能筒射灯御光系列,zlx.light.wy0a01,zlx.light.wy0a01.png,
照明,智领袖,智领袖智能调光灯带,zlx.light.zlxddm,zlx.light.zlxddm.png,
照明,月影,月影护眼磁吸灯,mjzm.light.magnet,mjzm.light.magnet.png,
照明,月影,月影护眼筒射灯,mjzm.light.v1,mjzm.light.v1.png,
照明,月影,月影智能护眼灯air,mjzm.light.6030,mjzm.light.6030.png,
照明,月影,月影智能灯带（Mesh2.0）,yyzm.light.v8hsm,yyzm.light.v8hsm.png,
照明,月影,月影智能照明吸顶灯pro,mjzm.light.mf7502,mjzm.light.mf7502.png,
照明,月影,月影智能磁吸灯（Mesh2.0）,yyzm.light.yycx,yyzm.light.yycx.png,
照明,月影,月影智能筒射灯（Mesh2.0）,yyzm.light.yyts,yyzm.light.yyts.png,
照明,月影,月影自然光变频风扇灯,mjzm.light.yyfy02,mjzm.light.yyfy02.png,
照明,月影,月影自然光护眼灯,mjzm.light.ceilin,mjzm.light.ceilin.png,
照明,月影,月影自然光环境护眼灯,mjzm.light.yyfy01,mjzm.light.yyfy01.png,
照明,月影,月影节律光2.0感应护眼灯air,yyzm.light.yyzhy1,yyzm.light.yyzhy1.png,
照明,月影,月影节律光2.0感应护眼灯pro,yyzm.light.yyzmxd,yyzm.light.yyzmxd.png,
照明,月影,月影节律光2.0护眼灯air,yyzm.light.yyhyd1,yyzm.light.yyhyd1.png,
照明,朗尊,朗尊MESH2.0智能控制情景灯带,lzmesh.light.wy0a02,lzmesh.light.wy0a02.png,
照明,朗尊,朗尊MESH智能筒射灯,lzmesh.light.wy0a01,lzmesh.light.wy0a01.png,
照明,朗尊,朗尊蓝牙MESH2.0筒射灯,lzmesh.light.wy0a03,lzmesh.light.wy0a03.png,
照明,朗德万斯,朗德万斯溪柚卧室系列吸顶灯,ledv.light.wy0a02,ledv.light.wy0a02.png,
照明,朗德万斯,朗德万斯溪柚客厅系列吸顶灯,ledv.light.wy0a01,ledv.light.wy0a01.png,
照明,朗德万斯,朗德万斯灯带(Mesh2.0),lvgmbh.light.lvdd01,lvgmbh.light.lvdd01.png,
照明,木林森,木林森智能照明吸顶灯1,mls.light.mls001,mls.light.mls001.png,
照明,木林森,木林森智能照明吸顶灯2,mls.light.mls002,mls.light.mls002.png,
照明,木林森,木林森智能照明吸顶灯3,mls.light.mls003,mls.light.mls003.png,
照明,未来居,未来居智能射灯（mesh 2.0）,bymiot.light.wlv5,bymiot.light.wlv5.png,
照明,未来居,未来居智能调光灯(MESH),bymiot.light.wlv2,bymiot.light.wlv2.png,
照明,未来居科技,未来居Mesh智能灯带Ultra,bymiot.light.wlv14,bymiot.light.wlv14.png,
照明,未来居科技,未来居Mesh智能磁吸射灯Ultra,bymiot.light.wlv9,bymiot.light.wlv9.png,
照明,未来居科技,未来居Mesh智能磁吸格栅灯Ultra,bymiot.light.wlv8,bymiot.light.wlv8.png,
照明,未来居科技,未来居Mesh智能磁吸泛光灯Ultra,bymiot.light.wlv10,bymiot.light.wlv10.png,
照明,未来居科技,未来居PLC恒压驱动电源,bymiot.light.plcv2,bymiot.light.plcv2.png,
照明,未来居科技,未来居PLC恒流驱动电源,bymiot.light.plcv1,bymiot.light.plcv1.png,
照明,未来居科技,未来居智能筒射灯(巨省电),bymiot.light.wljtsd,bymiot.light.wljtsd.png,
照明,未来居科技,未来居轻连调光灯带控制器（Mesh 2.0）,bymiot.light.wlv3,bymiot.light.wlv3.png,
照明,未来鸟,未来鸟灯带控制器Q2,wlnkj.light.light,wlnkj.light.light.png,
照明,杜蒙,杜蒙智能磁吸灯Mesh2.0,ygzm.light.wy0a03,ygzm.light.wy0a03.png,
照明,杜蒙,杜蒙智能黑金灯带,ygzm.light.wy0a02,ygzm.light.wy0a02.png,
照明,杜蒙,杜蒙筒射灯X1Pro,ygzm.light.wy0a01,ygzm.light.wy0a01.png,
照明,束璨,SALY束璨健康光吸顶灯,luno.light.wy0a03,luno.light.wy0a03.png,
照明,束璨,SALY束璨健康光筒射灯,luno.light.wy0a02,luno.light.wy0a02.png,
照明,松下,松下台灯,pmfbj.light.tl0666,pmfbj.light.tl0666.png,
照明,松下,松下台灯pro,pmfbj.light.wy0b01,pmfbj.light.wy0b01.png,
照明,松下,松下台灯pro+,pmfbj.light.lt0668,pmfbj.light.lt0668.png,
照明,松下,松下吸顶灯,pmfbj.light.xsx341,pmfbj.light.xsx341.png,
照明,松下,松下明畔吸顶灯,pmfbj.light.xsx330,pmfbj.light.xsx330.png,
照明,松下,松下智能吸顶灯Max,pmfbj.light.xs2403,pmfbj.light.xs2403.png,
照明,松下,松下智能吸顶灯pro,pmfbj.light.xsx880,pmfbj.light.xsx880.png,
照明,松下,松下智能恒压DC灯带,pmfbj.light.820580,pmfbj.light.820580.png,
照明,松下,松下智能筒射灯,pmfbj.light.9z252s,pmfbj.light.9z252s.png,
照明,松下,松下智能花吊灯,pmfbj.light.xsx345,pmfbj.light.xsx345.png,
照明,松下,松下松恬吸顶灯,pmfbj.light.xsx332,pmfbj.light.xsx332.png,
照明,松下,松下立式护眼灯,pmfbj.light.tz8001,pmfbj.light.tz8001.png,
照明,松下,松下筒射灯,pmfbj.light.7s203s,pmfbj.light.7s203s.png,
照明,松下,松下花吊灯,pmfbj.light.xsx344,pmfbj.light.xsx344.png,
照明,松下,松下落地灯,pmfbj.light.ts2001,pmfbj.light.ts2001.png,
照明,松下,松下颖伦吸顶灯,pmfbj.light.xsx505,pmfbj.light.xsx505.png,
照明,松下,松下风扇灯,pmfbj.light.lz8321,pmfbj.light.lz8321.png,
照明,松下,松下餐吊灯,pmfbj.light.ls5000,pmfbj.light.ls5000.png,
照明,松伟灯饰,松伟高端智能光学照明灯 QR-1,sover.light.wy0a01,sover.light.wy0a01.png,
照明,松伟灯饰,松伟高端智能装饰吸顶灯XD1,sover.light.wy0a03,sover.light.wy0a03.png,
照明,松伟灯饰,松伟高端智能装饰灯D1,sover.light.wy0a02,sover.light.wy0a02.png,
照明,松芃,松芃智能灯带,speng.light.sfddm1,speng.light.sfddm1.png,
照明,松鼠,松鼠情景智能磁吸灯,ssznkj.light.wy0a02,ssznkj.light.wy0a02.png,
照明,松鼠,松鼠智能灯带,ssznkj.light.wy0a01,ssznkj.light.wy0a01.png,
照明,松鼠,松鼠智能筒射灯,ssznkj.light.wy0a03,ssznkj.light.wy0a03.png,
照明,柏晶,柏晶智能射灯,bogin8.light.wy0a01,bogin8.light.wy0a01.png,
照明,柏晶,柏晶智能灯带,bogin8.light.wy0a02,bogin8.light.wy0a02.png,
照明,柏曼,柏曼嵌入磁吸长条灯,pbm.light.wy0a01,pbm.light.wy0a01.png,
照明,柏曼,柏曼日光Air吸顶灯 中款,pbm.light.fdyxwl,pbm.light.fdyxwl.png,
照明,柏曼,柏曼日光Air吸顶灯 大款,pbm.light.cbyxwl,pbm.light.cbyxwl.png,
照明,柏曼,柏曼日光Air吸顶灯 方形,pbm.light.cbfxwl,pbm.light.cbfxwl.png,
照明,柏曼,柏曼智能双色灯,pbm.light.accct1,pbm.light.accct1.png,
照明,柏曼,柏曼智能台地灯-HCL,pbm.light.pmt054,pbm.light.pmt054.png,
照明,柏曼,柏曼智能无叶风扇灯V1,pbm.light.fancl1,pbm.light.fancl1.png,
照明,柏曼,柏曼智能节律灯 Pro,pbm.light.pxd5v2,pbm.light.pxd5v2.png,
照明,柏曼,柏曼智能节律灯 Pro Max,pbm.light.pdxst3,pbm.light.pdxst3.png,
照明,柏曼,柏曼智能节律灯- B1,pbm.light.pm07s,pbm.light.pm07s.png,
照明,柏曼,柏曼智能节律灯- B2,pbm.light.ptst1b,pbm.light.ptst1b.png,
照明,柏曼,柏曼智能节律灯Plus,pbm.light.bmsld,pbm.light.bmsld.png,
照明,柏曼,柏曼智能调光灯-B1,pbm.light.pm07d,pbm.light.pm07d.png,
照明,柏曼,柏曼智能调光灯-B2,pbm.light.ptsd1b,pbm.light.ptsd1b.png,
照明,柏曼,柏曼智能风扇灯,pbm.light.lfs001,pbm.light.lfs001.png,
照明,柏曼,柏曼灵动光台灯,pbm.light.td001,pbm.light.td001.png,
照明,柏曼,柏曼熙光餐吊灯1.2m,pbm.light.pdst4,pbm.light.pdst4.png,
照明,柏曼,柏曼熙光餐吊灯1.6m,pbm.light.pcdct5,pbm.light.pcdct5.png,
照明,柏曼,柏曼骑士 Z Max 智能大路灯,pbm.light.plst2p,pbm.light.plst2p.png,
照明,柏曼,柏曼骑士 Z Pro 智能大路灯,pbm.light.plst2m,pbm.light.plst2m.png,
照明,树色,树色小夜灯（Mesh2.0）,shuse.light.lgt02,shuse.light.lgt02.png,
照明,格派,格派智能筒射灯,gepai.light.wy0a01,gepai.light.wy0a01.png,
照明,桂家,桂家超薄智能灯带,hekai1.light.wy0a01,hekai1.light.wy0a01.png,
照明,桌哒,桌哒 智能LED氛围灯,ucng.light.v8uswd,ucng.light.v8uswd.png,
照明,桦府,HF智能筒射灯（Mesh2.0）,huafu.light.hftsdm,huafu.light.hftsdm.png,
照明,梓阳,梓阳全屋智能筒射灯Mesh2.0,bxy.light.bxyts1,bxy.light.bxyts1.png,
照明,植树,植树照明智能吸顶灯,zszm.light.wy0a03,zszm.light.wy0a03.png,
照明,植树,植树照明智能射灯,zszm.light.wy0a02,zszm.light.wy0a02.png,
照明,植梦,植梦全光谱灯带,zmzm.light.wy0a02,zmzm.light.wy0a02.png,
照明,植梦,植梦筒射灯,zmzm.light.wy0a01,zmzm.light.wy0a01.png,
照明,欧司朗,欧司朗智能卧室吸顶灯A1pro,traxon.light.osrm20,traxon.light.osrm20.png,
照明,欧司朗,欧司朗智能吸顶灯A1pro,traxon.light.oslxdd,traxon.light.oslxdd.png,
照明,欧司朗,欧司朗智能筒射灯ODS系列,traxon.light.x3,traxon.light.x3.png,
照明,欧司朗,欧司朗超薄智能X1系列,traxon.light.x1,traxon.light.x1.png,
照明,欧司朗,欧司朗超薄智能X2系列,traxon.light.x2,traxon.light.x2.png,
照明,欧塔,OUTA智能筒射灯（Mesh2.0）,oot.light.ottsdm,oot.light.ottsdm.png,
照明,欧普,OPPLE  单色灯带,opple.light.2d02d1,opple.light.2d02d1.png,
照明,欧普,OPPLE  双色灯带,opple.light.2d01d1,opple.light.2d01d1.png,
照明,欧普,OPPLE  天境吸顶灯,opple.light.2907d2,opple.light.2907d2.png,
照明,欧普,OPPLE  智能主辅光灯,opple.light.2906d1,opple.light.2906d1.png,
照明,欧普,OPPLE  筒射灯,opple.light.2d01d2,opple.light.2d01d2.png,
照明,欧普,OPPLE CX15磁吸导轨灯,opple.light.2e01d1,opple.light.2e01d1.png,
照明,欧普,OPPLE CX20磁吸导轨灯,opple.light.000ad1,opple.light.000ad1.png,
照明,欧普,OPPLE SDL吸顶灯组,opple.light.510703,opple.light.510703.png,
照明,欧普,OPPLE SDL智能灯组,opple.light.510702,opple.light.510702.png,
照明,欧普,OPPLE SDL灯带,opple.light.2d07c2,opple.light.2d07c2.png,
照明,欧普,OPPLE SDL筒射灯,opple.light.2d07d6,opple.light.2d07d6.png,
照明,欧普,OPPLE 元睿2 Plus台灯,opple.light.000512,opple.light.000512.png,
照明,欧普,OPPLE 博悦 Pro台灯,opple.light.brpro,opple.light.brpro.png,
照明,欧普,OPPLE 博睿 Pro台灯,opple.light.000510,opple.light.000510.png,
照明,欧普,OPPLE 博睿S台灯,opple.light.brs,opple.light.brs.png,
照明,欧普,OPPLE 厨卫灯,opple.light.qling,opple.light.qling.png,
照明,欧普,OPPLE 悦瞳L3 Pro落地灯,opple.light.2d0602,opple.light.2d0602.png,
照明,欧普,OPPLE 明炫Ⅱ 射灯,opple.light.opmxsd,opple.light.opmxsd.png,
照明,欧普,OPPLE 智能吸顶灯,opple.light.290102,opple.light.290102.png,
照明,欧普,OPPLE 智能灯组,opple.light.510101,opple.light.510101.png,
照明,欧普,OPPLE 智能风扇灯,opple.light.fanlight,opple.light.fanlight.png,
照明,欧普,OPPLE 欧普照明智能灯 PRO,opple.light.gy,opple.light.gy.png,
照明,欧普,OPPLE 欧普照明智能灯 S,opple.light.moath,opple.light.moath.png,
照明,欧普,OPPLE 直流变频风扇灯,opple.light.dcfan,opple.light.dcfan.png,
照明,欧普,OPPLE京悦 台灯,opple.light.jytd,opple.light.jytd.png,
照明,欧普,OPPLE元悦2Pro台灯,opple.light.yytd,opple.light.yytd.png,
照明,欧普,OPPLE元悦3PLUS台灯,opple.light.yy3p,opple.light.yy3p.png,
照明,欧普,OPPLE元睿2Pro台灯,opple.light.yrtd,opple.light.yrtd.png,
照明,欧普,OPPLE冰雨射灯,opple.light.bysd,opple.light.bysd.png,
照明,欧普,OPPLE冰雨筒灯,opple.light.bytd,opple.light.bytd.png,
照明,欧普,OPPLE智能筒射灯,opple.light.optd,opple.light.optd.png,
照明,欧普,OPPLE欧普照明智能灯,opple.light.bydceiling,opple.light.bydceiling.png,
照明,欧普,OPPLE米悦 Pro台灯,opple.light.3plus,opple.light.3plus.png,
照明,欧普,OPPLE米格2Pro台灯,opple.light.mgtd,opple.light.mgtd.png,
照明,欧普,OPPLE米格3Pro台灯,opple.light.mg3td,opple.light.mg3td.png,
照明,欧普,欧普智能台灯 Mode A,opple.light.tablgt,opple.light.tablgt.png,
照明,欧普,欧普智能台灯 Mode B,opple.light.tabcol,opple.light.tabcol.png,
照明,欧普,欧普智能台灯 Mode C,opple.light.tabcw,opple.light.tabcw.png,
照明,欧普,欧普智能灯带 Mode A,opple.light.lgtstr,opple.light.lgtstr.png,
照明,欧普,欧普智能灯板 Mode A,opple.light.barelp,opple.light.barelp.png,
照明,欧普,欧普照明灵晖吸顶灯,opple.light.opxddw,opple.light.opxddw.png,
照明,欧普,欧普装饰风扇灯,opple.light.lifa01,opple.light.lifa01.png,
照明,欧普,欧普风扇灯,opple.light.dcfan5,opple.light.dcfan5.png,
照明,欧普,欧普风扇灯pro,opple.light.dcfan8,opple.light.dcfan8.png,
照明,欧普,欧普风扇灯proII,opple.light.dcfan9,opple.light.dcfan9.png,
照明,欧铁,欧铁智能灯带,euty.light.wy0a02,euty.light.wy0a02.png,
照明,欧铁,欧铁智能磁吸灯,euty.light.wy0a03,euty.light.wy0a03.png,
照明,欧铁,欧铁智能筒射灯,euty.light.wy0a01,euty.light.wy0a01.png,
照明,步路思,步路思橱柜双色温灯,buluce.light.0006,buluce.light.0006.png,
照明,永杰霖,永杰霖双色智能灯带,yjlkj.light.wy0a01,yjlkj.light.wy0a01.png,
照明,汉枫,智能色温灯蓝牙版V2,shhf.light.slcwb8,shhf.light.slcwb8.png,
照明,汉枫,智能调光风扇灯蓝牙版,shhf.light.sflt11,shhf.light.sflt11.png,
照明,河光智能,河光智能灯带（Mesh2.0）,hgzm.light.v8hsm,hgzm.light.v8hsm.png,
照明,泰姬光,泰姬光零频闪灯带控制器1,btg.light.btgz24,btg.light.btgz24.png,
照明,泰姬光,泰姬光零频闪灯带控制器2,btg.light.btgm24,btg.light.btgm24.png,
照明,泰孚,泰孚灯控盒,wfxx.light.12,wfxx.light.12.png,
照明,泰沃,泰沃智能筒射灯,tew.light.wy0a01,tew.light.wy0a01.png,
照明,泽东光宝,ZD蓝牙双色-吸顶灯系列,zedong.light.led3,zedong.light.led3.png,
照明,泽东光宝,ZD蓝牙双色-筒射灯系列,zedong.light.led2,zedong.light.led2.png,
照明,润盛,润盛LED一体智能灯带Mesh2.0,xinliy.light.wy0a05,xinliy.light.wy0a05.png,
照明,润盛,润盛LED智能彩光灯带Mesh2.0,xinliy.light.wyra01,xinliy.light.wyra01.png,
照明,润盛,润盛LED智能灯带Mesh2.0,xinliy.light.wy0a03,xinliy.light.wy0a03.png,
照明,润盛,润盛LED智能灯泡Mesh2.0,xinliy.light.wy0a01,xinliy.light.wy0a01.png,
照明,深思,SIASE深思智能低压灯带,ssdg.light.ssdd01,ssdg.light.ssdd01.png,
照明,添宇,添宇智能筒射灯Mesh2.0,xxczn.light.xxcts1,xxczn.light.xxcts1.png,
照明,满星思维,满星思维RGBCW幻彩灯带,mxsw.light.wyra01,mxsw.light.wyra01.png,
照明,满星思维,满星思维智能吸顶灯mesh2.0,mxsw.light.wy0a04,mxsw.light.wy0a04.png,
照明,满星思维,满星思维智能灯带 mesh2.0,mxsw.light.wy0a02,mxsw.light.wy0a02.png,
照明,满星思维,满星思维智能磁吸灯 mesh2.0,mxsw.light.wy0a01,mxsw.light.wy0a01.png,
照明,满星思维,满星思维智能筒射灯 mesh2.0,mxsw.light.wy0a03,mxsw.light.wy0a03.png,
照明,满星思维,满星思维智能筒射灯(满血版mesh2.0),mxsw.light.mxswts,mxsw.light.mxswts.png,
照明,澳浦,澳浦智能筒射灯,yrb999.light.wy0a01,yrb999.light.wy0a01.png,
照明,澳美迪,赫锋智能筒射灯（Mesh2.0）,hefeng.light.hftsdm,hefeng.light.hftsdm.png,
照明,灯无忧,灯无忧智能吸顶灯,dwy123.light.wy0a01,dwy123.light.wy0a01.png,
照明,灯科及第,灯科及第智能筒射灯（Mesh2.0）,cdblm.light.dkjdlm,cdblm.light.dkjdlm.png,
照明,炎米,炎米显示器挂灯,ym001.light.v8w,ym001.light.v8w.png,
照明,点点,点点Diandian皓光24w,dotdot.light.dian24,dotdot.light.dian24.png,
照明,点点,点点Diandian皓光45w,dotdot.light.dian45,dotdot.light.dian45.png,
照明,点点,点点Diandian皓光90w,dotdot.light.dian90,dotdot.light.dian90.png,
照明,烛照,烛照智能灯带Ultra2.0,zhunen.light.wy0a01,zhunen.light.wy0a01.png,
照明,烛照,烛照智能磁吸灯Ultra2.0,zhunen.light.wy0a03,zhunen.light.wy0a03.png,
照明,烛照,烛照智能筒射灯Ultra2.0,zhunen.light.wy0a02,zhunen.light.wy0a02.png,
照明,爱果乐,爱果乐羽光卧室吸顶灯,igrow.light.icl101,igrow.light.icl101.png,
照明,爱果乐,爱果乐羽光客厅吸顶灯,igrow.light.icl102,igrow.light.icl102.png,
照明,狄耐克,狄耐克LED控制装置（蓝牙Mesh调光调色）,dnake.light.lt07,dnake.light.lt07.png,
照明,猫泽,猫泽M9智能筒射灯（Mesh2.0）,mz1.light.wy0a01,mz1.light.wy0a01.png,
照明,班客,班客全光谱智能吸顶灯,lemi18.light.lemm20,lemi18.light.lemm20.png,
照明,琪朗,琪朗 SunnyTop 吸顶灯,klaled.light.wy0a02,klaled.light.wy0a02.png,
照明,琪朗,琪朗ALED自然光谱灯,klaled.light.wy0a01,klaled.light.wy0a01.png,
照明,琪朗,琪朗SUNNYTOP吸顶灯升级版,klaled.light.wy0a04,klaled.light.wy0a04.png,
照明,琪朗,琪朗天空之环母婴灯S41-650,klaled.light.ql650w,klaled.light.ql650w.png,
照明,琪朗,琪朗天空之环母婴灯S41-850,klaled.light.qlmydw,klaled.light.qlmydw.png,
照明,琪朗,琪朗护眼吸顶灯A-L款,klaled.light.qil9x6,klaled.light.qil9x6.png,
照明,琪朗,琪朗护眼吸顶灯A-M款,klaled.light.qila24,klaled.light.qila24.png,
照明,琪朗,琪朗护眼吸顶灯A-S款,klaled.light.qila23,klaled.light.qila23.png,
照明,瑞柏尔,瑞柏尔智享客厅灯,rbe.light.wy0a01,rbe.light.wy0a01.png,
照明,瑞柏尔,瑞柏尔智能灯,rbe.light.wy0b01,rbe.light.wy0b01.png,
照明,甘石,GS智能Mesh色温灯Pro,qjiang.light.12mesh,qjiang.light.12mesh.png,
照明,百士瑞,百士瑞智能筒射灯（Mesh2.0）,bsr.light.bsrtsd,bsr.light.bsrtsd.png,
照明,百孜,百孜智能护眼吸顶灯,baizi.light.wy0a02,baizi.light.wy0a02.png,
照明,皓逸,皓逸 Smart Home智能灯带(Mesh2.0),090615.light.hyd300,090615.light.hyd300.png,
照明,皓逸,皓逸Smart Home智能磁吸灯（Mesh2.0),090615.light.hycxd1,090615.light.hycxd1.png,
照明,皓逸,皓逸Smart Home智能筒射灯(Mesh2.0),090615.light.hyshsd,090615.light.hyshsd.png,
照明,皓逸,皓逸专业调光灯带 (pro),090615.light.hyddv2,090615.light.hyddv2.png,
照明,皓逸,皓逸专业调光磁吸灯(pro),090615.light.hycxv2,090615.light.hycxv2.png,
照明,皓逸,皓逸专业调光筒射灯(pro),090615.light.hypro7,090615.light.hypro7.png,
照明,皓逸,皓逸全彩音乐律动控制器（mesh）,090615.light.hyrgb1,090615.light.hyrgb1.png,
照明,睿态,睿态智能灯带(Mesh2.0),rtzn.light.wy0a03,rtzn.light.wy0a03.png,
照明,睿态,睿态智能磁吸灯(Mesh2.0),rtzn.light.wy0a02,rtzn.light.wy0a02.png,
照明,睿态,睿态智能筒射灯（Mesh2.0）,rtzn.light.wy0a01,rtzn.light.wy0a01.png,
照明,睿晶,RJ智能筒射灯 Mesh2.0,rjxn20.light.rjtsd1,rjxn20.light.rjtsd1.png,
照明,睿晶小智,RJ智能灯带,rjxn20.light.rjxndd,rjxn20.light.rjxndd.png,
照明,睿晶小智,RJ智能灯带（Mesh2.0）,rjxn20.light.rjddm,rjxn20.light.rjddm.png,
照明,睿晶小智,RJ智能磁吸灯,rjxn20.light.rjxncx,rjxn20.light.rjxncx.png,
照明,睿晶小智,RJ智能磁吸灯（Mesh2.0）,rjxn20.light.rjcxdm,rjxn20.light.rjcxdm.png,
照明,睿晶小智,RJ智能筒射灯,rjxn20.light.rjdhts,rjxn20.light.rjdhts.png,
照明,睿晶小智,鹦鹉易管智能调光灯,rjxn20.light.ywygzn,rjxn20.light.ywygzn.png,
照明,知或居,知或居Mesh智能磁吸灯（2.0版）,bymiot.light.wlv11,bymiot.light.wlv11.png,
照明,知或居,知或居Mesh智能筒射灯（2.0版）,bymiot.light.wlv13,bymiot.light.wlv13.png,
照明,知或居,知或居Mesh智能线性灯（2.0版）,bymiot.light.wlv12,bymiot.light.wlv12.png,
照明,知简,知简智能射灯,soron.light.wy0a01,soron.light.wy0a01.png,
照明,磁恒,磁恒智能灯带控制器,ciheng.light.wy0a01,ciheng.light.wy0a01.png,
照明,禾木,禾木夜灯 蓝牙Mesh版,hemu.light.hmxydm,hemu.light.hmxydm.png,
照明,秋田,秋田智能灯带,qtzm.light.qtdd,qtzm.light.qtdd.png,
照明,秋田,秋田智能磁吸灯,qtzm.light.qtcxd,qtzm.light.qtcxd.png,
照明,秋田,秋田智能筒射灯,qtzm.light.qttsd,qtzm.light.qttsd.png,
照明,科思顿,科思顿智能灯带,scisto.light.wyra01,scisto.light.wyra01.png,
照明,立达信,立达信C2吸顶灯,ldsiot.light.202888,ldsiot.light.202888.png,
照明,立达信,立达信C2吸顶灯D50,ldsiot.light.202999,ldsiot.light.202999.png,
照明,立达信,立达信LED智能灯带,ldsiot.light.wy0a02,ldsiot.light.wy0a02.png,
照明,立达信,立达信智能筒射灯,ldsiot.light.wy0a01,ldsiot.light.wy0a01.png,
照明,立达信,立达信萤火虫吊灯,ldsiot.light.d3gg1,ldsiot.light.d3gg1.png,
照明,童视界,童视界智能落地灯,szlhco.light.tgd1,szlhco.light.tgd1.png,
照明,简杰照明,简杰 Air 1 磁吸灯 mesh2.0,gg1.light.wy0a03,gg1.light.wy0a03.png,
照明,简杰照明,简杰 Air 3 低压灯带mesh2.0,gg1.light.wy0a02,gg1.light.wy0a02.png,
照明,简杰照明,简杰智能筒射灯（mesh2.0版）,gg1.light.wy0a01,gg1.light.wy0a01.png,
照明,简顿,简顿吸顶灯,704719.light.wy0a03,704719.light.wy0a03.png,
照明,简顿,简顿护眼吸顶灯,704719.light.wy0a08,704719.light.wy0a08.png,
照明,简顿,简顿护眼灯带,704719.light.wy0a06,704719.light.wy0a06.png,
照明,简顿,简顿智能吸顶灯,704719.light.wy0a02,704719.light.wy0a02.png,
照明,简顿,简顿智能筒射灯,704719.light.wy0a01,704719.light.wy0a01.png,
照明,简顿,简顿柔光母婴灯,704719.light.lmpjmd,704719.light.lmpjmd.png,
照明,简顿,简顿落地护眼灯5代PRO,704719.light.w00a01,704719.light.w00a01.png,
照明,简顿,简顿风扇灯,704719.light.jdfsd,704719.light.jdfsd.png,
照明,简顿,简顿高亮护眼风扇灯,704719.light.wyfa02,704719.light.wyfa02.png,
照明,箭ARROW,箭ARROW智能吊灯C,arrow1.light.wy0a04,arrow1.light.wy0a04.png,
照明,箭ARROW,箭ARROW智能吸顶灯A,arrow1.light.wy0a02,arrow1.light.wy0a02.png,
照明,箭ARROW,箭ARROW智能吸顶灯B,arrow1.light.wy0a03,arrow1.light.wy0a03.png,
照明,箭ARROW,箭ARROW智能吸顶灯C,arrow1.light.wy0a05,arrow1.light.wy0a05.png,
照明,箭ARROW,箭ARROW智能筒射灯,arrow1.light.wy0a01,arrow1.light.wy0a01.png,
照明,箭ARROW,箭ARROW智能风扇灯A,arrow1.light.wyfa01,arrow1.light.wyfa01.png,
照明,箭ARROW,箭ARROW智能风扇灯B,arrow1.light.wyfa02,arrow1.light.wyfa02.png,
照明,箭牌照明,箭牌照明护眼灯,arrow.light.wb5s01,arrow.light.wb5s01.png,
照明,米典,米典智能床头健康灯,noc196.light.mdctd9,noc196.light.mdctd9.png,
照明,米典,米典零蓝光音乐氛围灯,noc196.light.mdyctd,noc196.light.mdyctd.png,
照明,精配,JP单色灯带,gzjp.light.w00a01,gzjp.light.w00a01.png,
照明,精配,JP双色灯带,gzjp.light.wy0a01,gzjp.light.wy0a01.png,
照明,索菲亚,索菲亚智能RGB灯控制器M1,sfy.light.rgb001,sfy.light.rgb001.png,
照明,索菲亚,索菲亚智能双色温吸顶灯M1,sfy.light.c001,sfy.light.c001.png,
照明,索菲亚,索菲亚智能天境灯M1,sfy.light.dw001,sfy.light.dw001.png,
照明,索菲亚,索菲亚智能灯带控制盒M1,sfy.light.cw001,sfy.light.cw001.png,
照明,索菲亚,索菲亚智能色温灯M1,sfy.light.s001,sfy.light.s001.png,
照明,索菲亚,索菲亚智能风扇灯M1,sfy.light.f001,sfy.light.f001.png,
照明,维德简家,维德简家橱柜灯ZT-001,wdjj66.light.zt001,wdjj66.light.zt001.png,
照明,维立光照明,WLG 智能灯带 2.0,wlg.light.wy0a05,wlg.light.wy0a05.png,
照明,维立光照明,WLG 智能磁吸灯 2.0,wlg.light.wy0a04,wlg.light.wy0a04.png,
照明,维立光照明,WLG 智能筒射灯 2.0,wlg.light.wy0a06,wlg.light.wy0a06.png,
照明,维立光照明,WLG智能灯带,wlg.light.wy0a03,wlg.light.wy0a03.png,
照明,维立光照明,WLG智能磁吸灯,wlg.light.wy0a02,wlg.light.wy0a02.png,
照明,维立光照明,WLG智能调光灯,wlg.light.wy0a01,wlg.light.wy0a01.png,
照明,维立光照明,WLG淡彩系列天境吸顶灯,wlg.light.rgba01,wlg.light.rgba01.png,
照明,维立光照明,WLG零频闪智能筒射灯,wlg.light.wy0a08,wlg.light.wy0a08.png,
照明,维立光照明,WLG零频闪淡彩智能筒射灯,wlg.light.wy0a07,wlg.light.wy0a07.png,
照明,缘弧,缘弧智能磁吸灯 V2 pro 2.0,yhmesh.light.wy0a04,yhmesh.light.wy0a04.png,
照明,缘弧,缘弧智能筒射灯 V2 pro 2.0,yhmesh.light.wy0a03,yhmesh.light.wy0a03.png,
照明,缘弧,缘弧智能筒射灯V2s pro,yhmesh.light.wy0a02,yhmesh.light.wy0a02.png,
照明,罗利亚,罗利亚智能油画灯,rxhjgn.light.rxyhdw,rxhjgn.light.rxyhdw.png,
照明,罗曼时光,罗曼时光智能灯带（Mesh2.0）,luoman.light.lmddm,luoman.light.lmddm.png,
照明,罗曼时光,罗曼时光智能磁吸灯（Mesh2.0）,luoman.light.lmcxd,luoman.light.lmcxd.png,
照明,罗曼时光,罗曼时光智能筒射灯（Mesh2.0）,luoman.light.v9hsm,luoman.light.v9hsm.png,
照明,美昇,情景MESH双色调光灯 S2,mson.light.ms006,mson.light.ms006.png,
照明,美昇,情景WIFI双色调光灯 S1,mson.light.ms005,mson.light.ms005.png,
照明,美的,美的双色智能吸顶灯,mzgd.light.wy0a02,mzgd.light.wy0a02.png,
照明,翃光,翃光智能筒射灯,zhanmi.light.wy0a01,zhanmi.light.wy0a01.png,
照明,翰一宸,翰一宸智能筒射灯,y13t4y.light.wy0a02,y13t4y.light.wy0a02.png,
照明,老爸评测,老爸评测定制智能控制款大路灯,lab.light.w00a01,lab.light.w00a01.png,
照明,耐为,NW耐为简致点护眼无频闪三色智能灯带,crzm.light.wy0a01,crzm.light.wy0a01.png,
照明,耐为,NW耐为简致点护眼无频闪单色智能灯带,crzm.light.w00a01,crzm.light.w00a01.png,
照明,耐为,耐为简致点防眩光高显射灯pro1,crzm.light.wy0a02,crzm.light.wy0a02.png,
照明,耐为,耐为简致点高显磁吸氛围灯pro1,crzm.light.wy0a03,crzm.light.wy0a03.png,
照明,聆巨,聆巨智能吸顶灯（mesh2.0）,linju.light.wy0a02,linju.light.wy0a02.png,
照明,聆巨,聆巨智能灯带（Mesh2.0）,linju.light.ljslm2,linju.light.ljslm2.png,
照明,聆巨,聆巨蓝牙Mesh双色灯,linju.light.wy0a01,linju.light.wy0a01.png,
照明,聚有光,聚有光智能灯带Mesh2.0,jygzm.light.wy0a01,jygzm.light.wy0a01.png,
照明,胜腾,胜腾吸顶灯,stds.light.wyst02,stds.light.wyst02.png,
照明,胜腾,胜腾灯饰吸顶灯,stds.light.wyst01,stds.light.wyst01.png,
照明,腾乐照明TENLE,TENLE智能照明,tenle.light.wya01,tenle.light.wya01.png,
照明,自然爱,自然爱吸顶灯CL1 Mesh2.0,gt1688.light.wy0a04,gt1688.light.wy0a04.png,
照明,自然爱,自然爱圈圈吊灯T1 Mesh2.0,gt1688.light.wy0a05,gt1688.light.wy0a05.png,
照明,自然爱,自然爱星空灯 GT9,gt1688.light.1988,gt1688.light.1988.png,
照明,自然爱,自然爱灯带PS7 Mesh2.0,gt1688.light.wy0a03,gt1688.light.wy0a03.png,
照明,自然爱,自然爱磁吸灯MT3 Mesh2.0,gt1688.light.wy0a02,gt1688.light.wy0a02.png,
照明,自然爱,自然爱筒射灯DS1 2.0,gt1688.light.wy0a01,gt1688.light.wy0a01.png,
照明,至御,至御智能护眼吸顶灯（Mesh2.0）,yky01.light.zyxddm,yky01.light.zyxddm.png,
照明,至御,至御智能灯带（Mesh2.0）,yky01.light.zyddm,yky01.light.zyddm.png,
照明,至御,至御智能磁吸灯（Mesh2.0）,yky01.light.zycxdm,yky01.light.zycxdm.png,
照明,至御,至御智能筒射灯（Mesh2.0）,yky01.light.zytsdm,yky01.light.zytsdm.png,
照明,舜焱照明,viyan智能灯带,sy0821.light.wy0a02,sy0821.light.wy0a02.png,
照明,舜焱照明,viyan智能筒射灯,sy0821.light.wy0a01,sy0821.light.wy0a01.png,
照明,艾简美,艾简美智能调光灯带A1,ajm.light.wy0a01,ajm.light.wy0a01.png,
照明,芯毅,芯毅智能浴室镜灯,csykj.light.xyznj,csykj.light.xyznj.png,
照明,芯绘,XINHUI智能节律Mesh2.0磁吸灯,mpkj.light.wy0a02,mpkj.light.wy0a02.png,
照明,芯绘,XINHUI智能节律Mesh2.0筒射灯,mpkj.light.wy0a01,mpkj.light.wy0a01.png,
照明,苏米,苏米如光射灯,xhuan.light.wy0a07,xhuan.light.wy0a07.png,
照明,苏米,苏米如光筒灯,xhuan.light.wy0a06,xhuan.light.wy0a06.png,
照明,苏米,苏米如影灯带,xhuan.light.wy0a01,xhuan.light.wy0a01.png,
照明,苏米,苏米智能灯,xhuan.light.wy0a10,xhuan.light.wy0a10.png,
照明,苏米,苏米球泡灯Lite,xhuan.light.wy0a08,xhuan.light.wy0a08.png,
照明,苏米,苏米磁吸射灯,xhuan.light.wy0a05,xhuan.light.wy0a05.png,
照明,苏米,苏米磁吸格栅灯,xhuan.light.wy0a04,xhuan.light.wy0a04.png,
照明,苏米,苏米磁吸泛光灯,xhuan.light.wy0a03,xhuan.light.wy0a03.png,
照明,苏米,苏米筒灯Lite,xhuan.light.wy0a02,xhuan.light.wy0a02.png,
照明,苏米科技,苏米人存平板灯Mesh2.0,xhuan.light.pbd01,xhuan.light.pbd01.png,
照明,苏米科技,苏米智能灯(PLC版),xhuan.light.plcg08,xhuan.light.plcg08.png,
照明,苏米科技,苏米智能灯Mesh2.0,xhuan.light.wy0a17,xhuan.light.wy0a17.png,
照明,苏米科技,苏米智能灯Pro,xhuan.light.wy0a14,xhuan.light.wy0a14.png,
照明,苏米科技,苏米智能灯带Mesh2.0,xhuan.light.wyrz11,xhuan.light.wyrz11.png,
照明,苏米科技,苏米智能磁吸灯(PLC版),xhuan.light.splc03,xhuan.light.splc03.png,
照明,苏米科技,苏米智能磁吸灯H,xhuan.light.wyrz05,xhuan.light.wyrz05.png,
照明,苏米科技,苏米智能筒射灯(PLC版),xhuan.light.plcg06,xhuan.light.plcg06.png,
照明,苏米科技,苏米智能筒射灯H,xhuan.light.wyrz04,xhuan.light.wyrz04.png,
照明,苏米科技,苏米智能筒射灯Hs,xhuan.light.wyrz4s,xhuan.light.wyrz4s.png,
照明,苏米科技,苏米智能筒射灯Mesh2.0,xhuan.light.wyrz09,xhuan.light.wyrz09.png,
照明,苏米科技,苏米智能线性灯(PLC版),xhuan.light.plcg07,xhuan.light.plcg07.png,
照明,苏米科技,苏米智能线性灯H,xhuan.light.wyrz06,xhuan.light.wyrz06.png,
照明,苏米科技,苏米深度调光灯带Ultra,xhuan.light.smdd01,xhuan.light.smdd01.png,
照明,苏米科技,苏米深度调光磁吸灯Mesh2.0,xhuan.light.cxd01,xhuan.light.cxd01.png,
照明,苏米科技,苏米深度调光筒射灯Mesh2.0,xhuan.light.smtsd,xhuan.light.smtsd.png,
照明,苏米科技,苏米磁吸灯Pro,xhuan.light.wy0a11,xhuan.light.wy0a11.png,
照明,苏米科技,苏米空气循环扇灯Mesh2.0,xhuan.light.smfsd1,xhuan.light.smfsd1.png,
照明,苏米科技,苏米筒射灯Pro,xhuan.light.wy0a13,xhuan.light.wy0a13.png,
照明,苏米科技,苏米线性灯Pro,xhuan.light.wy0a12,xhuan.light.wy0a12.png,
照明,苏米科技,苏米节律灯,xhuan.light.wy0a16,xhuan.light.wy0a16.png,
照明,莱盾,LD智能人存灯带(Mesh2.0),laidun.light.ldddm,laidun.light.ldddm.png,
照明,菁雅,菁雅情景智能嵌入筒射灯G1,flkj.light.wy0a01,flkj.light.wy0a01.png,
照明,菱敏,菱敏智能筒射灯,rinmin.light.lm01,rinmin.light.lm01.png,
照明,菱敏,菱敏智能节律灯,rinmin.light.lmddm,rinmin.light.lmddm.png,
照明,萌小光,萌小光智能筒射灯,mxg888.light.wy0a01,mxg888.light.wy0a01.png,
照明,萨瑟兰,萨瑟兰情景智能灯带,abhome.light.wy0a01,abhome.light.wy0a01.png,
照明,萨瑟兰,萨瑟兰情景智能筒射灯,abhome.light.wy0a02,abhome.light.wy0a02.png,
照明,萨瑟兰,萨瑟兰智能磁吸灯,abhome.light.wy0a03,abhome.light.wy0a03.png,
照明,蓝宝利,蓝宝利 双色智能灯带控制器（Mesh2.0）,lp0000.light.v8hsm,lp0000.light.v8hsm.png,
照明,西蒙电气,Simon智能灯带,scc.light.wy0a06,scc.light.wy0a06.png,
照明,西蒙电气,Simon智能磁吸灯,scc.light.wy0a08,scc.light.wy0a08.png,
照明,西蒙电气,Simon智能筒射灯,scc.light.wy0a07,scc.light.wy0a07.png,
照明,西蒙电气,西蒙悦系列卧室灯,scc.light.wy0a05,scc.light.wy0a05.png,
照明,西蒙电气,西蒙悦系列吸顶灯,scc.light.wy0a04,scc.light.wy0a04.png,
照明,西蒙电气,西蒙悦系列客厅灯,scc.light.wy0a02,scc.light.wy0a02.png,
照明,西蒙电气,西蒙智能灯带控制器,scc.light.wy0a03,scc.light.wy0a03.png,
照明,西蒙电气,西蒙智能筒射灯,scc.light.wy0a01,scc.light.wy0a01.png,
照明,西蒙电气,西蒙智能轨道灯LT20,scc.light.w00a1,scc.light.w00a1.png,
照明,西门子,西门子弦影50W卧室吸顶灯,siemen.light.phonix,siemen.light.phonix.png,
照明,西顿,西顿 Yu人体存在感应灯,cdn.light.rtczgy,cdn.light.rtczgy.png,
照明,西顿,西顿 Yu智能灯带电源,cdn.light.wy0a14,cdn.light.wy0a14.png,
照明,西顿,西顿26系列智能射灯,cdn.light.wy0a01,cdn.light.wy0a01.png,
照明,西顿,西顿36系列智能射灯,cdn.light.wy0a03,cdn.light.wy0a03.png,
照明,西顿,西顿单色温智能灯带M2,cdn.light.w00a06,cdn.light.w00a06.png,
照明,西顿,西顿单色温智能筒射灯M2,cdn.light.w00a05,cdn.light.w00a05.png,
照明,西顿,西顿单色灯带,cdn.light.w00a02,cdn.light.w00a02.png,
照明,西顿,西顿双色温智能灯带M2,cdn.light.wy0a12,cdn.light.wy0a12.png,
照明,西顿,西顿双色温智能筒射灯M2,cdn.light.wy0a11,cdn.light.wy0a11.png,
照明,西顿,西顿双色灯带,cdn.light.wy0a05,cdn.light.wy0a05.png,
照明,西顿,西顿天空灯,cdn.light.xhxdd,cdn.light.xhxdd.png,
照明,西顿,西顿恒流智能驱动,cdn.light.wy0a04,cdn.light.wy0a04.png,
照明,西顿,西顿智能吸顶灯H2,cdn.light.wyrh2,cdn.light.wyrh2.png,
照明,西顿,西顿智能磁吸灯M2,cdn.light.xdcxm2,cdn.light.xdcxm2.png,
照明,西顿,西顿智能磁吸灯（单色温）M2,cdn.light.xdcxm3,cdn.light.xdcxm3.png,
照明,西顿,西顿智能风扇灯,cdn.light.fsd,cdn.light.fsd.png,
照明,西顿,西顿照明吸顶灯,cdn.light.xdicl,cdn.light.xdicl.png,
照明,西顿,西顿照明智能灯D,cdn.light.wy0a06,cdn.light.wy0a06.png,
照明,西顿,西顿照明智能灯DL,cdn.light.wy0a10,cdn.light.wy0a10.png,
照明,西顿,西顿照明智能灯HL,cdn.light.wy0a07,cdn.light.wy0a07.png,
照明,西顿,西顿照明智能灯X,cdn.light.wy0a08,cdn.light.wy0a08.png,
照明,西顿,西顿照明智能灯XL,cdn.light.wy0a09,cdn.light.wy0a09.png,
照明,西顿,西顿舍见LED杀菌厨卫灯,cdn.light.w00a03,cdn.light.w00a03.png,
照明,西顿,西顿舍见PLC开关控制器,cdn.light.k200,cdn.light.k200.png,
照明,西顿,西顿舍见PLC恒压RGBCW驱动器,cdn.light.150w5o,cdn.light.150w5o.png,
照明,西顿,西顿舍见PLC恒压RGBCW驱动器 75W,cdn.light.75w5o,cdn.light.75w5o.png,
照明,西顿,西顿舍见PLC磁吸灯(调光),cdn.light.cx01,cdn.light.cx01.png,
照明,西顿,西顿舍见PLC磁吸灯(调色),cdn.light.cx02,cdn.light.cx02.png,
照明,西顿,西顿舍见PLC转0-10V控制器(调光),cdn.light.td001,cdn.light.td001.png,
照明,西顿,西顿舍见PLC转0-10V控制器(调色),cdn.light.td002,cdn.light.td002.png,
照明,西顿,西顿舍见恒压PLC调光驱动器,cdn.light.150w1o,cdn.light.150w1o.png,
照明,西顿,西顿舍见恒压PLC调光驱动器 75W,cdn.light.75w1o,cdn.light.75w1o.png,
照明,西顿,西顿舍见恒压PLC调色温驱动器,cdn.light.150w2o,cdn.light.150w2o.png,
照明,西顿,西顿舍见恒压PLC调色温驱动器 75W,cdn.light.75w2o,cdn.light.75w2o.png,
照明,西顿,西顿舍见恒流PLC调光驱动器,cdn.light.12w1o,cdn.light.12w1o.png,
照明,西顿,西顿舍见恒流PLC调色温驱动器,cdn.light.12w2o,cdn.light.12w2o.png,
照明,西顿,西顿舍见星河幻彩吊灯,cdn.light.wyra01,cdn.light.wyra01.png,
照明,西顿,西顿舍见晴空吸顶灯,cdn.light.galaxy,cdn.light.galaxy.png,
照明,西顿,西顿舍见智能调光P70筒射一体款,cdn.light.1075,cdn.light.1075.png,
照明,西顿照明,西顿PLC恒压驱动器（调色）,cdn.light.plcdd,cdn.light.plcdd.png,
照明,西顿照明,西顿PLC恒流驱动器（调色）,cdn.light.pcstsd,cdn.light.pcstsd.png,
照明,西顿照明,西顿PLC磁吸灯（调色）,cdn.light.plccxd,cdn.light.plccxd.png,
照明,西顿照明,西顿RGBCW幻彩灯带,cdn.light.sjbx2,cdn.light.sjbx2.png,
照明,视贝,视贝智能卧室吸顶灯,shibei.light.wy0a02,shibei.light.wy0a02.png,
照明,视贝,视贝智能客厅吸顶灯,shibei.light.wy0a01,shibei.light.wy0a01.png,
照明,诺克照明,诺克照明吸顶灯,nork.light.nokbv2,nork.light.nokbv2.png,
照明,诺克照明,诺克照明智能吊灯,nork.light.wy0a01,nork.light.wy0a01.png,
照明,诺克照明,诺克照明智能吸顶灯,nork.light.wy0a02,nork.light.wy0a02.png,
照明,诺克照明,诺克照明智能壁灯,nork.light.wy0a03,nork.light.wy0a03.png,
照明,诺曼尼,诺曼尼智能吸顶灯,xgds.light.wy0a02,xgds.light.wy0a02.png,
照明,诺曼尼,诺曼尼智能灯,xgds.light.wy0a01,xgds.light.wy0a01.png,
照明,谦中益,谦中益Mesh1.0护眼灯,qzy.light.wy0a01,qzy.light.wy0a01.png,
照明,谦中益,谦中益Mesh2.0护眼灯,qzy.light.wy0a02,qzy.light.wy0a02.png,
照明,谦中益,谦中益WIFI护眼灯,qzy.light.wy0a03,qzy.light.wy0a03.png,
照明,费里克斯,费里克斯智能筒射灯,y13t4y.light.wy0a01,y13t4y.light.wy0a01.png,
照明,超步,超步线形氛围灯,cbu.light.wy0a02,cbu.light.wy0a02.png,
照明,追觅,追觅智能双色灯带 S20,dreame.light.zmf03b,dreame.light.zmf03b.png,
照明,追觅,追觅智能筒射灯,dreame.light.zmf02b,dreame.light.zmf02b.png,
照明,通士达,舞光I智慧 吸顶灯,tsd.light.tp1,tsd.light.tp1.png,
照明,通士达,舞光I智慧 坎灯,tsd.light.tsl001,tsd.light.tsl001.png,
照明,通士达,舞光I智慧 球泡灯,tsd.light.test01,tsd.light.test01.png,
照明,通士达,通士达智慧客卧灯,tsd.light.h002,tsd.light.h002.png,
照明,通士达,通士达智慧灯带,tsd.light.amn002,tsd.light.amn002.png,
照明,通士达,通士达智慧球泡灯,tsd.light.amn001,tsd.light.amn001.png,
照明,道来,LED情景灯Mesh版,daolai.light.dlb001,daolai.light.dlb001.png,
照明,道来,智能Mesh色温灯Pro,daolai.light.dls002,daolai.light.dls002.png,
照明,道来,智能WiFi色温灯Pro,daolai.light.dls006,daolai.light.dls006.png,
照明,道来,熠世华彩双色LED灯泡V1,daolai.light.qp320,daolai.light.qp320.png,
照明,道来,熠世华彩吸顶灯,daolai.light.xd340,daolai.light.xd340.png,
照明,道来,熠世华彩射灯,daolai.light.sd330,daolai.light.sd330.png,
照明,道来,熠世华彩流光LED灯泡V1,daolai.light.qp350,daolai.light.qp350.png,
照明,道韦,道韦DL系列智能筒射灯,daowei.light.wy0a02,daowei.light.wy0a02.png,
照明,遥景,XGY智能节律灯带(蓝牙版)2.0,xgyzm.light.lmpxgy,xgyzm.light.lmpxgy.png,
照明,邮科通信,邮科通信智能调光灯,qimi.light.wy0a01,qimi.light.wy0a01.png,
照明,釆影,采影智能筒射灯,klgzm.light.wy0a02,klgzm.light.wy0a02.png,
照明,金云智联,金云智联灯带驱动器X1（PLC版）,ksc.light.px1ls,ksc.light.px1ls.png,
照明,金百丽,金百丽智能单色灯,xbzhm.light.w00a01,xbzhm.light.w00a01.png,
照明,金百丽,金百丽智能双色灯,xbzhm.light.wy0a01,xbzhm.light.wy0a01.png,
照明,金百丽灯饰,金百丽智能吊灯,jbl123.light.wy0a04,jbl123.light.wy0a04.png,
照明,金百丽灯饰,金百丽智能吸顶灯,jbl123.light.wy0a05,jbl123.light.wy0a05.png,
照明,金百丽灯饰,金百丽智能灯带,jbl123.light.wy0a03,jbl123.light.wy0a03.png,
照明,金百丽灯饰,金百丽智能筒射灯,jbl123.light.wy0a01,jbl123.light.wy0a01.png,
照明,金竞,金竞情景智能灯带SH2.0,bl6969.light.wy0a01,bl6969.light.wy0a01.png,
照明,金郃光,金郃光智能吸顶灯,luse.light.wy0a01,luse.light.wy0a01.png,
照明,鑫诺仕,鑫诺仕台灯（Mesh2.0）,xinuos.light.xnsttm,xinuos.light.xnsttm.png,
照明,铂刻之光,铂刻之光智能灯带,bokee.light.wy0a03,bokee.light.wy0a03.png,
照明,铂刻之光,铂刻之光智能磁吸灯,bokee.light.wy0a02,bokee.light.wy0a02.png,
照明,铂刻之光,铂刻之光智能筒射灯,bokee.light.wy0a01,bokee.light.wy0a01.png,
照明,铂刻之光,铂刻之光磁吸灯Ultra,bokee.light.bkcxd,bokee.light.bkcxd.png,
照明,铂刻之光,铂刻之光筒射灯Ultra,bokee.light.bktsd,bokee.light.bktsd.png,
照明,长城,长城智能吸顶灯PRO,ccdq.light.c01,ccdq.light.c01.png,
照明,阳光照明,阳光智能Mesh色温灯,yankon.light.ykmesh,yankon.light.ykmesh.png,
照明,阳光照明,阳光智能吸顶灯1,yankon.light.wy0a01,yankon.light.wy0a01.png,
照明,阳光照明,阳光智能吸顶灯Pro,yankon.light.wy0a02,yankon.light.wy0a02.png,
照明,阳光照明,阳光智能射灯,yankon.light.yktsd,yankon.light.yktsd.png,
照明,阳光照明,阳光智能灯带,yankon.light.ykdd,yankon.light.ykdd.png,
照明,阳光照明,阳光智能灯泡,yankon.light.ykqpd,yankon.light.ykqpd.png,
照明,阳光照明,阳光智能筒灯,yankon.light.yktd,yankon.light.yktd.png,
照明,阳光照明,阳光智能轨道灯,yankon.light.cxgdd,yankon.light.cxgdd.png,
照明,雁派,雁派智能射灯（Mesh2.0）,zlyj88.light.ypsdm,zlyj88.light.ypsdm.png,
照明,雁派,雁派智能灯带（Mesh2.0）,zlyj88.light.ypddm,zlyj88.light.ypddm.png,
照明,雁派,雁派智能筒灯（Mesh2.0）,zlyj88.light.yptdm,zlyj88.light.yptdm.png,
照明,雅点,雅点智能筒射灯（Mesh2.0）,jiadi0.light.v8hsm3,jiadi0.light.v8hsm3.png,
照明,雨林,智慧照明,raile.light.zhzm1,raile.light.zhzm1.png,
照明,雷克,雷克智能灯带,leike.light.wy0a01,leike.light.wy0a01.png,
照明,雷克,雷克智能筒射灯,leike.light.wy0a03,leike.light.wy0a03.png,
照明,雷卡之星,雷卡之星智能情景灯带,lkzm.light.wy0a02,lkzm.light.wy0a02.png,
照明,雷卡之星,雷卡之星智能磁吸灯,lkzm.light.wy0a03,lkzm.light.wy0a03.png,
照明,雷卡之星,雷卡之星智能筒射灯,lkzm.light.wy0a01,lkzm.light.wy0a01.png,
照明,雷士,雷士LED智能吸顶灯,leishi.light.eps112,leishi.light.eps112.png,
照明,雷士,雷士人体存在筒射灯,leishi.light.lsrctd,leishi.light.lsrctd.png,
照明,雷士,雷士卧室风扇灯,leishi.light.fsdc3,leishi.light.fsdc3.png,
照明,雷士,雷士叠影LED吸顶灯,leishi.light.esp114,leishi.light.esp114.png,
照明,雷士,雷士吸顶灯pro,leishi.light.nvc001,leishi.light.nvc001.png,
照明,雷士,雷士无叶清风灯,leishi.light.wyqfd,leishi.light.wyqfd.png,
照明,雷士,雷士智能LED护眼落地灯,leishi.light.lsmdld,leishi.light.lsmdld.png,
照明,雷士,雷士智能LED辅助灯,leishi.light.eps120,leishi.light.eps120.png,
照明,雷士,雷士智能LED辅灯,leishi.light.wy0a03,leishi.light.wy0a03.png,
照明,雷士,雷士智能RGB灯带,leishi.light.eps123,leishi.light.eps123.png,
照明,雷士,雷士智能led吸顶灯pro,leishi.light.eps127,leishi.light.eps127.png,
照明,雷士,雷士智能主辅灯饰,leishi.light.eps119,leishi.light.eps119.png,
照明,雷士,雷士智能光源模组,leishi.light.wy0a09,leishi.light.wy0a09.png,
照明,雷士,雷士智能光源模组（Mesh版）,leishi.light.gyb11,leishi.light.gyb11.png,
照明,雷士,雷士智能光源模组（WiFi版）,leishi.light.gydtc3,leishi.light.gydtc3.png,
照明,雷士,雷士智能全色域吸顶灯,leishi.light.rgb001,leishi.light.rgb001.png,
照明,雷士,雷士智能北欧吸顶灯,leishi.light.eps115,leishi.light.eps115.png,
照明,雷士,雷士智能卧室风扇灯,leishi.light.fan01,leishi.light.fan01.png,
照明,雷士,雷士智能台灯,leishi.light.wy0b01,leishi.light.wy0b01.png,
照明,雷士,雷士智能台灯N1,leishi.light.lstd01,leishi.light.lstd01.png,
照明,雷士,雷士智能台灯V1,leishi.light.t1,leishi.light.t1.png,
照明,雷士,雷士智能吊灯,leishi.light.eps116,leishi.light.eps116.png,
照明,雷士,雷士智能吸顶灯,leishi.light.wy0a08,leishi.light.wy0a08.png,
照明,雷士,雷士智能吸顶灯pro,leishi.light.wy0a10,leishi.light.wy0a10.png,
照明,雷士,雷士智能吸顶灯（智睿款）,leishi.light.wy0c01,leishi.light.wy0c01.png,
照明,雷士,雷士智能吸顶灯（智臻款）,leishi.light.wy0c02,leishi.light.wy0c02.png,
照明,雷士,雷士智能射灯,leishi.light.eps117,leishi.light.eps117.png,
照明,雷士,雷士智能彩光灯带,leishi.light.rgba02,leishi.light.rgba02.png,
照明,雷士,雷士智能彩光灯泡,leishi.light.rgba03,leishi.light.rgba03.png,
照明,雷士,雷士智能感应平板灯,leishi.light.v11ilw,leishi.light.v11ilw.png,
照明,雷士,雷士智能护眼灯饰,leishi.light.eps129,leishi.light.eps129.png,
照明,雷士,雷士智能护眼灯饰B1,leishi.light.126b1,leishi.light.126b1.png,
照明,雷士,雷士智能护眼灯饰pro,leishi.light.eps132,leishi.light.eps132.png,
照明,雷士,雷士智能护眼风扇灯,leishi.light.eps131,leishi.light.eps131.png,
照明,雷士,雷士智能无主灯,leishi.light.eps122,leishi.light.eps122.png,
照明,雷士,雷士智能无主灯pro,leishi.light.wzdc3,leishi.light.wzdc3.png,
照明,雷士,雷士智能灯带,leishi.light.wy0a07,leishi.light.wy0a07.png,
照明,雷士,雷士智能灯带Pro,leishi.light.tdc3,leishi.light.tdc3.png,
照明,雷士,雷士智能灯带V,leishi.light.eps128,leishi.light.eps128.png,
照明,雷士,雷士智能灯泡,leishi.light.rgba01,leishi.light.rgba01.png,
照明,雷士,雷士智能灯饰,leishi.light.wy0a06,leishi.light.wy0a06.png,
照明,雷士,雷士智能灯饰N,leishi.light.fgl,leishi.light.fgl.png,
照明,雷士,雷士智能灯饰V,leishi.light.126pro,leishi.light.126pro.png,
照明,雷士,雷士智能灯饰max,leishi.light.eps124,leishi.light.eps124.png,
照明,雷士,雷士智能灯饰pro,leishi.light.eps126,leishi.light.eps126.png,
照明,雷士,雷士智能玉米泡,leishi.light.wy0a04,leishi.light.wy0a04.png,
照明,雷士,雷士智能球泡,leishi.light.wy0a01,leishi.light.wy0a01.png,
照明,雷士,雷士智能筒射灯,leishi.light.cw0a01,leishi.light.cw0a01.png,
照明,雷士,雷士智能筒射灯 Mesh2.0,leishi.light.lsilm,leishi.light.lsilm.png,
照明,雷士,雷士智能筒射灯Pro,leishi.light.cwtsd,leishi.light.cwtsd.png,
照明,雷士,雷士智能筒射灯（Mesh2.0）,leishi.light.tsdpro,leishi.light.tsdpro.png,
照明,雷士,雷士智能筒灯,leishi.light.wy0a02,leishi.light.wy0a02.png,
照明,雷士,雷士智能面板灯,leishi.light.wy0a05,leishi.light.wy0a05.png,
照明,雷士,雷士智能风扇灯pro,leishi.light.nvc002,leishi.light.nvc002.png,
照明,雷士,雷士智能风扇灯（智逸款）,leishi.light.wyfa02,leishi.light.wyfa02.png,
照明,雷士,雷士智能风扇灯（智雅款）,leishi.light.wyfao1,leishi.light.wyfao1.png,
照明,雷士,雷士月影LED吸顶灯,leishi.light.yying,leishi.light.yying.png,
照明,雷士,雷士未来光-声光ultra,leishi.light.muying,leishi.light.muying.png,
照明,雷士,雷士未来光Ultra客厅灯,leishi.light.rgb002,leishi.light.rgb002.png,
照明,雷士,雷士满天星LED吸顶灯,leishi.light.eps113,leishi.light.eps113.png,
照明,雷士,雷士空净清风灯,leishi.light.wyfa05,leishi.light.wyfa05.png,
照明,雷士,雷士立式学习灯,leishi.light.lsxxd,leishi.light.lsxxd.png,
照明,雷士,雷士超薄风扇灯,leishi.light.cbfsd,leishi.light.cbfsd.png,
照明,雷士,雷士超薄风扇灯N,leishi.light.cbfsd2,leishi.light.cbfsd2.png,
照明,雷士,雷士风扇灯,leishi.light.eps121,leishi.light.eps121.png,
照明,雷士,雷士风扇灯pro,leishi.light.eps125,leishi.light.eps125.png,
照明,雷士,雷士鸟巢LED吸顶灯,leishi.light.nest,leishi.light.nest.png,
照明,雷士照明,雷士光屿吸顶灯,nvcsmt.light.wxd101,nvcsmt.light.wxd101.png,
照明,雷士照明,雷士双色筒射灯Pro,nvcsmt.light.bas205,nvcsmt.light.bas205.png,
照明,雷士照明,雷士家居智能吸顶灯 V1,nvcsmt.light.fxj203,nvcsmt.light.fxj203.png,
照明,雷士照明,雷士家居智能吸顶灯 V2,nvcsmt.light.fxj204,nvcsmt.light.fxj204.png,
照明,雷士照明,雷士家居智能淡彩光灯饰,nvcsmt.light.fzj501,nvcsmt.light.fzj501.png,
照明,雷士照明,雷士智能双色温灯带,nvcsmt.light.dbs203,nvcsmt.light.dbs203.png,
照明,雷士照明,雷士智能双色温灯带Pro,nvcsmt.light.dbs202,nvcsmt.light.dbs202.png,
照明,雷士照明,雷士智能射灯M90,nvcsmt.light.bas204,nvcsmt.light.bas204.png,
照明,雷士照明,雷士智能无叶风扇灯,nvcsmt.light.ffs201,nvcsmt.light.ffs201.png,
照明,雷士照明,雷士智能无叶风扇灯Pro,nvcsmt.light.ffs202,nvcsmt.light.ffs202.png,
照明,雷士照明,雷士智能灯带（单调光）,nvcsmt.light.bds101,nvcsmt.light.bds101.png,
照明,雷士照明,雷士智能磁吸导轨射灯,nvcsmt.light.bss201,nvcsmt.light.bss201.png,
照明,雷士照明,雷士智能磁吸导轨格栅灯,nvcsmt.light.bcs203,nvcsmt.light.bcs203.png,
照明,雷士照明,雷士智能磁吸导轨洗墙灯,nvcsmt.light.bcs204,nvcsmt.light.bcs204.png,
照明,雷士照明,雷士智能磁吸导轨线性灯,nvcsmt.light.bcs202,nvcsmt.light.bcs202.png,
照明,雷士照明,雷士智能磁吸轨道灯,nvcsmt.light.bcs201,nvcsmt.light.bcs201.png,
照明,雷士照明,雷士智能筒射灯L90,nvcsmt.light.bas206,nvcsmt.light.bas206.png,
照明,雷士照明,雷士智能筒射灯M01Pro,nvcsmt.light.bas208,nvcsmt.light.bas208.png,
照明,雷士照明,雷士智能筒射灯（M系列）,nvcsmt.light.bts202,nvcsmt.light.bts202.png,
照明,雷士照明,雷士智能筒射灯（单调光）,nvcsmt.light.bts101,nvcsmt.light.bts101.png,
照明,雷士照明,雷士浮光餐吊灯,nvcsmt.light.wzs101,nvcsmt.light.wzs101.png,
照明,雷士照明,雷士皓彩智能风扇灯,nvcsmt.light.ffs101,nvcsmt.light.ffs101.png,
照明,雷施顿照明,雷施顿智能筒射灯 Mesh,lesdn.light.wy0a02,lesdn.light.wy0a02.png,
照明,雷迈阳光,雷迈智能筒射灯,leimai.light.wy0a01,leimai.light.wy0a01.png,
照明,靓度照明,靓度智能筒射灯Mesh2.0,xldzm.light.xldts1,xldzm.light.xldts1.png,
照明,领灿,领灿智能灯带,lczmlc.light.wy0a02,lczmlc.light.wy0a02.png,
照明,飞利浦,智睿LED筒灯 调光版,philips.light.dlight,philips.light.dlight.png,
照明,飞利浦,智睿吸顶灯 北欧款 卧室28W,philips.light.mceils,philips.light.mceils.png,
照明,飞利浦,智睿吸顶灯 北欧款 卧室40W,philips.light.mceilm,philips.light.mceilm.png,
照明,飞利浦,智睿吸顶灯 北欧款 客厅80W,philips.light.mceil,philips.light.mceil.png,
照明,飞利浦,智睿吸顶灯 星钻 卧室28W,philips.light.xzceis,philips.light.xzceis.png,
照明,飞利浦,智睿吸顶灯 星钻 卧室40W,philips.light.xzceim,philips.light.xzceim.png,
照明,飞利浦,智睿吸顶灯 星钻 客厅80W,philips.light.xzceil,philips.light.xzceil.png,
照明,飞利浦,智睿吸顶灯 流萤 卧室28W,philips.light.sceils,philips.light.sceils.png,
照明,飞利浦,智睿吸顶灯 流萤 卧室40W,philips.light.sceilm,philips.light.sceilm.png,
照明,飞利浦,智睿吸顶灯 流萤 客厅80W,philips.light.sceil,philips.light.sceil.png,
照明,飞利浦,智睿吸顶灯 黑曜石 卧室28W,philips.light.obceis,philips.light.obceis.png,
照明,飞利浦,智睿吸顶灯 黑曜石 卧室40W,philips.light.obceim,philips.light.obceim.png,
照明,飞利浦,智睿吸顶灯 黑曜石 客厅80W,philips.light.obceil,philips.light.obceil.png,
照明,飞利浦,智睿彩光灯带,philips.light.strip2,philips.light.strip2.png,
照明,飞利浦,智睿读写台灯 Wi-Fi版,philips.light.sread4,philips.light.sread4.png,
照明,飞利浦,飞利浦F9 Lite落地灯,philips.light.fl,philips.light.fl.png,
照明,飞利浦,飞利浦F9落地灯,philips.light.street,philips.light.street.png,
照明,飞利浦,飞利浦V5吸顶灯 140W,signfy.light.ce13yx,signfy.light.ce13yx.png,
照明,飞利浦,飞利浦V5吸顶灯 50W,signfy.light.ce48yx,signfy.light.ce48yx.png,
照明,飞利浦,飞利浦V5吸顶灯 65W,signfy.light.ce60yx,signfy.light.ce60yx.png,
照明,飞利浦,飞利浦V7吸顶灯 140W,signfy.light.ce14v7,signfy.light.ce14v7.png,
照明,飞利浦,飞利浦V7吸顶灯 50W,signfy.light.ce50v7,signfy.light.ce50v7.png,
照明,飞利浦,飞利浦V7吸顶灯 80W,signfy.light.ce80v7,signfy.light.ce80v7.png,
照明,飞利浦,飞利浦一体式智能吸顶灯160W,signfy.light.cc0xy5,signfy.light.cc0xy5.png,
照明,飞利浦,飞利浦品逸吸顶灯 130W,philips.light.ce130c,philips.light.ce130c.png,
照明,飞利浦,飞利浦安瑞系列-C9卧室吸顶灯55W,philips.light.ecl01,philips.light.ecl01.png,
照明,飞利浦,飞利浦安瑞系列-C9客厅吸顶灯120W,philips.light.eceil,philips.light.eceil.png,
照明,飞利浦,飞利浦安瑞系列-C9面板灯24W,philips.light.epan,philips.light.epan.png,
照明,飞利浦,飞利浦小白吸顶灯 160W,signfy.light.ce16xb,signfy.light.ce16xb.png,
照明,飞利浦,飞利浦小白吸顶灯 48W,signfy.light.ce48xb,signfy.light.ce48xb.png,
照明,飞利浦,飞利浦小白吸顶灯 60W,signfy.light.ce60xb,signfy.light.ce60xb.png,
照明,飞利浦,飞利浦悦璃圆形吸顶灯 48W,signfy.light.ce4yyl,signfy.light.ce4yyl.png,
照明,飞利浦,飞利浦悦璃正方吸顶灯 48W,signfy.light.ce4fyl,signfy.light.ce4fyl.png,
照明,飞利浦,飞利浦悦璃长方吸顶灯 140W,signfy.light.ce14yl,signfy.light.ce14yl.png,
照明,飞利浦,飞利浦明简吸顶灯 160W,signfy.light.ce16mj,signfy.light.ce16mj.png,
照明,飞利浦,飞利浦明简吸顶灯 48W,signfy.light.ce48mg,signfy.light.ce48mg.png,
照明,飞利浦,飞利浦星河吸顶灯 140W,signfy.light.ce13my,signfy.light.ce13my.png,
照明,飞利浦,飞利浦星河吸顶灯 50W,signfy.light.ce48my,signfy.light.ce48my.png,
照明,飞利浦,飞利浦星河吸顶灯 65W,signfy.light.ce60my,signfy.light.ce60my.png,
照明,飞利浦,飞利浦星环吸顶灯 36W,philips.light.ce36c,philips.light.ce36c.png,
照明,飞利浦,飞利浦星环吸顶灯 48W,philips.light.ce48c,philips.light.ce48c.png,
照明,飞利浦,飞利浦星环吸顶灯 80W,philips.light.ce80c,philips.light.ce80c.png,
照明,飞利浦,飞利浦智奕台灯,philips.light.zysread,philips.light.zysread.png,
照明,飞利浦,飞利浦智奕吸顶灯,philips.light.zyceiling,philips.light.zyceiling.png,
照明,飞利浦,飞利浦智奕吸顶灯 流年G2 卧室28W,philips.light.boc3,philips.light.boc3.png,
照明,飞利浦,飞利浦智奕吸顶灯 流年G2 卧室40W,philips.light.boc2,philips.light.boc2.png,
照明,飞利浦,飞利浦智奕吸顶灯 流年G2 客厅80W,philips.light.boc1,philips.light.boc1.png,
照明,飞利浦,飞利浦智奕吸顶灯 流年版 卧室28W,philips.light.lnblight2,philips.light.lnblight2.png,
照明,飞利浦,飞利浦智奕吸顶灯 流年版 卧室40W,philips.light.lnblight1,philips.light.lnblight1.png,
照明,飞利浦,飞利浦智奕吸顶灯 流年版 客厅80W,philips.light.lnlrlight,philips.light.lnlrlight.png,
照明,飞利浦,飞利浦智奕灯带,philips.light.zystrip,philips.light.zystrip.png,
照明,飞利浦,飞利浦智睿台灯,philips.light.mono1,philips.light.mono1.png,
照明,飞利浦,飞利浦智睿台灯2S,philips.light.sread6,philips.light.sread6.png,
照明,飞利浦,飞利浦智睿台灯二代,philips.light.sread1,philips.light.sread1.png,
照明,飞利浦,飞利浦智睿吸顶灯,philips.light.ceiling,philips.light.ceiling.png,
照明,飞利浦,飞利浦智睿吸顶灯 月白 卧室28W,philips.light.yb3,philips.light.yb3.png,
照明,飞利浦,飞利浦智睿吸顶灯 月白 卧室40W,philips.light.yb2,philips.light.yb2.png,
照明,飞利浦,飞利浦智睿吸顶灯 月白 客厅80W,philips.light.yb1,philips.light.yb1.png,
照明,飞利浦,飞利浦智睿吸顶灯 流萤版G2 大卧室,philips.light.lying3,philips.light.lying3.png,
照明,飞利浦,飞利浦智睿吸顶灯 流萤版G2 大客厅,philips.light.lying1,philips.light.lying1.png,
照明,飞利浦,飞利浦智睿吸顶灯 流萤版G2 小卧室,philips.light.lying4,philips.light.lying4.png,
照明,飞利浦,飞利浦智睿吸顶灯 流萤版G2 小客厅,philips.light.lying2,philips.light.lying2.png,
照明,飞利浦,飞利浦智睿吸顶灯 简约版 卧室28W,philips.light.bceil2,philips.light.bceil2.png,
照明,飞利浦,飞利浦智睿吸顶灯 简约版 卧室40W,philips.light.bceil1,philips.light.bceil1.png,
照明,飞利浦,飞利浦智睿吸顶灯 简约版 客厅80W,philips.light.bceil,philips.light.bceil.png,
照明,飞利浦,飞利浦智睿吸顶灯 简约版G2 大卧室,philips.light.ceilz1,philips.light.ceilz1.png,
照明,飞利浦,飞利浦智睿吸顶灯 简约版G2 大客厅,philips.light.ceilz3,philips.light.ceilz3.png,
照明,飞利浦,飞利浦智睿吸顶灯 简约版G2 小卧室,philips.light.ceilz,philips.light.ceilz.png,
照明,飞利浦,飞利浦智睿吸顶灯 简约版G2 小客厅,philips.light.ceilz2,philips.light.ceilz2.png,
照明,飞利浦,飞利浦智睿吸顶灯 魅影 卧室28W,philips.light.mm3,philips.light.mm3.png,
照明,飞利浦,飞利浦智睿吸顶灯 魅影 卧室40W,philips.light.mm2,philips.light.mm2.png,
照明,飞利浦,飞利浦智睿吸顶灯 魅影 客厅80W,philips.light.mm1,philips.light.mm1.png,
照明,飞利浦,飞利浦智睿床头灯,philips.light.moonlight,philips.light.moonlight.png,
照明,飞利浦,飞利浦智睿球泡灯,philips.light.bulb,philips.light.bulb.png,
照明,飞利浦,飞利浦智睿筒灯,philips.light.downlight,philips.light.downlight.png,
照明,飞利浦,飞利浦智睿蜡烛灯泡 小螺口水晶版,philips.light.candle2,philips.light.candle2.png,
照明,飞利浦,飞利浦智睿蜡烛灯泡 小螺口磨砂版,philips.light.candle,philips.light.candle.png,
照明,飞利浦,飞利浦智睿跌倒检测面板灯,philips.light.flat,philips.light.flat.png,
照明,飞利浦,飞利浦智秀台灯,philips.light.sread8,philips.light.sread8.png,
照明,飞利浦,飞利浦智能吸顶灯,philips.light.ceilfi,philips.light.ceilfi.png,
照明,飞利浦,飞利浦智能吸顶灯160W,signfy.light.cc0sj5,signfy.light.cc0sj5.png,
照明,飞利浦,飞利浦智能吸顶灯200W,signfy.light.cc0hy6,signfy.light.cc0hy6.png,
照明,飞利浦,飞利浦智能吸顶灯60W,signfy.light.cc0sj2,signfy.light.cc0sj2.png,
照明,飞利浦,飞利浦智能射灯_Mify630,signfy.light.dm0yz5,signfy.light.dm0yz5.png,
照明,飞利浦,飞利浦智能射灯_Mify650,signfy.light.dm0ys1,signfy.light.dm0ys1.png,
照明,飞利浦,飞利浦智能射灯_Mify670,signfy.light.dm0ys2,signfy.light.dm0ys2.png,
照明,飞利浦,飞利浦智能格栅射灯_Mify630,signfy.light.dm0ys3,signfy.light.dm0ys3.png,
照明,飞利浦,飞利浦智能灯带_Mify SD100W TW,signfy.light.sm0yz2,signfy.light.sm0yz2.png,
照明,飞利浦,飞利浦智能灯带_Mify SD200W TW,signfy.light.sm0yz1,signfy.light.sm0yz1.png,
照明,飞利浦,飞利浦智能筒射灯_Mify620,signfy.light.dm0yz1,signfy.light.dm0yz1.png,
照明,飞利浦,飞利浦智能筒射灯_Mify625,signfy.light.dm0yz3,signfy.light.dm0yz3.png,
照明,飞利浦,飞利浦漫反射智能吸顶灯130W | 皓柔,signfy.light.cc0lu0,signfy.light.cc0lu0.png,
照明,飞利浦,飞利浦盈乐吸顶灯 130W,philips.light.ce130x,philips.light.ce130x.png,
照明,飞利浦,飞利浦盈乐吸顶灯 36W,philips.light.ce36x,philips.light.ce36x.png,
照明,飞利浦,飞利浦盈乐吸顶灯 80W,philips.light.ce80yc,philips.light.ce80yc.png,
照明,飞利浦,飞利浦知白吸顶灯 130W,philips.light.ce13zx,philips.light.ce13zx.png,
照明,飞利浦,飞利浦知白吸顶灯 48W,philips.light.ce48x,philips.light.ce48x.png,
照明,飞利浦,飞利浦知白吸顶灯 60W,signfy.light.ce60zw,signfy.light.ce60zw.png,
照明,飞利浦,飞利浦碳索环保吊灯,philips.light.pceil1,philips.light.pceil1.png,
照明,飞利浦,飞利浦落霞灯,philips.light.blue1,philips.light.blue1.png,
照明,飞利浦,飞利浦蓝天灯,philips.light.blue,philips.light.blue.png,
照明,飞利浦,飞利浦逸风吸顶灯 160W,signfy.light.ce16yf,signfy.light.ce16yf.png,
照明,飞利浦,飞利浦逸风吸顶灯 48W,signfy.light.ce48yf,signfy.light.ce48yf.png,
照明,飞利浦,飞利浦银晖吸顶灯 160W,signfy.light.ce16yh,signfy.light.ce16yh.png,
照明,飞利浦,飞利浦银晖吸顶灯 48W,signfy.light.ce48yh,signfy.light.ce48yh.png,
照明,馨光,XG彩光灯带,wainft.light.wyra01,wainft.light.wyra01.png,
照明,馨光,XG磁吸灯,wainft.light.wy0a02,wainft.light.wy0a02.png,
照明,馨光,馨光RGBCW幻彩灯带,wainft.light.rgbcwy,wainft.light.rgbcwy.png,
照明,馨光,馨光动感灯带(双色温),wainft.light.1123,wainft.light.1123.png,
照明,馨光,馨光动感灯带控制器(RGB),wainft.light.nrgbic,wainft.light.nrgbic.png,
照明,馨光,馨光声光影同步灯带,wainft.light.tvsyns,wainft.light.tvsyns.png,
照明,馨光,馨光智能灯,wainft.light.wy0a01,wainft.light.wy0a01.png,
照明,馨光,馨光智能灯V2,wainft.light.wy0a03,wainft.light.wy0a03.png,
照明,高事达,高事达PLC恒压灯带调光控制装置,gaosd.light.gsdlcw,gaosd.light.gsdlcw.png,
照明,高事达,高事达PLC磁吸轨道灯,gaosd.light.cxled,gaosd.light.cxled.png,
照明,高事达,高事达PLC调光控制装置,gaosd.light.cctled,gaosd.light.cctled.png,
照明,高灯大师,高灯大师节律智能筒射灯,gdds.light.wy0a02,gdds.light.wy0a02.png,
照明,鱼儿智家,鱼儿智家天空灯,yuerzj.light.wy0a01,yuerzj.light.wy0a01.png,
照明,鲁莱雅照明,鲁莱雅智能灯带（Mesh2.0）,cdlzm.light.llyddm,cdlzm.light.llyddm.png,
照明,鲁莱雅照明,鲁莱雅智能筒射灯（Mesh2.0）,cdlzm.light.llyznd,cdlzm.light.llyznd.png,
照明,鸿雁,鸿雁智能吸顶灯（Mesh2.0）,honyar.light.hyxddm,honyar.light.hyxddm.png,
照明,鸿雁,鸿雁智能家居灯V1,honyar.light.hy02,honyar.light.hy02.png,
照明,鸿雁,鸿雁智能射灯,honyar.light.th8zh2,honyar.light.th8zh2.png,
照明,鸿雁,鸿雁智能感应射灯,honyar.light.th8ld2,honyar.light.th8ld2.png,
照明,鸿雁,鸿雁智能感应筒灯,honyar.light.td8ld1,honyar.light.td8ld1.png,
照明,鸿雁,鸿雁智能感应面板灯,honyar.light.radar,honyar.light.radar.png,
照明,鸿雁,鸿雁智能感应风扇灯,honyar.light.hy01,honyar.light.hy01.png,
照明,鸿雁,鸿雁智能灯带V1,honyar.light.wy0a02,honyar.light.wy0a02.png,
照明,鸿雁,鸿雁智能灯带plus,honyar.light.v8hsm,honyar.light.v8hsm.png,
照明,鸿雁,鸿雁智能磁吸灯V1,honyar.light.wy0a03,honyar.light.wy0a03.png,
照明,鸿雁,鸿雁智能磁吸灯V2,honyar.light.hycxdm,honyar.light.hycxdm.png,
照明,鸿雁,鸿雁智能筒射灯DM1,honyar.light.tsdn1,honyar.light.tsdn1.png,
照明,鸿雁,鸿雁智能筒射灯V1,honyar.light.wy0a01,honyar.light.wy0a01.png,
照明,鸿雁,鸿雁智能筒射灯V2,honyar.light.hytsdm,honyar.light.hytsdm.png,
照明,鸿雁,鸿雁智能筒灯,honyar.light.td8zh1,honyar.light.td8zh1.png,
照明,鸿雁,鸿雁梵高系列 智能节律幻彩灯,honyar.light.tjdhoy,honyar.light.tjdhoy.png,
照明,鹿家良品LUUGAA,鹿家良品LED智能灯I,ylwl.light.luwgl2,ylwl.light.luwgl2.png,
照明,鹿家良品LUUGAA,鹿家良品LED智能灯II,ylwl.light.luwfgl,ylwl.light.luwfgl.png,
照明,鹿家良品LUUGAA,鹿家良品国王湖吊灯,ylwl.light.luwgel,ylwl.light.luwgel.png,
照明,黄白鹦调光灯,黄白鹦智能筒射灯,ywyg.light.wy1a01,ywyg.light.wy1a01.png,
照明,黑白调,黑白调儿童智能学习桌护眼灯 S2,hbada1.light.203,hbada1.light.203.png,
照明,龙胜,龙胜/AI全色域幻彩节律吸顶灯-42CM,longs.light.los420,longs.light.los420.png,
照明,龙胜,龙胜/AI全色域幻彩节律吸顶灯-56CM,longs.light.los560,longs.light.los560.png,
照明,龙胜,龙胜/AI全色域幻彩节律吸顶灯-长方,longs.light.losque,longs.light.losque.png,
照明,龙胜,龙胜智能射灯S3（Mesh2.0）,longs.light.lssd,longs.light.lssd.png,
照明,龙胜,龙胜智能灯带,longs.light.lsdd01,longs.light.lsdd01.png,
照明,龙胜,龙胜智能筒射灯,longs.light.lsts01,longs.light.lsts01.png,
照明,龙胜,龙胜智能筒射灯 Mesh2.0,longs.light.lsts02,longs.light.lsts02.png,
照明,龙胜,龙胜智能筒灯T2（Mesh2.0）,longs.light.lstd,longs.light.lstd.png,
照明,龙辕,龙辕情景智能筒射灯,chim.light.wy0a01,chim.light.wy0a01.png,
照明,简顿,简顿智能护眼灯带,704719.light.jddd,704719.light.jddd.png,
照明,简顿,简顿护眼筒射灯,704719.light.wy0a07,704719.light.wy0a07.png,
照明,AKG,AKG智能磁吸灯3.0,aikeji.light.wy0a04,aikeji.light.wy0a04.png,
照明,光缓,光缓智能淡彩光灯带Pro,alight.light.azdcdm,alight.light.azdcdm.png,
照明,ZXWL,ZXWL智能筒射灯3.0（超省电）,andi.light.wy0a04,andi.light.wy0a04.png,
照明,ZXWL,ZXWL智能磁吸灯3.0,andi.light.wy0a05,andi.light.wy0a05.png,
照明,Arclux,Arclux智能筒射灯（Mesh2.0）,arclux.light.aktsd,arclux.light.aktsd.png,
照明,ANXIANG,AX智能筒射灯,ax01.light.wy0a01,ax01.light.wy0a01.png,
照明,博尔美,博尔美智能RGBCW幻彩灯带,broway.light.bemcd,broway.light.bemcd.png,
照明,公牛,公牛吸顶灯XJ01-150W,bull.light.xj01a,bull.light.xj01a.png,
照明,公牛,公牛吸顶灯XJ01-55W,bull.light.xj01b,bull.light.xj01b.png,
照明,公牛,公牛吸顶灯XJ01-48W,bull.light.xj01c,bull.light.xj01c.png,
照明,公牛,公牛吸顶灯XJ03-225W,bull.light.xj03a,bull.light.xj03a.png,
照明,公牛,公牛吸顶灯XJ03-80W,bull.light.xj03b,bull.light.xj03b.png,
照明,公牛,公牛吸顶灯XJ03-55W,bull.light.xj03c,bull.light.xj03c.png,
照明,公牛,公牛吸顶灯XJ04-220W,bull.light.xj04a,bull.light.xj04a.png,
照明,公牛,公牛吸顶灯XJ04-55W,bull.light.xj04b,bull.light.xj04b.png,
照明,公牛,公牛吸顶灯XJ04-48W,bull.light.xj04c,bull.light.xj04c.png,
照明,西顿,西顿金山系列吊灯,cdn.light.xidbv2,cdn.light.xidbv2.png,
照明,万里扬,万里扬智能筒射灯,dijia.light.wy0a01,dijia.light.wy0a01.png,
照明,DINGJIAN,DINGJIAN智能筒射灯,djzm01.light.wy0a02,djzm01.light.wy0a02.png,
照明,灯乐美,灯乐美防眩护眼筒射灯,dlmz.light.wy0a03,dlmz.light.wy0a03.png,
照明,东刻,东刻智能筒射灯,doke.light.wy0b01,doke.light.wy0b01.png,
照明,WOTIE沃铁,沃铁超低功耗智能灯带（Mesh2.0）,drui.light.yljdd,drui.light.yljdd.png,
照明,飞雕,飞雕智淳智能灯带,feid.light.fddd,feid.light.fddd.png,
照明,冠华,冠华智能筒射灯,ghzm.light.ghtsd,ghzm.light.ghtsd.png,
照明,古晶光电,GJ智能双色灯带,gmm.light.wy0a05,gmm.light.wy0a05.png,
照明,noooe皓逸,皓逸全色域软膜灯氛围大师Color,haoyi.light.hoyrmo,haoyi.light.hoyrmo.png,
照明,noooe皓逸,皓逸智能望舒系列护眼吸顶灯,haoyi.light.wyrb01,haoyi.light.wyrb01.png,
照明,华艺照明,华艺照明智能磁吸灯,hyznzm.light.wy0a03,hyznzm.light.wy0a03.png,
照明,广州市宜琳照明电器有限公司,宜琳橱柜灯,ilin.light.cgd,ilin.light.cgd.png,
照明,KOPU,KOPU智能灯泡,kopu.light.wy0a02,kopu.light.wy0a02.png,
照明,lipro,lipro护眼吸顶灯,lipro.light.26x7,lipro.light.26x7.png,
照明,巴伦,BL智能吸顶灯F,login.light.wyrb01,login.light.wyrb01.png,
照明,龙胜,龙胜智能护眼吸顶灯-X1-长方,longs.light.lsxdd1,longs.light.lsxdd1.png,
照明,龙胜,龙胜智能护眼吸顶灯-X1-小圆,longs.light.lsxdd2,longs.light.lsxdd2.png,
照明,罗曼时光,罗曼时光智能灯带Ultra,luoman.light.lmdd1,luoman.light.lmdd1.png,
照明,罗曼时光,罗曼时光智能筒射灯Ultra,luoman.light.lmtsd1,luoman.light.lmtsd1.png,
照明,朗德万斯,朗德万斯智能磁吸灯,lvgmbh.light.lvcxd,lvgmbh.light.lvcxd.png,
照明,木林森照明,MLS星火智能筒射灯,mlszm.light.mlsts2,mlszm.light.mlsts2.png,
照明,木林森照明,MLS凌霄T02智能筒射灯,mlszm.light.mlsts4,mlszm.light.mlsts4.png,
照明,萌小光,萌小光智能筒射灯Ultra,mxg888.light.mxgts1,mxg888.light.mxgts1.png,
照明,小战,小战智能LED升降风扇灯,mxsh88.light.mxshfp,mxsh88.light.mxshfp.png,
照明,满星思维,满星思维S1-AI淡彩氛围流水灯带,mxsw.light.fsmrgb,mxsw.light.fsmrgb.png,
照明,JOCO,JOCO巨省电智能灯带（低功耗Mesh2.0）,nbxh.light.xhdd,nbxh.light.xhdd.png,
照明,雷士照明,雷士家居智能吸顶灯（单主光卧室）,nvcsmt.light.wxs201,nvcsmt.light.wxs201.png,
照明,雷士照明,雷士家居智能吸顶灯（单主光客厅）,nvcsmt.light.wxs202,nvcsmt.light.wxs202.png,
照明,雷士照明,雷士家居智能吸顶灯（主辅光卧室）,nvcsmt.light.wxs301,nvcsmt.light.wxs301.png,
照明,雷士照明,雷士家居智能吸顶灯（主辅光客厅）,nvcsmt.light.wxs302,nvcsmt.light.wxs302.png,
照明,三雄极光Pak,三雄极光风扇灯,pak.light.pak25,pak.light.pak25.png,
照明,柏曼,柏曼羽翼风扇灯,pbm.light.lfs004,pbm.light.lfs004.png,
照明,QINENG企能,QINENG智能磁吸灯,qnzm01.light.wy0a03,qnzm01.light.wy0a03.png,
照明,QISUMZJ,QISUMZJ超宽色域智能筒射灯,qszj.light.qszjs1,qszj.light.qszjs1.png,
照明,森磁科技,森磁智能磁吸轨道灯,senc.light.scim20,senc.light.scim20.png,
照明,侨升,侨升护眼筒射灯S2,shihao.light.wy0a03,shihao.light.wy0a03.png,
照明,飞利浦,飞利浦智能灯带_Mify SD60W TW,signfy.light.sm0yz4,signfy.light.sm0yz4.png,
照明,SEECANN,SEECANN淡彩光餐吊灯,skzm.light.dcdcdd,skzm.light.dcdcdd.png,
照明,SEECANN,SEECANN天际吸顶灯,skzm.light.sc560z,skzm.light.sc560z.png,
照明,知简,知简智能单色射灯,soron.light.w00a01,soron.light.w00a01.png,
照明,SASELAN,SASELAN人存灯带（Mesh2.0）,ssl.light.sslrcd,ssl.light.sslrcd.png,
照明,WGSE,WGSE智能吸顶灯,wgse.light.lcxdd,wgse.light.lcxdd.png,
照明,NEONEST,NEONEST X1灯带(多功能),xcwlj.light.xcdd1,xcwlj.light.xcdd1.png,
照明,流星线,流星线智能灯带,xdlzm.light.xdldd,xdlzm.light.xdldd.png,
照明,小米出品,米家吸顶灯C D40,xiaomi.light.cd40,xiaomi.light.cd40.png,
照明,小米出品,米家吸顶灯C L90,xiaomi.light.cl100,xiaomi.light.cl100.png,
照明,小米出品,米家台灯2 清视版,xiaomi.light.lamp38,xiaomi.light.lamp38.png,
照明,小米出品,米家筒灯3 Pro 人在感应版,xiaomi.light.r3pro,xiaomi.light.r3pro.png,
照明,小米出品,米家射灯3 Pro,xiaomi.light.s3pro,xiaomi.light.s3pro.png,
照明,小米出品,米家筒灯3 Pro,xiaomi.light.t3pro,xiaomi.light.t3pro.png,
照明,Yeelight,Yeelight纤玉PLUS智能吸顶灯客厅款,yeelink.light.ceil69,yeelink.light.ceil69.png,
照明,Yeelight,Yeelight纤玉PLUS智能吸顶灯卧室款,yeelink.light.ceil70,yeelink.light.ceil70.png,
照明,Yeelight,Yeelight歆影PLUS智能吸顶灯卧室款,yeelink.light.ceil73,yeelink.light.ceil73.png,
照明,Yeelight,Yeelight歆影PLUS智能吸顶灯客厅款,yeelink.light.ceil74,yeelink.light.ceil74.png,
照明,智和家,智和家 智能护眼吸顶灯,zhj.light.wy0a08,zhj.light.wy0a08.png,
照明,DW,DW智能双色全彩灯带（Mesh2.0）,zhuow.light.wzzncd,zhuow.light.wzzncd.png,
环境电器,AImLbS,AImLbS智能空调伴侣USB版,wiing.acpartner.ym02,wiing.acpartner.ym02.png,
环境电器,Aiasst,Aiasst水温度传感器A1（WiFi）,aizbot.watermon.wdj1,aizbot.watermon.wdj1.png,
环境电器,Boneylink,BONEYLINK三合一温控器,sxzn.airrtc.air01,sxzn.airrtc.air01.png,
环境电器,IGJ,IGJ智能除湿机,zjcskj.derh.v1,zjcskj.derh.v1.png,
环境电器,LONINK,朗宁VRF中央空调控制器ProAI Mesh2.0,lonink.airc.ln059a,lonink.airc.ln059a.png,
环境电器,NIMIN,nimin智能感应香薰机 i8 Pro,adream.diffuser.v1,adream.diffuser.v1.png,
环境电器,Nohoer,暖猴智能温控器A36,nhkj15.airrtc.hoer36,nhkj15.airrtc.hoer36.png,
环境电器,Nohoer,暖猴智能温控器G90,nhkj15.airrtc.hoer90,nhkj15.airrtc.hoer90.png,
环境电器,ODYSEC,ODYSEC环境监测仪,odysec.airm.oem001,odysec.airm.oem001.png,
环境电器,SOCHUANG,SoChuang三合一温控器Ultra,scdvb.airrtc.3in1v2,scdvb.airrtc.3in1v2.png,
环境电器,TLECO,TL温控器,telin.airrtc.tlwkq1,telin.airrtc.tlwkq1.png,
环境电器,YFNSEA,YFNSEA智能香薰机 JD02,yblxsm.diffuser.jd02,yblxsm.diffuser.jd02.png,
环境电器,ZHBAI,ZHBAI温控器（WiFi）,sznl.airrtc.rlwk,sznl.airrtc.rlwk.png,
环境电器,中弘,中弘VRF空调Ultra,qdhkl.airc.a19s,qdhkl.airc.a19s.png,
环境电器,中弘,中弘智能三合一全面屏温控器水机版,qdhkl.airrtc.ft18,qdhkl.airrtc.ft18.png,
环境电器,中弘,中弘智能三合一旋钮温控器MESH2.0,qdhkl.airrtc.t19,qdhkl.airrtc.t19.png,
环境电器,京东京造,京东京造家用除湿机OL20-BD068BF,jdjz.derh.0l20,jdjz.derh.0l20.png,
环境电器,北极猫,北极猫智能零冷水温控器,hevo.airrtc.hw75pr,hevo.airrtc.hw75pr.png,
环境电器,喵动力,喵动力壁挂循环扇FA9,flashm.fan.fa9,flashm.fan.fa9.png,
环境电器,喵动力,喵动力手持桌面二合一风扇608,flashm.fan.608,flashm.fan.608.png,
环境电器,喵动力,喵动力桌面循环扇S35,flashm.fan.s35,flashm.fan.s35.png,
环境电器,小米出品,中央空调Pro（适用于米家中央空调）,xiaomi.airc.3rf2r1,xiaomi.airc.3rf2r1.png,
环境电器,小米出品,空调 巨省电 立式5匹一级能效,xiaomi.airc.rrsr00,xiaomi.airc.rrsr00.png,
环境电器,小米出品,米家净化加湿器3 Pro,xiaomi.humidifier.ha2,xiaomi.humidifier.ha2.png,
环境电器,小米出品,米家无雾加湿器3 1500mL/h,xiaomi.humidifier.p1500,xiaomi.humidifier.p1500.png,
环境电器,小米出品,米家石墨烯智能电暖器,xiaomi.heater.ma4b,xiaomi.heater.ma4b.png,
环境电器,小米出品,米家石墨烯暖风机,xiaomi.heater.ma8b,xiaomi.heater.ma8b.png,
环境电器,小米出品,米家石墨烯踢脚线电暖器 2,xiaomi.heater.ma7b,xiaomi.heater.ma7b.png,
环境电器,小米出品,米家石墨烯踢脚线电暖器 2 加湿版,xiaomi.heater.ma9b,xiaomi.heater.ma9b.png,
环境电器,小米出品,米家空气净化器 4 Lite,xiaomi.airp.rma4,xiaomi.airp.rma4.png,
环境电器,小米出品,米家空气净化器 5S,xiaomi.airp.va3a,xiaomi.airp.va3a.png,
环境电器,希崖,希崖空调插座伴侣XyAir,xydq.acpartner.xiya02,xydq.acpartner.xiya02.png,
环境电器,康慕林,康慕林壁炉电暖器,kms.heater.kmlv1,kms.heater.kmlv1.png,
环境电器,康玛特,Komacht低温空气源热泵空调温控器,kmt.airrtc.xxx002,kmt.airrtc.xxx002.png,
环境电器,松下,松下加湿空气净化器F-65C6VX,pesgd.airp.65c6vx,pesgd.airp.65c6vx.png,
环境电器,树色,树色PM2.5粉尘检测仪（WiFi 6）,shuse.airm.ss063,shuse.airm.ss063.png,
环境电器,树色,树色甲醛检测仪（WiFi 6）,shuse.airm.ss062,shuse.airm.ss062.png,
环境电器,浅草,浅草织梦香薰机pro,kegao.diffuser.gream,kegao.diffuser.gream.png,
环境电器,炎米,炎米智能便携循环扇Y1,ym001.fan.ymfs1,ym001.fan.ymfs1.png,
环境电器,炎米,炎米智能循环扇Y1,ym001.fan.ymfs2,ym001.fan.ymfs2.png,
环境电器,炎米,炎米智能手持风扇Lite,ym001.fan.y1lite,ym001.fan.y1lite.png,
环境电器,百奥,百奥除湿机PD-V110,parkoo.derh.cf138b,parkoo.derh.cf138b.png,
环境电器,诗墨科技,诗墨科技鱼缸水质检测器,poemik.watermon.9,poemik.watermon.9.png,
环境电器,贝昂,贝昂空气净化器X7PM Pro,airdog.airp.x7ppro,airdog.airp.x7ppro.png,
环境电器,金羚,金羚智能夜灯排气扇,jmjl.fan.jlpqs,jmjl.fan.jlpqs.png,
环境电器,零狗智能,零狗智能青春版温控器ST843,linked.airrtc.st843,linked.airrtc.st843.png,
环境电器,零狗智能,零狗智能青春版温控器ST851,linked.airrtc.st851,linked.airrtc.st851.png,
环境电器,麒石,麒石空调面板遥控器A3,yzjkj.acpartner.a3,yzjkj.acpartner.a3.png,
环境电器,麦德凯,麦德凯MDK智能热泵温控器,mdk00.airrtc.xhxto1,mdk00.airrtc.xhxto1.png,
环境电器,352,352甲醛检测仪M30,bj352.airmonitor.m30,bj352.airmonitor.m30.png,
环境电器,352,352空气净化器Y106,bj352.airp.y106m,bj352.airp.y106m.png,
环境电器,352,352空气净化器Y106C,bj352.airp.y106cm,bj352.airp.y106cm.png,
环境电器,AImLbS,AImLbS智能空调伴侣,wiing.acpartner.ym01,wiing.acpartner.ym01.png,
环境电器,AUPU奥普,奥普厨房空调KC-26/A,aupu.aircondition.kc26a,aupu.aircondition.kc26a.png,
环境电器,AUX 奥克斯,奥克斯智能空调1,aux.aircondition.hc1,aux.aircondition.hc1.png,
环境电器,AUX 奥克斯,奥克斯智能空调2,aux.aircondition.v1,aux.aircondition.v1.png,
环境电器,Aqara,Aqara 空调伴侣(升级版),lumi.acpartner.v3,lumi.acpartner.v3.png,
环境电器,Aqara,Aqara 空调伴侣,lumi.acpartner.v1,lumi.acpartner.v1.png,
环境电器,Aqara,VRF空调控制器,lumi.airrtc.vrfegl01,lumi.airrtc.vrfegl01.png,
环境电器,Aqara,空调温控器,lumi.airrtc.tcpecn01,lumi.airrtc.tcpecn01.png,
环境电器,Aqara,空调温控器 S2,lumi.airrtc.tcpecn02,lumi.airrtc.tcpecn02.png,
环境电器,BEANCOMM,深渡智能直连温控器,bean.airrtc.sd01,bean.airrtc.sd01.png,
环境电器,BLEMOFF,BLEMOFF智能循环扇,jlk.fan.jlkf1,jlk.fan.jlkf1.png,
环境电器,BOFON,BOFON智能空调遥控器,lmkj.acpartner.bf1001,lmkj.acpartner.bf1001.png,
环境电器,BOFON,BOFON空调遥控器PRO（温湿度版）,lmkj.acpartner.wsd001,lmkj.acpartner.wsd001.png,
环境电器,BUSAYTY,BUSAYTY空调伴侣(USB版本),iot.acpartner.x2,iot.acpartner.x2.png,
环境电器,BUSAYTY,BUSAYTY空调伴侣(插座版本),iot.acpartner.x1,iot.acpartner.x1.png,
环境电器,BUSYPIGGY,比赛小猪取暖器,gydzkj.heater.xzqnq,gydzkj.heater.xzqnq.png,
环境电器,BUSYPIGGY,比赛小猪水冷塔扇（WiFi）,gydzkj.fan.xzfsw,gydzkj.fan.xzfsw.png,
环境电器,CNHDM,CNHDM温控器168M（WIFI）,cnhdm.airrtc.wkq01,cnhdm.airrtc.wkq01.png,
环境电器,DELIXI electric,德力西电气空调伴侣M03,dlx.acpartner.deim03,dlx.acpartner.deim03.png,
环境电器,DGUK,DGUK冰冰空调扇F1,woop12.fan.ldcf,woop12.fan.ldcf.png,
环境电器,DigSmart,DigSmart中央空调控制器,demry.airc.temp,demry.airc.temp.png,
环境电器,DigSmart,DigSmart中央空调线控器,demry.airc.tempp,demry.airc.tempp.png,
环境电器,Dpurat德普莱太,德普莱太环控一体机新风除湿空调,dpurat.airc.dbdf,dpurat.airc.dbdf.png,
环境电器,Ecosnu,恩科思奈新风机（Mesh2.0）,ecosnu.airfresh.eksn1,ecosnu.airfresh.eksn1.png,
环境电器,FIVE HOME,FIVEHOME智能空气循环扇,uvfive.fan.sunny,uvfive.fan.sunny.png,
环境电器,FLYHSO,小飞吊扇D02,xfly.fan.d02,xfly.fan.d02.png,
环境电器,FOWAD,FOWAD 中央空调VRF控制器,fawad.airrtc.30011,fawad.airrtc.30011.png,
环境电器,FOWAD,FOWAD 中央空调温控器,fawad.airrtc.fwd20011,fawad.airrtc.fwd20011.png,
环境电器,FOWAD,FOWAD 空调温控器2,fawad.aircondition.3010,fawad.aircondition.3010.png,
环境电器,FOWAD,FOWAD企鹅小墨空调伴侣,fawad.acpartner.3303,fawad.acpartner.3303.png,
环境电器,FOWAD,FOWAD新风控制器尊享版,fawad.airfresh.220126,fawad.airfresh.220126.png,
环境电器,FOWAD,FOWAD空调VRF网关Mesh2.0,fawad.airc.5001,fawad.airc.5001.png,
环境电器,FOWAD,FOWAD空调控制器尊享版,fawad.aircondition.3019,fawad.aircondition.3019.png,
环境电器,FOWAD,星空版VRF空调控制器 FOWAD,fawad.airrtc.30015,fawad.airrtc.30015.png,
环境电器,FRFOX,FRFOX-M6智能温控器,yoohoo.airrtc.wk01,yoohoo.airrtc.wk01.png,
环境电器,GERLSAIR,GERLSAIR 中央空调控制器(Mesh2.0),xizhen.airrtc.miac02,xizhen.airrtc.miac02.png,
环境电器,GERLSAIR,GERLSAIR中央空调控制器,xizhen.airrtc.mi0002,xizhen.airrtc.mi0002.png,
环境电器,GERLSAIR,GERLSAIR中央空调控制器(Pro),xizhen.airrtc.miac01,xizhen.airrtc.miac01.png,
环境电器,GIPIN,即品一级能效节能直流风扇,jipin.fan.6c,jipin.fan.6c.png,
环境电器,GIPIN,即品互联循环风取暖器Pro,jipin.heater.22071,jipin.heater.22071.png,
环境电器,GIPIN,即品室内加热器,jipin.heater.2081,jipin.heater.2081.png,
环境电器,GIPIN,即品室内智能立式加热器,jipin.heater.xh7121,jipin.heater.xh7121.png,
环境电器,GIPIN,即品智能壁挂循环风扇,jipin.fan.f007,jipin.fan.f007.png,
环境电器,GIPIN,即品智能风循环落地扇,jipin.fan.008,jipin.fan.008.png,
环境电器,GIPIN,即品水冷塔扇,jipin.fan.012,jipin.fan.012.png,
环境电器,GIPIN,即品节能风平面扇,jipin.fan.011,jipin.fan.011.png,
环境电器,GIPIN,即品风随温变智能循环扇,jipin.fan.010,jipin.fan.010.png,
环境电器,GL,GL智能香薰机,glkj.diffuser.glxxj,glkj.diffuser.glxxj.png,
环境电器,GRLIN,GRLIN智能温控器,grlin.airrtc.gl8828,grlin.airrtc.gl8828.png,
环境电器,GRLIN,GRLIN智能温控器（直流）,grlin.airrtc.zl,grlin.airrtc.zl.png,
环境电器,GZ,GL智能香薰机(BLE),szlhkj.diffuser.g20,szlhkj.diffuser.g20.png,
环境电器,Glasslock盖朗,Glasslock电风扇,gl2023.fan.6d,gl2023.fan.6d.png,
环境电器,Glasslock盖朗,Glasslock直流变频落地扇,gl2023.fan.v1,gl2023.fan.v1.png,
环境电器,GranchipIoT,Gra智能温控器V1（WiFi）,giot.airrtc.v1itcw,giot.airrtc.v1itcw.png,
环境电器,HD,HD智能壁挂风扇Z701,gswl.fan.fsx1,gswl.fan.fsx1.png,
环境电器,HD,HD智能风扇X1（BLE）,gswl.fan.x1sfb,gswl.fan.x1sfb.png,
环境电器,HD,HD智能风扇Z1（BLE）,gswl.fan.v1sfz1,gswl.fan.v1sfz1.png,
环境电器,HD,HD智能香薰机X1（BLE),gswl.diffuser.xxjx1,gswl.diffuser.xxjx1.png,
环境电器,HDL,HDL小懒控 智能温控器,hdl.airrtc.hdl001,hdl.airrtc.hdl001.png,
环境电器,HHGPK,HHGPK智能加湿器H10P,zh001.humidifier.h10p,zh001.humidifier.h10p.png,
环境电器,HHGPK,HHGPK智能加湿器H20,zh001.humidifier.h20,zh001.humidifier.h20.png,
环境电器,HHGPK,HHGPK智能加湿器H40,zh001.humidifier.h40,zh001.humidifier.h40.png,
环境电器,HHGPK,HHGPK智能桌面风扇,zh001.fan.zh57,zh001.fan.zh57.png,
环境电器,HHGPK,HHGPK智能风扇,zh001.fan.zh27,zh001.fan.zh27.png,
环境电器,HHGPK,HHGPK桌面循环摇头风扇,zh001.fan.zh59,zh001.fan.zh59.png,
环境电器,HONYAR,鸿雁智能三合一温控器,honyar.airrtc.zpa3a1,honyar.airrtc.zpa3a1.png,
环境电器,HPUS,HPUS石墨烯取暖器,hguang.heater.qnq02,hguang.heater.qnq02.png,
环境电器,HW,HW 智能温控器 M1,suittc.airrtc.m302,suittc.airrtc.m302.png,
环境电器,HW,HW 智能温控器 M2,suittc.airrtc.m201,suittc.airrtc.m201.png,
环境电器,HW,HW 智能温控器 M5,suittc.airrtc.m158,suittc.airrtc.m158.png,
环境电器,HYZ,正熙户外便携空调,zxkj.aircondition.kt22,zxkj.aircondition.kt22.png,
环境电器,Heatcold,Heatcold两联供,cubee.airrtc.th125t,cubee.airrtc.th125t.png,
环境电器,Heatcold,Heatcold地暖(水),cubee.airrtc.th123w,cubee.airrtc.th123w.png,
环境电器,Heatcold,Heatcold地暖(电),cubee.airrtc.th123e,cubee.airrtc.th123e.png,
环境电器,Heatcold,Heatcold空调,cubee.airrtc.th125a,cubee.airrtc.th125a.png,
环境电器,Heatcold,希到-两联供温控器,cubee.airrtc.1230t,cubee.airrtc.1230t.png,
环境电器,Heatcold,希到-地暖（水）,cubee.airrtc.1230w,cubee.airrtc.1230w.png,
环境电器,Heatcold,希到-地暖（电）温控器,cubee.airrtc.1230e,cubee.airrtc.1230e.png,
环境电器,Heatcold,希到-空调(水),cubee.airrtc.1230a,cubee.airrtc.1230a.png,
环境电器,Hoswn,Hoswn智能循环扇 F52Pro,szxzh.fan.f52,szxzh.fan.f52.png,
环境电器,Hoswn,Hoswn智能循环扇 F55Pro,szxzh.fan.f55,szxzh.fan.f55.png,
环境电器,Hoswn,皓轩智能香薰机P37 Pro,als1.diffuser.p37hx,als1.diffuser.p37hx.png,
环境电器,KEEY,KEEY中央空调VRF智能温控器Mesh2.0,keey.airrtc.qyvrf1,keey.airrtc.qyvrf1.png,
环境电器,KESIJAR,KESIJAR智能加湿器K16pro,kesjar.humidifier.16pro,kesjar.humidifier.16pro.png,
环境电器,KESIJAR,KESIJAR智能加湿器K50,kesjar.humidifier.znjsq,kesjar.humidifier.znjsq.png,
环境电器,KESIJAR,科斯佳K16智能加湿器,kesjar.humidifier.lyjsq,kesjar.humidifier.lyjsq.png,
环境电器,KIMEEY,KIMEEY变频循环扇FS1012R,yier.fan.v4,yier.fan.v4.png,
环境电器,KIMEEY,KIMEEY直流变频平面扇,yier.fan.v2,yier.fan.v2.png,
环境电器,KIMEEY,KIMEEY直流变频循环扇FS1282-DC,yier.fan.v3,yier.fan.v3.png,
环境电器,KIMEEY,KIMEEY直流变频落地扇,yier.fan.v1,yier.fan.v1.png,
环境电器,KeBinsi,KeBinSi智能加湿器 JS01,szxzh.humidifier.js01,szxzh.humidifier.js01.png,
环境电器,KeBinsi,KeBinSi智能加湿器JS01P,szxzh.humidifier.js01p,szxzh.humidifier.js01p.png,
环境电器,KeBinsi,KeBinsi 智能循环扇 F1 系,szxzh.fan.f1x,szxzh.fan.f1x.png,
环境电器,KeBinsi,KeBinsi智能循环扇F13Pro,szxzh.fan.f13,szxzh.fan.f13.png,
环境电器,LENGCEOI,迅为智能温控器Mesh2.0,lat888.airrtc.wk06,lat888.airrtc.wk06.png,
环境电器,LONINK,朗宁VRF中央空调控制器Pro Mesh2.0,lonink.airc.ln059,lonink.airc.ln059.png,
环境电器,LONINK,朗宁VRF中央空调控制器ProE Mesh2.0,lonink.airc.ln059e,lonink.airc.ln059e.png,
环境电器,LONINK,朗宁全面屏三合一温控器Mesh2.0,lonink.airrtc.ln060,lonink.airrtc.ln060.png,
环境电器,LONINK,朗宁新风系统控制器WiFi,lonink.airfresh.ln056,lonink.airfresh.ln056.png,
环境电器,LONINK,朗宁风管机空调控制器Mesh2.0,lonink.airc.ln052m,lonink.airc.ln052m.png,
环境电器,LONINK,朗宁风管机空调控制器WiFi,lonink.airc.ln051,lonink.airc.ln051.png,
环境电器,LWU,LWU多功能夹扇Y8,zw1688.fan.y08,zw1688.fan.y08.png,
环境电器,LWU,LWU户外摇头风扇,zw1688.fan.f80,zw1688.fan.f80.png,
环境电器,LWU,LWU户外风扇,zw1688.fan.f70,zw1688.fan.f70.png,
环境电器,LWU,LWU智能暖风机,zw1688.heater.znnfj,zw1688.heater.znnfj.png,
环境电器,LWU,LWU智能桌面风扇,zw1688.fan.y13,zw1688.fan.y13.png,
环境电器,LWU,LWU智能风扇,zw1688.fan.y12,zw1688.fan.y12.png,
环境电器,LWU,LWU智能风扇（BLE）,zw1688.fan.lwufs,zw1688.fan.lwufs.png,
环境电器,LWU,XWZW室内加热器,zw1688.heater.hys003,zw1688.heater.hys003.png,
环境电器,LWU,XWZW室内加热器HNQ2000,zw1688.heater.hx3622,zw1688.heater.hx3622.png,
环境电器,LineHope,LineHope空调伴侣K6,line.airc.ktbl,line.airc.ktbl.png,
环境电器,Madelon 迈迪龙,迈迪龙双向流低能耗新风机D1,mdl.airfresh.dyd1,mdl.airfresh.dyd1.png,
环境电器,NIMIN,nimin多功能涡轮风扇 F3 系,szxzh.fan.f32,szxzh.fan.f32.png,
环境电器,NIMIN,nimin酒店智能香薰机Pro,szxzh.diffuser.jd222,szxzh.diffuser.jd222.png,
环境电器,NWT,NWT 互联网除湿机 18L,nwt.derh.wdh318efw1,nwt.derh.wdh318efw1.png,
环境电器,NWT,NWT 互联网除湿机 30L,nwt.derh.330ef,nwt.derh.330ef.png,
环境电器,NWT,NWT 变频空调,nwt.airc.ac0105,nwt.airc.ac0105.png,
环境电器,NWT,NWT互联网变频除湿机35L,nwt.derh.35l,nwt.derh.35l.png,
环境电器,NWT,NWT互联网直流变频电风扇,nwt.fan.16l,nwt.fan.16l.png,
环境电器,NWT,NWT互联网移动空调,nwt.aircondition.26eaw1,nwt.aircondition.26eaw1.png,
环境电器,NWT,NWT互联网移动空调Pro,nwt.airc.wap31a,nwt.airc.wap31a.png,
环境电器,NWT,NWT互联网空净除湿一体机24L,nwt.derh.24wu1,nwt.derh.24wu1.png,
环境电器,NWT,NWT互联网空气净化器,nwt.airp.kq01,nwt.airp.kq01.png,
环境电器,NWT,NWT互联网除湿机 10L,nwt.derh.nwt10l,nwt.derh.nwt10l.png,
环境电器,NWT,NWT互联网除湿机 12L,nwt.derh.312en,nwt.derh.312en.png,
环境电器,NWT,NWT互联网除湿机 60L,nwt.derh.60l,nwt.derh.60l.png,
环境电器,NWT,NWT智能移动空调,nwt.aircondition.26ebw1,nwt.aircondition.26ebw1.png,
环境电器,NWT,NWT智能移动空调MAX,nwt.airc.max,nwt.airc.max.png,
环境电器,NWT,NWT智能空气净化器,nwt.airp.kj02,nwt.airp.kj02.png,
环境电器,NWT,NWT智能空气循环扇,nwt.fan.xh001,nwt.fan.xh001.png,
环境电器,NWT,NWT智能除湿机12L,nwt.derh.nwt12l,nwt.derh.nwt12l.png,
环境电器,NWT,NWT智能除湿机16L,nwt.derh.16l,nwt.derh.16l.png,
环境电器,NWT,NWT智能除湿机23L,nwt.derh.n23l,nwt.derh.n23l.png,
环境电器,NWT,NWT智能除湿机30L,nwt.derh.30l,nwt.derh.30l.png,
环境电器,OUXIM,OUXIM三合一智能温控器,ouxim.airrtc.oxmwk,ouxim.airrtc.oxmwk.png,
环境电器,PIDPRO,PIDPRO空调遥控器A2,wfxx.acpartner.ir01,wfxx.acpartner.ir01.png,
环境电器,PTX,OF VRF空调内机,090615.airc.k20,090615.airc.k20.png,
环境电器,PTX,X6 空调面板(PTX),090615.aircondition.x6c,090615.aircondition.x6c.png,
环境电器,PTX,中央空调线控网关 (PTXZN),090615.aircondition.lnk,090615.aircondition.lnk.png,
环境电器,PTX,中央空调线控网关(MESH),090615.aircondition.lkt,090615.aircondition.lkt.png,
环境电器,QYGQ,QYGQ桌面风扇B05,kaenou.fan.fs05,kaenou.fan.fs05.png,
环境电器,RIFINDE,RIFINDE空气全屋定制,rfd.airfresh.rdf01,rfd.airfresh.rdf01.png,
环境电器,RONGEO,RONGEO智能暖风机(WiFi),xiji.heater.rznfj,xiji.heater.rznfj.png,
环境电器,RSH,RSH智能空调遥控器,qjiang.acpartner.rsh01,qjiang.acpartner.rsh01.png,
环境电器,RTAKO,RTAKO智能暖风机,rtako.heater.rtknf,rtako.heater.rtknf.png,
环境电器,RW,RW智能直流变频风扇,rw02.fan.rw001,rw02.fan.rw001.png,
环境电器,SANCORY,SANCORY地暖温控器,san.airrtc.8909h,san.airrtc.8909h.png,
环境电器,SANCORY,Sancory智能EC温控器,san.airrtc.9909ec,san.airrtc.9909ec.png,
环境电器,SANCORY,Sancory智能地暖温控器,san.airrtc.9909h,san.airrtc.9909h.png,
环境电器,SANCORY,Sancory智能温控器,san.airrtc.9909a,san.airrtc.9909a.png,
环境电器,SAPI,SAPI智能风扇,hcsp.fan.hsfs,hcsp.fan.hsfs.png,
环境电器,SIERO,SO智能加湿器SO1,bwj.humidifier.p09,bwj.humidifier.p09.png,
环境电器,SIERO,SO智能香薰机S1,bwj.diffuser.k09,bwj.diffuser.k09.png,
环境电器,SIERO,SO智能香薰机S10,bwj.diffuser.s10,bwj.diffuser.s10.png,
环境电器,SIERO,SO智能香薰机S11,bwj.diffuser.s11,bwj.diffuser.s11.png,
环境电器,SIERO,SO智能香薰机S12,bwj.diffuser.s12,bwj.diffuser.s12.png,
环境电器,SIERO,SO智能香薰机S19,bwj.diffuser.s19,bwj.diffuser.s19.png,
环境电器,SIERO,SO智能香薰机S1Pro,bwj.diffuser.s1pro,bwj.diffuser.s1pro.png,
环境电器,SIERO,SO智能香薰机S2,bwj.diffuser.h10,bwj.diffuser.h10.png,
环境电器,SIERO,SO智能香薰机S5,bwj.diffuser.s5,bwj.diffuser.s5.png,
环境电器,SIERO,SO智能香薰机S6,bwj.diffuser.s6,bwj.diffuser.s6.png,
环境电器,SIERO,SO智能香薰机S7,bwj.diffuser.bw11,bwj.diffuser.bw11.png,
环境电器,SIERO,SO智能香薰机S8,bwj.diffuser.s8,bwj.diffuser.s8.png,
环境电器,SIERO,SO智能香薰机S9,bwj.diffuser.s9,bwj.diffuser.s9.png,
环境电器,SOCHUANG,SoChuang VRF中央空调控制器 Ultra,scdvb.airc.t001,scdvb.airc.t001.png,
环境电器,SOCHUANG,SoChuang 两联供空调智能控制器,scdvb.airc.llg20,scdvb.airc.llg20.png,
环境电器,SOCHUANG,SoChuang智能新风机控制器Mini,scdvb.airfresh.xf20m,scdvb.airfresh.xf20m.png,
环境电器,SOCHUANG,SoChuang智能新风机控制器Ultra,scdvb.airfresh.xf20v2,scdvb.airfresh.xf20v2.png,
环境电器,SOCHUANG,SoChuang智能温控器Ultra,scdvb.airrtc.wkq20,scdvb.airrtc.wkq20.png,
环境电器,SOCHUANG,SoChuang空调控制器Mini,scdvb.airc.ktmini,scdvb.airc.ktmini.png,
环境电器,SOCHUANG,Sochuang智能温控器(蓝牙Mesh),scdvb.airrtc.sc8601,scdvb.airrtc.sc8601.png,
环境电器,SOTHING向物,向物加湿取暖器-恒星,bcase.heater.s2220,bcase.heater.s2220.png,
环境电器,SOTHING向物,向物加湿取暖器-恒星NEW,bcase.heater.s2220n,bcase.heater.s2220n.png,
环境电器,SOTHING向物,向物加湿取暖器-行星（Mesh）,bcase.heater.s2404,bcase.heater.s2404.png,
环境电器,SOTHING向物,向物无雾加湿器-滋润,bcase.humidifier.s2410,bcase.humidifier.s2410.png,
环境电器,SOTHING向物,向物无雾加湿器-银河（Mesh）,bcase.humidifier.s2407,bcase.humidifier.s2407.png,
环境电器,SOTHING向物,向物超声波加湿器-缭绕（Mesh）,bcase.humidifier.s2403,bcase.humidifier.s2403.png,
环境电器,SSSINGFUN,先锋油汀取暖器L9,riot.heater.002,riot.heater.002.png,
环境电器,SUITTC,SUITTC智能温控器-M1,suittc.airrtc.6627,suittc.airrtc.6627.png,
环境电器,SX-SHUNXIANG,SX-SHUNXIANG循环扇,hou123.fan.sxdfs,hou123.fan.sxdfs.png,
环境电器,Space Player,太空玩家智能无线加湿器J3Pro,szhhkj.humidifier.h3pro,szhhkj.humidifier.h3pro.png,
环境电器,Svamm,斯望家居护理香薰机,svamm1.diffuser.aroma1,svamm1.diffuser.aroma1.png,
环境电器,TAWKY TAWNY,它它你你智能宠物护理仪,oott.humidifier.ttd02,oott.humidifier.ttd02.png,
环境电器,TLECO,TLECO温控器,telin.airrtc.tlwkq,telin.airrtc.tlwkq.png,
环境电器,UG,UG雾化壁炉电暖器,zzhu.heater.v1,zzhu.heater.v1.png,
环境电器,UWIZE优智者,UWIZE优智者三合一旋钮屏温控面板,uwize.airrtc.yzw02,uwize.airrtc.yzw02.png,
环境电器,VINO,VINO 变频空调 (1.5匹 三级能效),aden.airc.vn1p5,aden.airc.vn1p5.png,
环境电器,VINO,VINO 智能变频除湿机,aden.derh.nv40v2,aden.derh.nv40v2.png,
环境电器,VINO,VINO 智能变频除湿机 62L,aden.derh.derh60,aden.derh.derh60.png,
环境电器,VINO,VINO 智能除湿机 16L,aden.derh.derh16,aden.derh.derh16.png,
环境电器,VINO,VINO 智能除湿机 16L Pro,aden.derh.fight,aden.derh.fight.png,
环境电器,VINO,VINO 智能除湿机 20L,aden.derh.derh20,aden.derh.derh20.png,
环境电器,VINO,VINO 智能除湿机 40L,aden.derh.derh40,aden.derh.derh40.png,
环境电器,VINO,VINO 轻音 变频空调 (1.5匹 一级能效),aden.airc.12k,aden.airc.12k.png,
环境电器,VINO,VINO变频空调1.5匹（一级能效）,aden.aircondition.vf1p5,aden.aircondition.vf1p5.png,
环境电器,VINO,VINO变频空调2匹(新二级能效),aden.aircondition.a7,aden.aircondition.a7.png,
环境电器,VINO,VINO变频空调2匹2级能效,aden.aircondition.a4,aden.aircondition.a4.png,
环境电器,VINO,VINO变频空调3匹(新二级能效),aden.airc.a6,aden.airc.a6.png,
环境电器,VINO,VINO新风变频空调（一级能效）,aden.aircondition.xfkt1,aden.aircondition.xfkt1.png,
环境电器,VINO,VINO智能变频除湿机 30L,aden.derh.vsid30,aden.derh.vsid30.png,
环境电器,VINO,VINO智能除湿机 30L,aden.derh.vsd30,aden.derh.vsd30.png,
环境电器,VINO,变频风管机,aden.aircondition.ad2p1,aden.aircondition.ad2p1.png,
环境电器,VRF,VRF智能空调,klwdz1.airc.001,klwdz1.airc.001.png,
环境电器,VRF,VRF智能空调MESH版,klwdz1.airc.003,klwdz1.airc.003.png,
环境电器,WH,WH智能温控器,whzk.airrtc.whwkq,whzk.airrtc.whwkq.png,
环境电器,WH,WH智能温控器BGL,whzk.airrtc.whwkq2,whzk.airrtc.whwkq2.png,
环境电器,XIHO,XIHO空调伴侣Lite,lxzn.acpartner.lx03,lxzn.acpartner.lx03.png,
环境电器,Y&O,YO 加湿器,yodq.humidifier.yo001,yodq.humidifier.yo001.png,
环境电器,YFNSEA,YFNSEA智能香薰机 T1,yblxsm.diffuser.t1,yblxsm.diffuser.t1.png,
环境电器,YFNSEA,YFNSEA智能香薰机V12,yblxsm.diffuser.v12,yblxsm.diffuser.v12.png,
环境电器,YUANMI圆米,圆米智能风扇（WiFi）,morlin.fan.ymfan,morlin.fan.ymfan.png,
环境电器,YaTeLee,YaTeLee智能温度控制器,ytl.airrtc.8921,ytl.airrtc.8921.png,
环境电器,Yeelight,Yeelight Pro 空调,yeelink.aircondition.01,yeelink.aircondition.01.png,
环境电器,Yeelight,Yeelight VRF空调控制器,yeelink.airc.vrf1,yeelink.airc.vrf1.png,
环境电器,Zhiee,百将空调伴侣,zhiee.acpartner.ym02,zhiee.acpartner.ym02.png,
环境电器,bures,bures百而思纯净型加湿器,badian.humidifier.p1000,badian.humidifier.p1000.png,
环境电器,bures,除醛仪 RS-JQ001,nbrs.airp.01,nbrs.airp.01.png,
环境电器,linptech 领普,领普VRF空调,linp.aircondition.vrf02,linp.aircondition.vrf02.png,
环境电器,linptech 领普,领普智能温控器TH1(两联供）,linp.airrtc.th113,linp.airrtc.th113.png,
环境电器,linptech 领普,领普温控器S1T,linp.airrtc.s1tdw,linp.airrtc.s1tdw.png,
环境电器,maisi,迈斯VRF空调控制器Mesh2.0,maxi.airc.air08,maxi.airc.air08.png,
环境电器,maisi,迈斯小精灵空调控制器,maxi.airc.air03,maxi.airc.air03.png,
环境电器,maisi,迈斯空调小精灵Mesh2.0,maxi.airc.a07s,maxi.airc.a07s.png,
环境电器,meipont,meipont变频空调,mbo.airc.mac35,mbo.airc.mac35.png,
环境电器,meipont,meipont热泵空调,mbo.aircondition.mah35,mbo.aircondition.mah35.png,
环境电器,mitch,mitch三合一温控器（Mesh2.0）,googo.airrtc.air02,googo.airrtc.air02.png,
环境电器,mitch,mitch空调温控器（Mesh2.0）,googo.airrtc.air04,googo.airrtc.air04.png,
环境电器,pluslife,Pluslife VRF中央空调控制器,xl2024.airc.air,xl2024.airc.air.png,
环境电器,shinefan,祥帆新风系统智能控制器,shinef.airfresh.kf900,shinef.airfresh.kf900.png,
环境电器,sparkleIOT,Sparkleiot智能空调伴侣,zxd123.acpartner.ym01,zxd123.acpartner.ym01.png,
环境电器,summerlook,summerlook宠物空气净化器,hss.airp.kj360,hss.airp.kj360.png,
环境电器,wangoo,WG-06空气净化器,wangao.airp.wg04,wangao.airp.wg04.png,
环境电器,whykid,whykid暖风机,whykid.heater.wk01,whykid.heater.wk01.png,
环境电器,wstiter,wstiter智能温控器,wsiter.airrtc.v1,wsiter.airrtc.v1.png,
环境电器,xCreas,xCreas智能空气净化器B300i,720.airp.001,720.airp.001.png,
环境电器,yeme,yeme电风扇,ermi.fan.zl2025,ermi.fan.zl2025.png,
环境电器,yeme,yeme空气净化器,ermi.airp.th158,ermi.airp.th158.png,
环境电器,中弘,中弘VRF中央空调控制器(MESH2.0版)1,qdhkl.airc.b19cm,qdhkl.airc.b19cm.png,
环境电器,中弘,中弘VRF中央空调控制器(MESH2.0版)2,lemesh.airc.air02,lemesh.airc.air02.png,
环境电器,中弘,中弘VRF中央空调控制器(MESH版),qdhkl.airc.b19m,qdhkl.airc.b19m.png,
环境电器,中弘,中弘VRF中央空调控制器MESH2.0,qdhkl.airc.19se,qdhkl.airc.19se.png,
环境电器,中弘,中弘VRF中央空调控制器PRO MESH2.0,qdhkl.airc.b19c,qdhkl.airc.b19c.png,
环境电器,中弘,中弘VRF中央空调控制器PRO(MESH2.0版),lemesh.airc.air03,lemesh.airc.air03.png,
环境电器,中弘,中弘VRF空调,qdhkl.airc.acp,qdhkl.airc.acp.png,
环境电器,中弘,中弘三合一温控器,qdhkl.airrtc.t15,qdhkl.airrtc.t15.png,
环境电器,中弘,中弘两联供空调室内机,qdhkl.airc.a42,qdhkl.airc.a42.png,
环境电器,中弘,中弘两联供空调控制器(MESH2.0版),lemesh.airc.b19d,lemesh.airc.b19d.png,
环境电器,中弘,中弘两联供空调控制器PRO MESH2.0,qdhkl.airc.b19cd,qdhkl.airc.b19cd.png,
环境电器,中弘,中弘新风通用控制器,qdhkl.airfresh.fb27,qdhkl.airfresh.fb27.png,
环境电器,中弘,中弘智能三合一全面屏温控器MESH2.0,qdhkl.airrtc.tms01,qdhkl.airrtc.tms01.png,
环境电器,中弘,中弘智能空调旋钮温控器MESH2.0,qdhkl.airc.s26se,qdhkl.airc.s26se.png,
环境电器,中弘,中弘空调伴侣ZIRC07,lemesh.acpartner.zirc07,lemesh.acpartner.zirc07.png,
环境电器,中弘,中弘空调室内机控制器(MESH),qdhkl.aircondition.b25,qdhkl.aircondition.b25.png,
环境电器,中弘,中弘空调室内机控制器(MESH2.0版)1,qdhkl.airc.b27m,qdhkl.airc.b27m.png,
环境电器,中弘,中弘空调室内机控制器(MESH2.0版)2,lemesh.airc.b27m,lemesh.airc.b27m.png,
环境电器,中弘,中弘空调室内机控制器(WIFI),qdhkl.aircondition.b23,qdhkl.aircondition.b23.png,
环境电器,中弘,中弘空调室内机控制器(Wi-Fi版),qdhkl.aircondition.b27,qdhkl.aircondition.b27.png,
环境电器,中弘,中弘空调室内机控制器PRO(Wi-Fi版),qdhkl.airc.b27p,qdhkl.airc.b27p.png,
环境电器,中弘,中弘空调室内机控制器SE MESH2.0,qdhkl.airc.b27se,qdhkl.airc.b27se.png,
环境电器,中弘,中弘空调室内机控制器Ultra(Wi-Fi版),qdhkl.airc.b25p,qdhkl.airc.b25p.png,
环境电器,中普斯特,中普斯特石墨烯取暖器,lsg.heater.zpst01,lsg.heater.zpst01.png,
环境电器,乐秀,乐秀纯净型加湿器 IS2,leshow.humidifier.is2,leshow.humidifier.is2.png,
环境电器,乐秀,乐秀风扇 SS310,leshow.fan.ss310,leshow.fan.ss310.png,
环境电器,乐秀,乐秀风扇 SS320,leshow.fan.ss320,leshow.fan.ss320.png,
环境电器,乐秀,无叶塔扇,leshow.fan.ss4,leshow.fan.ss4.png,
环境电器,云米,Crown-22A,viomi.aircondition.v21,viomi.aircondition.v21.png,
环境电器,云米,Crown-26A3,viomi.aircondition.v38,viomi.aircondition.v38.png,
环境电器,云米,Crown-28A,viomi.aircondition.v22,viomi.aircondition.v22.png,
环境电器,云米,Crown-35A3,viomi.aircondition.v39,viomi.aircondition.v39.png,
环境电器,云米,Crown-36A,viomi.aircondition.v23,viomi.aircondition.v23.png,
环境电器,云米,Crown-50A3,viomi.aircondition.v40,viomi.aircondition.v40.png,
环境电器,云米,Crown-56A,viomi.aircondition.v24,viomi.aircondition.v24.png,
环境电器,云米,Crown-71A,viomi.aircondition.v25,viomi.aircondition.v25.png,
环境电器,云米,Crown-72A3,viomi.aircondition.v37,viomi.aircondition.v37.png,
环境电器,云米,King,viomi.aircondition.v7,viomi.aircondition.v7.png,
环境电器,云米,King  1X 1.5P,viomi.aircondition.v33,viomi.aircondition.v33.png,
环境电器,云米,King  1X 1P,viomi.aircondition.v32,viomi.aircondition.v32.png,
环境电器,云米, King 1A 1.5P,viomi.aircondition.v35,viomi.aircondition.v35.png,
环境电器,云米, King 1A 1P,viomi.aircondition.v34,viomi.aircondition.v34.png,
环境电器,云米,King 1S(AI柔风版),viomi.aircondition.v8,viomi.aircondition.v8.png,
环境电器,云米,King 1S(AI柔风版) 1.5P,viomi.aircondition.v31,viomi.aircondition.v31.png,
环境电器,云米,King Pro(AI空净版),viomi.aircondition.v26,viomi.aircondition.v26.png,
环境电器,云米,King Pro-A （AI空净版）,viomi.aircondition.v30,viomi.aircondition.v30.png,
环境电器,云米,King(1P),viomi.aircondition.v6,viomi.aircondition.v6.png,
环境电器,云米,Milano 1.5P,viomi.aircondition.y10,viomi.aircondition.y10.png,
环境电器,云米,Milano 1C 2P(新能效),viomi.aircondition.y37,viomi.aircondition.y37.png,
环境电器,云米,Milano 1C 3P(新能效),viomi.aircondition.y38,viomi.aircondition.y38.png,
环境电器,云米,Milano 1N 1.5P,viomi.aircondition.y28,viomi.aircondition.y28.png,
环境电器,云米,Milano 1N 1P,viomi.aircondition.y27,viomi.aircondition.y27.png,
环境电器,云米,Milano 1P,viomi.aircondition.y9,viomi.aircondition.y9.png,
环境电器,云米,Milano 1S（柔风版）1.5P,viomi.aircondition.y6,viomi.aircondition.y6.png,
环境电器,云米,Milano 1S（柔风版）1P,viomi.aircondition.y5,viomi.aircondition.y5.png,
环境电器,云米,Milano 2 1.5P,viomi.aircondition.y68,viomi.aircondition.y68.png,
环境电器,云米,Milano 2 1P,viomi.aircondition.y67,viomi.aircondition.y67.png,
环境电器,云米,Milano 2 Pro 1.5P,viomi.aircondition.y80,viomi.aircondition.y80.png,
环境电器,云米,Milano 2 Pro 1P,viomi.aircondition.y79,viomi.aircondition.y79.png,
环境电器,云米,Milano 2S 1.5P,viomi.aircondition.y101,viomi.aircondition.y101.png,
环境电器,云米,Milano 2T 1.5P,viomi.aircondition.y103,viomi.aircondition.y103.png,
环境电器,云米,Milano（柔风版）1.5P,viomi.aircondition.y8,viomi.aircondition.y8.png,
环境电器,云米,Milano（柔风版）1P,viomi.aircondition.y7,viomi.aircondition.y7.png,
环境电器,云米,Milano（柜式 柔风版）2P,viomi.aircondition.y1,viomi.aircondition.y1.png,
环境电器,云米,Milano（柜式 柔风版）3P,viomi.aircondition.y2,viomi.aircondition.y2.png,
环境电器,云米,Milano（柜式）2P,viomi.aircondition.y3,viomi.aircondition.y3.png,
环境电器,云米,Milano（柜式）3P,viomi.aircondition.y4,viomi.aircondition.y4.png,
环境电器,云米,Navi 1.5P,viomi.aircondition.y56,viomi.aircondition.y56.png,
环境电器,云米,Navi 1P,viomi.aircondition.y55,viomi.aircondition.y55.png,
环境电器,云米,Navi 2 2P,viomi.aircondition.y83,viomi.aircondition.y83.png,
环境电器,云米,Navi 2 3P,viomi.aircondition.y84,viomi.aircondition.y84.png,
环境电器,云米,Navi 2C 2P,viomi.aircondition.y85,viomi.aircondition.y85.png,
环境电器,云米,Navi 2C 3P,viomi.aircondition.y86,viomi.aircondition.y86.png,
环境电器,云米,Navi 2 1.5P,viomi.aircondition.y65,viomi.aircondition.y65.png,
环境电器,云米,Navi 2 1P,viomi.aircondition.y64,viomi.aircondition.y64.png,
环境电器,云米,Navi（柜式 柔风版）2P,viomi.aircondition.y53,viomi.aircondition.y53.png,
环境电器,云米,Navi（柜式 柔风版）3P,viomi.aircondition.y54,viomi.aircondition.y54.png,
环境电器,云米,Royal Pro(AI语音人感版),viomi.aircondition.v10,viomi.aircondition.v10.png,
环境电器,云米,Royal(AI语音版) 2P,viomi.aircondition.v28,viomi.aircondition.v28.png,
环境电器,云米, Royal(AI语音版) 3P,viomi.aircondition.v29,viomi.aircondition.v29.png,
环境电器,云米,Royal（AI语音版）,viomi.aircondition.v9,viomi.aircondition.v9.png,
环境电器,云米,Smart 1.5P,viomi.aircondition.y50,viomi.aircondition.y50.png,
环境电器,云米,Smart 1C 1.5P,viomi.aircondition.y46,viomi.aircondition.y46.png,
环境电器,云米,Smart 1C 1P,viomi.aircondition.y45,viomi.aircondition.y45.png,
环境电器,云米,Smart 1P,viomi.aircondition.y49,viomi.aircondition.y49.png,
环境电器,云米,Smart 1S 1.5P,viomi.aircondition.y44,viomi.aircondition.y44.png,
环境电器,云米,Smart 1S 1P,viomi.aircondition.y43,viomi.aircondition.y43.png,
环境电器,云米,Smart 1X 1.5P,viomi.aircondition.y48,viomi.aircondition.y48.png,
环境电器,云米,Smart 1X 1P,viomi.aircondition.y47,viomi.aircondition.y47.png,
环境电器,云米,Smart 1X 2P,viomi.aircondition.y59,viomi.aircondition.y59.png,
环境电器,云米,Smart 1X 3P,viomi.aircondition.y60,viomi.aircondition.y60.png,
环境电器,云米,Smart 2 1.5P,viomi.aircondition.y73,viomi.aircondition.y73.png,
环境电器,云米,Smart 2 1P,viomi.aircondition.y72,viomi.aircondition.y72.png,
环境电器,云米,Smart 2 Max 2P,viomi.aircondition.y74,viomi.aircondition.y74.png,
环境电器,云米,Smart 2 Max 新版,viomi.aircondition.sd12,viomi.aircondition.sd12.png,
环境电器,云米,Smart 2A,viomi.aircondition.y76,viomi.aircondition.y76.png,
环境电器,云米,Smart 2C 1.5P,viomi.aircondition.y82,viomi.aircondition.y82.png,
环境电器,云米,Smart 2C 1P,viomi.aircondition.y81,viomi.aircondition.y81.png,
环境电器,云米,Smart 2P,viomi.aircondition.y57,viomi.aircondition.y57.png,
环境电器,云米,Smart 2S (除菌版) 2P,viomi.aircondition.sd08,viomi.aircondition.sd08.png,
环境电器,云米,Smart 2S (除菌版) 3P,viomi.aircondition.sd09,viomi.aircondition.sd09.png,
环境电器,云米,Smart 2S 1.5P,viomi.aircondition.y99,viomi.aircondition.y99.png,
环境电器,云米,Smart 2S 新版,viomi.aircondition.sd03,viomi.aircondition.sd03.png,
环境电器,云米,Smart 2（除菌版）2P,viomi.aircondition.sd18,viomi.aircondition.sd18.png,
环境电器,云米,Smart 2（除菌版）3P,viomi.aircondition.sd19,viomi.aircondition.sd19.png,
环境电器,云米,Smart 3P,viomi.aircondition.y58,viomi.aircondition.y58.png,
环境电器,云米,Smart AC A1-12K,viomi.aircondition.y88,viomi.aircondition.y88.png,
环境电器,云米,Smart AC A1-18K,viomi.aircondition.y89,viomi.aircondition.y89.png,
环境电器,云米,Smart AC A2 Pro-18K,viomi.airc.y119,viomi.airc.y119.png,
环境电器,云米,Space E 1.5P,viomi.aircondition.y71,viomi.aircondition.y71.png,
环境电器,云米,Space E 1.5P(新版),viomi.aircondition.sd01,viomi.aircondition.sd01.png,
环境电器,云米,Space X 1.5P,viomi.aircondition.y69,viomi.aircondition.y69.png,
环境电器,云米,Space X 1.5P(新版),viomi.aircondition.sd02,viomi.aircondition.sd02.png,
环境电器,云米,Super 2 (柜式柔风版) 2P,viomi.aircondition.sd10,viomi.aircondition.sd10.png,
环境电器,云米,Super 2 (柜式柔风版) 3P,viomi.aircondition.sd11,viomi.aircondition.sd11.png,
环境电器,云米,Super 2 (语音版) 1.5P,viomi.aircondition.sd16,viomi.aircondition.sd16.png,
环境电器,云米,Super 2 (语音版) 1P,viomi.aircondition.sd15,viomi.aircondition.sd15.png,
环境电器,云米,Super 2 Pro（除菌版）1.5P,viomi.aircondition.sd17,viomi.aircondition.sd17.png,
环境电器,云米,Super 2S (除菌版) 1.5P,viomi.aircondition.sd07,viomi.aircondition.sd07.png,
环境电器,云米,Super 2S (除菌版) 1P,viomi.aircondition.sd06,viomi.aircondition.sd06.png,
环境电器,云米,Super 3 1.5P,viomi.aircondition.sd22,viomi.aircondition.sd22.png,
环境电器,云米,Super 3 2P,viomi.aircondition.sd23,viomi.aircondition.sd23.png,
环境电器,云米,coKiing互联网加湿器King,viomi.humidifier.h1,viomi.humidifier.h1.png,
环境电器,云米,iCool 1.5P,viomi.aircondition.y14,viomi.aircondition.y14.png,
环境电器,云米,iCool 1.5P(新能效),viomi.aircondition.y32,viomi.aircondition.y32.png,
环境电器,云米,iCool 1C 1.5P,viomi.aircondition.y12,viomi.aircondition.y12.png,
环境电器,云米,iCool 1C 1P,viomi.aircondition.y11,viomi.aircondition.y11.png,
环境电器,云米,iCool 1H 1.5P,viomi.aircondition.y34,viomi.aircondition.y34.png,
环境电器,云米,iCool 1H 1P,viomi.aircondition.y33,viomi.aircondition.y33.png,
环境电器,云米,iCool 1N 1.5P,viomi.aircondition.y26,viomi.aircondition.y26.png,
环境电器,云米,iCool 1P,viomi.aircondition.y13,viomi.aircondition.y13.png,
环境电器,云米,iCool 1P(新能效),viomi.aircondition.y31,viomi.aircondition.y31.png,
环境电器,云米,iCool 1R 1.5P,viomi.aircondition.y36,viomi.aircondition.y36.png,
环境电器,云米,iCool 1R 1P,viomi.aircondition.y35,viomi.aircondition.y35.png,
环境电器,云米,iCool 1S 1.5P,viomi.aircondition.y15,viomi.aircondition.y15.png,
环境电器,云米,iCool 1S 1.5P(新能效),viomi.aircondition.y30,viomi.aircondition.y30.png,
环境电器,云米,iCool 1S 1P(新能效),viomi.aircondition.y29,viomi.aircondition.y29.png,
环境电器,云米,iCool 1V 1.5P,viomi.aircondition.y25,viomi.aircondition.y25.png,
环境电器,云米,iCool 2 Max 2P,viomi.aircondition.y66,viomi.aircondition.y66.png,
环境电器,云米,iCool 2P,viomi.aircondition.y51,viomi.aircondition.y51.png,
环境电器,云米,iCool 3P,viomi.aircondition.y52,viomi.aircondition.y52.png,
环境电器,云米,meekee 1.5P,viomi.airc.m2,viomi.airc.m2.png,
环境电器,云米,meekee 1P,viomi.airc.m1,viomi.airc.m1.png,
环境电器,云米,meekee 2P,viomi.airc.m3,viomi.airc.m3.png,
环境电器,云米,meekee 3P,viomi.airc.m4,viomi.airc.m4.png,
环境电器,云米,云米AI对流电暖器,viomi.heater.v8,viomi.heater.v8.png,
环境电器,云米,云米AI沉浸式移动地暖Master(石墨烯加湿版),viomi.heater.v2,viomi.heater.v2.png,
环境电器,云米,云米AI石墨烯踢脚线电暖器Smart Pro,viomi.heater.v10,viomi.heater.v10.png,
环境电器,云米,云米AI空调 Smart 2S 1.5P (新一级),viomi.airc.sd26,viomi.airc.sd26.png,
环境电器,云米,云米AI空调 Smart 3 1.5P 新1级,viomi.airc.sd37,viomi.airc.sd37.png,
环境电器,云米,云米AI空调 Super 3 Pro 1.5P（新一级）,viomi.aircondition.sd24,viomi.aircondition.sd24.png,
环境电器,云米,云米AI空调 Super 3柜机3P (新一级),viomi.airc.sd28,viomi.airc.sd28.png,
环境电器,云米,云米AI空调Smart 3 Max 2P（新一级）,viomi.airc.sd36,viomi.airc.sd36.png,
环境电器,云米,云米AI空调Super 2 1.5P（超一级）,viomi.airc.sd35,viomi.airc.sd35.png,
环境电器,云米,云米AI空调Super 3 Max 1.5P（超一级）,viomi.airc.sd34,viomi.airc.sd34.png,
环境电器,云米,云米AI负离子空气循环扇,viomi.fan.v13,viomi.fan.v13.png,
环境电器,云米,云米AI踢脚线电暖器,viomi.heater.v6,viomi.heater.v6.png,
环境电器,云米,云米AI踢脚线电暖器Cross(恒温加湿版),viomi.heater.v1,viomi.heater.v1.png,
环境电器,云米,云米互联网直流变频落地扇3,viomi.fan.v7,viomi.fan.v7.png,
环境电器,云米,云米互联网空气净化器,viomi.airpurifier.v2,viomi.airpurifier.v2.png,
环境电器,云米,云米互联网空气循环扇,viomi.fan.v6,viomi.fan.v6.png,
环境电器,云米,云米互联网空气消毒机,viomi.airpurifier.v1,viomi.airpurifier.v1.png,
环境电器,云米,云米互联网立式电暖器（雾化加湿版）,viomi.heater.v3,viomi.heater.v3.png,
环境电器,云米,云米互联网蝶翼仿生电风扇(变频版),viomi.fan.v5,viomi.fan.v5.png,
环境电器,云米,云米互联网踢脚线电暖器Pro2,viomi.heater.v4,viomi.heater.v4.png,
环境电器,云米,云米互联网踢脚线电暖器 Pro,viomi.heater.vxtj01,viomi.heater.vxtj01.png,
环境电器,亖米,亖米VRF中央空调控制器MESH2.0,symi.airc.smvrf,symi.airc.smvrf.png,
环境电器,亖米,亖米三合一温控器mesh版,symi.airrtc.nt01,symi.airrtc.nt01.png,
环境电器,亖米,亖米智能温控器,symi.airrtc.wk01,symi.airrtc.wk01.png,
环境电器,亖米,亖米空调地暖新风控制器,symi.airc.air01,symi.airc.air01.png,
环境电器,京东京造,京东京造 加湿空气净化器,jdjz.airp.kj410,jdjz.airp.kj410.png,
环境电器,京东京造,京东京造 加湿空气净化器KJ1200G,jdjz.airp.v2,jdjz.airp.v2.png,
环境电器,京东京造,京东京造 加湿空气净化器KJ801G,jdjz.airp.v1,jdjz.airp.v1.png,
环境电器,京东京造,京东京造 宠物空气净化器,jdjz.airp.kj500,jdjz.airp.kj500.png,
环境电器,京东京造,京东京造智能电解水无雾加湿器,jdjz.humidifier.jz18b,jdjz.humidifier.jz18b.png,
环境电器,京东京造,京东京造电风扇(带驱蚊装置)FS-35E2RY,jdjz.fan.35e2r,jdjz.fan.35e2r.png,
环境电器,京东京造,京东京造空气循环扇XD-2072FC,jdjz.fan.2072fc,jdjz.fan.2072fc.png,
环境电器,亿富科,亿富科智能温湿度控制器,zsxny.airrtc.zs001,zsxny.airrtc.zs001.png,
环境电器,今闪,今闪VRF空调温控器,yj1226.airrtc.air,yj1226.airrtc.air.png,
环境电器,今闪,今闪三合一温控器MESH2.0,yj1226.airrtc.temp,yj1226.airrtc.temp.png,
环境电器,今闪,今闪中央空调内机,yj1226.airc.air01,yj1226.airc.air01.png,
环境电器,今闪,今闪空调室内机控制器,yj1226.airc.air02,yj1226.airc.air02.png,
环境电器,今闪,今闪空调控制器Mesh2.0,yj1226.airc.air,yj1226.airc.air.png,
环境电器,伊岛,伊岛除湿机EF60,ishima.derh.002,ishima.derh.002.png,
环境电器,众益洋,众益洋中央空调控制器mesh2.0 UItra版,aizyy.airc.air01,aizyy.airc.air01.png,
环境电器,优越者,优越者智能风扇Y15-Pro max,als1.fan.y15pm,als1.fan.y15pm.png,
环境电器,优越者,优越者智能风扇Y5 Pro Max,als1.fan.j5yyz,als1.fan.j5yyz.png,
环境电器,优越者,优越者智能风扇Y9-Pro max,als1.fan.y9pm,als1.fan.y9pm.png,
环境电器,优越者,优越者智能风扇Y90-Pro max,als1.fan.jz5,als1.fan.jz5.png,
环境电器,优越者,优越者智能风扇Z5 Pro Max,als1.fan.z5yyz,als1.fan.z5yyz.png,
环境电器,佑明youming,佑明中央空调温控器,youmin.airrtc.127,youmin.airrtc.127.png,
环境电器,佑明youming,佑明空调伴侣,youmin.acpartner.zhcp02,youmin.acpartner.zhcp02.png,
环境电器,佑明youming,佑明空调伴侣 ZH-cp01,youmin.acpartner.zhcp01,youmin.acpartner.zhcp01.png,
环境电器,倍益康beoka,倍益康弥散制氧新风机QL/M5,beoka.airfresh.qlm5,beoka.airfresh.qlm5.png,
环境电器,先锋,先锋免倒水除湿机CFS60B-21AR,sfdn.derh.21ar,sfdn.derh.21ar.png,
环境电器,先锋,先锋石墨烯油汀电暖器YY1R,sfdn.heater.yy1r,sfdn.heater.yy1r.png,
环境电器,先锋,先锋耐高温/免倒水除湿机,sfdn.derh.001,sfdn.derh.001.png,
环境电器,先锋,先锋高端全屋暖气片ZY-HN2521RB-28R,sfdn.heater.003,sfdn.heater.003.png,
环境电器,先锋,先锋高端全屋暖气片电暖器ZY-HD2502RB-22R,sfdn.heater.004,sfdn.heater.004.png,
环境电器,先锋,先锋高端全屋暖气片电暖器ZY-HD2506RB-17R,sfdn.heater.17r,sfdn.heater.17r.png,
环境电器,先锋,先锋高端全屋暖气片电暖器ZY-HD2509RB-28R,sfdn.heater.28r,sfdn.heater.28r.png,
环境电器,其他品牌,AIVI智能香薰机JD系,szxzh.diffuser.jd301,szxzh.diffuser.jd301.png,
环境电器,其他品牌,CM温控器,syzn01.airrtc.tc01,syzn01.airrtc.tc01.png,
环境电器,其他品牌,Edon爱登39°加湿器,edon.humidifier.s108e1,edon.humidifier.s108e1.png,
环境电器,其他品牌,FLE-2008EW,akt.derh.2008,akt.derh.2008.png,
环境电器,其他品牌,HT智能空调控制器（Mesh版）,lemesh.aircondition.a01,lemesh.aircondition.a01.png,
环境电器,其他品牌,ICX智能空调遥控器,qjiang.acpartner.ac02,qjiang.acpartner.ac02.png,
环境电器,其他品牌,Jya对流电暖器,jya.heater.sha1,jya.heater.sha1.png,
环境电器,其他品牌,KOTEI石墨烯温控器,kotei.airrtc.ktt001,kotei.airrtc.ktt001.png,
环境电器,其他品牌,LONINK VRF空调控制器PRO（Mesh）,qdhkl.airc.ln0589,qdhkl.airc.ln0589.png,
环境电器,其他品牌,Lumias 12L除湿机,nwt.derh.lua12l,nwt.derh.lua12l.png,
环境电器,其他品牌,Lumias 20L除湿机,nwt.derh.las20l,nwt.derh.las20l.png,
环境电器,其他品牌,Lumias 30L除湿机,nwt.derh.lua30l,nwt.derh.lua30l.png,
环境电器,其他品牌,MATE加湿器,mate.humidifier.cs01,mate.humidifier.cs01.png,
环境电器,其他品牌,MATE新风机A1,mate.airfresh.a1,mate.airfresh.a1.png,
环境电器,其他品牌,QD空气净化加湿一体机,iot.airp.wg03,iot.airp.wg03.png,
环境电器,其他品牌,V1Gra智能电暖器（Mesh）,giot.heater.v1ihm,giot.heater.v1ihm.png,
环境电器,其他品牌,forestlife除湿机FLE20-5252,nbfdzn.derh.cs01,nbfdzn.derh.cs01.png,
环境电器,其他品牌,一方智能风扇,yifang.fan.yx02,yifang.fan.yx02.png,
环境电器,其他品牌,万德龙科技除湿机,cetus.derh.wdl01,cetus.derh.wdl01.png,
环境电器,其他品牌,三合一温控器SR-Mesh版,bean.airrtc.nt01,bean.airrtc.nt01.png,
环境电器,其他品牌,中央空调,maxi.aircondition.m07,maxi.aircondition.m07.png,
环境电器,其他品牌,丹麦格澜供暖,nhy.airrtc.v1,nhy.airrtc.v1.png,
环境电器,其他品牌,今品家用除湿机CT16,jinpin.derh.ct16,jinpin.derh.ct16.png,
环境电器,其他品牌,伊岛除湿机M30 Pro,ishima.derh.001,ishima.derh.001.png,
环境电器,其他品牌,冰箱除味杀菌器Max,era.airp.cwb03,era.airp.cwb03.png,
环境电器,其他品牌,利维斯顿加湿器,ilvsd.humidifier.jl,ilvsd.humidifier.jl.png,
环境电器,其他品牌,劳力特新风机,disen.airfresh.ds300,disen.airfresh.ds300.png,
环境电器,其他品牌,卡曼智能循环电风扇,kmhb.fan.kmf1,kmhb.fan.kmf1.png,
环境电器,其他品牌,卡诺亚空气检测仪,iot.airm.kt1,iot.airm.kt1.png,
环境电器,其他品牌,即品智能电暖器,jipin.heater.my204,jipin.heater.my204.png,
环境电器,其他品牌,即品智能落地风扇,jipin.fan.f001,jipin.fan.f001.png,
环境电器,其他品牌,厚荣捷雾化壁炉,giot.heater.v13daf,giot.heater.v13daf.png,
环境电器,其他品牌,吾艾灵智能地毯,xar.heater.wal1,xar.heater.wal1.png,
环境电器,其他品牌,多皓智能风扇,daghat.fan.v1ifm,daghat.fan.v1ifm.png,
环境电器,其他品牌,好享+智能空调网关,iracc.aircondition.d19,iracc.aircondition.d19.png,
环境电器,其他品牌,小松鼠温控器,disen.airrtc.8908b,disen.airrtc.8908b.png,
环境电器,其他品牌,小松鼠热泵温控器,disen.airrtc.rebeng,disen.airrtc.rebeng.png,
环境电器,其他品牌,帝仕尼取暖器,fjsjdq.heater.23180,fjsjdq.heater.23180.png,
环境电器,其他品牌,德姆勒电风扇（单冷塔扇）,wanai.fan.t118,wanai.fan.t118.png,
环境电器,其他品牌,心之净智慧新风机,etern.airfresh.nh550,etern.airfresh.nh550.png,
环境电器,其他品牌,情景Mesh温控器（三合一版）,lemesh.airrtc.t16,lemesh.airrtc.t16.png,
环境电器,其他品牌,情景Mesh空调室内机控制器,lemesh.airc.air01,lemesh.airc.air01.png,
环境电器,其他品牌,旋风循环扇,yoda.fan.m55,yoda.fan.m55.png,
环境电器,其他品牌,晟科瑞地暖温控器,san.airrtc.s89h,san.airrtc.s89h.png,
环境电器,其他品牌,智拉斐全屏地暖控制器（D8）,slf.airrtc.air02,slf.airrtc.air02.png,
环境电器,其他品牌,智拉斐全屏新风控制器（D8）,slf.airfresh.airf01,slf.airfresh.airf01.png,
环境电器,其他品牌,智拉斐全屏空调控制器（D8）,slf.aircondition.air03,slf.aircondition.air03.png,
环境电器,其他品牌,智拉斐旋钮地暖温控器（HR7）,slf.airrtc.air05,slf.airrtc.air05.png,
环境电器,其他品牌,智拉斐旋钮新风温控器（HR7）,slf.airfresh.airf02,slf.airfresh.airf02.png,
环境电器,其他品牌,智拉斐旋钮空调温控器（HR7）,slf.aircondition.air04,slf.aircondition.air04.png,
环境电器,其他品牌,智能互联香薰机JD01,szhhkj.diffuser.jd01,szhhkj.diffuser.jd01.png,
环境电器,其他品牌,智能吊扇M35,zhhome.fan.m35,zhhome.fan.m35.png,
环境电器,其他品牌,智能循环扇M55,zhhome.fan.m55,zhhome.fan.m55.png,
环境电器,其他品牌,智能暴风户外风扇M65,zhhome.fan.m65,zhhome.fan.m65.png,
环境电器,其他品牌,智能温控器,suittc.airrtc.wk168,suittc.airrtc.wk168.png,
环境电器,其他品牌,智能温控器触控版M,suittc.airrtc.m301,suittc.airrtc.m301.png,
环境电器,其他品牌,智能空调助手RCS-Mesh版,bean.aircondition.tc01,bean.aircondition.tc01.png,
环境电器,其他品牌,智能除味器,era.diffuser.ws01,era.diffuser.ws01.png,
环境电器,其他品牌,智能香薰机,iot.diffuser.h2,iot.diffuser.h2.png,
环境电器,其他品牌,智能香薰机V系,szxzh.diffuser.v03,szxzh.diffuser.v03.png,
环境电器,其他品牌,测小菲甲醛监测仪,fbs.airmonitor.pth02,fbs.airmonitor.pth02.png,
环境电器,其他品牌,特莱香薰机,shc.diffuser.s07,shc.diffuser.s07.png,
环境电器,其他品牌,狄耐克四季生态空调,dnk.airc.dag60a,dnk.airc.dag60a.png,
环境电器,其他品牌,环幕取暖器,iot.heater.qnq01,iot.heater.qnq01.png,
环境电器,其他品牌,碧家新风机,szdy.airfresh.n80,szdy.airfresh.n80.png,
环境电器,其他品牌,空气堡智慧新风ZEN-300M,bjakq.airfresh.zen300,bjakq.airfresh.zen300.png,
环境电器,其他品牌,素乐智能风扇F5i,solove.fan.f5new,solove.fan.f5new.png,
环境电器,其他品牌,罗美蒂琪DTH-A02空气消毒机,lmdq.airp.dtha02,lmdq.airp.dtha02.png,
环境电器,其他品牌,罗美蒂琪智能新风净化机,bjdm.airfresh.test01,bjdm.airfresh.test01.png,
环境电器,其他品牌,苏宁宜品智能循环风扇,pxiang.fan.2310,pxiang.fan.2310.png,
环境电器,其他品牌,苏宁宜品除湿机,fzypyx.derh.snyp13,fzypyx.derh.snyp13.png,
环境电器,其他品牌,苏米VRF控制器,xhuan.aircondition.ac01,xhuan.aircondition.ac01.png,
环境电器,其他品牌,苏米中央空调控制器,qdhkl.aircondition.md01,qdhkl.aircondition.md01.png,
环境电器,其他品牌,蓝牙VRF中央空调控制器,scdvb.aircondition.acm,scdvb.aircondition.acm.png,
环境电器,其他品牌,豹米空气净化器2S,baomi.airpurifier.450a,baomi.airpurifier.450a.png,
环境电器,其他品牌,赛特斯除湿机1016,cetus.derh.1016,cetus.derh.1016.png,
环境电器,其他品牌,赛特斯除湿机STSD20-1021/1022,cetus.derh.1021,cetus.derh.1021.png,
环境电器,其他品牌,迈斯VRF中央空调控制器,maxi.airc.air04,maxi.airc.air04.png,
环境电器,其他品牌,迈斯风管机控制器A06B,maxi.aircondition.air02,maxi.aircondition.air02.png,
环境电器,其他品牌,迪航空调智能控制网关 G/Z 770,dhdzkj.airc.air01,dhdzkj.airc.air01.png,
环境电器,其他品牌,采暖温控器,davell.airrtc.dv323x,davell.airrtc.dv323x.png,
环境电器,其他品牌,采暖温控器DKM3,di8hao.heater.m3,di8hao.heater.m3.png,
环境电器,其他品牌,锐力电暖气,really.heater.f1,really.heater.f1.png,
环境电器,初刻良品,初刻良品智能空调遥控器,hzyk.acpartner.kt5s01,hzyk.acpartner.kt5s01.png,
环境电器,卡帝亚,奥克斯塔式暖风机 A1,kadeer.heater.200krw,kadeer.heater.200krw.png,
环境电器,卡帝亚,奥克斯对流式取暖器 A1,kadeer.heater.b81rw,kadeer.heater.b81rw.png,
环境电器,即品,即品一级能效壁挂风扇,jipin.fan.f008,jipin.fan.f008.png,
环境电器,即品,即品加湿火焰净化取暖器,jipin.heater.2207,jipin.heater.2207.png,
环境电器,即品,即品智能互联平面落地风扇,jipin.fan.f006,jipin.fan.f006.png,
环境电器,即品,即品智能互联空气循环扇,jipin.fan.f003,jipin.fan.f003.png,
环境电器,即品,即品空气循环扇,jipin.fan.f005,jipin.fan.f005.png,
环境电器,即品,即品立式空气循环扇,jipin.fan.f004,jipin.fan.f004.png,
环境电器,即屋,GW三合一温控器MESH2.0,giwu.airrtc.temp,giwu.airrtc.temp.png,
环境电器,双鹿,双鹿智能风扇J15-Pro max,als1.fan.j15sl,als1.fan.j15sl.png,
环境电器,双鹿,双鹿智能风扇J5 Pro Max,als1.fan.j5sl,als1.fan.j5sl.png,
环境电器,双鹿,双鹿智能风扇J90-Pro max,als1.fan.j90sl,als1.fan.j90sl.png,
环境电器,双鹿,双鹿智能风扇Z5 Pro Max,als1.fan.z5sl,als1.fan.z5sl.png,
环境电器,双鹿,双鹿智能风扇Z9-Pro max,als1.fan.z9sl,als1.fan.z9sl.png,
环境电器,品源瑞,品源瑞J13智能加湿器,jhkdz.humidifier.j3,jhkdz.humidifier.j3.png,
环境电器,品达,品达VRF三合一温控器Mesh2.0,maxi.airrtc.pdkw00,maxi.airrtc.pdkw00.png,
环境电器,品达,品达中央空调,maxi.airc.ln069s,maxi.airc.ln069s.png,
环境电器,品达,品达小精灵新风控制器Mesh2.0,maxi.airfresh.fresh2,maxi.airfresh.fresh2.png,
环境电器,品达,品达小精灵空调控制器Mesh2.0,maxi.airc.airm1,maxi.airc.airm1.png,
环境电器,品达,品达小精灵空调控制器WIFI版,maxi.airc.airw1,maxi.airc.airw1.png,
环境电器,喵动力,喵动力夹式桌面扇ZL899,flashm.fan.zl899,flashm.fan.zl899.png,
环境电器,喵动力,喵动力桌面循环扇F-1A,flashm.fan.f1,flashm.fan.f1.png,
环境电器,土豆,土豆 MINI5,1245.airfresh.super3,1245.airfresh.super3.png,
环境电器,土豆,土豆 PRO,1245.airfresh.super2,1245.airfresh.super2.png,
环境电器,土豆,土豆MINI,1245.airfresh.mini2,1245.airfresh.mini2.png,
环境电器,土豆,土豆SUPER,1245.airpurifier.dl01,1245.airpurifier.dl01.png,
环境电器,土豆,土豆新风机FLIP,1245.airfresh.cj300,1245.airfresh.cj300.png,
环境电器,土豆,土豆新风机MINI9,1245.airfresh.mini6,1245.airfresh.mini6.png,
环境电器,土豆,土豆新风机PRO9,1245.airfresh.pro9,1245.airfresh.pro9.png,
环境电器,土豆,土豆新风机SKY400,1245.airfresh.dx400,1245.airfresh.dx400.png,
环境电器,埃维生活AIVILIFE,AIVI 智能加湿器JS02,szxzh.humidifier.js02,szxzh.humidifier.js02.png,
环境电器,埃维生活AIVILIFE,AIVI 智能加湿器JS03,szxzh.humidifier.js03,szxzh.humidifier.js03.png,
环境电器,埃维生活AIVILIFE,AIVI智能循环扇 F2 系,szxzh.fan.f23,szxzh.fan.f23.png,
环境电器,埃维生活AIVILIFE,AIVI智能循环扇 F7系,szxzh.fan.f77,szxzh.fan.f77.png,
环境电器,埃维生活AIVILIFE,AIVI智能循环扇 F8系,szxzh.fan.f88,szxzh.fan.f88.png,
环境电器,埃维生活AIVILIFE,AIVI智能循环扇 F99Pro,szxzh.fan.f99,szxzh.fan.f99.png,
环境电器,埃维生活AIVILIFE,AIVI智能循环扇F11Pro,szxzh.fan.f11,szxzh.fan.f11.png,
环境电器,埃维生活AIVILIFE,AIVI智能循环扇F53Pro,szxzh.fan.f53,szxzh.fan.f53.png,
环境电器,埃维生活AIVILIFE,AIVI智能循环扇F系,szxzh.fan.f33,szxzh.fan.f33.png,
环境电器,埃维生活AIVILIFE,KeBinsi智能循环扇F12Pro,szxzh.fan.f12,szxzh.fan.f12.png,
环境电器,塔菲克TAFIQ,塔菲克摇头循环风扇S6PRO,tafiq.fan.s6pro,tafiq.fan.s6pro.png,
环境电器,塔菲克TAFIQ,塔菲克智能桌面风扇S26PRO,tafiq.fan.s26pro,tafiq.fan.s26pro.png,
环境电器,塔菲克TAFIQ,塔菲克智能风扇,tafiq.fan.c1,tafiq.fan.c1.png,
环境电器,声必可,声必可三合一温控器,xfocus.airrtc.t10,xfocus.airrtc.t10.png,
环境电器,奥克斯,奥克斯智能风扇N182,hcsp.fan.fsns4,hcsp.fan.fsns4.png,
环境电器,奥克斯,奥克斯智能风扇NS-11,hcsp.fan.fsns1,hcsp.fan.fsns1.png,
环境电器,奥克斯,奥克斯智能风扇NS-12,hcsp.fan.fsns2,hcsp.fan.fsns2.png,
环境电器,奥克斯,奥克斯智能风扇NS-13,hcsp.fan.fsns3,hcsp.fan.fsns3.png,
环境电器,宅鲸,宅鲸净化加湿器,zjaupu.humidifier.a1,zjaupu.humidifier.a1.png,
环境电器,宅鲸,宅鲸净化加湿器A2Pro,zjaupu.humidifier.a2s,zjaupu.humidifier.a2s.png,
环境电器,宅鲸,宅鲸净化加湿器C1,zjaupu.humidifier.c1,zjaupu.humidifier.c1.png,
环境电器,小米出品,中央空调 双出风,xiaomi.airc.arf2kk,xiaomi.airc.arf2kk.png,
环境电器,小米出品,中央空调Pro 双风轮（适用于中央空调 双风轮）,xiaomi.airc.arf2r2,xiaomi.airc.arf2r2.png,
环境电器,小米出品,人感风 双出风 风管机 大4匹 超一级能效,xiaomi.airc.ar19r1,xiaomi.airc.ar19r1.png,
环境电器,小米出品,小米互联网空调A（1.5匹|变频|一级能效）,xiaomi.aircondition.mc2,xiaomi.aircondition.mc2.png,
环境电器,小米出品,小米互联网空调A（1.5匹|变频|超一级能效）,xiaomi.aircondition.mc5,xiaomi.aircondition.mc5.png,
环境电器,小米出品,小米互联网空调A（大1匹|变频|一级能效）,xiaomi.aircondition.mc1,xiaomi.aircondition.mc1.png,
环境电器,小米出品,小米互联网空调A（大1匹|变频|超一级能效）,xiaomi.aircondition.mc4,xiaomi.aircondition.mc4.png,
环境电器,小米出品,小米互联网空调C（1.5匹|变频|新一级能效）,xiaomi.aircondition.mh2,xiaomi.aircondition.mh2.png,
环境电器,小米出品,小米互联网空调C（大1匹|变频|新一级能效）,xiaomi.aircondition.mh1,xiaomi.aircondition.mh1.png,
环境电器,小米出品,小米互联网空调X（1.5匹|变频|新一级能效）,xiaomi.aircondition.mt2,xiaomi.aircondition.mt2.png,
环境电器,小米出品,小米互联网空调X（大1匹|变频|新一级能效）,xiaomi.aircondition.mt1,xiaomi.aircondition.mt1.png,
环境电器,小米出品,小米互联网立式空调A（2匹|变频|超一级能效）,xiaomi.aircondition.mc6,xiaomi.aircondition.mc6.png,
环境电器,小米出品,小米互联网立式空调A（3匹|变频|超一级能效）,xiaomi.aircondition.mc7,xiaomi.aircondition.mc7.png,
环境电器,小米出品,小米巨省电空调 （1.5匹|变频|新一级能效）,xiaomi.aircondition.t13,xiaomi.aircondition.t13.png,
环境电器,小米出品,小米巨省电空调 （大1匹|变频|新一级能效）,xiaomi.aircondition.mt7,xiaomi.aircondition.mt7.png,
环境电器,小米出品,小米巨省电空调（1.5匹|变频|新三级能效）,xiaomi.aircondition.mc8,xiaomi.aircondition.mc8.png,
环境电器,小米出品,小米巨省电空调（大1匹|变频|新三级能效）,xiaomi.aircondition.mh3,xiaomi.aircondition.mh3.png,
环境电器,小米出品,小米巨省电立式空调 （2匹|变频|新一级能效）,xiaomi.aircondition.c10,xiaomi.aircondition.c10.png,
环境电器,小米出品,小米巨省电立式空调 （3匹/变频|新一级能效）1,xiaomi.aircondition.c32,xiaomi.aircondition.c32.png,
环境电器,小米出品,小米巨省电立式空调 （3匹/变频|新一级能效）2,xiaomi.aircondition.c11,xiaomi.aircondition.c11.png,
环境电器,小米出品,小米巨省电立式空调（2匹|变频|新三级能效）,xiaomi.aircondition.c39,xiaomi.aircondition.c39.png,
环境电器,小米出品,小米巨省电立式空调（3匹|变频|新三级能效）,xiaomi.aircondition.c40,xiaomi.aircondition.c40.png,
环境电器,小米出品,小米智能空气管理面板1,xiaomi.airc.ayyyyy,xiaomi.airc.ayyyyy.png,
环境电器,小米出品,小米智能空气管理面板2,xiaomi.airc.axxxxx,xiaomi.airc.axxxxx.png,
环境电器,小米出品,小米柔风空调 (大1匹 新一级能效),xiaomi.aircondition.m7,xiaomi.aircondition.m7.png,
环境电器,小米出品,小米柔风空调（1.5匹 新一级能效）,xiaomi.aircondition.m15,xiaomi.aircondition.m15.png,
环境电器,小米出品,小米柔风空调（1.5匹|变频|新一级能效）,xiaomi.aircondition.mt4,xiaomi.aircondition.mt4.png,
环境电器,小米出品,小米柔风空调（大1匹|变频|新一级能效）,xiaomi.aircondition.mt3,xiaomi.aircondition.mt3.png,
环境电器,小米出品,小米柔风立式空调（3匹|变频|新一级能效）,xiaomi.aircondition.mt5,xiaomi.aircondition.mt5.png,
环境电器,小米出品,小米空气净化器,zhimi.airpurifier.v1,zhimi.airpurifier.v1.png,
环境电器,小米出品,小米空气净化器2代,zhimi.airpurifier.m2,zhimi.airpurifier.m2.png,
环境电器,小米出品,小米空调 巨省电 Pro （1.5匹 新一级能效）,xiaomi.aircondition.c22,xiaomi.aircondition.c22.png,
环境电器,小米出品,小米空调巨省电 1.5匹 一级 适用米家速冷静,xiaomi.airc.h09r00,xiaomi.airc.h09r00.png,
环境电器,小米出品,小米空调巨省电 1.5匹 一级 适用米家速冷静/鎏金版/静雅白,xiaomi.aircondition.m9,xiaomi.aircondition.m9.png,
环境电器,小米出品,小米空调巨省电 1匹 一级 适用米家速冷静,xiaomi.aircondition.m4,xiaomi.aircondition.m4.png,
环境电器,小米出品,小米空调巨省电 1匹 适用米家速冷静,xiaomi.aircondition.m10,xiaomi.aircondition.m10.png,
环境电器,小米出品,小米米家空气净化器2S,zhimi.airpurifier.ma1,zhimi.airpurifier.ma1.png,
环境电器,小米出品,小米米家空气检测仪,cgllc.airmonitor.b1,cgllc.airmonitor.b1.png,
环境电器,小米出品,巨省电 风管机 4P 新一级能效,xiaomi.airc.1r07r1,xiaomi.airc.1r07r1.png,
环境电器,小米出品,巨省电 风管机 4P 新一级能效（适用于智能空气管理面板）,xiaomi.airc.ar07r1,xiaomi.airc.ar07r1.png,
环境电器,小米出品,巨省电 风管机 大3P 新一级能效,xiaomi.airc.1r06r1,xiaomi.airc.1r06r1.png,
环境电器,小米出品,巨省电 风管机 大3P 新一级能效（适用于智能空气管理面板）,xiaomi.airc.ar06r1,xiaomi.airc.ar06r1.png,
环境电器,小米出品,巨省电Pro 风管机 4匹 超一级能效,xiaomi.airc.ar14h1,xiaomi.airc.ar14h1.png,
环境电器,小米出品,巨省电Pro 风管机 大3匹 超一级能效,xiaomi.airc.ar13h1,xiaomi.airc.ar13h1.png,
环境电器,小米出品,强劲风 风管机 超3匹 超一级能效,xiaomi.airc.ar08r1,xiaomi.airc.ar08r1.png,官网已移除该型号
环境电器,小米出品,强劲风 风管机 超4匹 超一级能效,xiaomi.airc.ar09r1,xiaomi.airc.ar09r1.png,
环境电器,小米出品,新风空调 Pro 1.5匹超一级能效,xiaomi.airc.h13r00,xiaomi.airc.h13r00.png,
环境电器,小米出品,新风空调Pro 人感双出风 立式3匹 超一级能效1,xiaomi.airc.rrfr00,xiaomi.airc.rrfr00.png,
环境电器,小米出品,新风空调Pro 人感双出风 立式3匹 超一级能效2,xiaomi.airc.rrhr00,xiaomi.airc.rrhr00.png,
环境电器,小米出品,智能香氛机,xiaomi.diffuser.xwcztx,xiaomi.diffuser.xwcztx.png,
环境电器,小米出品,空气净化器遥控,miir.airpurifier.ir01,miir.airpurifier.ir01.png,
环境电器,小米出品,空调  速冷静  立式大3匹,xiaomi.airc.rrnh00,xiaomi.airc.rrnh00.png,
环境电器,小米出品,空调 1.5匹 新三级,xiaomi.aircondition.m6,xiaomi.aircondition.m6.png,
环境电器,小米出品,空调 Pro 巨省电 立式2匹超一级能效,xiaomi.airc.rrer00,xiaomi.airc.rrer00.png,
环境电器,小米出品,空调 上出风Pro 1.5匹 超一级能效,xiaomi.airc.h21ysj,xiaomi.airc.h21ysj.png,
环境电器,小米出品,空调 人感风 1.5匹新一级能效,xiaomi.airc.h50h00,xiaomi.airc.h50h00.png,
环境电器,小米出品,空调 健康风 1.5匹新一级能效,xiaomi.airc.h44h00,xiaomi.airc.h44h00.png,
环境电器,小米出品,空调 巨省电 大1.5匹新一级能效1,xiaomi.airc.h49h00,xiaomi.airc.h49h00.png,
环境电器,小米出品,空调 巨省电 大1.5匹新一级能效2,xiaomi.airc.h69h00,xiaomi.airc.h69h00.png,
环境电器,小米出品,空调 巨省电 大1匹新一级能效,xiaomi.airc.h51h00,xiaomi.airc.h51h00.png,
环境电器,小米出品,空调 巨省电 大2匹新一级能效,xiaomi.airc.h53h00,xiaomi.airc.h53h00.png,
环境电器,小米出品,空调 巨省电 大3匹新一级能效,xiaomi.airc.h61h00,xiaomi.airc.h61h00.png,
环境电器,小米出品,空调 巨省电 柔风版 大1.5匹 一级能效,xiaomi.airc.f49h00,xiaomi.airc.f49h00.png,
环境电器,小米出品,空调 巨省电 柔风版 大2匹 一级能效,xiaomi.airc.f53h00,xiaomi.airc.f53h00.png,
环境电器,小米出品,空调 巨省电 柔风版 立式大3匹 新一级能效,xiaomi.airc.frjh00,xiaomi.airc.frjh00.png,
环境电器,小米出品,空调 巨省电 立式2匹新一级能效,xiaomi.airc.rrcr00,xiaomi.airc.rrcr00.png,
环境电器,小米出品,空调 巨省电 立式3匹新一级能效,xiaomi.airc.rrbr00,xiaomi.airc.rrbr00.png,
环境电器,小米出品,空调 巨省电 立式大2匹 新一级能效,xiaomi.airc.rrih00,xiaomi.airc.rrih00.png,
环境电器,小米出品,空调 巨省电 立式大3匹 新一级能效,xiaomi.airc.rrjh00,xiaomi.airc.rrjh00.png,
环境电器,小米出品,空调 巨省电Pro  1.5匹 超一级能效,xiaomi.airc.r24r00,xiaomi.airc.r24r00.png,
环境电器,小米出品,空调 巨省电Pro 1.5匹 超一级能效,xiaomi.airc.h39h00,xiaomi.airc.h39h00.png,
环境电器,小米出品,空调 巨省电Pro 1匹 超一级能效,xiaomi.airc.h43h00,xiaomi.airc.h43h00.png,
环境电器,小米出品,空调 巨省电Pro 2匹 超一级能效,xiaomi.airc.r42r00,xiaomi.airc.r42r00.png,
环境电器,小米出品,空调 巨省电Pro 大1.5匹 超一级能效,xiaomi.airc.h55h00,xiaomi.airc.h55h00.png,
环境电器,小米出品,空调 巨省电Pro 大1匹 超一级能效,xiaomi.airc.h54h00,xiaomi.airc.h54h00.png,
环境电器,小米出品,空调 巨省电Pro 柔风版 大1.5匹 超一级能效,xiaomi.airc.f55h00,xiaomi.airc.f55h00.png,
环境电器,小米出品,空调 巨省电Pro 柔风版 立式大2匹 超一级能效,xiaomi.airc.frkh00,xiaomi.airc.frkh00.png,
环境电器,小米出品,空调 巨省电Pro 柔风版 立式大3匹 超一级能效1,xiaomi.airc.frlh00,xiaomi.airc.frlh00.png,官网已移除该型号
环境电器,小米出品,空调 巨省电Pro 柔风版 立式大3匹 超一级能效,xiaomi.airc.frlysj,xiaomi.airc.frlysj.png,
环境电器,小米出品,空调 巨省电Pro 立式3匹 超一级能效,xiaomi.airc.rrdr00,xiaomi.airc.rrdr00.png,
环境电器,小米出品,空调 巨省电Pro 立式大2匹 超一级能效,xiaomi.airc.rrkh00,xiaomi.airc.rrkh00.png,
环境电器,小米出品,空调 巨省电Pro 立式大3匹 超一级能效,xiaomi.airc.rrlh00,xiaomi.airc.rrlh00.png,
环境电器,小米出品,空调 强劲风 立式超3匹 超一级能效,xiaomi.airc.rror00,xiaomi.airc.rror00.png,
环境电器,小米出品,空调 强劲风 至尊版 立式超3匹 超一级能效,xiaomi.airc.rrqr00,xiaomi.airc.rrqr00.png,
环境电器,小米出品,空调 强劲风 至尊版 超1.5匹 超一级能效,xiaomi.airc.h65h00,xiaomi.airc.h65h00.png,官网已移除该型号
环境电器,小米出品,空调 强劲风 超1.5匹 超一级能效,xiaomi.airc.h64h00,xiaomi.airc.h64h00.png,
环境电器,小米出品,空调 强劲风Pro  超1.5匹 超一级能效,xiaomi.airc.h66h00,xiaomi.airc.h66h00.png,
环境电器,小米出品,空调 强劲风Pro 立式超3匹 超一级能效,xiaomi.airc.rrpr00,xiaomi.airc.rrpr00.png,
环境电器,小米出品,空调 强劲风Pro 至尊版 立式超3匹 超一级能效,xiaomi.airc.rrrr00,xiaomi.airc.rrrr00.png,
环境电器,小米出品,空调 强劲风Pro 至尊版 超1.5匹 超一级能效,xiaomi.airc.h60h00,xiaomi.airc.h60h00.png,
环境电器,小米出品,空调 新风Pro 双出风 立式3匹 超一级能效,xiaomi.airc.rr4r00,xiaomi.airc.rr4r00.png,
环境电器,小米出品,空调 新风Pro 双出风 立式3匹 超一级能效（冰晶白）,xiaomi.airc.rr5r00,xiaomi.airc.rr5r00.png,
环境电器,小米出品,空调 柔风 2025 立式3匹新一级能效（含自然风 2025）,xiaomi.airc.rr9r00,xiaomi.airc.rr9r00.png,
环境电器,小米出品,空调 柔风 立式3匹新一级（含速冷静）,xiaomi.aircondition.c37,xiaomi.aircondition.c37.png,
环境电器,小米出品,空调 睡眠 1.5匹一级 简白,xiaomi.airc.h45h00,xiaomi.airc.h45h00.png,
环境电器,小米出品,空调 睡眠 1匹一级 简白,xiaomi.airc.h41h00,xiaomi.airc.h41h00.png,
环境电器,小米出品,空调 自然风 双出风 立式3匹 新一级能效,xiaomi.airc.rr2r00,xiaomi.airc.rr2r00.png,
环境电器,小米出品,空调 自然风 双出风 立式3匹 新一级能效（银）,xiaomi.airc.rr3r00,xiaomi.airc.rr3r00.png,
环境电器,小米出品,空调 自然风Pro 3匹超一级能效,xiaomi.airc.r35r00,xiaomi.airc.r35r00.png,
环境电器,小米出品,空调 自然风Pro 双出风 立式3匹 超一级能效,xiaomi.airc.rr1r00,xiaomi.airc.rr1r00.png,
环境电器,小米出品,空调 自然风Pro 双出风 立式3匹 超一级能效（冰晶白）,xiaomi.airc.rr6r00,xiaomi.airc.rr6r00.png,
环境电器,小米出品,空调 速冷静 1.5匹新一级能效,xiaomi.airc.r36r00,xiaomi.airc.r36r00.png,
环境电器,小米出品,空调 速冷静 大1.5匹新一级能效,xiaomi.airc.h67h00,xiaomi.airc.h67h00.png,
环境电器,小米出品,空调 速冷静 大2匹新一级能效,xiaomi.airc.h68h00,xiaomi.airc.h68h00.png,
环境电器,小米出品,空调Pro 人感上出风 1.5匹 超一级能效,xiaomi.airc.h46h00,xiaomi.airc.h46h00.png,官网已移除该型号
环境电器,小米出品,空调Pro 健康风 1.5匹超一级能效,xiaomi.airc.h40ysj,xiaomi.airc.h40ysj.png,
环境电器,小米出品,空调遥控,miir.aircondition.ir02,miir.aircondition.ir02.png,
环境电器,小米出品,米家PM2.5检测仪,zhimi.airmonitor.v1,zhimi.airmonitor.v1.png,
环境电器,小米出品,米家中央空调 风管机 3匹 一级能效,xiaomi.aircondition.m18,xiaomi.aircondition.m18.png,
环境电器,小米出品,米家互联网空调C1（1.5匹/变频/一级能效）,xiaomi.aircondition.ma2,xiaomi.aircondition.ma2.png,
环境电器,小米出品,米家互联网空调C1（1.5匹/变频）,xiaomi.aircondition.ma1,xiaomi.aircondition.ma1.png,
环境电器,小米出品,米家互联网空调C1（1.5匹/定频/三级能效）,xiaomi.aircondition.ma6,xiaomi.aircondition.ma6.png,
环境电器,小米出品,米家互联网空调C1（大1匹/变频/一级能效）,xiaomi.aircondition.ma9,xiaomi.aircondition.ma9.png,
环境电器,小米出品,米家互联网空调（一级能效）,zhimi.aircondition.ma4,zhimi.aircondition.ma4.png,
环境电器,小米出品,米家互联网空调（三级能效）,zhimi.aircondition.ma1,zhimi.aircondition.ma1.png,
环境电器,小米出品,米家互联网立式空调C1（2匹/变频/一级能效）,xiaomi.aircondition.ma5,xiaomi.aircondition.ma5.png,
环境电器,小米出品,米家互联网立式空调C1（2匹/定频）,xiaomi.aircondition.ma4,xiaomi.aircondition.ma4.png,
环境电器,小米出品,米家全效空气净化器,zhimi.airp.ua2,zhimi.airp.ua2.png,
环境电器,小米出品,米家全效空气净化器 Ultra,zhimi.airp.ua1a,zhimi.airp.ua1a.png,
环境电器,小米出品,米家全效空气净化器 Ultra 增强版2,xiaomi.airp.ua3a,xiaomi.airp.ua3a.png,
环境电器,小米出品,米家全效空气净化器 Ultra 增强版2,xiaomi.airp.ua3,xiaomi.airp.ua3.png,官网已移除该型号
环境电器,小米出品,米家净化加湿器 3 Max,xiaomi.humidifier.ha1,xiaomi.humidifier.ha1.png,
环境电器,小米出品,米家变频净化除湿机 Max,xiaomi.derh.60l,xiaomi.derh.60l.png,
环境电器,小米出品,米家宠物空气净化器,xiaomi.airp.pa1,xiaomi.airp.pa1.png,
环境电器,小米出品,米家循环扇,xiaomi.fan.p51,xiaomi.fan.p51.png,
环境电器,小米出品,米家循环风空气净化器,dmaker.airp.swift,dmaker.airp.swift.png,
环境电器,小米出品,米家新风机,dmaker.airfresh.t2017,dmaker.airfresh.t2017.png,
环境电器,小米出品,米家新风机A1 150风量,dmaker.airfresh.a1,dmaker.airfresh.a1.png,
环境电器,小米出品,米家新风空调 1.5匹 新一级,xiaomi.aircondition.m19,xiaomi.aircondition.m19.png,
环境电器,小米出品,米家新风空调 （1.5匹）,xiaomi.aircondition.c17,xiaomi.aircondition.c17.png,
环境电器,小米出品,米家新风空调 （尊享版 1.5匹）,xiaomi.aircondition.mt6,xiaomi.aircondition.mt6.png,
环境电器,小米出品,米家新风空调立式（2匹 新一级能效）,xiaomi.aircondition.c24,xiaomi.aircondition.c24.png,
环境电器,小米出品,米家新风空调立式（3匹 新一级能效）,xiaomi.aircondition.c20,xiaomi.aircondition.c20.png,
环境电器,小米出品,米家新风空调（大1匹）,xiaomi.aircondition.c19,xiaomi.aircondition.c19.png,
环境电器,小米出品,米家无雾加湿器 3 Pro,xiaomi.humidifier.airmx,xiaomi.humidifier.airmx.png,
环境电器,小米出品,米家无雾加湿器 3「400」,xiaomi.humidifier.p3,xiaomi.humidifier.p3.png,
环境电器,小米出品,米家无雾加湿器3 400mL/h,xiaomi.humidifier.4lite,xiaomi.humidifier.4lite.png,
环境电器,小米出品,米家无雾加湿器3 600mL/h,xiaomi.humidifier.600,xiaomi.humidifier.600.png,
环境电器,小米出品,米家无雾加湿器3 「1200」,xiaomi.humidifier.p1200,xiaomi.humidifier.p1200.png,
环境电器,小米出品,米家无雾加湿器3 「800」,xiaomi.humidifier.p800,xiaomi.humidifier.p800.png,
环境电器,小米出品,米家智能加湿器,deerma.humidifier.jsq3,deerma.humidifier.jsq3.png,
环境电器,小米出品,米家智能变频循环扇Pro,xiaomi.fan.p90,xiaomi.fan.p90.png,
环境电器,小米出品,米家智能变频除湿机 30L,xiaomi.derh.30l,xiaomi.derh.30l.png,
环境电器,小米出品,米家智能无叶净化扇,dreame.fan.p2018,dreame.fan.p2018.png,
环境电器,小米出品,米家智能电暖器,zhimi.heater.ma2a,zhimi.heater.ma2a.png,
环境电器,小米出品,米家智能直流变频塔扇2,dmaker.fan.p45,dmaker.fan.p45.png,
环境电器,小米出品,米家智能直流变频循环扇 落地式,dmaker.fan.p28,dmaker.fan.p28.png,
环境电器,小米出品,米家智能直流变频循环落地扇 电池版,dmaker.fan.p221,dmaker.fan.p221.png,
环境电器,小米出品,米家智能直流变频落地扇1X,dmaker.fan.p5c,dmaker.fan.p5c.png,
环境电器,小米出品,米家智能蒸发式冷风扇,dmaker.fan.p44,dmaker.fan.p44.png,
环境电器,小米出品,米家智能调香机,xwhzp.diffuser.xwxfj,xwhzp.diffuser.xwxfj.png,
环境电器,小米出品,米家智能车载加湿器,xiaomi.humidifier.czjsq,xiaomi.humidifier.czjsq.png,
环境电器,小米出品,米家智能除湿机 13L,xiaomi.derh.13l,xiaomi.derh.13l.png,
环境电器,小米出品,米家智能除湿机 22L,dmaker.derh.22l,dmaker.derh.22l.png,
环境电器,小米出品,米家智能除湿机 50L,dmaker.derh.50l,dmaker.derh.50l.png,
环境电器,小米出品,米家智能除菌加湿器,deerma.humidifier.jsqm,deerma.humidifier.jsqm.png,
环境电器,小米出品,米家智能除菌加湿器  S,deerma.humidifier.jsqs,deerma.humidifier.jsqs.png,
环境电器,小米出品,米家智能除菌加湿器2,xiaomi.humidifier.jsq2g,xiaomi.humidifier.jsq2g.png,
环境电器,小米出品,米家智能香氛机-杯托版,xiaomi.diffuser.xwczxf,xiaomi.diffuser.xwczxf.png,
环境电器,小米出品,米家智能香氛机1,xiaomi.diffuser.02wh,xiaomi.diffuser.02wh.png,
环境电器,小米出品,米家智能香氛机2,xiaomi.diffuser.xw002,xiaomi.diffuser.xw002.png,
环境电器,小米出品,米家智能香氛机3,xiaomi.diffuser.03wh,xiaomi.diffuser.03wh.png,
环境电器,小米出品,米家桌面空气净化器,zhimi.airpurifier.oa1,zhimi.airpurifier.oa1.png,
环境电器,小米出品,米家消毒空气净化器,xiaomi.airp.mea1,xiaomi.airp.mea1.png,
环境电器,小米出品,米家电暖器,zhimi.heater.ma1,zhimi.heater.ma1.png,
环境电器,小米出品,米家直流变频两季扇,xiaomi.fan.p23,xiaomi.fan.p23.png,
环境电器,小米出品,米家直流变频台式循环扇,xiaomi.fan.p69,xiaomi.fan.p69.png,
环境电器,小米出品,米家直流变频塔扇,dmaker.fan.p9,dmaker.fan.p9.png,
环境电器,小米出品,米家直流变频循环扇 台式,zhimi.fan.fa1,zhimi.fan.fa1.png,
环境电器,小米出品,米家直流变频循环落地扇 电池版,dmaker.fan.p220,dmaker.fan.p220.png,
环境电器,小米出品,米家直流变频落地扇,zhimi.fan.sa1,zhimi.fan.sa1.png,
环境电器,小米出品,米家直流变频落地扇 Pro,xiaomi.fan.p43,xiaomi.fan.p43.png,
环境电器,小米出品,米家直流变频落地扇1X,dmaker.fan.p5,dmaker.fan.p5.png,
环境电器,小米出品,米家直流变频落地扇2,dmaker.fan.p10,dmaker.fan.p10.png,
环境电器,小米出品,米家直流变频落地扇2 电池版,dmaker.fan.p11,dmaker.fan.p11.png,
环境电器,小米出品,米家直流变频落地扇E,dmaker.fan.1e,dmaker.fan.1e.png,
环境电器,小米出品,米家石墨烯折叠踢脚线电暖器 超薄版,zhimi.heater.ma5,zhimi.heater.ma5.png,
环境电器,小米出品,米家石墨烯油汀取暖器,xiaomi.heater.ma3,xiaomi.heater.ma3.png,
环境电器,小米出品,米家石墨烯踢脚线电暖器,leshow.heater.bs3,leshow.heater.bs3.png,
环境电器,小米出品,米家石墨烯踢脚线电暖器 2 折叠版,xiaomi.heater.ma5,xiaomi.heater.ma5.png,
环境电器,小米出品,米家石墨烯踢脚线电暖器 仿真火焰版,zhimi.heater.ma6,zhimi.heater.ma6.png,
环境电器,小米出品,米家石墨烯踢脚线电暖器 超薄版,leshow.heater.bs2,leshow.heater.bs2.png,
环境电器,小米出品,米家空气净化器 4,zhimi.airp.mp4a,zhimi.airp.mp4a.png,
环境电器,小米出品,米家空气净化器 4 MAX,zhimi.airp.sa4,zhimi.airp.sa4.png,
环境电器,小米出品,米家空气净化器 4 Pro,zhimi.airp.va2a,zhimi.airp.va2a.png,
环境电器,小米出品,米家空气净化器 4 Pro H,xiaomi.airp.va4a,xiaomi.airp.va4a.png,
环境电器,小米出品,米家空气净化器 5 Pro,xiaomi.airp.va5,xiaomi.airp.va5.png,
环境电器,小米出品,米家空气净化器 6,xiaomi.airp.ma6,xiaomi.airp.ma6.png,
环境电器,小米出品,米家空气净化器 6 Max,xiaomi.airp.sa6,xiaomi.airp.sa6.png,
环境电器,小米出品,米家空气净化器 6 Pro,xiaomi.airp.va6,xiaomi.airp.va6.png,
环境电器,小米出品,米家空气净化器 6 双芯除醛,xiaomi.airp.mp6,xiaomi.airp.mp6.png,
环境电器,小米出品,米家空气净化器3,zhimi.airpurifier.ma4,zhimi.airpurifier.ma4.png,
环境电器,小米出品,米家空气净化器F1,dmaker.airpurifier.f20,dmaker.airpurifier.f20.png,
环境电器,小米出品,米家空气净化器MAX / MAX 增强版,zhimi.airpurifier.sa2,zhimi.airpurifier.sa2.png,
环境电器,小米出品,米家空气净化器Pro,zhimi.airpurifier.v6,zhimi.airpurifier.v6.png,
环境电器,小米出品,米家空气净化器Pro H,zhimi.airpurifier.va1,zhimi.airpurifier.va1.png,
环境电器,小米出品,米家空气净化器X,zhimi.airpurifier.xa1,zhimi.airpurifier.xa1.png,
环境电器,小米出品,米家空调 巨省电  3匹新一级能效,xiaomi.airc.r33r00,xiaomi.airc.r33r00.png,
环境电器,小米出品,米家空调 巨省电 2匹 新一级能效 适用米家鎏金版,xiaomi.aircondition.m16,xiaomi.aircondition.m16.png,
环境电器,小米出品,米家空调 巨省电 2匹 新三级能效,xiaomi.aircondition.m22,xiaomi.aircondition.m22.png,
环境电器,小米出品,米家空调 巨省电 立式5匹,xiaomi.aircondition.c34,xiaomi.aircondition.c34.png,
环境电器,小米出品,米家空调 巨省电 （睡眠版 1.5匹）,xiaomi.aircondition.c16,xiaomi.aircondition.c16.png,
环境电器,小米出品,米家空调 巨省电 （睡眠版 1匹）,xiaomi.aircondition.c15,xiaomi.aircondition.c15.png,
环境电器,小米出品,米家空调 巨省电（2匹）,xiaomi.aircondition.mh4,xiaomi.aircondition.mh4.png,
环境电器,小米出品,米家空调 巨省电（大1匹 新三级能效）,xiaomi.aircondition.c21,xiaomi.aircondition.c21.png,
环境电器,小米出品,米家空调 巨省电（鎏金版 3匹 立式）,xiaomi.aircondition.mh6,xiaomi.aircondition.mh6.png,
环境电器,小米出品,米家空调 新风Pro 1.5匹 超一级能效,xiaomi.aircondition.m28,xiaomi.aircondition.m28.png,
环境电器,小米出品,米家空调 清凉版 1匹,xiaomi.aircondition.m11,xiaomi.aircondition.m11.png,
环境电器,小米出品,米家空调 清凉版（大1匹）,xiaomi.aircondition.k01,xiaomi.aircondition.k01.png,
环境电器,小米出品,米家空调 自然风 1.5匹 （新一级能效）1,xiaomi.aircondition.m3,xiaomi.aircondition.m3.png,
环境电器,小米出品,米家空调 自然风 1.5匹 （新一级能效）2,xiaomi.aircondition.m27,xiaomi.aircondition.m27.png,
环境电器,小米出品,米家空调 自然风 2匹 （新一级能效）,xiaomi.airc.r27r00,xiaomi.airc.r27r00.png,
环境电器,小米出品,米家空调 自然风 立式 2 匹（新一级能效）,xiaomi.aircondition.c26,xiaomi.aircondition.c26.png,
环境电器,小米出品,米家空调 自然风 立式 3 匹（新一级能效）,xiaomi.aircondition.c36,xiaomi.aircondition.c36.png,
环境电器,小米出品,米家空调 自然风 鎏金版 3 匹 新二级能效,xiaomi.aircondition.c33,xiaomi.aircondition.c33.png,
环境电器,小米出品,米家空调 自然风Pro 1.5匹 超一级能效,xiaomi.airc.r34r00,xiaomi.airc.r34r00.png,
环境电器,小米出品,米家空调 自然风（鎏金版 1.5匹）,xiaomi.aircondition.c12,xiaomi.aircondition.c12.png,
环境电器,小米出品,米家空调 自然风（鎏金版 2匹 新三级能效）,xiaomi.aircondition.c31,xiaomi.aircondition.c31.png,
环境电器,小米出品,米家空调 自然风（鎏金版 2匹）,xiaomi.aircondition.c13,xiaomi.aircondition.c13.png,
环境电器,小米出品,米家空调伴侣,lumi.acpartner.v2,lumi.acpartner.v2.png,
环境电器,小米出品,米家空调伴侣2,lumi.acpartner.mcn02,lumi.acpartner.mcn02.png,
环境电器,小米出品,米家空调伴侣Pro 万能遥控版,lumi.acpartner.mcn04,lumi.acpartner.mcn04.png,
环境电器,小米出品,米家立式暖风机,leshow.heater.nfj1lx,leshow.heater.nfj1lx.png,
环境电器,小米出品,米家立式暖风机Lite,leshow.heater.nfj2lx,leshow.heater.nfj2lx.png,
环境电器,小米出品,米家纯净式智能加湿器,deerma.humidifier.jsq6,deerma.humidifier.jsq6.png,
环境电器,小米出品,米家纯净式智能加湿器 2,dmaker.humidifier.p2,dmaker.humidifier.p2.png,
环境电器,小米出品,米家纯净式智能加湿器 2 lite,leshow.humidifier.jsq2,leshow.humidifier.jsq2.png,
环境电器,小米出品,米家纯净式智能加湿器 Pro,leshow.humidifier.jsq1,leshow.humidifier.jsq1.png,
环境电器,小米出品,米家纯净式智能加湿器 Pro 增强版,leshow.humidifier.jsq3,leshow.humidifier.jsq3.png,
环境电器,小米出品,米家落地扇,dmaker.fan.p8,dmaker.fan.p8.png,
环境电器,小米出品,米家踢脚线电暖器,leshow.heater.bs1,leshow.heater.bs1.png,
环境电器,小米出品,米家踢脚线电暖器1S,leshow.heater.bs1s,leshow.heater.bs1s.png,
环境电器,小米出品,米家踢脚线电暖器E,zhimi.heater.ma3,zhimi.heater.ma3.png,
环境电器,小米出品,风扇遥控,miir.fan.ir01,miir.fan.ir01.png,
环境电器,小米出品,风管机 3匹 一级能效,xiaomi.airc.1r04r1,xiaomi.airc.1r04r1.png,
环境电器,小米出品,风管机 3匹 一级能效（适用于智能空气管理面板）,xiaomi.airc.ar04r1,xiaomi.airc.ar04r1.png,
环境电器,小米出品,风管机Pro 1.5匹 超一级能效,xiaomi.airc.ar02r1,xiaomi.airc.ar02r1.png,
环境电器,小米出品,风管机Pro 3匹 超一级能效,xiaomi.airc.ar03r1,xiaomi.airc.ar03r1.png,
环境电器,小米出品,风管机Pro 4匹 超一级能效,xiaomi.airc.ar05r1,xiaomi.airc.ar05r1.png,
环境电器,小耳牛,小耳牛智能香薰机V08,xen.diffuser.v8,xen.diffuser.v8.png,
环境电器,尚度,尚度智能室内加热器NPT-QNS2506MDR-LX,sundu.heater.mdrlx,sundu.heater.mdrlx.png,
环境电器,巨欧,巨欧智能空调伴侣,wzojdz.acpartner.ktbl,wzojdz.acpartner.ktbl.png,
环境电器,希崖,希崖空调插座XyPro,riot.acpartner.xiya03,riot.acpartner.xiya03.png,
环境电器,希虹,希虹小火箭空调伴侣,hdc.acpartner.ym01,hdc.acpartner.ym01.png,
环境电器,帝仕尼,帝仕尼智能风扇(WiFi),morlin.fan.dsnfan,morlin.fan.dsnfan.png,
环境电器,平头熊,平头熊F系列空调三合一旋钮面板(Mesh2.0),090615.airc.fsair,090615.airc.fsair.png,
环境电器,平头熊,平头熊三合一屏显空调面板(梵高）,ptx.airc.fgkt1,ptx.airc.fgkt1.png,
环境电器,平头熊,平头熊三合一屏显空调面板（F1),ptx.airc.f1kt1,ptx.airc.f1kt1.png,
环境电器,平头熊,平头熊空调三合一旋钮面板,090615.airc.x1air,090615.airc.x1air.png,
环境电器,平头熊,平头熊空调小精灵(Mesh2.0),090615.airc.a07s,090615.airc.a07s.png,
环境电器,康玛特,KOMACHT新能源多功能温控器,kmt.airrtc.ytl001,kmt.airrtc.ytl001.png,
环境电器,德业,德业除湿机DYD-U20A3,deye.derh.u20a3,deye.derh.u20a3.png,
环境电器,德业,德业除湿机DYD-Z12A3,deye.derh.z12a3,deye.derh.z12a3.png,
环境电器,德业,德业除湿机DYD-Z20B3,deye.derh.z20,deye.derh.z20.png,
环境电器,德业,德业除湿机W20A3,deye.derh.w20a,deye.derh.w20a.png,
环境电器,德尔玛,德尔玛无雾加湿器,deerma.humidifier.ct500,deerma.humidifier.ct500.png,
环境电器,德尔玛,德尔玛热蒸馏加湿器,deerma.humidifier.cz300,deerma.humidifier.cz300.png,
环境电器,心佰鹿,XBL-S1壁挂/桌面折叠风扇,xbldqc.fan.s1,xbldqc.fan.s1.png,
环境电器,志高,志高室内加热器（移动式地暖）,nbaldq.heater.t21sw1,nbaldq.heater.t21sw1.png,
环境电器,悠觅,YOOMI三合一温控器MESH2.0,tofan.airrtc.wk01,tofan.airrtc.wk01.png,
环境电器,悠觅,YOOMI空调控制器MESH2.0,tofan.airc.air,tofan.airc.air.png,
环境电器,悠觅,悠觅VRF空调控制器MESH2.0,tofan.airc.air02,tofan.airc.air02.png,
环境电器,悠觅,悠觅空调地暖控制器,tofan.airc.dlair,tofan.airc.dlair.png,
环境电器,悠觅,悠觅空调地暖新风控制器,tofan.airc.air01m,tofan.airc.air01m.png,
环境电器,情景,情景智能三合一温控器,yg1.airrtc.tms01,yg1.airrtc.tms01.png,
环境电器,惠格普,惠格普石墨烯取暖器,jiebao.heater.hgp01,jiebao.heater.hgp01.png,
环境电器,慕向,慕向引擎循环扇M75,muxnw.fan.m75,muxnw.fan.m75.png,
环境电器,慕向,慕向暖阳加热杯垫M76,muxnw.airrtc.m76,muxnw.airrtc.m76.png,
环境电器,搭扇,DS301桌面循环风扇,koxi68.fan.ds301,koxi68.fan.ds301.png,
环境电器,搭扇,DS802桌面循环扇,koxi68.fan.892,koxi68.fan.892.png,
环境电器,搭扇,DS803夹子循环风扇,koxi68.fan.ds803,koxi68.fan.ds803.png,
环境电器,文光汇,文光汇空调伴侣（USB款）,sixwgh.acpartner.ym02,sixwgh.acpartner.ym02.png,
环境电器,文光汇,文光汇空调伴侣（插座款）,sixwgh.acpartner.ym01,sixwgh.acpartner.ym01.png,
环境电器,新极,新极三合一温控器,xinji.airrtc.nt01,xinji.airrtc.nt01.png,
环境电器,方舟鱼,方舟鱼空调伴侣K6,line.airc.fktbl,line.airc.fktbl.png,
环境电器,方频,方频智能风扇（BLE）,laiex.fan.lesfs,laiex.fan.lesfs.png,
环境电器,早鱼,早鱼桌面循环风扇,wenxi.fan.yd01,wenxi.fan.yd01.png,
环境电器,昕科,昕科智能风扇Z5 Pro Max,als1.fan.xkz5p,als1.fan.xkz5p.png,
环境电器,昕科,昕科智能香薰机XK35 Pro,als1.diffuser.xk35,als1.diffuser.xk35.png,
环境电器,昕科,昕科智能香薰机XK36 Pro,als1.diffuser.xk36,als1.diffuser.xk36.png,
环境电器,晶米,晶米智能温控器mesh版,ykl.airrtc.air01,ykl.airrtc.air01.png,
环境电器,智拉斐,智拉斐三合一温控器,slf.airrtc.temp02,slf.airrtc.temp02.png,
环境电器,智米,Jya 峡湾 Anti 消毒空气净化器,zhimi.airp.ja2,zhimi.airp.ja2.png,
环境电器,智米,Jya 峡湾 Atom 除甲醛空气净化器,zhimi.airp.ja1,zhimi.airp.ja1.png,
环境电器,智米,智米全直流变频空调,zhimi.aircondition.v2,zhimi.aircondition.v2.png,
环境电器,智米,智米全直流变频空调1A,zhimi.aircondition.va1,zhimi.aircondition.va1.png,
环境电器,智米,智米变频空调2（1.5匹 一级能效）,zhimi.aircondition.za1,zhimi.aircondition.za1.png,
环境电器,智米,智米变频空调2（1.5匹 三级能效）,zhimi.aircondition.za2,zhimi.aircondition.za2.png,
环境电器,智米,智米新风系统,zhimi.airfresh.va2,zhimi.airfresh.va2.png,
环境电器,智米,智米新风系统电辅热版,zhimi.airfresh.va4,zhimi.airfresh.va4.png,
环境电器,智米,智米智能GR-H电暖器,zhimi.heater.za3,zhimi.heater.za3.png,
环境电器,智米,智米智能暖风机,zhimi.heater.na1,zhimi.heater.na1.png,
环境电器,智米,智米电暖器智能版,zhimi.heater.za1,zhimi.heater.za1.png,
环境电器,智米,智米电暖器智能版1S,zhimi.heater.za2,zhimi.heater.za2.png,
环境电器,智米,智米直流变频空气循环扇2,zhimi.fan.fa2,zhimi.fan.fa2.png,
环境电器,智米,智米直流变频落地扇,zhimi.fan.v3,zhimi.fan.v3.png,
环境电器,智米,智米直流变频落地扇2,zhimi.fan.za3,zhimi.fan.za3.png,
环境电器,智米,智米直流变频落地扇2S,zhimi.fan.za4,zhimi.fan.za4.png,
环境电器,智米,智米直流变频落地扇3,zhimi.fan.za5,zhimi.fan.za5.png,
环境电器,智米,智米纯净加湿器雨林Rainforest,zhimi.humidifier.jd1,zhimi.humidifier.jd1.png,
环境电器,智米,智米纯净型加湿器,zhimi.humidifier.ca1,zhimi.humidifier.ca1.png,
环境电器,智米,智米纯净型加湿器2,zhimi.humidifier.ca4,zhimi.humidifier.ca4.png,
环境电器,智米,智米自然风风扇,zhimi.fan.za1,zhimi.fan.za1.png,
环境电器,智米,智米除菌加湿器,zhimi.humidifier.v1,zhimi.humidifier.v1.png,
环境电器,智米,智米除菌加湿器1S,zhimi.humidifier.va1,zhimi.humidifier.va1.png,
环境电器,智精灵,智精灵三速空调温控器,njjlzk.airrtc.air,njjlzk.airrtc.air.png,
环境电器,智精灵,智精灵新风温控器,njjlzk.airrtc.air3,njjlzk.airrtc.air3.png,
环境电器,智精灵,智精灵水地暖温控器,njjlzk.airrtc.air4,njjlzk.airrtc.air4.png,
环境电器,智精灵,智精灵电地暖温控器,njjlzk.airrtc.air5,njjlzk.airrtc.air5.png,
环境电器,智精灵,智精灵空调地暖二合一温控器,njjlzk.airrtc.air2,njjlzk.airrtc.air2.png,
环境电器,暖季,暖季温控器,nuanji.airrtc.nj001,nuanji.airrtc.nj001.png,
环境电器,未来居,未来居新能源多功能温控器,bymiot.airrtc.wkxto1,bymiot.airrtc.wkxto1.png,
环境电器,未来居,未来居智能除醛空气净化器,bymiot.airp.v3,bymiot.airp.v3.png,
环境电器,未来居,未来居轻连温控器,bymiot.airrtc.wlv2,bymiot.airrtc.wlv2.png,
环境电器,未来居科技,未来居轻连水机温控器（Mesh 2.0）,bymiot.airrtc.wlv3,bymiot.airrtc.wlv3.png,
环境电器,杜克,杜克HF1智能多功能甲醛监测仪,duka.airm.hf1,duka.airm.hf1.png,
环境电器,松下,松下等离子体空气净化消毒机,pesgd.airp.c5pjd,pesgd.airp.c5pjd.png,
环境电器,树色,树色二氧化碳检测仪（WiFi 6）,shuse.airm.ss061,shuse.airm.ss061.png,
环境电器,树色,树色空气检测仪（BLE）,shuse.airm.ss006,shuse.airm.ss006.png,
环境电器,树色,树色空调伴侣Lite（Mesh）,shuse.acpartner.yk13,shuse.acpartner.yk13.png,
环境电器,格恩,GNEAIR加湿器,gneair.humidifier.hum02,gneair.humidifier.hum02.png,
环境电器,格恩,格恩加湿器,gneair.humidifier.hum01,gneair.humidifier.hum01.png,
环境电器,欧井,欧井除湿机OJ-137E,oujing.derh.137e,oujing.derh.137e.png,
环境电器,欧井,欧井除湿机OJ-225E,oujing.derh.225e,oujing.derh.225e.png,
环境电器,欧伟士,Focus电暖器,ows.heater.pdeh1a,,
环境电器,欧伟士,欧伟士智能电暖器3T,ows.heater.pdeh2a,ows.heater.pdeh2a.png,
环境电器,欧伟士,欧伟士智能电暖器PRO2,ows.heater.pro2,ows.heater.pro2.png,
环境电器,欧伟士,欧伟士智能电暖器Pro,ows.heater.pdeh3a,ows.heater.pdeh3a.png,
环境电器,欧伟士,欧伟士浴帝,ows.heater.yudi20,ows.heater.yudi20.png,
环境电器,欧伦特,欧伦特空调伴侣CB11,oit.acpartner.cb1b,oit.acpartner.cb1b.png,
环境电器,欧克森,欧克森除湿机,oksen.derh.001,oksen.derh.001.png,
环境电器,沙伯SHABO,沙伯AI负离子空气循环扇,tms.fan.ftx23a,tms.fan.ftx23a.png,
环境电器,沙伯SHABO,沙伯暖风机,tms.heater.sbqnq,tms.heater.sbqnq.png,
环境电器,泊林之风,泊林之风智能空调-BL1,bwk.airc.air01,bwk.airc.air01.png,
环境电器,浅草,浅草今汐香薰机pro,kegao.diffuser.yinyue,kegao.diffuser.yinyue.png,
环境电器,浅草,浅草喷香精灵pro,kegao.diffuser.m1pro,kegao.diffuser.m1pro.png,
环境电器,测小菲,测小菲空气检测仪（甲醛）PTH-3MW,fbs.airm.pth3mw,fbs.airm.pth3mw.png,
环境电器,湃妮,湃妮智能灭菌除臭器 Pro,skyrc.airp.su001,skyrc.airp.su001.png,
环境电器,湃妮,湃妮空气净味器,skyrc.airpurifier.pur,skyrc.airpurifier.pur.png,
环境电器,炉先生,炉先生智能电暖桌,luxs.heater.lxseht,luxs.heater.lxseht.png,
环境电器,炎米,炎米智能便携风扇,ym001.fan.ym382,ym001.fan.ym382.png,
环境电器,炎米,炎米智能手持风扇,ym001.fan.ym318,ym001.fan.ym318.png,
环境电器,炎米,炎米智能暖风机,ym001.heater.ymnfj,ym001.heater.ymnfj.png,
环境电器,炎米,炎米智能空调伴侣,ym001.acpartner.wye802,ym001.acpartner.wye802.png,
环境电器,炎米,炎米智能风扇（WiFi）,ym001.fan.ymfsw,ym001.fan.ymfsw.png,
环境电器,炎米,炎米智能香氛机,ym001.diffuser.ymxxj,ym001.diffuser.ymxxj.png,
环境电器,热炕头,热炕头温控器,suittc.airrtc.xy001,suittc.airrtc.xy001.png,
环境电器,热炕头,热炕头温控器LCD,suittc.airrtc.xy002,suittc.airrtc.xy002.png,
环境电器,焦点阳光,焦点阳光电暖器J1,jdyg.heater.j1,jdyg.heater.j1.png,
环境电器,爱亿馨,爱亿馨空气循环扇,amdq.fan.amfs,amdq.fan.amfs.png,
环境电器,爱璐仕,爱璐仕智能床头柜,eairpo.airp.ibta10,eairpo.airp.ibta10.png,
环境电器,爱迪生,爱迪生 Arion 压缩除湿机,invtop.derh.airon,invtop.derh.airon.png,
环境电器,爱迪生,爱迪生 Colin Pro 空气净化器,invtop.airp.colin,invtop.airp.colin.png,
环境电器,爱迪生,爱迪生 Mars 空气消毒机,invtop.airp.mars,invtop.airp.mars.png,
环境电器,爱迪生,爱迪生 Miro Pro 空气净化器,invtop.airp.miro,invtop.airp.miro.png,
环境电器,特润斯,特润斯中央智慧加湿系统,teruns.humidifier.zyjs,teruns.humidifier.zyjs.png,
环境电器,狄耐克,狄耐克VRF中央空调控制器(Mesh2.0),dnake.airc.temp,dnake.airc.temp.png,
环境电器,甘石,GS智能风扇J15 Max,qjiang.fan.gs02,qjiang.fan.gs02.png,
环境电器,甘石,GS智能风扇J90 Max,qjiang.fan.j90,qjiang.fan.j90.png,
环境电器,电小酷,电小酷空调伴侣 AP2,cuco.acpartner.ap2a,cuco.acpartner.ap2a.png,
环境电器,电小酷,电小酷空调伴侣CP6,cuco.acpartner.cp6,cuco.acpartner.cp6.png,
环境电器,百得胜,百得胜净化新风机,bds.airfresh.bdsfj,bds.airfresh.bdsfj.png,
环境电器,皇家惠人,皇家惠人10寸折叠伸缩扇HCZ11A,hjhr.fan.hcz11a,hjhr.fan.hcz11a.png,
环境电器,皓逸,皓逸Smart Home空调旋钮面板,090615.airc.hyshn1,090615.airc.hyshn1.png,
环境电器,禹泰电工,禹泰电工智能空调助手,yutai.acpartner.ym02,yutai.acpartner.ym02.png,
环境电器,禹泰电工,禹泰电工空调伴侣,yutai.acpartner.ym01,yutai.acpartner.ym01.png,
环境电器,禾兰仕,禾兰仕取暖器,helans.heater.hlsqnq,helans.heater.hlsqnq.png,
环境电器,科宾斯,科宾斯智能风扇J15-Pro max,als1.fan.j15pm,als1.fan.j15pm.png,
环境电器,科宾斯,科宾斯智能风扇J5 Pro Max,als1.fan.j5kbs,als1.fan.j5kbs.png,
环境电器,科宾斯,科宾斯智能风扇J90-Pro max,als1.fan.j90pm,als1.fan.j90pm.png,
环境电器,科宾斯,科宾斯智能风扇Z5-Pro max,als1.fan.kbsz5,als1.fan.kbsz5.png,
环境电器,科宾斯,科宾斯智能风扇Z9-Pro max,als1.fan.jz8x,als1.fan.jz8x.png,
环境电器,秒秒测,秒秒测二氧化碳检测仪（轻享版）,miaomiaoce.airm.co2,miaomiaoce.airm.co2.png,
环境电器,秒秒测,秒秒测便携甲醛检测仪,miaomiaoce.airm.hcho3,miaomiaoce.airm.hcho3.png,
环境电器,秒秒测,秒秒测空气质量检测仪,miaomiaoce.airm.air03,miaomiaoce.airm.air03.png,
环境电器,秒秒测,空气质量检测仪（甲醛+温湿度）,miaomiaoce.airm.kl01,miaomiaoce.airm.kl01.png,
环境电器,童年空气,童年空气智能康养新风,tnkq.airfresh.tnkq01,tnkq.airfresh.tnkq01.png,
环境电器,第五季新风,第五季新风机,dwjxf.airfresh.bdair,dwjxf.airfresh.bdair.png,
环境电器,第五季新风,第五季新风机M,dwjxf.airfresh.bdair3,dwjxf.airfresh.bdair3.png,
环境电器,米可白,米可白蒸发式冷风扇,bm6688.fan.002,bm6688.fan.002.png,
环境电器,繁谷,繁谷多功能吊扇,fungu.fan.nkbds1,fungu.fan.nkbds1.png,
环境电器,纽恩泰,纽恩泰空气能温控器,netiot.airrtc.net04,netiot.airrtc.net04.png,
环境电器,绽家,绽家精油香薰机,sumkia.diffuser.zjxxj,sumkia.diffuser.zjxxj.png,
环境电器,罗威亚,罗威亚AI空气环境检测仪,mirsz.airm.et71,mirsz.airm.et71.png,
环境电器,罗威亚,罗威亚中央空调,mirsz.airc.ac300s,mirsz.airc.ac300s.png,
环境电器,罗威亚,罗威亚中央空调智能温控器,mirsz.airc.air9,mirsz.airc.air9.png,
环境电器,罗威亚,罗威亚智能空气环境检测仪,mirsz.airm.et61,mirsz.airm.et61.png,
环境电器,美倾,美倾净化器MIX,hanyi.airpurifier.kj550,hanyi.airpurifier.kj550.png,
环境电器,美的,美的空调 - 酷金,midea.aircondition.xa1,midea.aircondition.xa1.png,
环境电器,美的,美的空调-i青春,midea.aircondition.v1,midea.aircondition.v1.png,
环境电器,老爸评测,DADDYLAB空气净化器L1,lab.airp.air01,lab.airp.air01.png,
环境电器,至凡,奥克斯KDY-DP22A1智能除湿机,kadeer.derh.2202,kadeer.derh.2202.png,
环境电器,至凡,奥克斯KDY10-01WS智能除湿机,kadeer.derh.x1701,kadeer.derh.x1701.png,
环境电器,至凡,至凡FKYT-L20XHDCL落地扇,kadeer.fan.l20xh,kadeer.fan.l20xh.png,
环境电器,至凡,至凡FLS-L15BRL无叶冷风扇,kadeer.fan.l15br,kadeer.fan.l15br.png,
环境电器,至凡,至凡FS-30ARL风扇,kadeer.fan.30ar,kadeer.fan.30ar.png,
环境电器,至凡,至凡FT-TS45HRLDC直流塔扇,kadeer.fan.ts45hr,kadeer.fan.ts45hr.png,
环境电器,至凡,至凡室内加热器(对流式电暖器),kadeer.heater.b73brg,kadeer.heater.b73brg.png,
环境电器,至凡,至凡室内加热器(踢脚线电暖器),kadeer.heater.l220ir,kadeer.heater.l220ir.png,
环境电器,至凡,至凡室内加热器（挂壁暖风机）,kadeer.heater.20yrw,kadeer.heater.20yrw.png,
环境电器,至凡,至凡室内加热器（电热油汀）,kadeer.heater.12b5rw,kadeer.heater.12b5rw.png,
环境电器,至凡,至凡带壁挂电热油汀,kadeer.heater.15b6rw,kadeer.heater.15b6rw.png,
环境电器,至凡,至凡石墨烯踢脚线电暖器,kadeer.heater.l200mr,kadeer.heater.l200mr.png,
环境电器,舒柏思soulbuzz,舒柏思智能香薰机,yyjj.diffuser.rxjiot,yyjj.diffuser.rxjiot.png,
环境电器,舒柏思soulbuzz,舒柏思智能香薰机(锂电版),yyjj.diffuser.ldc,yyjj.diffuser.ldc.png,
环境电器,艾森艾尔,艾森艾尔新风机,aisair.airfresh.asae1,aisair.airfresh.asae1.png,
环境电器,艾美特,艾美特移动式地暖,air.heater.wda14,air.heater.wda14.png,
环境电器,艾美特,艾美特空气循环扇,air.fan.ca23ad9,air.fan.ca23ad9.png,
环境电器,艾芬达,艾芬达毛巾架温控器,afd.airrtc.a001,afd.airrtc.a001.png,
环境电器,花悦梦,花悦梦香薰机 550,mantic.diffuser.hym550,mantic.diffuser.hym550.png,
环境电器,苏宁宜品,苏宁宜品冷风无叶扇( 杀菌加湿版 ),nbsxh.fan.alw5dw,nbsxh.fan.alw5dw.png,
环境电器,苏宁宜品,苏宁宜品室内加热器（移动式地暖）,nbsxh.heater.t21sw,nbsxh.heater.t21sw.png,
环境电器,苏米科技,苏米VRF空调室内机,xhuan.airc.acnew,xhuan.airc.acnew.png,
环境电器,苏米科技,苏米中央空调控制器Mesh2.0,xhuan.airc.air,xhuan.airc.air.png,
环境电器,苏米科技,苏米中央空调控制器Pro Mesh2.0,xhuan.airc.b27se,xhuan.airc.b27se.png,
环境电器,苏米科技,苏米温控器Mesh2.0（三合一版）,xhuan.airrtc.wk01,xhuan.airrtc.wk01.png,
环境电器,苏米科技,苏米趣动屏温控旋钮S1（氟机版）,xhuan.airrtc.rzwk01,xhuan.airrtc.rzwk01.png,
环境电器,蓝主角,蓝主角智能除醛空气净化器,forblu.airp.lzp2,forblu.airp.lzp2.png,
环境电器,蓝伯,蓝伯摇头桌面循环扇,lanbo1.fan.lbfs1,lanbo1.fan.lbfs1.png,
环境电器,觅贽,觅贽桌面折叠扇,miqu.fan.lmzm2,miqu.fan.lmzm2.png,
环境电器,贝兴,贝兴VRF空调,baiten.airc.air02,baiten.airc.air02.png,
环境电器,贝兴,贝兴中央空调控制器(MESH2.0),baiten.airc.air01,baiten.airc.air01.png,
环境电器,贝兴,贝兴通用智能空调控制器(MESH2.0),baiten.airc.dw,baiten.airc.dw.png,
环境电器,贝昂,贝昂A5/MINI空气净化器,airdog.airpurifier.mn,airdog.airpurifier.mn.png,
环境电器,贝昂,贝昂X3(M)空气净化器,airdog.airpurifier.x5,airdog.airpurifier.x5.png,
环境电器,贝昂,贝昂X7(M)空气净化器,airdog.airpurifier.x7,airdog.airpurifier.x7.png,
环境电器,贝昂,贝昂X7S(M)空气净化器,airdog.airpurifier.x7sm,airdog.airpurifier.x7sm.png,
环境电器,贝昂,贝昂暖风机,airdog.heater.n900pr,airdog.heater.n900pr.png,
环境电器,贝昂,贝昂空气净化器,airdog.airp.p50,airdog.airp.p50.png,
环境电器,贝昂,贝昂空气净化器X1,airdog.airp.x1,airdog.airp.x1.png,
环境电器,贝昂,贝昂空气净化器X5S,airdog.airp.x5sm,airdog.airp.x5sm.png,
环境电器,贝昂,贝昂空气净化器X7PM,airdog.airp.x7pm,airdog.airp.x7pm.png,
环境电器,迅透,迅透智能户外空调,shadow.airc.air01,shadow.airc.air01.png,
环境电器,通士达,通士达净棠空气净化器K1,tsd.airp.hmng01,tsd.airp.hmng01.png,
环境电器,通士达,通士达净棠空气净化器K2,tsd.airp.hmng02,tsd.airp.hmng02.png,
环境电器,邦先生,邦先生智能除味器,mrbond.airp.h1pro,mrbond.airp.h1pro.png,
环境电器,邮科通信,邮科通信空调伴侣K6,line.airc.air02,line.airc.air02.png,
环境电器,金兴,金兴智能空调1,idelan.aircondition.g1,idelan.aircondition.g1.png,
环境电器,金兴,金兴智能空调2,idelan.aircondition.v1,idelan.aircondition.v1.png,
环境电器,金旗舰,金旗舰电暖器J1,jqj.heater.dnq001,jqj.heater.dnq001.png,
环境电器,零雾,零雾低温蒸发型加湿器(Ⅱ代）,shuii.humidifier.jsq002,shuii.humidifier.jsq002.png,
环境电器,零雾,零雾加湿器,shuii.humidifier.jsq001,shuii.humidifier.jsq001.png,
环境电器,雷士照明,雷士空调伴侣,nvcsmt.acpartner.fbs102,nvcsmt.acpartner.fbs102.png,
环境电器,霍尼韦尔,霍尼韦尔甲醛监测仪,yuemee.airmonitor.mhfd1,yuemee.airmonitor.mhfd1.png,
环境电器,霍尼韦尔,霍尼韦尔甲醛监测仪PRO,yuemee.airm.mhfdv2,yuemee.airm.mhfdv2.png,
环境电器,青萍,青萍空气检测仪,cgllc.airmonitor.s1,cgllc.airmonitor.s1.png,
环境电器,青萍,青萍空气检测仪 2,cgllc.airm.cgs2,cgllc.airm.cgs2.png,
环境电器,青萍,青萍空气检测仪 Lite,cgllc.airm.cgd1st,cgllc.airm.cgd1st.png,
环境电器,飞利浦,飞利浦ACR4142CF循环扇,kadeer.fan.l22xh2,kadeer.fan.l22xh2.png,
环境电器,飞利浦,飞利浦L22XHR风扇,kadeer.fan.22xhr,kadeer.fan.22xhr.png,
环境电器,飞利浦,飞利浦中央电暖 Series 4000 C1,kadeer.heater.b73bg1,kadeer.heater.b73bg1.png,
环境电器,飞利浦,飞利浦加湿风扇ACR5144CX,kadeer.fan.js17ar,kadeer.fan.js17ar.png,
环境电器,飞利浦,飞利浦塔式冷风扇,kadeer.fan.flp01,kadeer.fan.flp01.png,
环境电器,飞利浦,飞利浦塔式暖风机 Series 3000 A1,kadeer.heater.200fgr,kadeer.heater.200fgr.png,
环境电器,飞利浦,飞利浦多功能暖风机Series 4000 A1,kadeer.heater.200hrw,kadeer.heater.200hrw.png,
环境电器,飞利浦,飞利浦多功能暖风机Series 6000 A1,kadeer.heater.300arw,kadeer.heater.300arw.png,
环境电器,飞利浦,飞利浦无叶冷暖风扇 Series 5000 A1,kadeer.heater.wys15c,kadeer.heater.wys15c.png,
环境电器,飞利浦,飞利浦无叶冷风扇,kadeer.fan.l20b,kadeer.fan.l20b.png,
环境电器,飞利浦,飞利浦直流循环扇FKYT-L20XH3R,kadeer.fan.l20xh3,kadeer.fan.l20xh3.png,
环境电器,飞利浦,飞利浦踢脚线取暖器 Series 3000 A1,kadeer.heater.l200qr,kadeer.heater.l200qr.png,
环境电器,飞利浦,飞利浦踢脚线取暖器 Series 4000 R1,kadeer.heater.l200ir,kadeer.heater.l200ir.png,
环境电器,飞利浦,飞利浦踢脚线取暖器 Series 4000 X1,kadeer.heater.l250sr,kadeer.heater.l250sr.png,
环境电器,飞利浦,飞利浦踢脚线取暖器 Series 5000 A1,kadeer.heater.l220pr,kadeer.heater.l220pr.png,
环境电器,飞利浦,飞利浦踢脚线取暖器AHR4126CKD,kadeer.heater.l200is,kadeer.heater.l200is.png,
环境电器,馜花语,馜花语人来亮屏香薰机,ys2022.diffuser.w7p,ys2022.diffuser.w7p.png,
环境电器,麒石,麒石空调遥控器A1,yzjkj.acpartner.kta1,yzjkj.acpartner.kta1.png,
环境电器,默哈孚,默哈孚嵌墙式室内温控器,hvac.airrtc.11m0,hvac.airrtc.11m0.png,
环境电器,Aiasst,Aiasst水温度传感器M2（Mesh2.0）,aizbot.watermon.wd2,aizbot.watermon.wd2.png,
环境电器,科宾斯,科宾斯智能加湿器JS03 Ultra,als1.humidifier.js03,als1.humidifier.js03.png,
环境电器,科宾斯,科宾斯智能加湿器JS04 Ultra,als1.humidifier.js04,als1.humidifier.js04.png,
环境电器,公牛,公牛智能温控旋钮屏(三合一)X系列,bull.airrtc.x01a01,bull.airrtc.x01a01.png,
环境电器,未来居,未来居低温空气源热泵空调温控器,bymiot.airrtc.ashp1,bymiot.airrtc.ashp1.png,
环境电器,CNHDM,CNHDM温控器168S (MESH),cnhdm.airrtc.hdmwk,cnhdm.airrtc.hdmwk.png,
环境电器,中弘,中弘VRF中央空调控制器SE PRO MESH2.0,qdhkl.airc.b19sep,qdhkl.airc.b19sep.png,
环境电器,中弘,中弘智能三合一旋钮温控器水机版,qdhkl.airrtc.t19f,qdhkl.airrtc.t19f.png,
环境电器,小米出品,强劲风 风管机 超3匹 超一级能效,xiaomi.airc.2r08r1,xiaomi.airc.2r08r1.png,
环境电器,小米出品,小米智能空气管理面板Lite 演示,xiaomi.airc.3ysjkk,xiaomi.airc.3ysjkk.png,
环境电器,小米出品,空调Pro 人感上出风 1.5匹 超一级能效,xiaomi.airc.h46ysj,xiaomi.airc.h46ysj.png,
环境电器,小米出品,空调 强劲风 至尊版 超1.5匹 超一级能效,xiaomi.airc.h65ysj,xiaomi.airc.h65ysj.png,
环境电器,小米出品,米家空气净化器 5,xiaomi.airp.mp5,xiaomi.airp.mp5.png,
环境电器,小米出品,米家空气净化器 6C,xiaomi.airp.rma6,xiaomi.airp.rma6.png,
环境电器,小米出品,米家全效空气净化器 Ultra 增强版1,xiaomi.airp.ua3b,xiaomi.airp.ua3b.png,
环境电器,小米出品,米家石墨烯暖风机 Pro,xiaomi.heater.ma10,xiaomi.heater.ma10.png,
环境电器,KFI,KFI 智能Ai冷风扇,xnydz.fan.v1,xnydz.fan.v1.png,
路由网关,Aqara,Aqara 网关 M1S （第二代）,lumi.gateway.acn008,lumi.gateway.acn008.png,
路由网关,Aqara,Aqara 网关M1S,lumi.gateway.acn01,lumi.gateway.acn01.png,
路由网关,Aqara,Aqara网关,lumi.gateway.aqhm01,lumi.gateway.aqhm01.png,
路由网关,Aqara,Aqara网关 M1S 2022款,lumi.gateway.acn004,lumi.gateway.acn004.png,
路由网关,PTX,OF VRF中央空调网关(Ultra版),090615.gateway.of32,090615.gateway.of32.png,
路由网关,PTX,PTXZN 空调网关(VRF),090615.gateway.ktvrf,090615.gateway.ktvrf.png,
路由网关,PTX,SOCHUANG VRF中央空调控制器,090615.gateway.vrfgw,090615.gateway.vrfgw.png,
路由网关,VRF,VRF空调网关,klwdz1.gateway.001,klwdz1.gateway.001.png,
路由网关,Yeelight,Yeelight Mesh网关,yeelink.gateway.v1,yeelink.gateway.v1.png,
路由网关,Yeelight,Yeelight VRF空调网关,yeelink.gateway.vrf,yeelink.gateway.vrf.png,
路由网关,linptech,PLC网关,linp.gateway.pn1,linp.gateway.pn1.png,
路由网关,linptech 领普,领普VRF中央空调控制器,linp.gateway.vrf1,linp.gateway.vrf1.png,
路由网关,linptech 领普,领普射频网关,linp.gateway.n2,linp.gateway.n2.png,
路由网关,中弘,VRF中央空调控制器,qdhkl.gateway.b19,qdhkl.gateway.b19.png,
路由网关,中弘,中弘VRF中央空调控制器PRO,qdhkl.gateway.b19p,qdhkl.gateway.b19p.png,
路由网关,中弘,中弘VRF中央空调控制器Ultra,qdhkl.gateway.b19s,qdhkl.gateway.b19s.png,
路由网关,中弘,中弘VRF空调管理器,qdhkl.gateway.b18p,qdhkl.gateway.b18p.png,
路由网关,中弘,中弘两联供空调控制器,qdhkl.gateway.b42,qdhkl.gateway.b42.png,
路由网关,中弘,中弘智能VRF空调集中控制器,qdhkl.gateway.p20,qdhkl.gateway.p20.png,
路由网关,今闪,今闪VRF中央空调控制器ultra,yj1226.gateway.air02,yj1226.gateway.air02.png,
路由网关,其他品牌,LONINK VRF中央空调控制器,qdhkl.gateway.lonink,qdhkl.gateway.lonink.png,
路由网关,其他品牌,LONINK VRF空调控制器PRO,qdhkl.gateway.ln0586,qdhkl.gateway.ln0586.png,
路由网关,其他品牌,中央空调智能网关,maxi.gateway.m07,maxi.gateway.m07.png,
路由网关,其他品牌,亖米VRF中央空调控制器,qdhkl.gateway.sim,qdhkl.gateway.sim.png,
路由网关,其他品牌,朗越智能安防系统,yyzhn.gateway.yn181126,yyzhn.gateway.yn181126.png,
路由网关,其他品牌,格物PLC中枢网关,xsmart.gateway.plc04,xsmart.gateway.plc04.png,
路由网关,其他品牌,苏米VRF空调网关,qdhkl.gateway.sm,qdhkl.gateway.sm.png,
路由网关,品达,品达VRF空调控制器WIFI版,maxi.gateway.ln069g,maxi.gateway.ln069g.png,
路由网关,小方,华来小方Mesh路由网关,isa.router.mr01hl,isa.router.mr01hl.png,
路由网关,小白,小白智能中央空调控制器,chuangmi.gateway.720,chuangmi.gateway.720.png,
路由网关,小米出品,Redmi电竞路由器AX5400,xiaomi.router.rb04,xiaomi.router.rb04.png,
路由网关,小米出品,Redmi路由器AX1800,xiaomi.router.ra71,xiaomi.router.ra71.png,
路由网关,小米出品,Redmi路由器AX3000,xiaomi.router.ra81,xiaomi.router.ra81.png,
路由网关,小米出品,Redmi路由器AX5,xiaomi.router.ra67,xiaomi.router.ra67.png,
路由网关,小米出品,Redmi路由器AX5 京东云无线宝,xiaomi.router.ra50,xiaomi.router.ra50.png,
路由网关,小米出品,Redmi路由器AX5400,xiaomi.router.ra74,xiaomi.router.ra74.png,
路由网关,小米出品,Redmi路由器AX6,xiaomi.router.ra69,xiaomi.router.ra69.png,
路由网关,小米出品,Redmi路由器AX6000,xiaomi.router.rb06,xiaomi.router.rb06.png,
路由网关,小米出品,Redmi路由器AX6S,xiaomi.router.rb03,xiaomi.router.rb03.png,
路由网关,小米出品,Xiaomi HomeWiFi三频Mesh路由器,xiaomi.router.rb08,xiaomi.router.rb08.png,
路由网关,小米出品,Xiaomi 中枢网关,xiaomi.gateway.hub1,xiaomi.gateway.hub1.png,
路由网关,小米出品,Xiaomi 全屋路由 BE3600 Pro 套装,xiaomi.router.rn04,xiaomi.router.rn04.png,
路由网关,小米出品,Xiaomi 全屋路由 BE3600 Pro 网线版-子路由,xiaomi.router.rp03,xiaomi.router.rp03.png,
路由网关,小米出品,Xiaomi 智能存储,xiaomi.station.rp05,xiaomi.station.rp05.png,
路由网关,小米出品,Xiaomi万兆路由器,xiaomi.router.rc01,xiaomi.router.rc01.png,
路由网关,小米出品,Xiaomi全屋路由,xiaomi.router.rd01,xiaomi.router.rd01.png,
路由网关,小米出品,Xiaomi全屋路由 BE3600 Pro 网线版-主路由(5口),xiaomi.router.rp01,xiaomi.router.rp01.png,
路由网关,小米出品,Xiaomi全屋路由 BE3600 Pro 网线版-主路由(8口),xiaomi.router.rp02,xiaomi.router.rp02.png,
路由网关,小米出品,Xiaomi全屋路由 子路由,xiaomi.router.rd02,xiaomi.router.rd02.png,
路由网关,小米出品,Xiaomi全屋路由BE3600 Pro,xiaomi.router.rn01,xiaomi.router.rn01.png,
路由网关,小米出品,Xiaomi路由器 BE7200 Pro,xiaomi.router.rp09,xiaomi.router.rp09.png,
路由网关,小米出品,Xiaomi路由器4A 千兆版,xiaomi.router.rd05,xiaomi.router.rd05.png,
路由网关,小米出品,Xiaomi路由器AX1500,xiaomi.router.rd04v2,xiaomi.router.rd04v2.png,
路由网关,小米出品,Xiaomi路由器AX3000E,xiaomi.router.rn07,xiaomi.router.rn07.png,
路由网关,小米出品,Xiaomi路由器AX3000T,xiaomi.router.rd03,xiaomi.router.rd03.png,
路由网关,小米出品,Xiaomi路由器BE10000 Pro,xiaomi.router.rp04,xiaomi.router.rp04.png,
路由网关,小米出品,Xiaomi路由器BE3600 2.5G版,xiaomi.router.rd15,xiaomi.router.rd15.png,
路由网关,小米出品,Xiaomi路由器BE36001,xiaomi.router.rd16bb,xiaomi.router.rd16bb.png,
路由网关,小米出品,Xiaomi路由器BE36002,xiaomi.router.rd16,xiaomi.router.rd16.png,
路由网关,小米出品,Xiaomi路由器BE5000,xiaomi.router.rd18,xiaomi.router.rd18.png,
路由网关,小米出品,Xiaomi路由器BE6500,xiaomi.router.rn02,xiaomi.router.rn02.png,
路由网关,小米出品,Xiaomi路由器BE6500 Pro,xiaomi.router.rd08,xiaomi.router.rd08.png,
路由网关,小米出品,Xiaomi路由器BE7000,xiaomi.router.rc06,xiaomi.router.rc06.png,
路由网关,小米出品,小米AIoT路由器AC2350,xiaomi.router.r2350,xiaomi.router.r2350.png,
路由网关,小米出品,小米AIoT路由器AX3600,xiaomi.router.r3600,xiaomi.router.r3600.png,
路由网关,小米出品,小米Wi-Fi放大器,xiaomi.repeater.v1,xiaomi.repeater.v1.png,
路由网关,小米出品,小米Wi-Fi放大器2,xiaomi.repeater.v2,xiaomi.repeater.v2.png,
路由网关,小米出品,小米Wi-Fi放大器Pro,xiaomi.repeater.v3,xiaomi.repeater.v3.png,
路由网关,小米出品,小米智能多模网关,lumi.gateway.mgl03,lumi.gateway.mgl03.png,
路由网关,小米出品,小米智能多模网关2,lumi.gateway.mcn001,lumi.gateway.mcn001.png,
路由网关,小米出品,小米电力线wifi扩展器,xiaomi.plc.v1,xiaomi.plc.v1.png,
路由网关,小米出品,小米路由器4 Pro,xiaomi.router.r1350,xiaomi.router.r1350.png,
路由网关,小米出品,小米路由器4A 千兆版,xiaomi.router.r4av2,xiaomi.router.r4av2.png,
路由网关,小米出品,小米路由器AX1800,xiaomi.router.rm1800,xiaomi.router.rm1800.png,
路由网关,小米出品,小米路由器AX3000,xiaomi.router.ra80,xiaomi.router.ra80.png,
路由网关,小米出品,小米路由器AX6000,xiaomi.router.ra72,xiaomi.router.ra72.png,
路由网关,小米出品,小米路由器CR5508,xiaomi.router.cr5508,xiaomi.router.cr5508.png,
路由网关,小米出品,小米路由器CR6606,xiaomi.router.cr6606,xiaomi.router.cr6606.png,
路由网关,小米出品,小米路由器CR8806,xiaomi.router.cr8816,xiaomi.router.cr8816.png,
路由网关,小米出品,小米路由器CR8808,xiaomi.router.cr8808,xiaomi.router.cr8808.png,
路由网关,小米出品,小米路由器CR8809,xiaomi.router.cr8819,xiaomi.router.cr8819.png,
路由网关,小米出品,小米路由器RA67,xiaomi.router.ra67u,xiaomi.router.ra67u.png,
路由网关,小米出品,小米路由器TR606,xiaomi.router.tr606,xiaomi.router.tr606.png,
路由网关,小米出品,小米路由器WR30U,xiaomi.router.wr30u,xiaomi.router.wr30u.png,
路由网关,榉树,榉树智能锁网关,shjszn.gateway.c1,shjszn.gateway.c1.png,
路由网关,欧普,OPPLE 双协议智能网关,opple.gateway.opgw,opple.gateway.opgw.png,
路由网关,罗威亚,罗威亚中央空调智能控制器,mirsz.gateway.ac300g,mirsz.gateway.ac300g.png,
路由网关,苏米科技,苏米VRF空调网关PRO,xhuan.gateway.19se,xhuan.gateway.19se.png,
路由网关,莱达尔,VRF中央空调网关,090615.gateway.ac10,090615.gateway.ac10.png,
路由网关,西顿,西顿舍见PLC网关,cdn.gateway.wgdg1,cdn.gateway.wgdg1.png,
路由网关,贝兴,贝兴VRF中央空调网关,baiten.gateway.air02g,baiten.gateway.air02g.png,
路由网关,青萍,青萍蓝牙网关,cgllc.gateway.s1,cgllc.gateway.s1.png,
运动健康,小米出品,REDMI 儿童手表 Pro,xiaomi.watch.sw780,xiaomi.watch.sw780.png,
运动健康,爱鱼,爱鱼智能体脂秤M-001 充电款,xshui.scales.m001,xshui.scales.m001.png,
运动健康,艾斯凯,艾斯凯智能体脂秤KM-2014,wok.scales.km2014,wok.scales.km2014.png,
运动健康,艾斯凯,艾斯凯智能体脂秤KM-2030,wok.scales.km2030,wok.scales.km2030.png,
运动健康,8H,8H-AI智能4D按摩椅(全能王子),qushui.massage.my01,qushui.massage.my01.png,
运动健康,ACK,ACK智能体脂秤KM-2014,zchen.scales.km2014,zchen.scales.km2014.png,
运动健康,ACK,ACK智能体脂秤KM-2030,zchen.scales.km2030,zchen.scales.km2030.png,
运动健康,AUX 奥克斯,奥克斯智能体脂秤,nanzh.scales.50d001,nanzh.scales.50d001.png,
运动健康,BENBO本博,本博家用体脂秤C026,baoju.scales.c026,baoju.scales.c026.png,
运动健康,BMBL,BMBL智能体脂秤BF1224,hd699.scales.bf1224,hd699.scales.bf1224.png,
运动健康,Conridel,康德立智能体脂秤CS204,kdl.scales.cs204,kdl.scales.cs204.png,
运动健康,DP.Brother,DP.Brother智能颈椎按摩仪A001,amtdq.magic_touch.a01,amtdq.magic_touch.a01.png,
运动健康,E-COZY,迷你热能筋膜枪,ecozy.magic_touch.b029,ecozy.magic_touch.b029.png,
运动健康,FREETIE,FREETIE运动智芯,trios1.bleshoes.v02,trios1.bleshoes.v02.png,
运动健康,HD,HD智能暖宫带N8（BLE）,gswl.magic_touch.x1ngd,gswl.magic_touch.x1ngd.png,
运动健康,HUADI,HUADI智能体脂秤HD006,hd699.scales.hd006,hd699.scales.hd006.png,
运动健康,JOYBOLD,JOYBOLD 魔盒动感单车 智能款,jb2004.exbike.jb909,jb2004.exbike.jb909.png,
运动健康,Jare佳仁,佳仁按摩披肩JR-688,jare.magic_touch.jr688,jare.magic_touch.jr688.png,
运动健康,Jare佳仁,佳仁按摩椅JR-E6,jare.massage.jre6,jare.massage.jre6.png,
运动健康,Jeeback,E9 Plus 3D振动眼部按摩仪,jback.magic_touch.e9,jback.magic_touch.e9.png,
运动健康,Jeeback,Jeeback按摩靠枕,janshi.magic_touch.u9p,janshi.magic_touch.u9p.png,
运动健康,Jeeback,Jeeback智能肩颈揉捏按摩器,janshi.magic_touch.u7p,janshi.magic_touch.u7p.png,
运动健康,Jeeback,脊安适E10眼部按摩器,jback.magic_touch.e10,jback.magic_touch.e10.png,
运动健康,Jeeback,脊安适G3 Pro智能颈部按摩器,jback.magic_touch.g3,jback.magic_touch.g3.png,
运动健康,Jeeback,脊安适智能颈部按摩器,jback.magic_touch.k1pr,jback.magic_touch.k1pr.png,
运动健康,Jeeback,腰部按摩器,jback.magic_touch.g9,jback.magic_touch.g9.png,
运动健康,KIMEEY,KIMEEY智能足浴器,yier.foot_bath.znzyq,yier.foot_bath.znzyq.png,
运动健康,LOT,乐天智能体脂秤LT2507,lot.scales.lt2507,lot.scales.lt2507.png,
运动健康,Meilen | 美琳,Meilen | 美琳 智能体脂秤MTZ601,meilen.scales.mtz601,meilen.scales.mtz601.png,
运动健康,Meilen | 美琳,Meilen美琳智能体脂测量仪,meilen.scales.mtz606,meilen.scales.mtz606.png,
运动健康,MyJoy,MyJoy智能艾灸仪,maijia.ajh.mj9001,maijia.ajh.mj9001.png,
运动健康,PGG,PGG智能颈椎按摩仪P6,dtr.magic_touch.p6c,dtr.magic_touch.p6c.png,
运动健康,PGG,PGG颈椎按摩仪P5B,dtr.magic_touch.211mgr,dtr.magic_touch.211mgr.png,
运动健康,PGG,PGG颈椎按摩仪P6,dtr.magic_touch.p6b,dtr.magic_touch.p6b.png,
运动健康,PGG,PGG颈椎按摩仪P7,dtr.magic_touch.p7,dtr.magic_touch.p7.png,
运动健康,SMOOKY,SMOOKY智能筋膜枪,smooky.magic_touch.ma01,smooky.magic_touch.ma01.png,
运动健康,SMOOKY,Smooky智能跳绳,smooky.jmprope.ts43,smooky.jmprope.ts43.png,
运动健康,TOKUSET,赞禾智能暖宫带,zh001.magic_touch.zhngd,zh001.magic_touch.zhngd.png,
运动健康,Tunvole,兔唯乐按摩U型枕U2,qihang.magic_touch.nk01,qihang.magic_touch.nk01.png,
运动健康,Tunvole,兔唯乐肩颈按摩器,qihang.magic_touch.nk08,qihang.magic_touch.nk08.png,
运动健康,Tunvole,兔唯乐肩颈按摩器pro,qihang.magic_touch.nk8p,qihang.magic_touch.nk8p.png,
运动健康,Tunvole,兔唯乐腰部按摩器,qihang.magic_touch.ty4,qihang.magic_touch.ty4.png,
运动健康,Tunvole,兔唯乐腰部按摩器Y4S,qihang.magic_touch.y4s,qihang.magic_touch.y4s.png,
运动健康,Tunvole,兔唯乐颈腰按摩靠枕Y5,qihang.magic_touch.y5,qihang.magic_touch.y5.png,
运动健康,Tunvole,兔唯乐颈腰按摩靠枕Y5M,qihang.magic_touch.y5m,qihang.magic_touch.y5m.png,
运动健康,Tunvole,兔唯乐高背腰部按摩仪,qihang.magic_touch.4pro,qihang.magic_touch.4pro.png,
运动健康,VTT,VTT智能筋膜枪S6,tstar.magic_touch.s6,tstar.magic_touch.s6.png,
运动健康,VTT,VTT肩颈按摩仪,tstar.magic_touch.r8,tstar.magic_touch.r8.png,
运动健康,WEIJIAHUA,伟伽桦智能捶打披肩,wjh.magic_touch.p1,wjh.magic_touch.p1.png,
运动健康,WEIJIAHUA,伟伽桦智能眼部按摩仪,wjh.magic_touch.yb01,wjh.magic_touch.yb01.png,
运动健康,YBB,AI智能按摩椅,ybb.massage.jxs,ybb.massage.jxs.png,
运动健康,YBB,智能按摩椅,ybb.massage.ms,ybb.massage.ms.png,
运动健康,YBB,眼部按摩仪,ybb.magic_touch.ms,ybb.magic_touch.ms.png,
运动健康,YBB,肩颈按摩器N5,ybb.magic_touch.znpj01,ybb.magic_touch.znpj01.png,
运动健康,YBB,颈椎按摩仪,ybb.magic_touch.jz,ybb.magic_touch.jz.png,
运动健康,Yuckin,Yuckin智能体脂秤DHSJK1,linke.scales.dhsjk1,linke.scales.dhsjk1.png,
运动健康,ZIMMO,智魔智能双蛋足疗机FREEFOOT1.0,zimmo.magic_touch.ffv1,zimmo.magic_touch.ffv1.png,
运动健康,aigo,爱国者智能体脂秤ADZC-1807,jiayua.scales.adzc07,jiayua.scales.adzc07.png,
运动健康,aigo,爱国者智能体脂秤ADZC-1807A,jiayua.scales.adzc7a,jiayua.scales.adzc7a.png,
运动健康,aigo,爱国者智能体脂秤ADZC-1807B,jiayua.scales.adzc7b,jiayua.scales.adzc7b.png,
运动健康,iCOMON,沃莱智能体脂秤小魔瘦[FG2009B],wliot.scales.fg2009,wliot.scales.fg2009.png,
运动健康,iHealth,iHealth血压计,ihealth.bp.bpm1,ihealth.bp.bpm1.png,
运动健康,iHealth,九安智能血压计,ihealth.bpm.kd5907,ihealth.bpm.kd5907.png,
运动健康,joypal,joypal AI智享未来按摩椅,17216.massage.j6261a,17216.massage.j6261a.png,
运动健康,joypal,joypal 世爵双机芯6感智能天王椅 Monster联名款,17216.massage.6261d,17216.massage.6261d.png,
运动健康,joypal,joypal 伯爵筋膜按摩椅 魔声定制版,17216.massage.6602a,17216.massage.6602a.png,
运动健康,joypal,joypal智能AI按摩椅 魔声联名版,17216.massage.jp3209,17216.massage.jp3209.png,
运动健康,joypal,joypal皇爵AI音律按摩椅 Monster魔声定制款,17216.massage.e560,17216.massage.e560.png,
运动健康,乐福,乐福光能体脂秤SE,lefu.scales.cf822,lefu.scales.cf822.png,
运动健康,乐范,一维AI智能按摩椅,17216.massage.ec1266a,17216.massage.ec1266a.png,
运动健康,乐范,乐范魔力贴四驱版,17216.magic_touch.d152,17216.magic_touch.d152.png,
运动健康,乐范,乐范魔力贴温情版,17216.magic_touch.d150,17216.magic_touch.d150.png,
运动健康,云尔康,云尔康足浴按摩器ZYP001,at123.foot_bath.6sb,at123.foot_bath.6sb.png,
运动健康,云尔康,云尔康足浴按摩器ZYP003,at123.foot_bath.zyp003,at123.foot_bath.zyp003.png,
运动健康,京东京造,京东京造 小云朵智能暖宫腰带,jdjz.magic_touch.v1,jdjz.magic_touch.v1.png,
运动健康,佳域顺芯,AI智能体脂秤PRO,jiayu.scales.bc235,jiayu.scales.bc235.png,
运动健康,佳域顺芯,BC智能LED心率体脂秤,jiayu.scales.le5020,jiayu.scales.le5020.png,
运动健康,倍益康beoka,MINI肌肉按摩器,beoka.magic_touch.mcute,beoka.magic_touch.mcute.png,
运动健康,其他品牌,37度睡眠监测带SMH013,degree.lunar.smh013,degree.lunar.smh013.png,
运动健康,其他品牌,BY智能电动按摩器MP02,lang.magic_touch.mp02,lang.magic_touch.mp02.png,
运动健康,其他品牌,G2脊安适颈部按摩器,janshi.magic_touch.g2,janshi.magic_touch.g2.png,
运动健康,其他品牌,GAX 4D腰腹按摩器,jieman.magic_touch.yb1,jieman.magic_touch.yb1.png,
运动健康,其他品牌,GAX 4D颈椎按摩仪X,jieman.magic_touch.j10,jieman.magic_touch.j10.png,
运动健康,其他品牌,GAX 8D颈椎按摩仪,jieman.magic_touch.g791,jieman.magic_touch.g791.png,
运动健康,其他品牌,GAX 智能暖宫腰带,jieman.magic_touch.n88,jieman.magic_touch.n88.png,
运动健康,其他品牌,GAX 智能肩颈按摩仪,jieman.magic_touch.j15,jieman.magic_touch.j15.png,
运动健康,其他品牌,GAX多功能颈椎按摩枕,jieman.magic_touch.u101,jieman.magic_touch.u101.png,
运动健康,其他品牌,GAX多功能颈部按摩仪,jieman.magic_touch.gax2,jieman.magic_touch.gax2.png,
运动健康,其他品牌,GAX智能U型按摩器,jieman.magic_touch.u1,jieman.magic_touch.u1.png,
运动健康,其他品牌,GAX智能U型按摩器X,jieman.magic_touch.u102,jieman.magic_touch.u102.png,
运动健康,其他品牌,GAX智能头部按摩仪,jieman.magic_touch.t100,jieman.magic_touch.t100.png,
运动健康,其他品牌,GAX智能肩颈按摩器J-001,jieman.magic_touch.j001,jieman.magic_touch.j001.png,
运动健康,其他品牌,GAX智能颈椎按摩仪,jieman.magic_touch.gax1,jieman.magic_touch.gax1.png,
运动健康,其他品牌,GAX砭石腰腹部按摩仪,jieman.magic_touch.fbv1,jieman.magic_touch.fbv1.png,
运动健康,其他品牌,M6 真揉捏颈椎按摩仪,pgg.magic_touch.m4,pgg.magic_touch.m4.png,
运动健康,其他品牌,MA018多功能颈椎按摩仪,maiyue.magic_touch.m018,maiyue.magic_touch.m018.png,
运动健康,其他品牌,MONYOE充气按摩颈枕MYJ02,dgqh.magic_touch.myj02,dgqh.magic_touch.myj02.png,
运动健康,其他品牌,Muselove按摩护腰带A12,cym.magic_touch.a12,cym.magic_touch.a12.png,
运动健康,其他品牌,New for智能颈椎按摩仪,jieman.magic_touch.newf,jieman.magic_touch.newf.png,
运动健康,其他品牌,RH多功能按摩椅,fjrh.massage.rh7600,fjrh.massage.rh7600.png,
运动健康,其他品牌,SKG按摩腰带W5 TE,skg.magic_touch.skgw50,skg.magic_touch.skgw50.png,
运动健康,其他品牌,TefeishiAPP智能型颈椎按摩仪,ai123.magic_touch.xjb1a,ai123.magic_touch.xjb1a.png,
运动健康,其他品牌,Tefeishi智能颈椎按摩仪,jieman.magic_touch.tsf1,jieman.magic_touch.tsf1.png,
运动健康,其他品牌,Tefeishi智能颈椎按摩仪V2,jieman.magic_touch.tfs2,jieman.magic_touch.tfs2.png,
运动健康,其他品牌,USK智能颈椎按摩仪,jieman.magic_touch.x5u,jieman.magic_touch.x5u.png,
运动健康,其他品牌,joypal AI 揉腰推背能量椅,joypal.massage.jp880,joypal.massage.jp880.png,
运动健康,其他品牌,佑美W1 Pro跑步机,umay.treadmill.p,umay.treadmill.p.png,
运动健康,其他品牌,吉舒智能颈椎按摩仪,jieman.magic_touch.js78,jieman.magic_touch.js78.png,
运动健康,其他品牌,吉舒智能颈椎按摩仪V1,jieman.magic_touch.js03,jieman.magic_touch.js03.png,
运动健康,其他品牌,吉舒智能颈椎按摩仪V2,jieman.magic_touch.js01,jieman.magic_touch.js01.png,
运动健康,其他品牌,小乔跑步机Q2 pro,xqiao.treadmill.q2pro1,xqiao.treadmill.q2pro1.png,
运动健康,其他品牌,小乔跑步机SR pro,xqiao.treadmill.srpro1,xqiao.treadmill.srpro1.png,
运动健康,其他品牌,带趣智能护眼宝,whx.magic_touch.yanbao,whx.magic_touch.yanbao.png,
运动健康,其他品牌,带趣智能护胃带,whx.magic_touch.nuanwe,whx.magic_touch.nuanwe.png,
运动健康,其他品牌,带趣智能暖宫腰带,whx.magic_touch.11,whx.magic_touch.11.png,
运动健康,其他品牌,席位智能按摩椅,hyyx.massage.xwboo1,hyyx.massage.xwboo1.png,
运动健康,其他品牌,席位智能按摩椅JY-740,hyyx.massage.s518,hyyx.massage.s518.png,
运动健康,其他品牌,度华体能管理智能跳绳,duhua.jmprope.55,duhua.jmprope.55.png,
运动健康,其他品牌,康佳按摩椅KZ-RH6687,jare.massage.rh6687,jare.massage.rh6687.png,
运动健康,其他品牌,康佳按摩椅KZ-RH6699,jare.massage.rh6699,jare.massage.rh6699.png,
运动健康,其他品牌,康佳按摩椅KZ-RH8800,jare.massage.jrq81u,jare.massage.jrq81u.png,
运动健康,其他品牌,康佳智能筋膜枪,tstar.magic_touch.a8,tstar.magic_touch.a8.png,
运动健康,其他品牌,康佳智能筋膜枪V19-6D,tstar.magic_touch.6d,tstar.magic_touch.6d.png,
运动健康,其他品牌,康佳智能筋膜枪V19-8X,tstar.magic_touch.8x,tstar.magic_touch.8x.png,
运动健康,其他品牌,康多力 8D颈椎按摩仪,jieman.magic_touch.g792,jieman.magic_touch.g792.png,
运动健康,其他品牌,康多力多功能颈部按摩仪,jieman.magic_touch.kdl2,jieman.magic_touch.kdl2.png,
运动健康,其他品牌,康多力智能颈椎按摩仪,jieman.magic_touch.ms9,jieman.magic_touch.ms9.png,
运动健康,其他品牌,康多力智能颈椎按摩仪V2,jieman.magic_touch.kdl0,jieman.magic_touch.kdl0.png,
运动健康,其他品牌,慕向宠物舱暖宫带M71,muxnw.magic_touch.m71,muxnw.magic_touch.m71.png,
运动健康,其他品牌,慢客气动按摩腰带Y5,lhang.magic_touch.y5,lhang.magic_touch.y5.png,
运动健康,其他品牌,慢客肩颈抓揉按摩器T3,lhang.magic_touch.t3,lhang.magic_touch.t3.png,
运动健康,其他品牌,普为特智能蓝牙跳绳,povit.jmprope.p231,povit.jmprope.p231.png,
运动健康,其他品牌,智能体脂秤M01,yoda.scales.m01,yoda.scales.m01.png,
运动健康,其他品牌,智能拔罐仪A9,zhhome.magic_touch.a9,zhhome.magic_touch.a9.png,
运动健康,其他品牌,智能暖宫腰带M101,iot.magic_touch.m101,iot.magic_touch.m101.png,
运动健康,其他品牌,智能睡眠传感器Lunar,thinks.lunar.xm1,thinks.lunar.xm1.png,
运动健康,其他品牌,智能颈椎按摩仪,blst.magic_touch.f2pro,blst.magic_touch.f2pro.png,
运动健康,其他品牌,智能颈肩按摩仪N7,lang.magic_touch.n7,lang.magic_touch.n7.png,
运动健康,其他品牌,玉百纳多功能颈椎按摩仪,jieman.magic_touch.g771,jieman.magic_touch.g771.png,
运动健康,其他品牌,玉百纳智能颈椎按摩仪,jieman.magic_touch.x5b,jieman.magic_touch.x5b.png,
运动健康,其他品牌,百捷血糖尿酸总胆固醇分析仪,shcs.analyzer.20md,shcs.analyzer.20md.png,
运动健康,其他品牌,禾诗智能体脂秤MX81,yoda.scales.mx81,yoda.scales.mx81.png,
运动健康,其他品牌,若轻智能体脂秤RQ01,yoda.scales.rq01,yoda.scales.rq01.png,
运动健康,其他品牌,蓝牙智慧跳绳,peilin.jmprope.pl08f,peilin.jmprope.pl08f.png,
运动健康,其他品牌,蓝牙智能体脂秤M01,wiseda.scales.m01,wiseda.scales.m01.png,
运动健康,其他品牌,蓝牙智能体脂秤M02,wiseda.scales.m02,wiseda.scales.m02.png,
运动健康,其他品牌,蓝牙智能体脂秤M03,wiseda.scales.pro,wiseda.scales.pro.png,
运动健康,其他品牌,趣家纯钛智能杯FJ-TA015,qjkj.cup.qjz001,qjkj.cup.qjz001.png,
运动健康,其他品牌,辉鼎智能体脂秤HD0,yoda.scales.hd0,yoda.scales.hd0.png,
运动健康,其他品牌,雅绅智能颈椎按摩仪,jieman.magic_touch.ys01,jieman.magic_touch.ys01.png,
运动健康,其他品牌,雅绅智能颈椎按摩仪V2,jieman.magic_touch.ys02,jieman.magic_touch.ys02.png,
运动健康,冒泡堂,冒泡堂智能体脂秤FL549,ybsm.scales.fl649,ybsm.scales.fl649.png,
运动健康,冒泡堂,冒泡堂智能体脂秤MPT992,ybsm.scales.mpt992,ybsm.scales.mpt992.png,
运动健康,凯丰,凯丰智能体脂秤KF-M01,kaifen.scales.kfmj01,kaifen.scales.kfmj01.png,
运动健康,凯丰,凯丰智能体脂秤KF-M02,kaifen.scales.kfm02,kaifen.scales.kfm02.png,
运动健康,匹克,匹克体脂秤01,wenxi.scales.01,wenxi.scales.01.png,
运动健康,华佗,华佗 随身按摩仪,hwato.magic_touch.htamq,hwato.magic_touch.htamq.png,
运动健康,卢威森,卢威森AI智能筋膜枪（BLE）,hengbd.magic_touch.kj01,hengbd.magic_touch.kj01.png,
运动健康,咕咚,咕咚GPS运动手表S1,codoon.watch.s1,codoon.watch.s1.png,
运动健康,咕咚,咕咚智能跑鞋时尚10K,codoon.bleshoes.s10k,codoon.bleshoes.s10k.png,
运动健康,唯尚,唯尚智能健康体脂秤T2816,weik.scales.t2816,weik.scales.t2816.png,
运动健康,唯尚,唯尚智能健康体脂秤WS2601,weik.scales.ws2601,weik.scales.ws2601.png,
运动健康,唯尚,唯尚智能健康体脂秤WS2611,weik.scales.ws2611,weik.scales.ws2611.png,
运动健康,唯尚,唯尚智能健康体脂秤WS2901,weik.scales.ws2901,weik.scales.ws2901.png,
运动健康,增杰/zengjie,增杰家用体脂秤ADL-26M,zjie.scales.adl26m,zjie.scales.adl26m.png,
运动健康,多锐运动,多锐智能体脂秤,hnjc.scales.tzc01,hnjc.scales.tzc01.png,
运动健康,天晟,天晟智能体脂秤DC549,tsec.scales.dc549,tsec.scales.dc549.png,
运动健康,天晟,天晟智能体脂秤FL549,tsec.scales.5049,tsec.scales.5049.png,
运动健康,天晟,天晟智能体脂秤S549,tsec.scales.s549,tsec.scales.s549.png,
运动健康,天晟,天晟智能体脂秤S649,tsec.scales.s649,tsec.scales.s649.png,
运动健康,天晟,智能体脂秤,tsec.scales.bf669,tsec.scales.bf669.png,
运动健康,如一,如一智能体脂秤MJH-04,wole.scales.mjh04,wole.scales.mjh04.png,
运动健康,如一,如一智能体脂秤MJH-05,wole.scales.mjh05,wole.scales.mjh05.png,
运动健康,如一,如一智能体脂秤RY01,wole.scales.ry01,wole.scales.ry01.png,
运动健康,如一,如一智能体脂秤RY01C,wole.scales.01c,wole.scales.01c.png,
运动健康,如一,黑加手环,ryeex.bracelet.sake,ryeex.bracelet.sake.png,
运动健康,安踏,安踏智能体脂秤M01,jwsm.scales.m01,jwsm.scales.m01.png,
运动健康,宏霖,宏霖光能体脂秤GN007,hongli.scales.gn007,hongli.scales.gn007.png,
运动健康,宝岚,宝岚智能体脂秤BL011,boro.scales.bl011,boro.scales.bl011.png,
运动健康,宝珀Baobo,Baobo智能体脂秤0051,baobo.scales.0051,baobo.scales.0051.png,
运动健康,宝珀Baobo,Baobo智能体脂秤E0051,baobo.scales.e0051,baobo.scales.e0051.png,
运动健康,宝珀Baobo,Baobo智能体脂秤E0061,baobo.scales.e0061,baobo.scales.e0061.png,
运动健康,宝珀Baobo,宝铂智能体脂秤001,baobo.scales.001,baobo.scales.001.png,
运动健康,宝珀Baobo,宝铂智能体脂秤003,baobo.scales.003,baobo.scales.003.png,
运动健康,富光,富光米享保温杯,fgds.cup.fg01,fgds.cup.fg01.png,
运动健康,小乔,小乔跑步机Q3 pro,xqiao.treadmill.q3pro,xqiao.treadmill.q3pro.png,
运动健康,小寻,小寻AI学习手表MAX Pro,xiaoxun.watch.sw900,xiaoxun.watch.sw900.png,
运动健康,小寻,小寻儿童电话手表A2,xiaoxun.watch.v7,xiaoxun.watch.v7.png,
运动健康,小寻,小寻儿童电话手表A3,xiaoxun.watch.sw306,xiaoxun.watch.sw306.png,
运动健康,小寻,小寻儿童电话手表F1,xiaoxun.watch.v8,xiaoxun.watch.v8.png,
运动健康,小寻,小寻儿童电话手表F2,xiaoxun.watch.v10,xiaoxun.watch.v10.png,
运动健康,小寻,小寻儿童电话手表S1,xiaoxun.watch.v5,xiaoxun.watch.v5.png,
运动健康,小寻,小寻儿童电话手表T1,xiaoxun.watch.v4,xiaoxun.watch.v4.png,
运动健康,小寻,小寻儿童电话手表X1,xiaoxun.watch.sw710a2,xiaoxun.watch.sw710a2.png,
运动健康,小寻,小寻儿童电话手表Y1,xiaoxun.watch.sw705,xiaoxun.watch.sw705.png,
运动健康,小寻,小寻手表 彩屏版,xiaoxun.watch.v2,xiaoxun.watch.v2.png,
运动健康,小寻,小寻智能轮滑鞋,xiaoxun.ro_skates.v1,xiaoxun.ro_skates.v1.png,
运动健康,小怪兽,小怪兽智能体脂秤XGS01,yoda.scales.xgs001,yoda.scales.xgs001.png,
运动健康,小米出品,REDMI 儿童手表,xiaomi.watch.sw774,xiaomi.watch.sw774.png,
运动健康,小米出品,Xiaomi Watch S3,mijia.watch.n62,mijia.watch.n62.png,
运动健康,小米出品,Xiaomi Watch S3 eSIM1,mijia.watch.n62cg,mijia.watch.n62cg.png,
运动健康,小米出品,Xiaomi Watch S3 eSIM2,mijia.watch.n62car,mijia.watch.n62car.png,
运动健康,小米出品,Xiaomi Watch S3 eSIM3,mijia.watch.n62lte,mijia.watch.n62lte.png,
运动健康,小米出品,Xiaomi Watch S4 Sport,mijia.watch.n62s,mijia.watch.n62s.png,官网已移除该型号
运动健康,小米出品,Xiaomi Watch S4 eSIM,mijia.watch.o62m,mijia.watch.o62m.png,
运动健康,小米出品,小米儿童手表,xiaomi.watch.sw779,xiaomi.watch.sw779.png,
运动健康,小米出品,小米手环,xiaomi.watch.band1,xiaomi.watch.band1.png,
运动健康,小米出品,小米手环10 耀影金特别版,miwear.watch.o66lj,miwear.watch.o66lj.png,
运动健康,小米出品,米兔儿童学习手表 4 Pro,xiaoxun.watch.sw960,xiaoxun.watch.sw960.png,
运动健康,小米出品,米兔儿童学习手表4,xiaoxun.watch.sw761,xiaoxun.watch.sw761.png,
运动健康,小米出品,米兔儿童学习手表4X,xiaoxun.watch.sw763,xiaoxun.watch.sw763.png,
运动健康,小米出品,米兔儿童学习手表5Pro,xiaoxun.watch.sw767,xiaoxun.watch.sw767.png,
运动健康,小米出品,米兔儿童学习手表5X,xiaoxun.watch.sw766,xiaoxun.watch.sw766.png,
运动健康,小米出品,米兔儿童学习手表6,xiaoxun.watch.sw770,xiaoxun.watch.sw770.png,
运动健康,小米出品,米兔儿童学习手表6C,xiaoxun.watch.sw772,xiaoxun.watch.sw772.png,
运动健康,小米出品,米兔儿童学习手表6X,xiaoxun.watch.sw771,xiaoxun.watch.sw771.png,
运动健康,小米出品,米兔儿童学习手表6X-奥特曼定制版,xiaoxun.watch.sw771a,xiaoxun.watch.sw771a.png,
运动健康,小米出品,米兔儿童学习手表7,xiaomi.watch.sw775,xiaomi.watch.sw775.png,
运动健康,小米出品,米兔儿童学习手表7X,xiaomi.watch.sw776,xiaomi.watch.sw776.png,
运动健康,小米出品,米兔儿童手表S1,xiaomi.watch.sw769,xiaomi.watch.sw769.png,
运动健康,小米出品,米兔儿童手表U2,xiaomi.watch.sw777a,xiaomi.watch.sw777a.png,
运动健康,小米出品,米兔儿童电话手表2,xiaoxun.watch.v3,xiaoxun.watch.v3.png,
运动健康,小米出品,米兔儿童电话手表2C,xiaoxun.watch.v9,xiaoxun.watch.v9.png,
运动健康,小米出品,米兔儿童电话手表2S,xiaoxun.watch.sw560,xiaoxun.watch.sw560.png,
运动健康,小米出品,米兔儿童电话手表3,xiaoxun.watch.v11,xiaoxun.watch.v11.png,
运动健康,小米出品,米兔儿童电话手表3C,xiaoxun.watch.sw760,xiaoxun.watch.sw760.png,
运动健康,小米出品,米兔儿童电话手表4C,xiaoxun.watch.sw762,xiaoxun.watch.sw762.png,
运动健康,小米出品,米兔儿童电话手表5C,xiaoxun.watch.sw768,xiaoxun.watch.sw768.png,
运动健康,小米出品,米兔儿童电话手表7A,xiaomi.watch.sw778,xiaomi.watch.sw778.png,
运动健康,小米出品,米兔儿童电话手表C7A,xiaomi.watch.sw773,xiaomi.watch.sw773.png,
运动健康,小米出品,米兔儿童电话手表U1,xiaoxun.watch.sw660,xiaoxun.watch.sw660.png,
运动健康,小米出品,米兔儿童电话手表U1 Pro,xiaomi.watch.sw772a,xiaomi.watch.sw772a.png,
运动健康,小米出品,米家体脂秤 S400,yunmai.scales.ms103,yunmai.scales.ms103.png,
运动健康,小米出品,米家体脂秤 S400 Pro,xiaomi.scales.ms110,xiaomi.scales.ms110.png,
运动健康,小米出品,米家体脂秤 S400 蓝色,yunmai.scales.ms107,yunmai.scales.ms107.png,
运动健康,小米出品,米家体重秤 S200 白色,yunmai.scales.ms106,yunmai.scales.ms106.png,
运动健康,小米出品,米家体重秤 S200 蓝色,xiaomi.scales.ms112,xiaomi.scales.ms112.png,
运动健康,小米出品,米家八电极体脂秤 S800,xiaomi.scales.ms116,xiaomi.scales.ms116.png,
运动健康,小米出品,米家八电极体脂秤S800  雾青色,xiaomi.scales.ms117,xiaomi.scales.ms117.png,
运动健康,小米出品,米家动感单车 自发电版,yesoul.exbike.jsc01y,yesoul.exbike.jsc01y.png,
运动健康,小米出品,米家智能健腹轮,xiaomi.abwheel.jfl001,xiaomi.abwheel.jfl001.png,
运动健康,小米出品,米家智能升降足浴器,hith.foot_bath.m1z1,hith.foot_bath.m1z1.png,
运动健康,小米出品,米家智能哑铃,xiaomi.db.yl001,xiaomi.db.yl001.png,
运动健康,小米出品,米家智能哑铃 雾青色,xiaomi.db.yl002,xiaomi.db.yl002.png,
运动健康,小米出品,米家智能头部按摩梳 流金钛1,xiaomi.magic_touch.tbs4,xiaomi.magic_touch.tbs4.png,
运动健康,小米出品,米家智能头部按摩梳 流金钛2,xiaomi.magic_touch.tbs1,xiaomi.magic_touch.tbs1.png,
运动健康,小米出品,米家智能头部按摩梳 琥珀红1,xiaomi.magic_touch.tbs2,xiaomi.magic_touch.tbs2.png,
运动健康,小米出品,米家智能头部按摩梳 琥珀红2,xiaomi.magic_touch.tbsh,xiaomi.magic_touch.tbsh.png,
运动健康,小米出品,米家智能头部按摩梳 罗勒紫1,xiaomi.magic_touch.tbs3,xiaomi.magic_touch.tbs3.png,
运动健康,小米出品,米家智能头部按摩梳 罗勒紫2,xiaomi.magic_touch.tbsz,xiaomi.magic_touch.tbsz.png,
运动健康,小米出品,米家智能按摩椅,myoung.massage.m900,myoung.massage.m900.png,
运动健康,小米出品,米家智能按摩眼罩1,xiaomi.magic_touch.yz02,xiaomi.magic_touch.yz02.png,
运动健康,小米出品,米家智能按摩眼罩2,xiaomi.magic_touch.yz01,xiaomi.magic_touch.yz01.png,
运动健康,小米出品,米家智能杀菌足浴器1,xiaomi.foot_bath.mizs3,xiaomi.foot_bath.mizs3.png,
运动健康,小米出品,米家智能杀菌足浴器2,xiaomi.foot_bath.mizs1,xiaomi.foot_bath.mizs1.png,
运动健康,小米出品,米家智能气囊足浴器,xiaomi.foot_bath.qnzy1,xiaomi.foot_bath.qnzy1.png,
运动健康,小米出品,米家智能气囊足浴器 2,xiaomi.foot_bath.zyq2,xiaomi.foot_bath.zyq2.png,
运动健康,小米出品,米家智能气囊足浴器 2 Pro 升降款,xiaomi.foot_bath.qn2pro,xiaomi.foot_bath.qn2pro.png,
运动健康,小米出品,米家智能电子血压计,ihealth.bpm.bpx1,ihealth.bpm.bpx1.png,
运动健康,小米出品,米家智能眼部按摩仪1,xiaomi.magic_touch.my03,xiaomi.magic_touch.my03.png,
运动健康,小米出品,米家智能眼部按摩仪2,xiaomi.magic_touch.my02,xiaomi.magic_touch.my02.png,
运动健康,小米出品,米家智能肩颈按摩仪1,xiaomi.magic_touch.jj02,xiaomi.magic_touch.jj02.png,
运动健康,小米出品,米家智能肩颈按摩仪2,xiaomi.magic_touch.jj01,xiaomi.magic_touch.jj01.png,
运动健康,小米出品,米家智能腰部按摩仪 EMS版,xiaomi.magic_touch.md01,xiaomi.magic_touch.md01.png,
运动健康,小米出品,米家智能腰部按摩仪1,xiaomi.magic_touch.yb03,xiaomi.magic_touch.yb03.png,
运动健康,小米出品,米家智能腰部按摩仪2,xiaomi.magic_touch.yb01,xiaomi.magic_touch.yb01.png,
运动健康,小米出品,米家智能跑步机,ksmb.treadmill.m2,ksmb.treadmill.m2.png,
运动健康,小米出品,米家智能跳绳 2 浅沙色,xiaomi.jmprope.sr901,xiaomi.jmprope.sr901.png,
运动健康,小米出品,米家智能跳绳 2 浅蓝色,xiaomi.jmprope.sr900,xiaomi.jmprope.sr900.png,
运动健康,小米出品,米家智能跳绳 2 雾青色,xiaomi.jmprope.sr902,xiaomi.jmprope.sr902.png,
运动健康,小米出品,米家智能颈枕按摩仪1,xiaomi.magic_touch.jz02,xiaomi.magic_touch.jz02.png,
运动健康,小米出品,米家智能颈枕按摩仪2,xiaomi.magic_touch.jz01,xiaomi.magic_touch.jz01.png,
运动健康,小米出品,米家智能颈部按摩仪,soocare.magic_touch.m14,soocare.magic_touch.m14.png,
运动健康,小米出品,米家电子体温计,miaomiaoce.thermo.t10,miaomiaoce.thermo.t10.png,
运动健康,小米出品,米家石英表,inshow.watch.w1,inshow.watch.w1.png,
运动健康,小米出品,米家走步机,ksmb.walkingpad.v3,ksmb.walkingpad.v3.png,
运动健康,小米出品,米家走步机（扶手版）,runmi.walkingpad.walk01,runmi.walkingpad.walk01.png,
运动健康,小米出品,米家跑步机,ksmb.treadmill.m1v1,ksmb.treadmill.m1v1.png,
运动健康,小金,WalkingPad走步机,ksmb.walkingpad.v1,ksmb.walkingpad.v1.png,
运动健康,小金,小金K12跑步机,ksmb.treadmill.k12,ksmb.treadmill.k12.png,
运动健康,小金,小金K15跑步机,ksmb.treadmill.v2,ksmb.treadmill.v2.png,
运动健康,小金,小金智能折叠跑步机,ksmb.treadmill.v1,ksmb.treadmill.v1.png,
运动健康,山盟,山盟智能体脂秤8024充电款,shanm.scales.8024c,shanm.scales.8024c.png,
运动健康,山盟,山盟智能体脂秤8024光能款,shanm.scales.8024g,shanm.scales.8024g.png,
运动健康,山盟,山盟智能体脂秤8024电池款,shanm.scales.8024d,shanm.scales.8024d.png,
运动健康,左点,左点小艾2Max,zdeer.ajh.zda10,zdeer.ajh.zda10.png,
运动健康,左点,左点小艾2代智能艾灸盒,zdeer.ajh.zda9,zdeer.ajh.zda9.png,
运动健康,左点,左点小艾4代智能热敷宝Pro,zdeer.ajh.4th12,zdeer.ajh.4th12.png,
运动健康,左点,左点小艾智能暖灸宝,zdeer.ajh.ajb,zdeer.ajh.ajb.png,
运动健康,左点,左点小艾智能艾灸加热器,zdeer.ajh.zdl9,zdeer.ajh.zdl9.png,
运动健康,左点,左点小艾智能艾灸加热器X8,zdeer.ajh.zdx8,zdeer.ajh.zdx8.png,
运动健康,左点,左点小艾智能艾灸盒,zdeer.ajh.a8,zdeer.ajh.a8.png,
运动健康,左点,左点智能艾蒸器,zdeer.ajh.zjy,zdeer.ajh.zjy.png,
运动健康,左点,左点智能足蒸器Z8,zdeer.foot_bath.zdz8,zdeer.foot_bath.zdz8.png,
运动健康,左点,左点智能足蒸器Z9,zdeer.foot_bath.zdz9,zdeer.foot_bath.zdz9.png,
运动健康,得适,得适智能体脂秤T600,deshi8.scales.t600,deshi8.scales.t600.png,
运动健康,得适,得适智能体脂秤T600-10,deshi8.scales.t60010,deshi8.scales.t60010.png,
运动健康,得适,得适智能体脂秤T600-D,deshi8.scales.t600s,deshi8.scales.t600s.png,
运动健康,得适,得适智能体脂秤T680,deshi8.scales.t680,deshi8.scales.t680.png,
运动健康,志合电子,ZH智能体脂秤M01,zihe.scales.m01s,zihe.scales.m01s.png,
运动健康,志合电子,ZH智能体脂秤M02,zihe.scales.zhm02,zihe.scales.zhm02.png,
运动健康,搭扇,GS按摩热敷暖腰带,koxi68.magic_touch.gs69,koxi68.magic_touch.gs69.png,
运动健康,摩摩哒,小摩侠3D按摩椅,rotai.massage.rt5859,rotai.massage.rt5859.png,
运动健康,摩摩哒,按摩椅RT5850,rotai.massage.rt5850,rotai.massage.rt5850.png,
运动健康,摩摩哒,摩摩哒AI全身按摩椅,rotai.massage.rt5870,rotai.massage.rt5870.png,
运动健康,摩摩哒,摩摩哒M600Ultra全身按摩椅,rotai.massage.m600u,rotai.massage.m600u.png,
运动健康,摩摩哒,摩摩哒M660Pro暖芯椅,rotai.massage.m660p,rotai.massage.m660p.png,
运动健康,摩摩哒,摩摩哒M700智能按摩椅,rotai.massage.m700,rotai.massage.m700.png,
运动健康,摩摩哒,摩摩哒休闲按摩椅RT5850S,rotai.massage.rt5850s,rotai.massage.rt5850s.png,
运动健康,摩摩哒,摩摩哒头部按摩器,rotai.magic_touch.sx315,rotai.magic_touch.sx315.png,
运动健康,摩摩哒,摩摩哒智能AI全身按摩椅,rotai.massage.rt5863,rotai.massage.rt5863.png,
运动健康,摩摩哒,摩摩哒智能休闲按摩椅Mini,rotai.massage.rt5728,rotai.massage.rt5728.png,
运动健康,摩摩哒,摩摩哒智能足底按摩器,rotai.magic_touch.sx300,rotai.magic_touch.sx300.png,
运动健康,摩摩哒,摩摩哒智能车载腰靠,rotai.magic_touch.mc06,rotai.magic_touch.mc06.png,
运动健康,摩摩哒,摩摩哒气囊按摩腰靠MC07,rotai.magic_touch.mc07,rotai.magic_touch.mc07.png,
运动健康,摩摩哒,摩摩哒气囊按摩腰靠MC08,rotai.magic_touch.mc08,rotai.magic_touch.mc08.png,
运动健康,早鱼,早鱼智能体脂秤,hnjc.scales.tzc03,hnjc.scales.tzc03.png,
运动健康,早鱼,早鱼智能体脂秤BT973,smg.scales.bt973,smg.scales.bt973.png,
运动健康,早鱼,早鱼智能体脂秤M02,wenxi.scales.m02,wenxi.scales.m02.png,
运动健康,时星,时星智能体脂秤A60,sxing.scales.a60,sxing.scales.a60.png,
运动健康,时星,时星智能体脂秤A61,sxing.scales.a61,sxing.scales.a61.png,
运动健康,时星,时星智能体脂秤S8002,sxing.scales.s8002,sxing.scales.s8002.png,
运动健康,时星,时星智能体脂秤S8005,sxing.scales.s8005,sxing.scales.s8005.png,
运动健康,时星,时星智能体脂秤S801,sxing.scales.s801,sxing.scales.s801.png,
运动健康,时星,时星智能体脂秤S806,sxing.scales.s806,sxing.scales.s806.png,
运动健康,易复美,易复美智能体脂秤YF280,hyl.scales.yf280,hyl.scales.yf280.png,
运动健康,星曼,HITH智能无线足浴器Q2,hith.foot_bath.q2,hith.foot_bath.q2.png,
运动健康,星秤,星秤智能体脂秤X600,suzi.scales.x600,suzi.scales.x600.png,
运动健康,欧佰络,欧佰络筋膜枪,hy001.magic_touch.hyjmq,hy001.magic_touch.hyjmq.png,
运动健康,沐美,沐美智能体脂秤ATZ001,sic.scales.atz001,sic.scales.atz001.png,
运动健康,沪众,沪众智能体脂秤HZ1228,hsgs.scales.hz1228,hsgs.scales.hz1228.png,
运动健康,沪众,沪众智能体脂秤K01,hsgs.scales.k01,hsgs.scales.k01.png,
运动健康,沪众,沪众智能体脂秤K02,hsgs.scales.k02,hsgs.scales.k02.png,
运动健康,沪众,沪众智能体脂秤S01,hsgs.scales.s01,hsgs.scales.s01.png,
运动健康,沪众,沪众智能体脂秤S02,hsgs.scales.s02,hsgs.scales.s02.png,
运动健康,海斯曼,海斯曼智能走步机,hsm.walkingpad.c2,hsm.walkingpad.c2.png,
运动健康,淑女,淑女智能体脂秤SN-01,chaoka.scales.sn01,chaoka.scales.sn01.png,
运动健康,淑女,淑女智能体脂秤SN-02,chaoka.scales.sn02,chaoka.scales.sn02.png,
运动健康,炎米,炎米智能体脂秤,ym001.scales.ym001,ym001.scales.ym001.png,
运动健康,炎米,炎米智能搅拌杯,ym001.cup.ymjbb,ym001.cup.ymjbb.png,
运动健康,炎米,炎米智能暖宫腰带,ym001.magic_touch.ymngd,ym001.magic_touch.ymngd.png,
运动健康,炎米,炎米智能电热杯,ym001.cup.ymdrb,ym001.cup.ymdrb.png,
运动健康,炎米,炎米智能筋膜枪,ym001.magic_touch.ymjmq,ym001.magic_touch.ymjmq.png,
运动健康,炎米,炎米智能肩颈按摩仪,ym001.magic_touch.ymamq,ym001.magic_touch.ymamq.png,
运动健康,炎米,炎米智能腰部按摩仪,ym001.magic_touch.ybamq,ym001.magic_touch.ybamq.png,
运动健康,福瑞康盛,福瑞康盛智能蓝牙体脂秤F38E-B,frks.scales.f38eb,frks.scales.f38eb.png,
运动健康,秒秒测,秒秒测蓝牙电子体温计,miaomiaoce.thermo.t11,miaomiaoce.thermo.t11.png,
运动健康,立久佳,立久佳M1跑步机,asp.treadmill.pbj,asp.treadmill.pbj.png,
运动健康,立久佳,立久佳电动走步机M7,ljj.walkingpad.m7,ljj.walkingpad.m7.png,
运动健康,立久佳,立久佳跑步机,asp.treadmill.a9,asp.treadmill.a9.png,
运动健康,美琳,Meilen智能心率体脂秤,sic.scales.mtz200,sic.scales.mtz200.png,
运动健康,至尊,至尊智能体脂秤S400,huay.scales.s400,huay.scales.s400.png,
运动健康,致生活,致生活智能体脂秤ZSH-Z1,yktime.scales.zshz1,yktime.scales.zshz1.png,
运动健康,致生活,致生活智能体脂秤ZSH-Z2,yktime.scales.zshz2,yktime.scales.zshz2.png,
运动健康,苏子SUZI,苏子智能体脂秤A181,suzi.scales.a181,suzi.scales.a181.png,
运动健康,苏子SUZI,苏子智能体脂秤A33,suzi.scales.a33,suzi.scales.a33.png,
运动健康,苏子SUZI,苏子智能体脂秤A35,suzi.scales.a35,suzi.scales.a35.png,
运动健康,苏子SUZI,苏子智能体脂秤A36,suzi.scales.a36,suzi.scales.a36.png,
运动健康,苏子SUZI,苏子智能体脂秤H18,suzi.scales.h18,suzi.scales.h18.png,
运动健康,苏子SUZI,苏子智能体脂秤S400,suzi.scales.s400,suzi.scales.s400.png,
运动健康,苏子SUZI,苏子智能体脂秤S500,suzi.scales.s500,suzi.scales.s500.png,
运动健康,苏子SUZI,苏子智能体脂秤S600,suzi.scales.s600,suzi.scales.s600.png,
运动健康,苏子SUZI,苏子智能体脂秤SZ01,suzi.scales.sz01,suzi.scales.sz01.png,
运动健康,苏子SUZI,苏子智能体脂秤SZ02,suzi.scales.sz02,suzi.scales.sz02.png,
运动健康,苏子SUZI,苏子智能体脂秤SZ04,suzi.scales.sz04,suzi.scales.sz04.png,
运动健康,荣钰,荣钰智能体脂秤01,gyao.scales.01,gyao.scales.01.png,
运动健康,莱恩希,莱恩希多头筋膜枪（BLE）,laiex.magic_touch.lexjm,laiex.magic_touch.lexjm.png,
运动健康,菲柏,FEEBO智能计数跳绳,feebo.jmprope.fj6151,feebo.jmprope.fj6151.png,
运动健康,蓝胖子,蓝胖子智能体脂秤LPZ,mhmy.scales.lpz,mhmy.scales.lpz.png,
运动健康,辉鼎,辉鼎智能体脂秤HD01,bairen.scales.hd01s,bairen.scales.hd01s.png,
运动健康,辉鼎,辉鼎智能体脂秤HD01-A,bairen.scales.hd01a,bairen.scales.hd01a.png,
运动健康,辉鼎,辉鼎智能体脂秤HD01-B,bairen.scales.hd01b,bairen.scales.hd01b.png,
运动健康,辉鼎,辉鼎智能体脂秤XTEP-S300,bairen.scales.s300,bairen.scales.s300.png,
运动健康,辉鼎,辉鼎智能体脂秤XTEP-S400,bairen.scales.xtep4,bairen.scales.xtep4.png,
运动健康,辉鼎,辉鼎智能体脂秤XTEP-S500,bairen.scales.s500s,bairen.scales.s500s.png,
运动健康,辉鼎,辉鼎智能体脂秤XTEP-S600,bairen.scales.s600,bairen.scales.s600.png,
运动健康,途一,途一智能体脂秤MX70,tuyi.scales.mx70,tuyi.scales.mx70.png,
运动健康,途一,途一智能体脂秤MX80,yoda.scales.mx80,yoda.scales.mx80.png,
运动健康,速立达,速立达S2 Pro智能走步机,sld001.walkingpad.s2pro,sld001.walkingpad.s2pro.png,
运动健康,速立达,速立达S2智能走步机,sld001.walkingpad.s2,sld001.walkingpad.s2.png,
运动健康,酷轻松,酷轻松EMS健腹护腰仪,pma.magic_touch.bhah63,pma.magic_touch.bhah63.png,
运动健康,酷轻松,酷轻松矫姿按摩坐椅,pma.magic_touch.jzho60,pma.magic_touch.jzho60.png,
运动健康,酷轻松,酷轻松石墨烯EMS腰腹养护仪,pma.magic_touch.hmbd01,pma.magic_touch.hmbd01.png,
运动健康,酷轻松,酷轻松石墨烯多功能手腹养护仪,pma.magic_touch.ho6001,pma.magic_touch.ho6001.png,
运动健康,酷轻松,酷轻松石墨烯按摩支撑腰带,pma.magic_touch.pma19,pma.magic_touch.pma19.png,
运动健康,酷轻松,酷轻松石墨烯气囊腿部按摩器,pma.magic_touch.qnhf60,pma.magic_touch.qnhf60.png,
运动健康,酷轻松,酷轻松石墨烯澎湃热敷护腰带V12,pma.magic_touch.pmav12,pma.magic_touch.pmav12.png,
运动健康,酷轻松,酷轻松石墨烯颈部固定器,pma.magic_touch.l30pro,pma.magic_touch.l30pro.png,
运动健康,酷轻松,酷轻松肩颈背养护仪,pma.magic_touch.kulaxp,pma.magic_touch.kulaxp.png,
运动健康,酷轻松,酷轻松颈部固定器,pma.magic_touch.jb01,pma.magic_touch.jb01.png,
运动健康,金妙,金妙智能体脂秤JM01,jmdz.scales.jm01,jmdz.scales.jm01.png,
运动健康,锐珀尔,锐珀尔空气波全身按摩养生垫,repor.magic_touch.u7max,repor.magic_touch.u7max.png,
运动健康,锐珀尔,锐珀尔顽DOU荚护颈枕,repor.magic_touch.r1,repor.magic_touch.r1.png,
运动健康,香山,香山家庭用智能体脂秤,sic.scales.1300ar,sic.scales.1300ar.png,
运动健康,香山,香山智能体脂秤,sic.scales.m1,sic.scales.m1.png,
运动健康,香山,香山智能体脂秤M2,xsdz.scales.if1133,xsdz.scales.if1133.png,
运动健康,香山,香山智能体脂秤M3,xsdz.scales.if1134,xsdz.scales.if1134.png,
运动健康,黑白生活,黑白生活智能保温杯,bwlife.cup.01,bwlife.cup.01.png,
运动健康,deli,得力智能体脂秤LE221A,deli.scales.le221a,deli.scales.le221a.png,
运动健康,至尊,至尊家庭版智慧体脂秤S500,huay.scales.s500,huay.scales.s500.png,
运动健康,MUZHILIN,muzhilin智能暖手宝,mzl001.magic_touch.mzl1,mzl001.magic_touch.mzl1.png,
运动健康,小米出品,米家体脂秤 4 Pro,xiaomi.scales.s401,xiaomi.scales.s401.png,
