大类,品牌,产品名称,型号,图片文件名,备注
插座开关,7z,7z一键智能开关,gxhl.switch.7zsw11,gxhl.switch.7zsw11.png,
插座开关,7z,7z三键智能开关,gxhl.switch.7zsw13,gxhl.switch.7zsw13.png,
插座开关,7z,7z二键智能开关,gxhl.switch.7zsw12,gxhl.switch.7zsw12.png,
插座开关,7z,7z智能灯控开关-1路,hnlc.switch.sw1a01,hnlc.switch.sw1a01.png,
插座开关,7z,7z智能灯控开关-2路,hnlc.switch.sw2a01,hnlc.switch.sw2a01.png,
插座开关,7z,7z智能灯控开关-3路,hnlc.switch.sw3a01,hnlc.switch.sw3a01.png,
插座开关,AImLbS,AImLbS智能插座(WiFi),wiing.plug.jdls1,wiing.plug.jdls1.png,
插座开关,AImLbS,AImLbS智能插座(mesh),wiing.plug.bm1,wiing.plug.bm1.png,
插座开关,AImLbS,AImLbS智能插座安全守护版,wiing.plug.jdlpro,wiing.plug.jdlpro.png,
插座开关,AImLbS,AlmLbS智能插座计量版（Mesh）,wiing.plug.v8icm,wiing.plug.v8icm.png,
插座开关,AImLbS,AlmLbS智能插座（Mesh）,wiing.plug.v7icm,wiing.plug.v7icm.png,
插座开关,AImLbS,AlmLbs智能插座（WiFi）,wiing.plug.v9icm,wiing.plug.v9icm.png,
插座开关,ALWAYS,AWS 蓝牙智能无线旋钮开关,al425.remote.sw1a01,al425.remote.sw1a01.png,
插座开关,ANKOTTI安科帝,ANKOTTI安科帝智能一开（Mesh2.0）,creat6.switch.bln31,creat6.switch.bln31.png,
插座开关,ANKOTTI安科帝,ANKOTTI安科帝智能三开（Mesh2.0）,creat6.switch.bln33,creat6.switch.bln33.png,
插座开关,ANKOTTI安科帝,ANKOTTI安科帝智能二开（Mesh2.0）,creat6.switch.bln32,creat6.switch.bln32.png,
插座开关,ANTJIUJIU,antjiujiu智能开关 蚁柔pro一位,gzzn.switch.sw1a01,gzzn.switch.sw1a01.png,
插座开关,ANTJIUJIU,antjiujiu智能开关 蚁柔pro三位,gzzn.switch.sw3a01,gzzn.switch.sw3a01.png,
插座开关,ANTJIUJIU,antjiujiu智能开关 蚁柔pro二位,gzzn.switch.sw2a01,gzzn.switch.sw2a01.png,
插座开关,ANTJIUJIU,antjiujiu智能开关 蚁柔pro四位,gzzn.switch.sw4a01,gzzn.switch.sw4a01.png,
插座开关,ANXIANG,AX单火智能一键开关,ax01.switch.bln31,ax01.switch.bln31.png,
插座开关,ANXIANG,AX单火智能三键开关,ax01.switch.bln33,ax01.switch.bln33.png,
插座开关,ANXIANG,AX单火智能二键开关,ax01.switch.bln32,ax01.switch.bln32.png,
插座开关,ANXIANG,AX智联一键开关（田字版）,ax01.switch.sw1d01,ax01.switch.sw1d01.png,
插座开关,ANXIANG,AX智联一键开关（竖版）,ax01.switch.sw1e01,ax01.switch.sw1e01.png,
插座开关,ANXIANG,AX智联三键开关（田字版）,ax01.switch.sw3d01,ax01.switch.sw3d01.png,
插座开关,ANXIANG,AX智联三键开关（竖版）,ax01.switch.sw3e01,ax01.switch.sw3e01.png,
插座开关,ANXIANG,AX智联二键开关（田字版）,ax01.switch.sw2d01,ax01.switch.sw2d01.png,
插座开关,ANXIANG,AX智联二键开关（竖版）,ax01.switch.sw2e01,ax01.switch.sw2e01.png,
插座开关,ANXIANG,AX智联四键开关（田字版）,ax01.switch.sw4d01,ax01.switch.sw4d01.png,
插座开关,ANXIANG,AX智联四键开关（竖版）,ax01.switch.sw4e02,ax01.switch.sw4e02.png,
插座开关,ANXIANG,AX智联场景开关屏,ax01.switch.sw1a04,ax01.switch.sw1a04.png,
插座开关,ANXIANG,AX智能一键开关,ax01.switch.sw1a01,ax01.switch.sw1a01.png,
插座开关,ANXIANG,AX智能三键开关,ax01.switch.sw3a01,ax01.switch.sw3a01.png,
插座开关,ANXIANG,AX智能二键开关,ax01.switch.sw2a01,ax01.switch.sw2a01.png,
插座开关,ANXIANG,AX智能四键开关,ax01.switch.sw4a01,ax01.switch.sw4a01.png,
插座开关,ANXIANG,AX智能屏显一键开关,ax01.switch.px01,ax01.switch.px01.png,
插座开关,ANXIANG,AX智能屏显三键开关,ax01.switch.px03,ax01.switch.px03.png,
插座开关,ANXIANG,AX智能屏显二键开关,ax01.switch.px02,ax01.switch.px02.png,
插座开关,ANXIANG,安想S1系列零火智能一键开关,ax01.switch.sw1b01,ax01.switch.sw1b01.png,
插座开关,ANXIANG,安想S1系列零火智能三键开关,ax01.switch.sw3b01,ax01.switch.sw3b01.png,
插座开关,ANXIANG,安想S1系列零火智能二键开关,ax01.switch.sw2b01,ax01.switch.sw2b01.png,
插座开关,ANXIANG,安想S1系列零火智能四键开关,ax01.switch.sw4b01,ax01.switch.sw4b01.png,
插座开关,ANXIANG,安想S7系列智能开关一开,ax01.switch.sw1c01,ax01.switch.sw1c01.png,
插座开关,ANXIANG,安想S7系列智能开关三开,ax01.switch.sw3c01,ax01.switch.sw3c01.png,
插座开关,ANXIANG,安想S7系列智能开关二开,ax01.switch.sw2c01,ax01.switch.sw2c01.png,
插座开关,ANXIANG,安想S7系列智能开关四开,ax01.switch.sw4c01,ax01.switch.sw4c01.png,
插座开关,Aiasst,Aiasst智能通断器（Mesh2.0）,aizbot.switch.amtdq,aizbot.switch.amtdq.png,
插座开关,Aiasst,Aiasst智能通断器（Wi-Fi）,aizbot.switch.awtdq,aizbot.switch.awtdq.png,
插座开关,Aiasst,智秋1路通断器（Mesh2.0）,aizbot.switch.zqkg1,aizbot.switch.zqkg1.png,
插座开关,Aiasst,智秋2路通断器（Mesh2.0）,aizbot.switch.zqkg2,aizbot.switch.zqkg2.png,
插座开关,Aiasst,智秋4路通断器（Mesh2.0）,aizbot.switch.zqkg4,aizbot.switch.zqkg4.png,
插座开关,Aioaie,Aioaie4寸场景屏开关,kalami.switch.sw3a03,kalami.switch.sw3a03.png,
插座开关,Aioaie,Aioaie一键智能开关,kalami.switch.klmk1,kalami.switch.klmk1.png,
插座开关,Aioaie,Aioaie一键智能开关M4,kalami.switch.m4sw01,kalami.switch.m4sw01.png,
插座开关,Aioaie,Aioaie一键智能开关M5,kalami.switch.ptm501,kalami.switch.ptm501.png,
插座开关,Aioaie,Aioaie三键智能开关,kalami.switch.klmk3,kalami.switch.klmk3.png,
插座开关,Aioaie,Aioaie三键智能开关M4,kalami.switch.m4sw03,kalami.switch.m4sw03.png,
插座开关,Aioaie,Aioaie三键智能开关M5,kalami.switch.ptm503,kalami.switch.ptm503.png,
插座开关,Aioaie,Aioaie二键智能开关,kalami.switch.klmk2,kalami.switch.klmk2.png,
插座开关,Aioaie,Aioaie二键智能开关M4,kalami.switch.m4sw02,kalami.switch.m4sw02.png,
插座开关,Aioaie,Aioaie二键智能开关M5,kalami.switch.ptm502,kalami.switch.ptm502.png,
插座开关,Aioaie,Aioaie四键智能开关,kalami.switch.klmk4,kalami.switch.klmk4.png,
插座开关,Aioaie,Aioaie智能一键屏显开关,kalami.switch.bln31,kalami.switch.bln31.png,
插座开关,Aioaie,Aioaie智能一键屏显开关M4,kalami.switch.m4px01,kalami.switch.m4px01.png,
插座开关,Aioaie,Aioaie智能一键屏显开关M5,kalami.switch.m5px01,kalami.switch.m5px01.png,
插座开关,Aioaie,Aioaie智能三键屏显开关,kalami.switch.bln33,kalami.switch.bln33.png,
插座开关,Aioaie,Aioaie智能三键屏显开关M4,kalami.switch.m4px03,kalami.switch.m4px03.png,
插座开关,Aioaie,Aioaie智能三键屏显开关M5,kalami.switch.m5px03,kalami.switch.m5px03.png,
插座开关,Aioaie,Aioaie智能二键屏显开关,kalami.switch.bln32,kalami.switch.bln32.png,
插座开关,Aioaie,Aioaie智能二键屏显开关M4,kalami.switch.m4px02,kalami.switch.m4px02.png,
插座开关,Aioaie,Aioaie智能二键屏显开关M5,kalami.switch.m5px02,kalami.switch.m5px02.png,
插座开关,Aqara,Aqara 墙壁开关(单火线单键版),lumi.ctrl_neutral1.v1,lumi.ctrl_neutral1.v1.png,
插座开关,Aqara,Aqara 墙壁开关(单火线双键版),lumi.ctrl_neutral2.v1,lumi.ctrl_neutral2.v1.png,
插座开关,Aqara,Aqara 墙壁开关（零火线单键版）,lumi.ctrl_ln1.aq1,lumi.ctrl_ln1.aq1.png,
插座开关,Aqara,Aqara 无线开关（贴墙式单键版）,lumi.sensor_86sw1.v1,lumi.sensor_86sw1.v1.png,
插座开关,Aqara,Aqara 无线开关（贴墙式双键版）1,lumi.sensor_86sw2.v1,lumi.sensor_86sw2.v1.png,
插座开关,Aqara,Aqara 无线开关（贴墙式双键版）2,lumi.remote.b286acn01,lumi.remote.b286acn01.png,
插座开关,Aqara,Aqara 智能墙壁开关（单火线单键版）,lumi.switch.b1lc04,lumi.switch.b1lc04.png,
插座开关,Aqara,Aqara 智能墙壁开关（单火线双键版）,lumi.switch.b2lc04,lumi.switch.b2lc04.png,
插座开关,Aqara,Aqara 智能墙壁开关（零火线三键版）,lumi.switch.acn040,lumi.switch.acn040.png,
插座开关,Aqara,Aqara 智能墙壁开关（零火线单键版）,lumi.switch.b1nc01,lumi.switch.b1nc01.png,
插座开关,Aqara,Aqara 智能墙壁开关（零火线双键版）,lumi.switch.b2nc01,lumi.switch.b2nc01.png,
插座开关,Aqara,Aqara卡农 智能墙壁开关 Z1（三键版）,lumi.switch.acn054,lumi.switch.acn054.png,
插座开关,Aqara,Aqara卡农 智能墙壁开关 Z1（单键版）,lumi.switch.acn048,lumi.switch.acn048.png,
插座开关,Aqara,Aqara卡农 智能墙壁开关 Z1（双键版）,lumi.switch.acn049,lumi.switch.acn049.png,
插座开关,Aqara,Aqara卡农 智能墙壁开关 Z1（四键版）,lumi.switch.acn055,lumi.switch.acn055.png,
插座开关,Aqara,Aqara双路控制模块,lumi.relay.c2acn01,lumi.relay.c2acn01.png,
插座开关,Aqara,Aqara墙壁开关（零火线单键版）,lumi.ctrl_ln1.v1,lumi.ctrl_ln1.v1.png,
插座开关,Aqara,Aqara墙壁开关（零火线双键版）,lumi.ctrl_ln2.v1,lumi.ctrl_ln2.v1.png,
插座开关,Aqara,Aqara墙壁插座（ZigBee版）,lumi.ctrl_86plug.aq1,lumi.ctrl_86plug.aq1.png,
插座开关,Aqara,Aqara无线开关 D1（贴墙式单键版）,lumi.remote.b186acn02,lumi.remote.b186acn02.png,
插座开关,Aqara,Aqara无线开关 D1（贴墙式双键版）,lumi.remote.b286acn02,lumi.remote.b286acn02.png,
插座开关,Aqara,Aqara无线开关 E1,lumi.remote.acn007,lumi.remote.acn007.png,
插座开关,Aqara,Aqara无线开关 E1 (贴墙式单键版),lumi.remote.acn003,lumi.remote.acn003.png,
插座开关,Aqara,Aqara无线开关 E1 (贴墙式双键版),lumi.remote.acn004,lumi.remote.acn004.png,
插座开关,Aqara,Aqara无线开关(贴墙式单键版),lumi.remote.b186acn01,lumi.remote.b186acn01.png,
插座开关,Aqara,Aqara无线开关1,lumi.remote.b1acn01,lumi.remote.b1acn01.png,
插座开关,Aqara,Aqara无线开关2,lumi.sensor_switch.aq2,lumi.sensor_switch.aq2.png,
插座开关,Aqara,Aqara无线开关（升级版）,lumi.sensor_switch.aq3,lumi.sensor_switch.aq3.png,
插座开关,Aqara,Aqara智能墙壁开关 D1（单火线三键版）,lumi.switch.l3acn3,lumi.switch.l3acn3.png,
插座开关,Aqara,Aqara智能墙壁开关 D1（单火线单键版）,lumi.switch.b1lacn02,lumi.switch.b1lacn02.png,
插座开关,Aqara,Aqara智能墙壁开关 D1（单火线双键版）,lumi.switch.b2lacn02,lumi.switch.b2lacn02.png,
插座开关,Aqara,Aqara智能墙壁开关 D1（零火线三键版）,lumi.switch.n3acn3,lumi.switch.n3acn3.png,
插座开关,Aqara,Aqara智能墙壁开关 D1（零火线单键版）,lumi.switch.b1nacn02,lumi.switch.b1nacn02.png,
插座开关,Aqara,Aqara智能墙壁开关 D1（零火线双键版）,lumi.switch.b2nacn02,lumi.switch.b2nacn02.png,
插座开关,Aqara,Aqara魔方控制器,lumi.sensor_cube.aqgl01,lumi.sensor_cube.aqgl01.png,
插座开关,Aqara,墙壁插座(ZigBee版),lumi.ctrl_86plug.v1,lumi.ctrl_86plug.v1.png,
插座开关,Aqara,无线场景开关(六键版),lumi.remote.b686opcn01,lumi.remote.b686opcn01.png,
插座开关,Aqara,无线场景开关(双键版),lumi.remote.b286opcn01,lumi.remote.b286opcn01.png,
插座开关,Aqara,无线场景开关(四键版),lumi.remote.b486opcn01,lumi.remote.b486opcn01.png,
插座开关,Aqara,魔方控制器,lumi.sensor_cube.v1,lumi.sensor_cube.v1.png,
插座开关,BEANCOMM,YM一键屏显开关Z3,bean.switch.bln51,bean.switch.bln51.png,
插座开关,BEANCOMM,YM三键屏显开关Z3,bean.switch.bpns3,bean.switch.bpns3.png,
插座开关,BEANCOMM,YM二键屏显开关Z3,bean.switch.bln52,bean.switch.bln52.png,
插座开关,BEANCOMM,YM六键屏显开关Z3,bean.switch.bpns6,bean.switch.bpns6.png,
插座开关,BEANCOMM,YM四键屏显开关Z3,bean.switch.bln54,bean.switch.bln54.png,
插座开关,BELEDE,贝朗德-M15屏显三键开关,belede.switch.sw1d02,belede.switch.sw1d02.png,
插座开关,BELEDE,贝朗德-M15屏显二键开关,belede.switch.sw1d01,belede.switch.sw1d01.png,
插座开关,BELEDE,贝朗德-M15屏显四键开关,belede.switch.sw1d03,belede.switch.sw1d03.png,
插座开关,BELEDE,贝朗德M17-OL屏显四键开关,belede.switch.sw4a02,belede.switch.sw4a02.png,
插座开关,BELEDE,贝朗德屏显智能四键开关,belede.switch.sw4c02,belede.switch.sw4c02.png,
插座开关,BELEDE,贝朗德情景智能一键开关,belede.switch.sw1a01,belede.switch.sw1a01.png,
插座开关,BELEDE,贝朗德情景智能三键开关,belede.switch.sw3a01,belede.switch.sw3a01.png,
插座开关,BELEDE,贝朗德情景智能二键开关,belede.switch.sw2a01,belede.switch.sw2a01.png,
插座开关,BELEDE,贝朗德情景智能四键开关,belede.switch.sw4a01,belede.switch.sw4a01.png,
插座开关,BELEDE,贝朗德智能单火一键开关,belede.switch.sw1c01,belede.switch.sw1c01.png,
插座开关,BELEDE,贝朗德智能单火三键开关,belede.switch.sw3c01,belede.switch.sw3c01.png,
插座开关,BELEDE,贝朗德智能单火二键开关,belede.switch.sw2c01,belede.switch.sw2c01.png,
插座开关,BELEDE,贝朗德智能单火四键开关,belede.switch.sw4c01,belede.switch.sw4c01.png,
插座开关,BELEDE,贝朗德超薄智能一键开关,belede.switch.sw1b01,belede.switch.sw1b01.png,
插座开关,BELEDE,贝朗德超薄智能三键开关,belede.switch.sw3b01,belede.switch.sw3b01.png,
插座开关,BELEDE,贝朗德超薄智能二键开关,belede.switch.sw2b01,belede.switch.sw2b01.png,
插座开关,BUBA,BUBA智能开关二键(PLC),mjkj.switch.l15k2,mjkj.switch.l15k2.png,
插座开关,BUBA,BUBA智能开关八键(PLC),mjkj.switch.l15k8,mjkj.switch.l15k8.png,
插座开关,BUBA,BUBA智能开关四键(PLC),mjkj.switch.l15k4,mjkj.switch.l15k4.png,
插座开关,CEKI,CEKI 智能无线开关,3399xx.remote.cekikg,3399xx.remote.cekikg.png,
插座开关,CHIGO,志高一键屏显开关,zqdq.switch.sxpx01,zqdq.switch.sxpx01.png,
插座开关,CHIGO,志高三键屏显开关,zqdq.switch.sxpx03,zqdq.switch.sxpx03.png,
插座开关,CHIGO,志高二键屏显开关,zqdq.switch.sxpx02,zqdq.switch.sxpx02.png,
插座开关,CHIGO,志高智联一键开关,zqdq.switch.sw1b01,zqdq.switch.sw1b01.png,
插座开关,CHIGO,志高智联三键开关,zqdq.switch.sw3b01,zqdq.switch.sw3b01.png,
插座开关,CHIGO,志高智联二键开关,zqdq.switch.sw2b01,zqdq.switch.sw2b01.png,
插座开关,CHIGO,志高智联四键开关,zqdq.switch.sw4b01,zqdq.switch.sw4b01.png,
插座开关,CHIGO,志高智能一键开关,zqdq.switch.sw1a01,zqdq.switch.sw1a01.png,
插座开关,CHIGO,志高智能三键开关,zqdq.switch.sw3a01,zqdq.switch.sw3a01.png,
插座开关,CHIGO,志高智能二键开关,zqdq.switch.sw2a01,zqdq.switch.sw2a01.png,
插座开关,CHIGO,志高智能四键开关,zqdq.switch.sw4a01,zqdq.switch.sw4a01.png,
插座开关,CHITCO,CHITCO智能开关(一开),chitco.switch.sw1a01,chitco.switch.sw1a01.png,
插座开关,CHITCO,CHITCO智能开关(三开),chitco.switch.sw3a01,chitco.switch.sw3a01.png,
插座开关,CHITCO,CHITCO智能开关(二开),chitco.switch.sw2a01,chitco.switch.sw2a01.png,
插座开关,CHITCO,CHITCO智能开关(四开),chitco.switch.sw4a01,chitco.switch.sw4a01.png,
插座开关,CKA,CKA一键复合开关,cka001.switch.sw1a01,cka001.switch.sw1a01.png,
插座开关,CKA,CKA三键复合开关,cka001.switch.sw3a01,cka001.switch.sw3a01.png,
插座开关,CKA,CKA二键复合开关,cka001.switch.sw2a01,cka001.switch.sw2a01.png,
插座开关,CKA,CKA四键复合开关,cka001.switch.sw4a01,cka001.switch.sw4a01.png,
插座开关,Cpcker,Cpcker一键智能单火开关2.0,ckcper.switch.bln001,ckcper.switch.bln001.png,
插座开关,Cpcker,Cpcker一键智能零火开关2.0,ckcper.switch.sw1a01,ckcper.switch.sw1a01.png,
插座开关,Cpcker,Cpcker三键智能单火开关2.0,ckcper.switch.bln003,ckcper.switch.bln003.png,
插座开关,Cpcker,Cpcker三键智能零火开关2.0,ckcper.switch.sw3a01,ckcper.switch.sw3a01.png,
插座开关,Cpcker,Cpcker二键智能单火开关2.0,ckcper.switch.bln002,ckcper.switch.bln002.png,
插座开关,Cpcker,Cpcker二键智能零火开关2.0,ckcper.switch.sw2a01,ckcper.switch.sw2a01.png,
插座开关,Cpcker,Cpcker四键智能零火开关2.0,ckcper.switch.sw4a01,ckcper.switch.sw4a01.png,
插座开关,DEBROGLIE,DEBROGLIE无线八键开关（BLE）,de1.remote.wjwx8,de1.remote.wjwx8.png,
插座开关,DEBROGLIE,DEBROGLIE智能插座(Mesh2.0),de1.plug.wjzncz,de1.plug.wjzncz.png,
插座开关,DELAI,DELAI德徕智能开关(一开),delai.switch.m61k,delai.switch.m61k.png,
插座开关,DELAI,DELAI德徕智能开关(三开),delai.switch.m63k,delai.switch.m63k.png,
插座开关,DELAI,DELAI德徕智能开关(二开),delai.switch.m62k,delai.switch.m62k.png,
插座开关,DELAI,DELAI德徕智能开关(八开),delai.switch.m98k,delai.switch.m98k.png,
插座开关,DELAI,DELAI德徕智能开关(六开),delai.switch.m66k,delai.switch.m66k.png,
插座开关,DELAI,DELAI德徕智能开关(四开),delai.switch.m64k,delai.switch.m64k.png,
插座开关,DELIXI electric,德力西电气CD295F智能墙壁开关(单火三键),dlx.switch.3d295,dlx.switch.3d295.png,
插座开关,DELIXI electric,德力西电气CD295F智能墙壁开关(单火单键),dlx.switch.1d295,dlx.switch.1d295.png,
插座开关,DELIXI electric,德力西电气CD295F智能墙壁开关(单火双键),dlx.switch.2d295,dlx.switch.2d295.png,
插座开关,DELIXI electric,德力西电气CD295F智能墙壁开关(零火三键),dlx.switch.3cd295,dlx.switch.3cd295.png,
插座开关,DELIXI electric,德力西电气CD295F智能墙壁开关(零火单键),dlx.switch.1cd295,dlx.switch.1cd295.png,
插座开关,DELIXI electric,德力西电气CD295F智能墙壁开关(零火双键),dlx.switch.2cd295,dlx.switch.2cd295.png,
插座开关,DELIXI electric,德力西电气CD295F智能墙壁开关(零火四键),dlx.switch.4cd295,dlx.switch.4cd295.png,
插座开关,DELIXI electric,德力西电气DE288智能墙壁开关(单火三键),dlx.switch.3d288,dlx.switch.3d288.png,
插座开关,DELIXI electric,德力西电气DE288智能墙壁开关(单火单键),dlx.switch.1d288,dlx.switch.1d288.png,
插座开关,DELIXI electric,德力西电气DE288智能墙壁开关(单火双键),dlx.switch.2d288,dlx.switch.2d288.png,
插座开关,DELIXI electric,德力西电气DE288智能墙壁开关（零火三键）,dlx.switch.3e288,dlx.switch.3e288.png,
插座开关,DELIXI electric,德力西电气DE288智能墙壁开关（零火单键）,dlx.switch.1e288,dlx.switch.1e288.png,
插座开关,DELIXI electric,德力西电气DE288智能墙壁开关（零火双键）,dlx.switch.2e288,dlx.switch.2e288.png,
插座开关,DELIXI electric,德力西电气DE288智能墙壁开关（零火四键）,dlx.switch.4e288,dlx.switch.4e288.png,
插座开关,DELIXI electric,德力西电气一位单零火智能开关,dlx.switch.md01k,dlx.switch.md01k.png,
插座开关,DELIXI electric,德力西电气一位智能屏显免刻字复合面板,dlx.switch.m11,dlx.switch.m11.png,
插座开关,DELIXI electric,德力西电气一位零火智能开关,dlx.switch.m01k,dlx.switch.m01k.png,
插座开关,DELIXI electric,德力西电气三位单零火智能开关,dlx.switch.md03k,dlx.switch.md03k.png,
插座开关,DELIXI electric,德力西电气三位智能屏显免刻字复合面板,dlx.switch.m13,dlx.switch.m13.png,
插座开关,DELIXI electric,德力西电气三位零火智能开关,dlx.switch.m03k,dlx.switch.m03k.png,
插座开关,DELIXI electric,德力西电气二位单零火智能开关,dlx.switch.md02k,dlx.switch.md02k.png,
插座开关,DELIXI electric,德力西电气二位智能屏显免刻字复合面板,dlx.switch.m12,dlx.switch.m12.png,
插座开关,DELIXI electric,德力西电气二位零火智能开关,dlx.switch.m02k,dlx.switch.m02k.png,
插座开关,DELIXI electric,德力西电气全屏智能多功能面板,dlx.switch.m14zk,dlx.switch.m14zk.png,
插座开关,DELIXI electric,德力西电气四位单零火智能开关,dlx.switch.md04k,dlx.switch.md04k.png,
插座开关,DELIXI electric,德力西电气四位智能屏显免刻字复合面板,dlx.switch.m14,dlx.switch.m14.png,
插座开关,DELIXI electric,德力西电气四位零火智能开关,dlx.switch.m04k,dlx.switch.m04k.png,
插座开关,DELIXI electric,德力西电气圆面屏智能中控面板,dlx.switch.m14yp,dlx.switch.m14yp.png,
插座开关,DELIXI electric,德力西电气智能插座M01,dlx.plug.deim01,dlx.plug.deim01.png,
插座开关,DELIXI electric,德力西电气智能插座M02,dlx.plug.deim02,dlx.plug.deim02.png,
插座开关,DXV,DXV一键开关Mesh2.0版,luoban.switch.sw1a01,luoban.switch.sw1a01.png,
插座开关,DXV,DXV三键开关Mesh2.0版,luoban.switch.sw3a01,luoban.switch.sw3a01.png,
插座开关,DXV,DXV二键开关Mesh2.0版,luoban.switch.sw2a01,luoban.switch.sw2a01.png,
插座开关,DXV,DXV四键开关Mesh2.0版,luoban.switch.sw4a01,luoban.switch.sw4a01.png,
插座开关,Dsny德士尼,Dsny智能三路K3开关,zagd.switch.dsnyk3,zagd.switch.dsnyk3.png,
插座开关,Dsny德士尼,Dsny智能两路K2开关,zagd.switch.dsnyk2,zagd.switch.dsnyk2.png,
插座开关,Dsny德士尼,Dsny智能单路K1开关,zagd.switch.dsnyk1,zagd.switch.dsnyk1.png,
插座开关,FDD国际电工,fdd 国际电工一键屏显开关,xdx001.switch.px01,xdx001.switch.px01.png,
插座开关,FDD国际电工,fdd 国际电工三键屏显开关,xdx001.switch.px03,xdx001.switch.px03.png,
插座开关,FDD国际电工,fdd 国际电工二键屏显开关,xdx001.switch.px02,xdx001.switch.px02.png,
插座开关,FDD国际电工,fdd 国际电工智联一键开关,xdx001.switch.sw1b01,xdx001.switch.sw1b01.png,
插座开关,FDD国际电工,fdd 国际电工智联三键开关,xdx001.switch.sw3b01,xdx001.switch.sw3b01.png,
插座开关,FDD国际电工,fdd 国际电工智联二键开关,xdx001.switch.sw2b01,xdx001.switch.sw2b01.png,
插座开关,FDD国际电工,fdd 国际电工智联四键开关,xdx001.switch.sw4b01,xdx001.switch.sw4b01.png,
插座开关,FDD国际电工,fdd 国际电工智能一键开关,xdx001.switch.sw1a01,xdx001.switch.sw1a01.png,
插座开关,FDD国际电工,fdd 国际电工智能三键开关,xdx001.switch.sw3a01,xdx001.switch.sw3a01.png,
插座开关,FDD国际电工,fdd 国际电工智能二键开关,xdx001.switch.sw2a01,xdx001.switch.sw2a01.png,
插座开关,FDD国际电工,fdd 国际电工智能四键开关,xdx001.switch.sw4a01,xdx001.switch.sw4a01.png,
插座开关,FRFOX,FRFOX-M6一键智能开关,yoohoo.switch.bln311,yoohoo.switch.bln311.png,
插座开关,FRFOX,FRFOX-M6三键智能开关,yoohoo.switch.bln333,yoohoo.switch.bln333.png,
插座开关,FRFOX,FRFOX-M6二键智能开关,yoohoo.switch.bln322,yoohoo.switch.bln322.png,
插座开关,FRFOX,FRFOX-M6六键智能开关,yoohoo.switch.bln366,yoohoo.switch.bln366.png,
插座开关,FRFOX,FRFOX-M6四键智能开关,yoohoo.switch.bln344,yoohoo.switch.bln344.png,
插座开关,FRFOX,FRFOX-M6智能插卡取电器,yoohoo.cs.ck01,yoohoo.cs.ck01.png,
插座开关,FRFOX,FRFOX-S5一键智能开关,yoohoo.switch.s51k,yoohoo.switch.s51k.png,
插座开关,FRFOX,FRFOX-S5三键智能开关,yoohoo.switch.s53k,yoohoo.switch.s53k.png,
插座开关,FRFOX,FRFOX-S5二键智能开关,yoohoo.switch.s52k,yoohoo.switch.s52k.png,
插座开关,FRFOX,FRFOX-S5六键智能开关,yoohoo.switch.s56k,yoohoo.switch.s56k.png,
插座开关,FRFOX,FRFOX-S5四键智能开关,yoohoo.switch.s54k,yoohoo.switch.s54k.png,
插座开关,FRFOX,FRFOX-S7一键智能开关,yoohoo.switch.s701,yoohoo.switch.s701.png,
插座开关,FRFOX,FRFOX-S7三键智能开关,yoohoo.switch.s703,yoohoo.switch.s703.png,
插座开关,FRFOX,FRFOX-S7二键智能开关,yoohoo.switch.s702,yoohoo.switch.s702.png,
插座开关,FRFOX,FRFOX-Z5臻薄屏显一键开关,yoohoo.switch.z501,yoohoo.switch.z501.png,
插座开关,FRFOX,FRFOX-Z5臻薄屏显三键开关,yoohoo.switch.z503,yoohoo.switch.z503.png,
插座开关,FRFOX,FRFOX-Z5臻薄屏显二键开关,yoohoo.switch.z502,yoohoo.switch.z502.png,
插座开关,FRFOX,FRFOX-Z7三键智能开关,yoohoo.switch.z703,yoohoo.switch.z703.png,
插座开关,FRFOX,FRFOX-Z7二键智能开关,yoohoo.switch.z702,yoohoo.switch.z702.png,
插座开关,FRFOX,FRFOX-Z7六键智能开关,yoohoo.switch.z706,yoohoo.switch.z706.png,
插座开关,FRFOX,FRFOX-Z7四键智能开关,yoohoo.switch.z704,yoohoo.switch.z704.png,
插座开关,FRFOX,FRFOX蓝牙一键开关,yoohoo.switch.bln31,yoohoo.switch.bln31.png,
插座开关,FRFOX,FRFOX蓝牙三键开关,yoohoo.switch.bln33,yoohoo.switch.bln33.png,
插座开关,FRFOX,FRFOX蓝牙二键开关,yoohoo.switch.bln32,yoohoo.switch.bln32.png,
插座开关,FRFOX,FRFOX蓝牙八键开关,yoohoo.switch.bln38,yoohoo.switch.bln38.png,
插座开关,FRFOX,FRFOX蓝牙六键开关,yoohoo.switch.bln36,yoohoo.switch.bln36.png,
插座开关,FRFOX,FRFOX蓝牙四键开关,yoohoo.switch.bln34,yoohoo.switch.bln34.png,
插座开关,FSL,FSL一位智能开关,sfl.switch.sw1a01,sfl.switch.sw1a01.png,
插座开关,FSL,FSL三位智能开关,sfl.switch.sw3a01,sfl.switch.sw3a01.png,
插座开关,FSL,FSL二位智能开关,sfl.switch.sw2a01,sfl.switch.sw2a01.png,
插座开关,FSL,FSL四位智能开关,sfl.switch.sw4a01,sfl.switch.sw4a01.png,
插座开关,Gayoo光言光语,光言光语 一键智能开关Mesh2.0,gayoo.switch.gykgg1,gayoo.switch.gykgg1.png,
插座开关,Gayoo光言光语,光言光语 三键智能开关Mesh2.0,gayoo.switch.gykgg3,gayoo.switch.gykgg3.png,
插座开关,Gayoo光言光语,光言光语 二键智能开关Mesh2.0,gayoo.switch.gykgg2,gayoo.switch.gykgg2.png,
插座开关,Gayoo光言光语,光言光语 四键智能开关Mesh2.0,gayoo.switch.gykgg4,gayoo.switch.gykgg4.png,
插座开关,Gosund,Gosund 30W GaN智能排插WP12,cuco.plug.wp12,cuco.plug.wp12.png,
插座开关,Gosund,Gosund智慧扩充插座P2,cuco.plug.p2,cuco.plug.p2.png,
插座开关,Gosund,Gosund智能插座WP5,cuco.plug.wp5,cuco.plug.wp5.png,
插座开关,Gosund,Gosund智能插座WP5-AM(计电量),cuco.plug.wp5m,cuco.plug.wp5m.png,
插座开关,Gosund,电小酷智能墙插CO1-M2,cuco.plug.co1,cuco.plug.co1.png,
插座开关,Gosund,电小酷智能开关CS1（零火线单键版）2,cuco.switch.cs1,cuco.switch.cs1.png,
插座开关,Gosund,电小酷智能开关CS2（零火线双键版）2,cuco.switch.cs2,cuco.switch.cs2.png,
插座开关,Gosund,电小酷智能开关CS3（零火线三键版）2,cuco.switch.cs3,cuco.switch.cs3.png,
插座开关,Gosund,电小酷智能开关S4AM （单火线单键版),cuco.switch.s4amts,cuco.switch.s4amts.png,
插座开关,Gosund,电小酷智能开关S5AM （单火线双键版),cuco.switch.s5amts,cuco.switch.s5amts.png,
插座开关,Gosund,电小酷智能插座 CP1,cuco.plug.cp1,cuco.plug.cp1.png,
插座开关,Gosund,电小酷智能插座CP1-AM(计电量)1,cuco.plug.cp1m,cuco.plug.cp1m.png,
插座开关,Gosund,电小酷智能插座CP2,cuco.plug.cp2,cuco.plug.cp2.png,
插座开关,Gosund,电小酷智能插座CP2-AM,cuco.plug.cp2a,cuco.plug.cp2a.png,
插座开关,Gosund,电小酷智能插座CP3-AM2,cuco.plug.cp3a,cuco.plug.cp3a.png,
插座开关,GranchipIoT,Gra智能控制器V7（Mesh2.0）,giot.plug.v9icm,giot.plug.v9icm.png,
插座开关,GranchipIoT,Gra智能控制器V7（Mesh）,giot.plug.v7icm,giot.plug.v7icm.png,
插座开关,GranchipIoT,Gra智能控制器V7（WiFi）,giot.plug.v7icw,giot.plug.v7icw.png,
插座开关,GranchipIoT,Gra电计量控制器V8（WiFi）,giot.plug.v9icwf,giot.plug.v9icwf.png,
插座开关,Graun,Graun智能一键开关,graiot.switch.bln001,graiot.switch.bln001.png,
插座开关,Graun,Graun智能三键开关,graiot.switch.bln003,graiot.switch.bln003.png,
插座开关,Graun,Graun智能二键开关,graiot.switch.bln002,graiot.switch.bln002.png,
插座开关,Graun,Graun智能八键开关,graiot.switch.bln008,graiot.switch.bln008.png,
插座开关,Graun,Graun智能六键开关,graiot.switch.bln006,graiot.switch.bln006.png,
插座开关,Graun,Graun智能四键开关,graiot.switch.bln004,graiot.switch.bln004.png,
插座开关,H+,H+ 微动智能开关 三键,huca.switch.h2mb03,huca.switch.h2mb03.png,
插座开关,H+,H+ 微动智能开关 单键,huca.switch.h2mb01,huca.switch.h2mb01.png,
插座开关,H+,H+ 微动智能开关 双键,huca.switch.h2mb02,huca.switch.h2mb02.png,
插座开关,H+,H+ 超薄智能开关 三键,huca.switch.hc3m31,huca.switch.hc3m31.png,
插座开关,H+,H+ 轻触智能开关三键,huca.switch.2lh3,huca.switch.2lh3.png,
插座开关,H+,H+ 轻触智能开关单键,huca.switch.2lh1,huca.switch.2lh1.png,
插座开关,H+,H+ 轻触智能开关双键,huca.switch.2lh2,huca.switch.2lh2.png,
插座开关,H+,H+单火三键开关,huca.switch.dh3,huca.switch.dh3.png,
插座开关,H+,H+单火双键开关,huca.switch.dh2,huca.switch.dh2.png,
插座开关,H+,H+单火开关,huca.switch.dh1,huca.switch.dh1.png,
插座开关,H+,H+无线场景八键开关,huca.remote.wx8,huca.remote.wx8.png,
插座开关,H+,H+智能开关三键（单火/零火通用版）,huca.switch.dhs3,huca.switch.dhs3.png,
插座开关,H+,H+智能开关单键（单火/零火通用版）,huca.switch.dhs1,huca.switch.dhs1.png,
插座开关,H+,H+智能开关双键（单火/零火通用版）,huca.switch.dhs2,huca.switch.dhs2.png,
插座开关,H+,H+智能开关四开（零火版）,huca.switch.dhs4,huca.switch.dhs4.png,
插座开关,H+,H+智能插座（WiFi版）,huca.plug.cz2,huca.plug.cz2.png,
插座开关,H+,H+智能插座（蓝牙Mesh版）,huca.plug.cz2b,huca.plug.cz2b.png,
插座开关,H+,H+超薄智能开关 单键,huca.switch.hc3m11,huca.switch.hc3m11.png,
插座开关,H+,H+零火三键开关,huca.switch.lh3,huca.switch.lh3.png,
插座开关,H+,H+零火单键开关,huca.switch.lh1,huca.switch.lh1.png,
插座开关,H+,H+零火双键开关,huca.switch.lh2,huca.switch.lh2.png,
插座开关,H+,H+零火四键开关,huca.switch.lh4,huca.switch.lh4.png,
插座开关,H+,H＋超薄智能开关 双键,huca.switch.hc3m21,huca.switch.hc3m21.png,
插座开关,HONYAR,HONYAR一键智能开关,honyar.switch.bln01,honyar.switch.bln01.png,
插座开关,HONYAR,HONYAR三键智能开关,honyar.switch.bln03,honyar.switch.bln03.png,
插座开关,HONYAR,HONYAR二键智能开关,honyar.switch.bln02,honyar.switch.bln02.png,
插座开关,HONYAR,HONYAR四键智能开关,honyar.switch.bln04,honyar.switch.bln04.png,
插座开关,HONYAR,鸿雁三键智能开关Pro,honyar.switch.hyp009,honyar.switch.hyp009.png,
插座开关,HONYAR,鸿雁三键智能按键开关,honyar.switch.sw3e01,honyar.switch.sw3e01.png,
插座开关,HONYAR,鸿雁全面屏开关HM1Plus,honyar.switch.px,honyar.switch.px.png,
插座开关,HONYAR,鸿雁单键智能开关Pro,honyar.switch.hyp007,honyar.switch.hyp007.png,
插座开关,HONYAR,鸿雁单键智能按键开关,honyar.switch.sw1e01,honyar.switch.sw1e01.png,
插座开关,HONYAR,鸿雁双键智能开关Pro,honyar.switch.hyp008,honyar.switch.hyp008.png,
插座开关,HONYAR,鸿雁双键智能按键开关,honyar.switch.sw2e01,honyar.switch.sw2e01.png,
插座开关,HONYAR,鸿雁四键智能开关Pro,honyar.switch.hyp010,honyar.switch.hyp010.png,
插座开关,HONYAR,鸿雁四键智能按键开关,honyar.switch.sw4e01,honyar.switch.sw4e01.png,
插座开关,HUISHUAI,辉帅一位零火智能开关,hszna.switch.h0001,hszna.switch.h0001.png,
插座开关,HUISHUAI,辉帅三位零火智能开关,hszna.switch.h0003,hszna.switch.h0003.png,
插座开关,HUISHUAI,辉帅二位零火智能开关,hszna.switch.h0002,hszna.switch.h0002.png,
插座开关,HUISHUAI,辉帅全面屏智能面板,hszna.switch.h0005,hszna.switch.h0005.png,
插座开关,HUISHUAI,辉帅四位零火智能开关,hszna.switch.h0004,hszna.switch.h0004.png,
插座开关,HUISHUAI,辉帅圆屏多功能面板,hszna.switch.h0006,hszna.switch.h0006.png,
插座开关,HiPC,HiPC电脑智能开机卡,hipc.plug.m1,hipc.plug.m1.png,
插座开关,IWN,IWN小铃铛彩屏按键一位零火智能开关,iwn.switch.iws003,iwn.switch.iws003.png,
插座开关,IWN,IWN小铃铛彩屏按键三位零火智能开关,iwn.switch.iws005,iwn.switch.iws005.png,
插座开关,IWN,IWN小铃铛彩屏按键二位零火智能开关,iwn.switch.iws004,iwn.switch.iws004.png,
插座开关,IWN,IWN小铃铛彩屏按键四位零火智能开关,iwn.switch.iws006,iwn.switch.iws006.png,
插座开关,IWN 小铃铛,IWN小铃铛一位单零火兼容开关,topwit.switch.rzw99,topwit.switch.rzw99.png,
插座开关,IWN 小铃铛,IWN小铃铛一位零火屏显开关,topwit.switch.rzw88,topwit.switch.rzw88.png,
插座开关,IWN 小铃铛,IWN小铃铛一位零火智能开关,topwit.switch.rzw77,topwit.switch.rzw77.png,
插座开关,IWN 小铃铛,IWN小铃铛三位单零火兼容开关,topwit.switch.yzw02,topwit.switch.yzw02.png,
插座开关,IWN 小铃铛,IWN小铃铛三位零火屏显开关,topwit.switch.rzw89,topwit.switch.rzw89.png,
插座开关,IWN 小铃铛,IWN小铃铛三位零火智能开关,topwit.switch.rzw79,topwit.switch.rzw79.png,
插座开关,IWN 小铃铛,IWN小铃铛二位单零火兼容开关,topwit.switch.yzw01,topwit.switch.yzw01.png,
插座开关,IWN 小铃铛,IWN小铃铛二位零火屏显开关,topwit.switch.rzw90,topwit.switch.rzw90.png,
插座开关,IWN 小铃铛,IWN小铃铛二位零火智能开关,topwit.switch.rzw78,topwit.switch.rzw78.png,
插座开关,IWN 小铃铛,IWN小铃铛全面屏智能面板,topwit.switch.rzw75,topwit.switch.rzw75.png,
插座开关,IWN 小铃铛,IWN小铃铛四位单零火兼容开关,topwit.switch.yzw03,topwit.switch.yzw03.png,
插座开关,IWN 小铃铛,IWN小铃铛四位零火屏显开关,topwit.switch.rzw91,topwit.switch.rzw91.png,
插座开关,IWN 小铃铛,IWN小铃铛四位零火智能开关,topwit.switch.rzw80,topwit.switch.rzw80.png,
插座开关,IWN 小铃铛,IWN小铃铛圆屏智能多功能面板,topwit.switch.rzw74,topwit.switch.rzw74.png,
插座开关,IWN 小铃铛,IWN小铃铛智能安全轨道插,topwit.plug.rzs02,topwit.plug.rzs02.png,
插座开关,Iwytech,Iwytech智能插座V5,ivtec.plug.v5,ivtec.plug.v5.png,
插座开关,JOCO,JOCO四键圆屏开关（Mesh2.0）,nbxh.switch.jckg5,nbxh.switch.jckg5.png,
插座开关,JOCO,JOCO智能Mesh一键屏显开关,nbxh.switch.sw1b01,nbxh.switch.sw1b01.png,
插座开关,JOCO,JOCO智能Mesh一键开关,nbxh.switch.sw1a01,nbxh.switch.sw1a01.png,
插座开关,JOCO,JOCO智能Mesh三键屏显开关,nbxh.switch.sw3b01,nbxh.switch.sw3b01.png,
插座开关,JOCO,JOCO智能Mesh三键开关,nbxh.switch.sw3a01,nbxh.switch.sw3a01.png,
插座开关,JOCO,JOCO智能Mesh二键屏显开关,nbxh.switch.sw2b01,nbxh.switch.sw2b01.png,
插座开关,JOCO,JOCO智能Mesh二键开关,nbxh.switch.sw2a01,nbxh.switch.sw2a01.png,
插座开关,JOCO,JOCO智能X1八键开关  （Mesh2.0）,nbxh.switch.jckg6,nbxh.switch.jckg6.png,
插座开关,JOCO,JOCO智能自然系列一路开关（Mesh2.0）,nbxh.switch.jckg1,nbxh.switch.jckg1.png,
插座开关,JOCO,JOCO智能自然系列三路开关（Mesh2.0）,nbxh.switch.jckg3,nbxh.switch.jckg3.png,
插座开关,JOCO,JOCO智能自然系列二路开关（Mesh2.0）,nbxh.switch.jckg2,nbxh.switch.jckg2.png,
插座开关,JOCO,JOCO智能自然系列四路开关（Mesh2.0）,nbxh.switch.jckg4,nbxh.switch.jckg4.png,
插座开关,JYEASE,捷易智能四路开关（Mesh2.0）,jyzc.switch.jykg4,jyzc.switch.jykg4.png,
插座开关,KEEY,KEEY智能一键开关（Mesh2.0）,keey.switch.qykgm1,keey.switch.qykgm1.png,
插座开关,KEEY,KEEY智能三键开关（Mesh2.0）,keey.switch.qykgm3,keey.switch.qykgm3.png,
插座开关,KEEY,KEEY智能二键开关（Mesh2.0）,keey.switch.qykgm2,keey.switch.qykgm2.png,
插座开关,KEEY,KEEY智能四键开关（Mesh2.0）,keey.switch.qykgm4,keey.switch.qykgm4.png,
插座开关,KEEY,KEEY智能无线开关M,keey.remote.qywx4,keey.remote.qywx4.png,
插座开关,KGP,KGP智能三位开关（Mesh2.0）,kegu.switch.sw3a01,kegu.switch.sw3a01.png,
插座开关,KGP,KGP智能二位开关（Mesh2.0）,kegu.switch.sw2a01,kegu.switch.sw2a01.png,
插座开关,KGP,KGP智能四位开关（Mesh2.0）,kegu.switch.sw4a01,kegu.switch.sw4a01.png,
插座开关,KGP,KGP智能屏显一位开关,kegu.switch.kgkg1,kegu.switch.kgkg1.png,
插座开关,KGP,KGP智能屏显三位开关,kegu.switch.kgkg3,kegu.switch.kgkg3.png,
插座开关,KGP,KGP智能屏显二位开关,kegu.switch.kgkg2,kegu.switch.kgkg2.png,
插座开关,KINSUNY今上,今上智能开关S1,ksks.switch.sw4a01,ksks.switch.sw4a01.png,
插座开关,KINSUNY今上,今上智能开关S1 四键,ksks.switch.sw4a02,ksks.switch.sw4a02.png,
插座开关,KINSUNY今上,今上智能开关S2,ksks.switch.sw3a01,ksks.switch.sw3a01.png,
插座开关,KINSUNY今上,今上智能开关S2 三键,ksks.switch.sw3a02,ksks.switch.sw3a02.png,
插座开关,KINSUNY今上,今上智能开关S3 三键,ksks.switch.sw3a03,ksks.switch.sw3a03.png,
插座开关,KINSUNY今上,今上智能开关S3 双键,ksks.switch.sw2a01,ksks.switch.sw2a01.png,
插座开关,KOEY,KOEY瞬系列智能开关1键,koey.switch.sw1a01,koey.switch.sw1a01.png,
插座开关,KOEY,KOEY瞬系列智能开关2键,koey.switch.sw2a01,koey.switch.sw2a01.png,
插座开关,KOEY,KOEY瞬系列智能开关3键,koey.switch.sw3a01,koey.switch.sw3a01.png,
插座开关,KOEY,KOEY瞬系列智能开关4键,koey.switch.sw4a01,koey.switch.sw4a01.png,
插座开关,KOEY,KOEY瞬系列超薄智能开关1键,koey.switch.sw1b01,koey.switch.sw1b01.png,
插座开关,KOEY,KOEY瞬系列超薄智能开关2键,koey.switch.sw2b01,koey.switch.sw2b01.png,
插座开关,KOEY,KOEY瞬系列超薄智能开关3键,koey.switch.sw3b01,koey.switch.sw3b01.png,
插座开关,KOEY,KOEY瞬系列超薄智能开关4键（屏显）,koey.switch.sw4b01,koey.switch.sw4b01.png,
插座开关,KONKE 控客,KONKE三路智控开关,ksmart.switch.sw3b01,ksmart.switch.sw3b01.png,
插座开关,KONKE 控客,KONKE单路智控开关,ksmart.switch.sw1b01,ksmart.switch.sw1b01.png,
插座开关,KONKE 控客,KONKE双路智控开关,ksmart.switch.sw2b01,ksmart.switch.sw2b01.png,
插座开关,KONKE 控客,KONKE四路智控开关,ksmart.switch.sw4b01,ksmart.switch.sw4b01.png,
插座开关,Kenwell,Kenwell 智能开关一键,kwi.switch.sw1a01,kwi.switch.sw1a01.png,
插座开关,Kenwell,Kenwell 智能开关三键,kwi.switch.sw3a01,kwi.switch.sw3a01.png,
插座开关,Kenwell,Kenwell 智能开关二键,kwi.switch.sw2a01,kwi.switch.sw2a01.png,
插座开关,Kenwell,Kenwell 智能开关四键,kwi.switch.sw4a01,kwi.switch.sw4a01.png,
插座开关,LEELEN,LEELEN-P4一键智能开关,leelen.switch.bln31,leelen.switch.bln31.png,
插座开关,LEELEN,LEELEN-P4三键智能开关,leelen.switch.bln33,leelen.switch.bln33.png,
插座开关,LEELEN,LEELEN-P4二键智能开关,leelen.switch.bln32,leelen.switch.bln32.png,
插座开关,LENGCEOI,迅为一键智能开关Mesh2.0,lat888.switch.bln31,lat888.switch.bln31.png,
插座开关,LENGCEOI,迅为三键智能开关Mesh2.0,lat888.switch.bln33,lat888.switch.bln33.png,
插座开关,LENGCEOI,迅为二键智能开关Mesh2.0,lat888.switch.bln32,lat888.switch.bln32.png,
插座开关,LENGCEOI,迅为六键智能开关Mesh2.0,lat888.switch.bln36,lat888.switch.bln36.png,
插座开关,LENGCEOI,迅为四键智能开关Mesh2.0,lat888.switch.bln34,lat888.switch.bln34.png,
插座开关,LENGCEOI,迅为插卡取电器Mesh2.0,lat888.cs.ck01,lat888.cs.ck01.png,
插座开关,LETARON,擎洲一键智能开关,qzgd.switch.sw1a02,qzgd.switch.sw1a02.png,
插座开关,LETARON,擎洲三键智能开关,qzgd.switch.sw3a02,qzgd.switch.sw3a02.png,
插座开关,LETARON,擎洲二键智能开关,qzgd.switch.sw2a02,qzgd.switch.sw2a02.png,
插座开关,LETARON,擎洲八键智能开关,qzgd.switch.sw4a02,qzgd.switch.sw4a02.png,
插座开关,LETARON,擎洲四键智能开关,qzgd.switch.sw4a01,qzgd.switch.sw4a01.png,
插座开关,LEX乐享生活,LEXMesh 一键智能开关2.0,lex.switch.sw1b01,lex.switch.sw1b01.png,
插座开关,LEX乐享生活,LEXMesh 三键智能开关2.0,lex.switch.sw3b01,lex.switch.sw3b01.png,
插座开关,LEX乐享生活,LEXMesh 二键智能开关2.0,lex.switch.sw2b01,lex.switch.sw2b01.png,
插座开关,LEX乐享生活,LEXMesh 四键中间屏显开关2.0,lex.switch.sw4a02,lex.switch.sw4a02.png,
插座开关,LEX乐享生活,LEXMesh 四键智能开关2.0,lex.switch.sw4b01,lex.switch.sw4b01.png,
插座开关,LIUHONG 留虹照明,留虹照明智能开关一键,lh2024.switch.sw1a01,lh2024.switch.sw1a01.png,
插座开关,LIUHONG 留虹照明,留虹照明智能开关三键,lh2024.switch.sw3a01,lh2024.switch.sw3a01.png,
插座开关,LIUHONG 留虹照明,留虹照明智能开关二键,lh2024.switch.sw2a01,lh2024.switch.sw2a01.png,
插座开关,LIUHONG 留虹照明,留虹照明智能开关四键,lh2024.switch.sw4a01,lh2024.switch.sw4a01.png,
插座开关,LKRQ,LKRQ电脑开机卡,pzg.plug.1127,pzg.plug.1127.png,
插座开关,LKRQ,LKRQ电脑开机卡（Mesh2.0）,pzg.plug.0002,pzg.plug.0002.png,
插座开关,LONINK,LONINK一键开关（WiFi）,lonink.switch.ln084,lonink.switch.ln084.png,
插座开关,LONINK,LONINK三键开关（WiFi）,lonink.switch.ln086,lonink.switch.ln086.png,
插座开关,LONINK,LONINK二键开关（WiFi）,lonink.switch.ln085,lonink.switch.ln085.png,
插座开关,LONINK,LONINK智能一键开关 WiFi,lonink.switch.ln064,lonink.switch.ln064.png,
插座开关,LONINK,LONINK智能三键开关 WiFi,lonink.switch.ln066,lonink.switch.ln066.png,
插座开关,LONINK,LONINK智能二键开关 WiFi,lonink.switch.ln065,lonink.switch.ln065.png,
插座开关,Lemesh,情景Lemesh一键屏显开关Ultra,lemesh.switch.sw1f20,lemesh.switch.sw1f20.png,
插座开关,Lemesh,情景Lemesh三键屏显开关Ultra,lemesh.switch.sw3f18,lemesh.switch.sw3f18.png,
插座开关,Lemesh,情景Lemesh二键屏显开关Ultra,lemesh.switch.sw2f19,lemesh.switch.sw2f19.png,
插座开关,Lemesh,情景Lemesh四键屏显开关Pro,lemesh.switch.sw4f24,lemesh.switch.sw4f24.png,
插座开关,Lemesh,情景Lemesh四键屏显开关Ultra,lemesh.switch.sw4f15,lemesh.switch.sw4f15.png,
插座开关,LineHope,LineHope智能墙壁开关H1（零火三键版）,line.switch.h13,line.switch.h13.png,
插座开关,LineHope,LineHope智能墙壁开关H1（零火单键版）,line.switch.h11,line.switch.h11.png,
插座开关,LineHope,LineHope智能墙壁开关H1（零火双键版）,line.switch.h12,line.switch.h12.png,
插座开关,LineHope,LineHope智能墙壁开关H4（零火三键版）,line.switch.kgh43,line.switch.kgh43.png,
插座开关,LineHope,LineHope智能墙壁开关H4（零火单键版）,line.switch.kgh41,line.switch.kgh41.png,
插座开关,LineHope,LineHope智能墙壁开关H4（零火双键版）,line.switch.kgh42,line.switch.kgh42.png,
插座开关,LineHope,LineHope智能墙壁开关H4（零火四键版）,line.switch.kgh44,line.switch.kgh44.png,
插座开关,LineHope,LineHope智能墙壁开关H8 三键,line.switch.kgh83,line.switch.kgh83.png,
插座开关,LineHope,LineHope智能墙壁开关H8 单键,line.switch.kgh81,line.switch.kgh81.png,
插座开关,LineHope,LineHope智能墙壁开关H8 双键,line.switch.kgh82,line.switch.kgh82.png,
插座开关,LineHope,LineHope智能墙壁开关K1（零火三键版）,line.switch.kgk13,line.switch.kgk13.png,
插座开关,LineHope,LineHope智能墙壁开关K1（零火单键版）,line.switch.kgk1,line.switch.kgk1.png,
插座开关,LineHope,LineHope智能墙壁开关K1（零火双键版）,line.switch.kgk12,line.switch.kgk12.png,
插座开关,LineHope,LineHope智能屏显开关E8 三键,line.switch.pkge83,line.switch.pkge83.png,
插座开关,LineHope,LineHope智能屏显开关E8 单键,line.switch.pkge81,line.switch.pkge81.png,
插座开关,LineHope,LineHope智能屏显开关E8 双键,line.switch.pkge82,line.switch.pkge82.png,
插座开关,LineHope,LineHope智能屏显开关E8 四键,line.switch.pxkge8,line.switch.pxkge8.png,
插座开关,LineHope,LineHope智能无线旋钮开关E6,line.remote.fxnkg,line.remote.fxnkg.png,
插座开关,MAIHUI,MAIHUI 一开智能开关2.0,ppe.switch.sw1a01,ppe.switch.sw1a01.png,
插座开关,MAIHUI,MAIHUI 三开智能开关2.0,ppe.switch.sw3a01,ppe.switch.sw3a01.png,
插座开关,MAIHUI,MAIHUI 二开智能开关2.0,ppe.switch.sw2a01,ppe.switch.sw2a01.png,
插座开关,MAIHUI,MAIHUI 四开智能开关2.0,ppe.switch.sw4a01,ppe.switch.sw4a01.png,
插座开关,MAIHUI,MAIHUI一开智能开关2.0,ppe.switch.bdh1,ppe.switch.bdh1.png,
插座开关,MAIHUI,MAIHUI三开智能开关2.0,ppe.switch.bdh3,ppe.switch.bdh3.png,
插座开关,MAIHUI,MAIHUI二开智能开关2.0,ppe.switch.bdh2,ppe.switch.bdh2.png,
插座开关,MAIHUI,MAIHUI四开智能开关2.0,ppe.switch.bdh4,ppe.switch.bdh4.png,
插座开关,MAIHUI,MAIHUI智能插卡取电器2.0,ppe.cs.swk01,ppe.cs.swk01.png,
插座开关,MCOLOR,MCOLOR 智能开关全面屏,mcolor.switch.sw3a03,mcolor.switch.sw3a03.png,
插座开关,MCOLOR,MCOLOR智能开关 智灵一键,mcolor.switch.sw1b01,mcolor.switch.sw1b01.png,
插座开关,MCOLOR,MCOLOR智能开关 智灵三键,mcolor.switch.sw3b01,mcolor.switch.sw3b01.png,
插座开关,MCOLOR,MCOLOR智能开关 智灵二键,mcolor.switch.sw2b01,mcolor.switch.sw2b01.png,
插座开关,MCOLOR,MCOLOR智能开关 智灵四键,mcolor.switch.sw4b01,mcolor.switch.sw4b01.png,
插座开关,MCOLOR,MCOLOR智能开关 零火三键,mcolor.switch.sw3a01,mcolor.switch.sw3a01.png,
插座开关,MCOLOR,MCOLOR智能开关 零火八键,mcolor.switch.sw8a02,mcolor.switch.sw8a02.png,
插座开关,MCOLOR,MCOLOR智能开关 零火单键,mcolor.switch.sw1a01,mcolor.switch.sw1a01.png,
插座开关,MCOLOR,MCOLOR智能开关 零火双键,mcolor.switch.sw2a01,mcolor.switch.sw2a01.png,
插座开关,MCOLOR,MCOLOR智能开关 零火四键,mcolor.switch.sw4a01,mcolor.switch.sw4a01.png,
插座开关,MLIANJIA,MLIANJIA智慧Ai一键屏显开关,mlianj.switch.bln31,mlianj.switch.bln31.png,
插座开关,MLIANJIA,MLIANJIA智慧Ai三键屏显开关,mlianj.switch.bln33,mlianj.switch.bln33.png,
插座开关,MLIANJIA,MLIANJIA智慧Ai二键屏显开关,mlianj.switch.bln32,mlianj.switch.bln32.png,
插座开关,MLIANJIA,MLIANJIA智慧Ai六键屏显开关,mlianj.switch.bln36,mlianj.switch.bln36.png,
插座开关,MLIANJIA,MLIANJIA智慧Ai四键屏显开关,mlianj.switch.bln34,mlianj.switch.bln34.png,
插座开关,MLIANJIA,MLIANJIA智慧Ai屏幕开关,mlianj.switch.bpx3,mlianj.switch.bpx3.png,
插座开关,Melion,美莱恩调光开关,melion.switch.bm6a1,melion.switch.bm6a1.png,
插座开关,Mexin美心,美心智能一键开关,mexin.switch.bldup1,mexin.switch.bldup1.png,
插座开关,Mexin美心,美心智能三键开关,mexin.switch.bldup3,mexin.switch.bldup3.png,
插座开关,Mexin美心,美心智能二键开关,mexin.switch.bldup2,mexin.switch.bldup2.png,
插座开关,Mexin美心,美心智能四键开关,mexin.switch.bldup4,mexin.switch.bldup4.png,
插座开关,MyPile,MyPile智能壁挂充电支架,mypile.switch.sw5a01,mypile.switch.sw5a01.png,
插座开关,NCOMR,列科玛一位智能开关（零火版）,lzmesh.switch.bln31,lzmesh.switch.bln31.png,
插座开关,NCOMR,列科玛三位智能开关（零火版）,lzmesh.switch.bln33,lzmesh.switch.bln33.png,
插座开关,NCOMR,列科玛二位智能开关（零火版）,lzmesh.switch.bln32,lzmesh.switch.bln32.png,
插座开关,NCOMR,列科玛四位智能开关（零火版）,lzmesh.switch.bln34,lzmesh.switch.bln34.png,
插座开关,NIOT,NIOT 智能（计量）转换插座,axzn.plug.s3,axzn.plug.s3.png,
插座开关,NVC 雷士电工,NVC 雷士电工墙壁开关 Ni2（零火MESH三键）,zhzt.switch.ni2a32,zhzt.switch.ni2a32.png,
插座开关,NVC 雷士电工,NVC雷士 单火智能开关 Ni（一位）,zhzt.switch.nia11,zhzt.switch.nia11.png,
插座开关,NVC 雷士电工,NVC雷士 单火智能开关 Ni（三位）,zhzt.switch.nia31,zhzt.switch.nia31.png,
插座开关,NVC 雷士电工,NVC雷士 单火智能开关 Ni（二位）,zhzt.switch.nia21,zhzt.switch.nia21.png,
插座开关,NVC 雷士电工,NVC雷士电工 一位零火智能开关 N26,zhzt.switch.sw1c02,zhzt.switch.sw1c02.png,
插座开关,NVC 雷士电工,NVC雷士电工 一位零火智能开关BLE-Mesh,zhzt.switch.sw1d03,zhzt.switch.sw1d03.png,
插座开关,NVC 雷士电工,NVC雷士电工 三位零火智能开关 N26,zhzt.switch.sw3c02,zhzt.switch.sw3c02.png,
插座开关,NVC 雷士电工,NVC雷士电工 三位零火智能开关BLE-Mesh,zhzt.switch.sw3d03,zhzt.switch.sw3d03.png,
插座开关,NVC 雷士电工,NVC雷士电工 二位零火智能开关 N26,zhzt.switch.sw2c02,zhzt.switch.sw2c02.png,
插座开关,NVC 雷士电工,NVC雷士电工 二位零火智能开关BLE-Mesh,zhzt.switch.sw2d03,zhzt.switch.sw2d03.png,
插座开关,NVC 雷士电工,NVC雷士电工 四位3路带屏蓝牙复合开关 Q22,zhzt.switch.sw4a01,zhzt.switch.sw4a01.png,
插座开关,NVC 雷士电工,NVC雷士电工 墙壁开关 Ni2（零火MESH单键）,zhzt.switch.ni2a11,zhzt.switch.ni2a11.png,
插座开关,NVC 雷士电工,NVC雷士电工 墙壁开关 Ni2（零火MESH双键）,zhzt.switch.ni2a21,zhzt.switch.ni2a21.png,
插座开关,NVC 雷士电工,NVC雷士电工一位蓝牙复合开关 Q22,zhzt.switch.sw1a01,zhzt.switch.sw1a01.png,
插座开关,NVC 雷士电工,NVC雷士电工三位蓝牙复合开关 Q22,zhzt.switch.sw3a01,zhzt.switch.sw3a01.png,
插座开关,NVC 雷士电工,NVC雷士电工二位蓝牙复合开关 Q22,zhzt.switch.sw2a01,zhzt.switch.sw2a01.png,
插座开关,NVC 雷士电工,NVC雷士电工四位零火智能开关BLE-Mesh,zhzt.switch.sw6a01,zhzt.switch.sw6a01.png,
插座开关,NVC 雷士电工,雷士墙壁开关MESH（零火 三键）,zhzt.switch.ni2a31,zhzt.switch.ni2a31.png,
插座开关,NVC 雷士电工,雷士电工一位蓝牙复合开关Q19,zhzt.switch.sw1b01,zhzt.switch.sw1b01.png,
插座开关,NVC 雷士电工,雷士电工三位蓝牙复合开关Q19,zhzt.switch.sw3b01,zhzt.switch.sw3b01.png,
插座开关,NVC 雷士电工,雷士电工二位蓝牙复合开关Q19,zhzt.switch.sw2b01,zhzt.switch.sw2b01.png,
插座开关,NVC 雷士电工,雷士电工四位蓝牙复合开关Q19,zhzt.switch.sw4b01,zhzt.switch.sw4b01.png,
插座开关,OGeLen,欧格朗智能一键开关,ogl.switch.sw1a01,ogl.switch.sw1a01.png,
插座开关,OGeLen,欧格朗智能三键开关,ogl.switch.sw3a01,ogl.switch.sw3a01.png,
插座开关,OGeLen,欧格朗智能二键开关,ogl.switch.sw2a01,ogl.switch.sw2a01.png,
插座开关,OGeLen,欧格朗智能四键开关,ogl.switch.sw4a01,ogl.switch.sw4a01.png,
插座开关,OKOK,OKOK四路屏显智能开关,okdz.switch.sw4a01,okdz.switch.sw4a01.png,
插座开关,OML,OML一键智能复合面板,oml.switch.sw1a01,oml.switch.sw1a01.png,
插座开关,OML,OML三键智能复合面板,oml.switch.sw3a01,oml.switch.sw3a01.png,
插座开关,OML,OML二键智能复合面板,oml.switch.sw2a01,oml.switch.sw2a01.png,
插座开关,OML,OML四键智能复合面板,oml.switch.sw4a01,oml.switch.sw4a01.png,
插座开关,OML,欧曼智能复合开关K8（一键）,oml.switch.sw1c01,oml.switch.sw1c01.png,
插座开关,OML,欧曼智能复合开关K8（三键）,oml.switch.sw3c01,oml.switch.sw3c01.png,
插座开关,OML,欧曼智能复合开关K8（二键）,oml.switch.sw2c01,oml.switch.sw2c01.png,
插座开关,OML,欧曼智能屏显开关MK90(一键),oml.switch.sxpx01,oml.switch.sxpx01.png,
插座开关,OML,欧曼智能屏显开关MK90(三键),oml.switch.sxpx03,oml.switch.sxpx03.png,
插座开关,OML,欧曼智能屏显开关MK90(二键),oml.switch.sxpx02,oml.switch.sxpx02.png,
插座开关,OML,欧曼智能无线旋钮遥控开关,oml.remote.sw1b01,oml.remote.sw1b01.png,
插座开关,OSTEEN,OSTEEN智能开关（三键Mesh版）,osteen.switch.sw3a01,osteen.switch.sw3a01.png,
插座开关,OSTEEN,OSTEEN智能开关（单键Mesh版）,osteen.switch.sw1a01,osteen.switch.sw1a01.png,
插座开关,OSTEEN,OSTEEN智能开关（双键Mesh版）,osteen.switch.sw2a01,osteen.switch.sw2a01.png,
插座开关,OSTEEN,OSTEEN智能开关（四键Mesh版）,osteen.switch.sw4a01,osteen.switch.sw4a01.png,
插座开关,OUXIM,OUXIM一键智能开关Ultra,ouxim.switch.sw1a02,ouxim.switch.sw1a02.png,
插座开关,OUXIM,OUXIM三键智能开关Ultra,ouxim.switch.sw3a02,ouxim.switch.sw3a02.png,
插座开关,OUXIM,OUXIM二键智能开关Ultra,ouxim.switch.sw2a02,ouxim.switch.sw2a02.png,
插座开关,OUXIM,OUXIM四键屏显开关Ultra,ouxim.switch.sw4a03,ouxim.switch.sw4a03.png,
插座开关,OUXIM,OUXIM四键智能开关Ultra,ouxim.switch.sw4a02,ouxim.switch.sw4a02.png,
插座开关,OUXIM,OUXIM智能一键屏显开关,ouxim.switch.px1,ouxim.switch.px1.png,
插座开关,OUXIM,OUXIM智能一键开关,ouxim.switch.oxmkg1,ouxim.switch.oxmkg1.png,
插座开关,OUXIM,OUXIM智能三键屏显开关,ouxim.switch.px3,ouxim.switch.px3.png,
插座开关,OUXIM,OUXIM智能三键开关,ouxim.switch.oxmkg3,ouxim.switch.oxmkg3.png,
插座开关,OUXIM,OUXIM智能二键屏显开关,ouxim.switch.px2,ouxim.switch.px2.png,
插座开关,OUXIM,OUXIM智能二键开关,ouxim.switch.oxmkg2,ouxim.switch.oxmkg2.png,
插座开关,OUXIM,OUXIM智能四键开关,ouxim.switch.oxmkg4,ouxim.switch.oxmkg4.png,
插座开关,PIDPRO,PD智能插座(WiFi),wfxx.plug.pdczwf,wfxx.plug.pdczwf.png,
插座开关,PNTU,PNTU国际电工智能轨道插座,jyds.plug.pc01,jyds.plug.pc01.png,
插座开关,PTX,AE智能开关(MESH) 四开,090615.switch.aikw4,090615.switch.aikw4.png,
插座开关,PTX,AI智能单火开关(MESH) 一开,090615.switch.aidh1,090615.switch.aidh1.png,
插座开关,PTX,AI智能单火开关(MESH) 三开,090615.switch.aidh3,090615.switch.aidh3.png,
插座开关,PTX,AI智能单火开关(MESH) 二开,090615.switch.aidh2,090615.switch.aidh2.png,
插座开关,PTX,AK 无线开关三键(PTX),090615.remote.akswr3,090615.remote.akswr3.png,
插座开关,PTX,AK 无线开关单键(PTX),090615.remote.akswr1,090615.remote.akswr1.png,
插座开关,PTX,AK 无线开关双键(PTX),090615.remote.akswr2,090615.remote.akswr2.png,
插座开关,PTX,AK智能屏幕开关,090615.switch.akstft,090615.switch.akstft.png,
插座开关,PTX,AK智能开关(PTX) 一键,090615.switch.akkw1,090615.switch.akkw1.png,
插座开关,PTX,AK智能开关(PTX) 三键,090615.switch.aksk3,090615.switch.aksk3.png,
插座开关,PTX,AK智能开关(PTX) 二键,090615.switch.akkw2,090615.switch.akkw2.png,
插座开关,PTX,K1高清中控屏开关 (PTX),090615.switch.x6tppr,090615.switch.x6tppr.png,
插座开关,PTX,PTX 86电量版插座(WIFI),090615.plug.cmp86,090615.plug.cmp86.png,
插座开关,PTX,PTX 六键无线开关,090615.remote.yk6sw,090615.remote.yk6sw.png,
插座开关,PTX,PTX 双模智能三键开关(WIFI),090615.switch.cmb03,090615.switch.cmb03.png,
插座开关,PTX,PTX 双模智能单键开关(WIFI),090615.switch.cmb01,090615.switch.cmb01.png,
插座开关,PTX,PTX 双模智能双键开关(WIFI),090615.switch.cmb02,090615.switch.cmb02.png,
插座开关,PTX,PTX 双模触摸三键开关(WIFI),090615.switch.cmb23,090615.switch.cmb23.png,
插座开关,PTX,PTX 双模触摸单键开关(WIFI),090615.switch.cmb21,090615.switch.cmb21.png,
插座开关,PTX,PTX 双模触摸双键开关(WIFI),090615.switch.cmb22,090615.switch.cmb22.png,
插座开关,PTX,PTX 无线开关（蓝牙版）,090615.remote.btsw1,090615.remote.btsw1.png,
插座开关,PTX,PTX 无线情景旋钮开关,090615.remote.x6xnsw,090615.remote.x6xnsw.png,
插座开关,PTX,PTX 智能六键开关,090615.switch.sk6k,090615.switch.sk6k.png,
插座开关,PTX,PTX 智能四键开关,090615.switch.sk4k,090615.switch.sk4k.png,
插座开关,PTX,PTX 智能四键开关(X6),090615.switch.x6kw4,090615.switch.x6kw4.png,
插座开关,PTX,PTX 智能插卡取电开关(MESH),090615.switch.qksw01,090615.switch.qksw01.png,
插座开关,PTX,PTX 智能触摸开关一开(MESH),090615.switch.ptxtc1,090615.switch.ptxtc1.png,
插座开关,PTX,PTX 智能触摸开关三开(MESH),090615.switch.ptxtc3,090615.switch.ptxtc3.png,
插座开关,PTX,PTX 智能触摸开关二开(MESH),090615.switch.ptxtc2,090615.switch.ptxtc2.png,
插座开关,PTX,PTX 超薄美学开关 三键,090615.switch.akpro3,090615.switch.akpro3.png,
插座开关,PTX,PTX 超薄美学开关 单键,090615.switch.akpro1,090615.switch.akpro1.png,
插座开关,PTX,PTX 超薄美学开关 双键,090615.switch.akpro2,090615.switch.akpro2.png,
插座开关,PTX,PTX一键开关(WIFI),090615.switch.xswitch01,090615.switch.xswitch01.png,
插座开关,PTX,PTX一键智能开关（Mesh）,090615.switch.mets1,090615.switch.mets1.png,
插座开关,PTX,PTX三键开关(WIFI),090615.switch.xswitch03,090615.switch.xswitch03.png,
插座开关,PTX,PTX三键智能开关（Mesh）,090615.switch.mets3,090615.switch.mets3.png,
插座开关,PTX,PTX二键开关(WIFI),090615.switch.xswitch02,090615.switch.xswitch02.png,
插座开关,PTX,PTX二键智能开关（Mesh）,090615.switch.mets2,090615.switch.mets2.png,
插座开关,PTX,PTX单火按键开关一键(MESH),090615.switch.meshk1,090615.switch.meshk1.png,
插座开关,PTX,PTX单火按键开关三键(MESH),090615.switch.meshk3,090615.switch.meshk3.png,
插座开关,PTX,PTX单火按键开关二键(MESH),090615.switch.meshk2,090615.switch.meshk2.png,
插座开关,PTX,PTX单火触摸开关一键(MESH),090615.switch.mesh01,090615.switch.mesh01.png,
插座开关,PTX,PTX单火触摸开关三键(MESH),090615.switch.mesh03,090615.switch.mesh03.png,
插座开关,PTX,PTX单火触摸开关二键(MESH),090615.switch.mesh02,090615.switch.mesh02.png,
插座开关,PTX,PTX单路蓝牙智能开关模块(Mesh),090615.switch.mhrsw1,090615.switch.mhrsw1.png,
插座开关,PTX,PTX双路蓝牙智能开关模块(Mesh),090615.switch.mhrsw2,090615.switch.mhrsw2.png,
插座开关,PTX,PTX多功能无线开关(MESH),090615.remote.mlsw0a,090615.remote.mlsw0a.png,
插座开关,PTX,PTX插卡取电开关(WIFI),090615.switch.qksw32,090615.switch.qksw32.png,
插座开关,PTX,PTX智能一键开关 (X6),090615.switch.x6kw1,090615.switch.x6kw1.png,
插座开关,PTX,PTX智能三键开关 (X6),090615.switch.x6kw3,090615.switch.x6kw3.png,
插座开关,PTX,PTX智能二键开关 (X6),090615.switch.x6kw2,090615.switch.x6kw2.png,
插座开关,PTX,PTX蓝牙Mesh智能开关 一开,090615.switch.mesw1,090615.switch.mesw1.png,
插座开关,PTX,PTX蓝牙Mesh智能开关 三开,090615.switch.mesw3,090615.switch.mesw3.png,
插座开关,PTX,PTX蓝牙Mesh智能开关 二开,090615.switch.mesw2,090615.switch.mesw2.png,
插座开关,PTX,X6智能中控屏开关 (WIFI),090615.switch.x6wtft,090615.switch.x6wtft.png,
插座开关,PTX,X6智能四情景开关(PTX）,090615.remote.x6s4q,090615.remote.x6s4q.png,
插座开关,PTX,X6智能旋钮屏开关(PTX),090615.switch.x6ntft,090615.switch.x6ntft.png,
插座开关,PTX,X7 三键智能开关 (PTX),090615.switch.x7sw3,090615.switch.x7sw3.png,
插座开关,PTX,X7 双键智能开关 (PTX),090615.switch.x7sw2,090615.switch.x7sw2.png,
插座开关,PTX,X7 四键智能开关 (PTX),090615.switch.x7sw4,090615.switch.x7sw4.png,
插座开关,PTX,平头熊 X1 调光情景旋钮开关,090615.remote.desksw,090615.remote.desksw.png,
插座开关,PTX,平头熊 超薄显示屏开关三开 Mesh2.0,090615.switch.akult3,090615.switch.akult3.png,
插座开关,PTX,平头熊K1 Pro超薄中控屏开关,090615.switch.ptxpro,090615.switch.ptxpro.png,
插座开关,PTX,平头熊超薄中控屏开关 Mesh2.0,090615.switch.x1tpm,090615.switch.x1tpm.png,
插座开关,PTX,平头熊超薄显示屏开关单开 Mesh2.0,090615.switch.akult1,090615.switch.akult1.png,
插座开关,PTX,平头熊超薄显示屏开关双开 Mesh2.0,090615.switch.akult2,090615.switch.akult2.png,
插座开关,PTX,平头熊超薄美学开关三键 Mesh2.0,090615.switch.akps3,090615.switch.akps3.png,
插座开关,PTX,平头熊超薄美学开关单键 Mesh2.0,090615.switch.akps1,090615.switch.akps1.png,
插座开关,PTX,平头熊超薄美学开关双键 Mesh2.0,090615.switch.akps2,090615.switch.akps2.png,
插座开关,PTX,平头熊超薄美学开关四键 Mesh2.0,090615.switch.akpro4,090615.switch.akpro4.png,
插座开关,PTX,旋钮智能开关,090615.switch.tftcmb,090615.switch.tftcmb.png,
插座开关,PTX,智能单火开关(MESH) 一开,090615.switch.09dh1,090615.switch.09dh1.png,
插座开关,PTX,智能单火开关(MESH) 三开,090615.switch.09dh3,090615.switch.09dh3.png,
插座开关,PTX,智能单火开关(MESH) 二开,090615.switch.09dh2,090615.switch.09dh2.png,
插座开关,PTX,智能屏幕开关(PTX),090615.switch.x1tp,090615.switch.x1tp.png,
插座开关,PTX,立德云数4寸中控屏开关,090615.switch.ldys4,090615.switch.ldys4.png,
插座开关,QEEX,QEEX智能通断器,trzn.switch.zntdq,trzn.switch.zntdq.png,
插座开关,RWRW,RWRW 一键智能开关2.0,lyzndq.switch.sw1a01,lyzndq.switch.sw1a01.png,
插座开关,RWRW,RWRW 三键智能开关2.0,lyzndq.switch.sw3a01,lyzndq.switch.sw3a01.png,
插座开关,RWRW,RWRW 二键智能开关2.0,lyzndq.switch.sw2a01,lyzndq.switch.sw2a01.png,
插座开关,RWRW,RWRW 四键智能屏显开关2.0,lyzndq.switch.sw4a02,lyzndq.switch.sw4a02.png,
插座开关,RWRW,RWRW 四键智能开关2.0,lyzndq.switch.sw4a01,lyzndq.switch.sw4a01.png,
插座开关,RWRW,RWRW 高低压双路开关2.0,lyzndq.switch.sw2a02,lyzndq.switch.sw2a02.png,
插座开关,SANCORY,晟科瑞情景智能灯控开关V1,san.switch.sw1a01,san.switch.sw1a01.png,
插座开关,SANCORY,晟科瑞情景智能灯控开关V2,san.switch.sw2a01,san.switch.sw2a01.png,
插座开关,SANCORY,晟科瑞情景智能灯控开关V3,san.switch.sw3a01,san.switch.sw3a01.png,
插座开关,SANCORY,晟科瑞情景智能灯控开关V4,san.switch.sw4a01,san.switch.sw4a01.png,
插座开关,SASELAN,SASELAN情景智能开关一开,abhome.switch.sw1a01,abhome.switch.sw1a01.png,
插座开关,SASELAN,SASELAN情景智能开关三开,abhome.switch.sw3a01,abhome.switch.sw3a01.png,
插座开关,SASELAN,SASELAN情景智能开关二开,abhome.switch.sw2a01,abhome.switch.sw2a01.png,
插座开关,SASELAN,SASELAN情景智能开关四开,abhome.switch.sw4a01,abhome.switch.sw4a01.png,
插座开关,SHARE,Share蓝牙Mesh2.0超薄 三键开关,sh1966.switch.sw3a01,sh1966.switch.sw3a01.png,
插座开关,SHARE,Share蓝牙Mesh2.0超薄 二键开关,sh1966.switch.sw2a01,sh1966.switch.sw2a01.png,
插座开关,SHARE,Share蓝牙Mesh2.0超薄 单键开关,sh1966.switch.sw1a01,sh1966.switch.sw1a01.png,
插座开关,SHARE,Share蓝牙Mesh2.0超薄AG玻璃 三键开关,sh1966.switch.sw3b01,sh1966.switch.sw3b01.png,
插座开关,SHARE,Share蓝牙Mesh2.0超薄AG玻璃 二键开关,sh1966.switch.sw2b01,sh1966.switch.sw2b01.png,
插座开关,SHARE,Share蓝牙Mesh2.0超薄AG玻璃 单键开关,sh1966.switch.sw1b01,sh1966.switch.sw1b01.png,
插座开关,SHARE,Share蓝牙Mesh2.0超薄AG玻璃 四键带屏开关,sh1966.switch.sw4b01,sh1966.switch.sw4b01.png,
插座开关,SHIDUN,SHIDUN-Q4L智能一位零火开关,shidun.switch.sw1a01,shidun.switch.sw1a01.png,
插座开关,SHIDUN,SHIDUN-Q4L智能三位零火开关,shidun.switch.sw3a01,shidun.switch.sw3a01.png,
插座开关,SHIDUN,SHIDUN-Q4L智能二位零火开关,shidun.switch.sw2a01,shidun.switch.sw2a01.png,
插座开关,SHIDUN,SHIDUN-Q4L智能四位零火开关,shidun.switch.sw4a01,shidun.switch.sw4a01.png,
插座开关,SOCHUANG,SoChuang智能开关Ultra(三键),scdvb.switch.sw3,scdvb.switch.sw3.png,
插座开关,SONGLINK,松联诚全面屏多功能开关,zzslc.switch.slw20,zzslc.switch.slw20.png,
插座开关,SONGLINK,松联诚圆屏多功能开关,zzslc.switch.slw19,zzslc.switch.slw19.png,
插座开关,SONGLINK,松联诚屏显开关S7一开,zzslc.switch.slw16,zzslc.switch.slw16.png,
插座开关,SONGLINK,松联诚屏显开关S7三开,zzslc.switch.slw17,zzslc.switch.slw17.png,
插座开关,SONGLINK,松联诚屏显开关S7二开,zzslc.switch.slw06,zzslc.switch.slw06.png,
插座开关,SONGLINK,松联诚屏显开关S7四开,zzslc.switch.slw18,zzslc.switch.slw18.png,
插座开关,SONGLINK,松联诚超薄开关S5一开,zzslc.switch.slw12,zzslc.switch.slw12.png,
插座开关,SONGLINK,松联诚超薄开关S5三开,zzslc.switch.slw14,zzslc.switch.slw14.png,
插座开关,SONGLINK,松联诚超薄开关S5二开,zzslc.switch.slw13,zzslc.switch.slw13.png,
插座开关,SONGLINK,松联诚超薄开关S5四开,zzslc.switch.slw15,zzslc.switch.slw15.png,
插座开关,SWANHOME,SWAN HOME一键智能开关,zksq.switch.sw1a01,zksq.switch.sw1a01.png,
插座开关,SWANHOME,SWAN HOME三键智能开关,zksq.switch.sw3a01,zksq.switch.sw3a01.png,
插座开关,SWANHOME,SWAN HOME二键智能开关,zksq.switch.sw2a01,zksq.switch.sw2a01.png,
插座开关,SWANHOME,SWAN HOME四键智能带屏开关,zksq.switch.sw4a02,zksq.switch.sw4a02.png,
插座开关,SWANHOME,SWAN HOME四键智能开关,zksq.switch.sw4a01,zksq.switch.sw4a01.png,
插座开关,SWANHOME,SWAN HOME智能开关一键B1Pro,zksq.switch.sw1b01,zksq.switch.sw1b01.png,
插座开关,SWANHOME,SWAN HOME智能开关三键B1Pro,zksq.switch.sw3b01,zksq.switch.sw3b01.png,
插座开关,SWANHOME,SWAN HOME智能开关二键B1Pro,zksq.switch.sw2b01,zksq.switch.sw2b01.png,
插座开关,Seity,西铁照明四键屏显开关Ultra,seity.switch.sw4b01,seity.switch.sw4b01.png,
插座开关,Seity,西铁照明智能一键开关mesh,seity.switch.sw1a01,seity.switch.sw1a01.png,
插座开关,Seity,西铁照明智能三键开关mesh,seity.switch.sw3a01,seity.switch.sw3a01.png,
插座开关,Seity,西铁照明智能二键开关mesh,seity.switch.sw2a01,seity.switch.sw2a01.png,
插座开关,Seity,西铁照明智能四键开关mesh,seity.switch.sw4a01,seity.switch.sw4a01.png,
插座开关,SmartJoy,SmartJoy智享墙壁开关（零火三键WiFi版）,smartj.switch.sjlh3e,smartj.switch.sjlh3e.png,
插座开关,SmartJoy,SmartJoy智享墙壁开关（零火单键WiFi版）,smartj.switch.sjlh1e,smartj.switch.sjlh1e.png,
插座开关,SmartJoy,SmartJoy智享墙壁开关（零火双键WiFi版）,smartj.switch.sjlh2e,smartj.switch.sjlh2e.png,
插座开关,SmartJoy,SmartJoy智简墙壁开关（零火三键WiFi版）,smartj.switch.sjlh03,smartj.switch.sjlh03.png,
插座开关,SmartJoy,SmartJoy智简墙壁开关（零火单键WiFi版）,smartj.switch.sjlh01,smartj.switch.sjlh01.png,
插座开关,SmartJoy,SmartJoy智简墙壁开关（零火双键WiFi版）,smartj.switch.sjlh02,smartj.switch.sjlh02.png,
插座开关,SmartJoy,SmartJoy智能墙壁插座（WiFi版）,smartj.plug.sjsc86,smartj.plug.sjsc86.png,
插座开关,SmartJoy,SmartJoy智臻墙壁开关（零火三键蓝牙Mesh版）,smartj.switch.sjlh3s,smartj.switch.sjlh3s.png,
插座开关,SmartJoy,SmartJoy智臻墙壁开关（零火单键蓝牙Mesh版）,smartj.switch.sjlh1s,smartj.switch.sjlh1s.png,
插座开关,SmartJoy,SmartJoy智臻墙壁开关（零火双键蓝牙Mesh版）,smartj.switch.sjlh2s,smartj.switch.sjlh2s.png,
插座开关,SmartJoy,SmartJoy智臻墙壁开关（零火四键蓝牙Mesh版）,smartj.switch.sjlh4s,smartj.switch.sjlh4s.png,
插座开关,SmartJoy,SmartJoy极智墙壁开关（八键情景蓝牙Mesh版）,smartj.switch.sjlh8p,smartj.switch.sjlh8p.png,
插座开关,SmartJoy,SmartJoy极智墙壁开关（零火三键蓝牙Mesh版）,smartj.switch.sjlh3p,smartj.switch.sjlh3p.png,
插座开关,SmartJoy,SmartJoy极智墙壁开关（零火单键蓝牙Mesh版）,smartj.switch.sjlh1p,smartj.switch.sjlh1p.png,
插座开关,SmartJoy,SmartJoy极智墙壁开关（零火双键蓝牙Mesh版）,smartj.switch.sjlh2p,smartj.switch.sjlh2p.png,
插座开关,SmartJoy,SmartJoy极智墙壁开关（零火四键蓝牙Mesh版）,smartj.switch.sjlh4p,smartj.switch.sjlh4p.png,
插座开关,TATACASA,TATACASA智能无线旋钮开关AI-001,line.remote.xnkg01,line.remote.xnkg01.png,
插座开关,TEP国际电工,TEP国际电工M8系列智能一键开关,722231.switch.sw1b01,722231.switch.sw1b01.png,
插座开关,TEP国际电工,TEP国际电工M8系列智能三键开关,722231.switch.sw3b01,722231.switch.sw3b01.png,
插座开关,TEP国际电工,TEP国际电工M8系列智能二键开关,722231.switch.sw2b01,722231.switch.sw2b01.png,
插座开关,TEP国际电工,TEP国际电工M8系列智能四键开关,722231.switch.sw4b01,722231.switch.sw4b01.png,
插座开关,TEP国际电工,TEP国际电工S7系列智能一键开关,722231.switch.sw1a01,722231.switch.sw1a01.png,
插座开关,TEP国际电工,TEP国际电工S7系列智能三键开关,722231.switch.sw3a01,722231.switch.sw3a01.png,
插座开关,TEP国际电工,TEP国际电工S7系列智能二键开关,722231.switch.sw2a01,722231.switch.sw2a01.png,
插座开关,TEP国际电工,TEP国际电工S7系列智能四键开关,722231.switch.sw4a01,722231.switch.sw4a01.png,
插座开关,TEP国际电工,TEP国际电工智能轨道插座,722231.plug.001,722231.plug.001.png,
插座开关,THO,THO特好智能墙壁开关（一开）,tho.switch.sw1b01,tho.switch.sw1b01.png,
插座开关,THO,THO特好智能墙壁开关（三开）,tho.switch.sw3b01,tho.switch.sw3b01.png,
插座开关,THO,THO特好智能墙壁开关（二开）,tho.switch.sw2b01,tho.switch.sw2b01.png,
插座开关,TUODI 拓迪,拓迪电计量通断器（WiFi）,tuodi.switch.tdwtdq,tuodi.switch.tdwtdq.png,
插座开关,ThoughtHome,Thoughthome G7款零火版WIFI一键开关,znsn.switch.zs1w,znsn.switch.zs1w.png,
插座开关,ThoughtHome,Thoughthome G7款零火版WIFI三键开关,znsn.switch.zs3w,znsn.switch.zs3w.png,
插座开关,ThoughtHome,Thoughthome G7款零火版WIFI二键开关,znsn.switch.zs2w,znsn.switch.zs2w.png,
插座开关,ThoughtHome,Thoughthome G7款零火版WIFI四键开关,znsn.switch.zs4w,znsn.switch.zs4w.png,
插座开关,ThoughtHome,Thoughthome单零火线G系列一开开关,znsn.switch.g701,znsn.switch.g701.png,
插座开关,ThoughtHome,Thoughthome单零火线G系列三开开关,znsn.switch.g703,znsn.switch.g703.png,
插座开关,ThoughtHome,Thoughthome单零火线G系列二开开关,znsn.switch.g702,znsn.switch.g702.png,
插座开关,ThoughtHome,Thoughthome单零火线G系列六开开关,znsn.switch.g706,znsn.switch.g706.png,
插座开关,ThoughtHome,Thoughthome单零火线G系列四开开关,znsn.switch.g704,znsn.switch.g704.png,
插座开关,ThoughtHome,Thoughthome插卡取电器,znsn.cs.ck01,znsn.cs.ck01.png,
插座开关,U-FAMILY,U-FAMILY Mesh通断器09,guixin.switch.sw0a01,guixin.switch.sw0a01.png,
插座开关,U-FAMILY,U-FAMILY WiFi通断器V9,guixin.switch.sw0a02,guixin.switch.sw0a02.png,
插座开关,UNEC,UNEC一位蓝牙复合开关,unec.switch.sw1a01,unec.switch.sw1a01.png,
插座开关,UNEC,UNEC三位蓝牙复合开关,unec.switch.sw3a01,unec.switch.sw3a01.png,
插座开关,UNEC,UNEC二位蓝牙复合开关,unec.switch.sw2a01,unec.switch.sw2a01.png,
插座开关,UNEC,UNEC四位3路带屏蓝牙复合开关,unec.switch.sw4a01,unec.switch.sw4a01.png,
插座开关,USP国际电工,USP国际电工通断器,zhiee.switch.tdq3,zhiee.switch.tdq3.png,
插座开关,USP国际电工,百将Mesh2.0通断器,zhiee.switch.tdq4,zhiee.switch.tdq4.png,
插座开关,UWIZE,UWIZE优智者一位单零火兼容开关,topwit.switch.yzw04,topwit.switch.yzw04.png,
插座开关,UWIZE,UWIZE优智者一位零火屏显开关,topwit.switch.rzw84,topwit.switch.rzw84.png,
插座开关,UWIZE,UWIZE优智者一位零火智能开关,topwit.switch.rzw81,topwit.switch.rzw81.png,
插座开关,UWIZE,UWIZE优智者三位单零火兼容开关,topwit.switch.yzw05,topwit.switch.yzw05.png,
插座开关,UWIZE,UWIZE优智者三位零火屏显开关,topwit.switch.rzw86,topwit.switch.rzw86.png,
插座开关,UWIZE,UWIZE优智者三位零火智能开关,topwit.switch.rzw83,topwit.switch.rzw83.png,
插座开关,UWIZE,UWIZE优智者二位单零火兼容开关,topwit.switch.rzw96,topwit.switch.rzw96.png,
插座开关,UWIZE,UWIZE优智者二位零火屏显开关,topwit.switch.rzw85,topwit.switch.rzw85.png,
插座开关,UWIZE,UWIZE优智者二位零火智能开关,topwit.switch.rzw82,topwit.switch.rzw82.png,
插座开关,UWIZE,UWIZE优智者全面屏智能面板开关2,topwit.switch.rzw72,topwit.switch.rzw72.png,
插座开关,UWIZE,UWIZE优智者六位场景复合开关,topwit.switch.rzw73,topwit.switch.rzw73.png,
插座开关,UWIZE,UWIZE优智者四位单零火兼容开关,topwit.switch.rzw98,topwit.switch.rzw98.png,
插座开关,UWIZE,UWIZE优智者四位零火屏显开关,topwit.switch.rzw87,topwit.switch.rzw87.png,
插座开关,UWIZE,UWIZE优智者四位零火智能开关,topwit.switch.yzw06,topwit.switch.yzw06.png,
插座开关,UWIZE,UWIZE优智者圆屏智能多功能面板,topwit.switch.rzw71,topwit.switch.rzw71.png,
插座开关,UWIZE,UWIZE优智者智能安全轨道插,topwit.plug.rzs01,topwit.plug.rzs01.png,
插座开关,UWIZE,UZ一位零火开关1,topwit.switch.rzw49,topwit.switch.rzw49.png,
插座开关,UWIZE,UZ三位零火开关1,topwit.switch.rzw51,topwit.switch.rzw51.png,
插座开关,UWIZE,UZ二位零火开关1,topwit.switch.rzw50,topwit.switch.rzw50.png,
插座开关,UWIZE优智者,UWIZE优智者四位单零火兼容智能开关,uwize.switch.yzw16,uwize.switch.yzw16.png,
插座开关,UWIZE优智者,UWIZE优智者四位零火智能开关Mesh2.0,uwize.switch.yzw15,uwize.switch.yzw15.png,
插座开关,UWIZE优智者,UWIZE优智者屏显免刻字一位零火智能开关,uwize.switch.yzw10,uwize.switch.yzw10.png,
插座开关,UWIZE优智者,UWIZE优智者屏显免刻字三位零火智能开关,uwize.switch.yzw12,uwize.switch.yzw12.png,
插座开关,UWIZE优智者,UWIZE优智者屏显免刻字二位零火智能开关,uwize.switch.yzw11,uwize.switch.yzw11.png,
插座开关,UWIZE优智者,UWIZE优智者屏显免刻字四位零火智能开关,uwize.switch.yzw13,uwize.switch.yzw13.png,
插座开关,UWIZE优智者,UWIZE优智者彩屏按键一位零火智能开关,uwize.switch.yzw08,uwize.switch.yzw08.png,
插座开关,UWIZE优智者,UWIZE优智者彩屏按键三位零火智能开关,uwize.switch.yzw06,uwize.switch.yzw06.png,
插座开关,UWIZE优智者,UWIZE优智者彩屏按键二位零火智能开关,uwize.switch.yzw07,uwize.switch.yzw07.png,
插座开关,UWIZE优智者,UWIZE优智者彩屏按键四位零火智能开关,uwize.switch.yzw09,uwize.switch.yzw09.png,
插座开关,UWIZE优智者,UWIZE优智者插卡取电器,uwize.cs.yzw16,uwize.cs.yzw16.png,
插座开关,UWIZE优智者,UWIZE优智者智能计量插座,uwize.plug.yzs01,uwize.plug.yzs01.png,
插座开关,UZB,鸿光科技一键智能开关Mesh2.0,hgkj.switch.kg1,hgkj.switch.kg1.png,
插座开关,UZB,鸿光科技三键智能开关Mesh2.0,hgkj.switch.kg3,hgkj.switch.kg3.png,
插座开关,UZB,鸿光科技二键智能开关Mesh2.0,hgkj.switch.kg2,hgkj.switch.kg2.png,
插座开关,UZB,鸿光科技四键智能开关Mesh2.0,hgkj.switch.kg4,hgkj.switch.kg4.png,
插座开关,VELBERT,VELBERT一位智能开关,zjaj.switch.sw1a01,zjaj.switch.sw1a01.png,
插座开关,VELBERT,VELBERT三位智能开关,zjaj.switch.sw3a01,zjaj.switch.sw3a01.png,
插座开关,VELBERT,VELBERT二位智能开关,zjaj.switch.sw2a01,zjaj.switch.sw2a01.png,
插座开关,VELBERT,VELBERT四位智能开关,zjaj.switch.sw4a01,zjaj.switch.sw4a01.png,
插座开关,WGSE,WGSE情景智慧屏开关,wgse.switch.sw3a03,wgse.switch.sw3a03.png,
插座开关,WGSE,WGSE智能屏显开关,wgse.switch.sw4a01,wgse.switch.sw4a01.png,
插座开关,WGSE,WGSE智能屏显开关1键,wgse.switch.sw1b01,wgse.switch.sw1b01.png,
插座开关,WGSE,WGSE智能屏显开关2键,wgse.switch.sw2b01,wgse.switch.sw2b01.png,
插座开关,WGSE,WGSE智能屏显开关3键,wgse.switch.sw3b01,wgse.switch.sw3b01.png,
插座开关,WGSE,WGSE智能开关1键,wgse.switch.sw1a01,wgse.switch.sw1a01.png,
插座开关,WGSE,WGSE智能开关2键,wgse.switch.sw2a01,wgse.switch.sw2a01.png,
插座开关,WGSE,WGSE智能开关3键,wgse.switch.sw3a01,wgse.switch.sw3a01.png,
插座开关,WGSE,WGSE智能开关4键,wgse.switch.sw4a02,wgse.switch.sw4a02.png,
插座开关,WGSE,WGSE智能彩屏开关1键,wgse.switch.sw1r01,wgse.switch.sw1r01.png,
插座开关,WGSE,WGSE智能彩屏开关2键,wgse.switch.sw2r01,wgse.switch.sw2r01.png,
插座开关,WGSE,WGSE智能彩屏开关3键,wgse.switch.sw3r01,wgse.switch.sw3r01.png,
插座开关,WGSE,WGSE智能彩屏开关4键,wgse.switch.sw4r01,wgse.switch.sw4r01.png,
插座开关,WOTIE沃铁,沃铁智能三键开关,090615.switch.wtmk03,090615.switch.wtmk03.png,
插座开关,WOTIE沃铁,沃铁智能中控屏开关 MP4 ultra,090615.switch.wtmp4,090615.switch.wtmp4.png,
插座开关,WOTIE沃铁,沃铁智能单键开关,090615.switch.wtmk01,090615.switch.wtmk01.png,
插座开关,WOTIE沃铁,沃铁智能双键开关,090615.switch.wtmk02,090615.switch.wtmk02.png,
插座开关,WOTIE沃铁,沃铁智能四键开关,drui.switch.wtmk4,drui.switch.wtmk4.png,
插座开关,XIHO,Wi-Fi智能通断器L1,lxzn.switch.cbcsmj,lxzn.switch.cbcsmj.png,
插座开关,XIUBO,秀柏照明智能开关一键,xiubo.switch.sw1a01,xiubo.switch.sw1a01.png,
插座开关,XIUBO,秀柏照明智能开关三键,xiubo.switch.sw3a01,xiubo.switch.sw3a01.png,
插座开关,XIUBO,秀柏照明智能开关二键,xiubo.switch.sw2a01,xiubo.switch.sw2a01.png,
插座开关,XIUBO,秀柏照明智能开关四键,xiubo.switch.sw4a01,xiubo.switch.sw4a01.png,
插座开关,XLTL,XLTL智能控制器,xiaol.plug.v9icm,xiaol.plug.v9icm.png,
插座开关,XPYU,星如雨智能开关（三键）,xry.switch.sw3b01,xry.switch.sw3b01.png,
插座开关,XPYU,星如雨智能开关（二键）,xry.switch.sw2b01,xry.switch.sw2b01.png,
插座开关,XPYU,星如雨智能开关（四键）,xry.switch.sw4b01,xry.switch.sw4b01.png,
插座开关,XRYU,星如雨智能开关（一键）,xry.switch.sw1b01,xry.switch.sw1b01.png,
插座开关,X·WAWA,小蛙智能一键开关,xwa.switch.bln01,xwa.switch.bln01.png,
插座开关,X·WAWA,小蛙智能三键开关,xwa.switch.bln03,xwa.switch.bln03.png,
插座开关,X·WAWA,小蛙智能二键开关,xwa.switch.bln02,xwa.switch.bln02.png,
插座开关,X·WAWA,小蛙智能四键开关,xwa.switch.bln04,xwa.switch.bln04.png,
插座开关,YETFIF,YETFIF智能通断器,cd168.switch.cdtdq,cd168.switch.cdtdq.png,
插座开关,YHOPE,YHOPE 二键1+1复合开关,yhope.switch.yhkg,yhope.switch.yhkg.png,
插座开关,YHOPE,YHOPE 八键4+4复合开关,yhope.switch.yhkg8,yhope.switch.yhkg8.png,
插座开关,YHOPE,YHOPE 八键无线开关,yhope.remote.yhwx1,yhope.remote.yhwx1.png,
插座开关,YHOPE,YHOPE 六键3+3复合开关,yhope.switch.yhkg3,yhope.switch.yhkg3.png,
插座开关,YHOPE,YHOPE 六键4+2复合开关,yhope.switch.yhkg6,yhope.switch.yhkg6.png,
插座开关,YHOPE,YHOPE 六键无线开关,yhope.remote.yhwx2,yhope.remote.yhwx2.png,
插座开关,YHOPE,YHOPE 四路复合开关,yhope.switch.yhkg4,yhope.switch.yhkg4.png,
插座开关,YHOPE,YHOPE 四键2+2复合开关,yhope.switch.yhkg2,yhope.switch.yhkg2.png,
插座开关,YKCN,Wi-Fi智能导轨式通断器YKCN,ykcn.switch.cbcsmj,ykcn.switch.cbcsmj.png,
插座开关,YKCN,YKCN智能剩余电流动作断路器,ykcn.relay.rdcbl,ykcn.relay.rdcbl.png,
插座开关,Yeelight,YEELIGHT凌动 智能中控屏开关,yeelink.switch.v3,yeelink.switch.v3.png,
插座开关,Yeelight,YEELIGHT凌动 智能开关（一键）,yeelink.switch.sw3,yeelink.switch.sw3.png,
插座开关,Yeelight,YEELIGHT凌动 智能开关（三键）,yeelink.switch.sw5,yeelink.switch.sw5.png,
插座开关,Yeelight,YEELIGHT凌动 智能开关（二键）,yeelink.switch.sw4,yeelink.switch.sw4.png,
插座开关,Yeelight,YEELIGHT凌动 智能开关（四键）,yeelink.switch.sw6,yeelink.switch.sw6.png,
插座开关,Yeelight,Yeelight K2智能开关(屏显四键),yeelink.switch.sw20,yeelink.switch.sw20.png,
插座开关,Yeelight,Yeelight Pro 八键控制面板,yeelink.remote.yrm02,yeelink.remote.yrm02.png,
插座开关,Yeelight,Yeelight Pro 六键控制面板,yeelink.remote.yrm04,yeelink.remote.yrm04.png,
插座开关,Yeelight,Yeelight Pro 双路通断器,yeelink.switch.ysw05,yeelink.switch.ysw05.png,
插座开关,Yeelight,Yeelight Pro 四键控制面板,yeelink.remote.yrm03,yeelink.remote.yrm03.png,
插座开关,Yeelight,Yeelight Pro 旋钮遥控器,yeelink.remote.yrm05,yeelink.remote.yrm05.png,
插座开关,Yeelight,Yeelight Pro 智能开关（三键）,yeelink.switch.ysw03,yeelink.switch.ysw03.png,
插座开关,Yeelight,Yeelight Pro 智能开关（单键）,yeelink.switch.ysw01,yeelink.switch.ysw01.png,
插座开关,Yeelight,Yeelight Pro 智能开关（双键）,yeelink.switch.ysw02,yeelink.switch.ysw02.png,
插座开关,Yeelight,Yeelight S21 全面屏开关,yeelink.controller.v2,yeelink.controller.v2.png,
插座开关,Yeelight,Yeelight T1智能开关(屏显四键),yeelink.switch.sw19,yeelink.switch.sw19.png,
插座开关,Yeelight,Yeelight T1系列智能轨道插座,yeelink.plug.plug1,yeelink.plug.plug1.png,
插座开关,Yeelight,Yeelight Z2智能开关(屏显四键),yeelink.switch.sw16,yeelink.switch.sw16.png,
插座开关,Yeelight,Yeelight 双路控制模块,yeelink.switch.sw1,yeelink.switch.sw1.png,
插座开关,Yeelight,Yeelight 情景开关（六键）,yeelink.remote.yrm06,yeelink.remote.yrm06.png,
插座开关,Yeelight,Yeelight 情景开关（无线四键）,yeelink.remote.swd5,yeelink.remote.swd5.png,
插座开关,Yeelight,Yeelight 无线开关S1,yeelink.remote.remote,yeelink.remote.remote.png,
插座开关,Yeelight,Yeelight 智能开关Pro (三键),yeelink.switch.z1pro3,yeelink.switch.z1pro3.png,
插座开关,Yeelight,Yeelight 智能开关Pro (单键),yeelink.switch.z1pro1,yeelink.switch.z1pro1.png,
插座开关,Yeelight,Yeelight 智能开关Pro (双键),yeelink.switch.z1pro2,yeelink.switch.z1pro2.png,
插座开关,Yeelight,Yeelight 智能开关Pro (四键),yeelink.switch.z1pro4,yeelink.switch.z1pro4.png,
插座开关,Yeelight,Yeelight 智能开关（一开）,yeelink.switch.sw11,yeelink.switch.sw11.png,
插座开关,Yeelight,Yeelight 智能开关（三开）,yeelink.switch.sw13,yeelink.switch.sw13.png,
插座开关,Yeelight,Yeelight 智能开关（三键）,yeelink.switch.ylsw6,yeelink.switch.ylsw6.png,
插座开关,Yeelight,Yeelight 智能开关（二开）,yeelink.switch.sw12,yeelink.switch.sw12.png,
插座开关,Yeelight,Yeelight 智能开关（单键）,yeelink.switch.ylsw4,yeelink.switch.ylsw4.png,
插座开关,Yeelight,Yeelight 智能开关（双键）,yeelink.switch.ylsw5,yeelink.switch.ylsw5.png,
插座开关,Yeelight,Yeelight 智能开关（四开）,yeelink.switch.sw14,yeelink.switch.sw14.png,
插座开关,Yeelight,Yeelight 智能开关（四键）,yeelink.switch.ylsw7,yeelink.switch.ylsw7.png,
插座开关,Yeelight,Yeelight 智能开关（零火三键）,yeelink.switch.swd3,yeelink.switch.swd3.png,
插座开关,Yeelight,Yeelight 智能开关（零火单键）,yeelink.switch.swd1,yeelink.switch.swd1.png,
插座开关,Yeelight,Yeelight 智能开关（零火双键）,yeelink.switch.swd2,yeelink.switch.swd2.png,
插座开关,Yeelight,Yeelight 智能无线开关（单键）,yeelink.remote.sw1,yeelink.remote.sw1.png,
插座开关,Yeelight,Yeelight 智能无线开关（双键）,yeelink.remote.sw2,yeelink.remote.sw2.png,
插座开关,Yeelight,Yeelight全面屏开关,yeelink.switch.sw18,yeelink.switch.sw18.png,
插座开关,Yeelight,Yeelight情景开关（无线六键）,yeelink.remote.sw4,yeelink.remote.sw4.png,
插座开关,Yeelight,Yeelight情景开关（无线版）,yeelink.remote.sw3,yeelink.remote.sw3.png,
插座开关,Yeelight,Yeelight智能开关 C1（三键）,yeelink.switch.szsw3,yeelink.switch.szsw3.png,
插座开关,Yeelight,Yeelight智能开关 C1（单键）,yeelink.switch.szsw1,yeelink.switch.szsw1.png,
插座开关,Yeelight,Yeelight智能开关 C1（双键）,yeelink.switch.szsw2,yeelink.switch.szsw2.png,
插座开关,ZBOM志邦家居,志邦家居智能柜控制开关M25001,line.switch.zbgkg,line.switch.zbgkg.png,
插座开关,ZDDBOO,ZDDBOO Mesh2.0通断器,50blue.switch.zbtdq,50blue.switch.zbtdq.png,
插座开关,ZDDBOO,ZDDBOO WiFi通断器,50blue.switch.zddtdq,50blue.switch.zddtdq.png,
插座开关,ZIDT,ZIDT智能一键开关mesh 2.0,zidt.switch.blsw01,zidt.switch.blsw01.png,
插座开关,ZIDT,ZIDT智能三键开关mesh 2.0,zidt.switch.blsw03,zidt.switch.blsw03.png,
插座开关,ZIDT,ZIDT智能二键开关mesh 2.0,zidt.switch.blsw02,zidt.switch.blsw02.png,
插座开关,ZIDT,ZIDT智能四键开关mesh 2.0,zidt.switch.blsw04,zidt.switch.blsw04.png,
插座开关,ZKZB,ZKZB智能通断器,zbmesh.switch.zbtdq,zbmesh.switch.zbtdq.png,
插座开关,ZM,ZM智能三键复合开关,merten.switch.mdkg3,merten.switch.mdkg3.png,
插座开关,ZM,ZM智能八键复合开关,merten.switch.mdkg8,merten.switch.mdkg8.png,
插座开关,ZM,ZM智能六键复合开关,merten.switch.mdkg6,merten.switch.mdkg6.png,
插座开关,ZM,ZM智能单键复合开关,merten.switch.mdkg1,merten.switch.mdkg1.png,
插座开关,ZM,ZM智能双键复合开关,merten.switch.mdkg2,merten.switch.mdkg2.png,
插座开关,ZM,ZM智能四键复合开关,merten.switch.mdkg4,merten.switch.mdkg4.png,
插座开关,ZNSN,Thoughthome零火线G系列一开开关,znsn.switch.g7lh01,znsn.switch.g7lh01.png,
插座开关,ZNSN,Thoughthome零火线G系列三开开关,znsn.switch.g7lh03,znsn.switch.g7lh03.png,
插座开关,ZNSN,Thoughthome零火线G系列二开开关,znsn.switch.g7lh02,znsn.switch.g7lh02.png,
插座开关,ZNSN,Thoughthome零火线G系列六开开关,znsn.switch.g7lh06,znsn.switch.g7lh06.png,
插座开关,ZNSN,Thoughthome零火线G系列四开开关,znsn.switch.g7lh04,znsn.switch.g7lh04.png,
插座开关,ZNSN,ZNSN一键屏显开关,znsn.switch.bln31,znsn.switch.bln31.png,
插座开关,ZNSN,ZNSN三键屏显开关,znsn.switch.bln33,znsn.switch.bln33.png,
插座开关,ZNSN,ZNSN二键屏显开关,znsn.switch.bln32,znsn.switch.bln32.png,
插座开关,ZNSN,ZNSN六键屏显开关,znsn.switch.bln36,znsn.switch.bln36.png,
插座开关,ZNSN,ZNSN四键屏显开关,znsn.switch.bln34,znsn.switch.bln34.png,
插座开关,ZNSN,ZNSN正尚一键开关,znsn.switch.yjpd1,znsn.switch.yjpd1.png,
插座开关,ZNSN,ZNSN正尚三键开关,znsn.switch.yjpd3,znsn.switch.yjpd3.png,
插座开关,ZNSN,ZNSN正尚二键开关,znsn.switch.yjpd2,znsn.switch.yjpd2.png,
插座开关,ZNSN,ZNSN正尚四键开关,znsn.switch.yjpd4,znsn.switch.yjpd4.png,
插座开关,ZNSN,znsn半屏Mesh三键开关,znsn.switch.oled3,znsn.switch.oled3.png,
插座开关,ZNSN,znsn半屏Mesh六键开关,znsn.switch.oled6,znsn.switch.oled6.png,
插座开关,ZNSN,znsn半屏Mesh单键开关,znsn.switch.oled1,znsn.switch.oled1.png,
插座开关,ZNSN,znsn半屏Mesh双键开关,znsn.switch.oled2,znsn.switch.oled2.png,
插座开关,ZNSN,znsn半屏Mesh四键开关,znsn.switch.oled4,znsn.switch.oled4.png,
插座开关,ZNSN,znsn蓝牙Mesh三键开关(单火),znsn.switch.zg3ml,znsn.switch.zg3ml.png,
插座开关,ZNSN,znsn蓝牙Mesh三键开关(零火),znsn.switch.zg3m,znsn.switch.zg3m.png,
插座开关,ZNSN,znsn蓝牙Mesh三键开关2.0,znsn.switch.z3g3,znsn.switch.z3g3.png,
插座开关,ZNSN,znsn蓝牙Mesh八键开关(单火),znsn.switch.zg8ml,znsn.switch.zg8ml.png,
插座开关,ZNSN,znsn蓝牙Mesh八键开关(零火),znsn.switch.zg8m,znsn.switch.zg8m.png,
插座开关,ZNSN,znsn蓝牙Mesh单键开关(单火),znsn.switch.zg1ml,znsn.switch.zg1ml.png,
插座开关,ZNSN,znsn蓝牙Mesh单键开关(零火),znsn.switch.zg1m,znsn.switch.zg1m.png,
插座开关,ZNSN,znsn蓝牙Mesh单键开关2.0,znsn.switch.z1g3,znsn.switch.z1g3.png,
插座开关,ZNSN,znsn蓝牙Mesh双键开关(单火),znsn.switch.zg2ml,znsn.switch.zg2ml.png,
插座开关,ZNSN,znsn蓝牙Mesh双键开关(零火),znsn.switch.zg2m,znsn.switch.zg2m.png,
插座开关,ZNSN,znsn蓝牙Mesh双键开关2.0,znsn.switch.z2g3,znsn.switch.z2g3.png,
插座开关,ZNSN,znsn蓝牙Mesh四键开关(单火),znsn.switch.zg4ml,znsn.switch.zg4ml.png,
插座开关,ZNSN,znsn蓝牙Mesh四键开关(零火),znsn.switch.zg4m,znsn.switch.zg4m.png,
插座开关,ZNSN,znsn蓝牙Mesh四键开关2.0,znsn.switch.z4g3,znsn.switch.z4g3.png,
插座开关,ZNSN,znsn蓝牙Mesh开关三键（单火）,znsn.switch.zm3d,znsn.switch.zm3d.png,
插座开关,ZNSN,znsn蓝牙Mesh开关三键（零火）,znsn.switch.zm3a,znsn.switch.zm3a.png,
插座开关,ZNSN,znsn蓝牙Mesh开关单键（单火）,znsn.switch.zm1d,znsn.switch.zm1d.png,
插座开关,ZNSN,znsn蓝牙Mesh开关单键（零火）,znsn.switch.zm1a,znsn.switch.zm1a.png,
插座开关,ZNSN,znsn蓝牙Mesh开关双键（单火）,znsn.switch.zm2d,znsn.switch.zm2d.png,
插座开关,ZNSN,znsn蓝牙Mesh开关双键（零火）,znsn.switch.zm2a,znsn.switch.zm2a.png,
插座开关,ZNSN,znsn蓝牙Mesh插卡取电开关,znsn.cs.cp01m,znsn.cs.cp01m.png,
插座开关,ZNSN,znsn蓝牙通断器,znsn.switch.tdq1a,znsn.switch.tdq1a.png,
插座开关,ZQM  浙旗明,ZQM浙旗明通断器WiFi版,zqm4g.switch.tdq02,zqm4g.switch.tdq02.png,
插座开关,ZXWL,ZXWL屏显智能开关-P系列4开,andi.switch.sw4b01,andi.switch.sw4b01.png,
插座开关,ZXWL,ZXWL智能开关-S系列1开,andi.switch.sw1a01,andi.switch.sw1a01.png,
插座开关,ZXWL,ZXWL智能开关-S系列2开,andi.switch.sw2a01,andi.switch.sw2a01.png,
插座开关,ZXWL,ZXWL智能开关-S系列3开,andi.switch.sw3a01,andi.switch.sw3a01.png,
插座开关,ZXWL,ZXWL智能开关-S系列4开,andi.switch.sw4a01,andi.switch.sw4a01.png,
插座开关,ahorro,ahorro奥能蓝牙一开,ahorro.switch.an1k,ahorro.switch.an1k.png,
插座开关,ahorro,ahorro奥能蓝牙三开,ahorro.switch.an3k,ahorro.switch.an3k.png,
插座开关,ahorro,ahorro奥能蓝牙二开,ahorro.switch.an2k,ahorro.switch.an2k.png,
插座开关,ahorro,ahorro奥能蓝牙四开,ahorro.switch.an4k,ahorro.switch.an4k.png,
插座开关,intac,视科四键旋钮无线开关R1,intac.remote.air04,intac.remote.air04.png,
插座开关,jiuhao久豪,Jiuhao一键无线开关,cddz.remote.cdwx1,cddz.remote.cdwx1.png,
插座开关,jiuhao久豪,Jiuhao八键无线开关,cddz.remote.cdwx8,cddz.remote.cdwx8.png,
插座开关,jiuhao久豪,Jiuhao智能开关,cddz.switch.jhicw,cddz.switch.jhicw.png,
插座开关,jiuhao久豪,Jiuhao智能通断器V9（Mesh 2.0）,cddz.switch.cdmtdq,cddz.switch.cdmtdq.png,
插座开关,jiuhao久豪,Jiuhao智能通断器V9（WiFi）,cddz.switch.cdtdq,cddz.switch.cdtdq.png,
插座开关,jiuhao久豪,Jiuhao电脑开机卡,cddz.plug.pc01w,cddz.plug.pc01w.png,
插座开关,jiuhao久豪,Jiuhao电脑开机卡(MESH),cddz.plug.pc01m,cddz.plug.pc01m.png,
插座开关,jiuhao久豪,Jiuhao电脑开机卡Pro (Mesh2.0),cddz.plug.pc04m,cddz.plug.pc04m.png,
插座开关,jiuhao久豪,Jiuhao电脑开机卡Pro (WiFi),cddz.plug.pc03w,cddz.plug.pc03w.png,
插座开关,julun,julun智能WIFI开关,julun.switch.jlsw01,julun.switch.jlsw01.png,
插座开关,linptech,智能墙壁开关QH1（三键PLC版）,linp.switch.qh1dp3,linp.switch.qh1dp3.png,
插座开关,linptech,智能墙壁开关QH1（单键PLC版）,linp.switch.qh1dp1,linp.switch.qh1dp1.png,
插座开关,linptech,智能墙壁开关QH1（双键PLC版）,linp.switch.qh1dp2,linp.switch.qh1dp2.png,
插座开关,linptech,智能墙壁开关QH1（四键PLC版）,linp.switch.qh1dp4,linp.switch.qh1dp4.png,
插座开关,linptech,智能旋钮开关XH1 (PLC版),linp.switch.xh1dp,linp.switch.xh1dp.png,
插座开关,linptech,领普智能墙壁开关（单键）,linp.switch.t2dbw1,linp.switch.t2dbw1.png,
插座开关,linptech,领普智能墙壁开关（双键）,linp.switch.t2dbw2,linp.switch.t2dbw2.png,
插座开关,linptech,领普触屏开关S2,linp.switch.s2dw3,linp.switch.s2dw3.png,
插座开关,linptech 领普,领普Q3墙壁开关(三键),linp.switch.q33s,linp.switch.q33s.png,
插座开关,linptech 领普,领普Q3墙壁开关(单键),linp.switch.q31s,linp.switch.q31s.png,
插座开关,linptech 领普,领普Q3墙壁开关(双键),linp.switch.q32s,linp.switch.q32s.png,
插座开关,linptech 领普,领普中控屏开关S3,linp.switch.s3dw,linp.switch.s3dw.png,
插座开关,linptech 领普,领普全面屏开关,linp.switch.s1,linp.switch.s1.png,
插座开关,linptech 领普,领普单火墙壁开关MESH（三键）,linp.switch.q4s3,linp.switch.q4s3.png,
插座开关,linptech 领普,领普单火墙壁开关MESH（单键）,linp.switch.q4s1,linp.switch.q4s1.png,
插座开关,linptech 领普,领普单火墙壁开关MESH（双键）,linp.switch.q4s2,linp.switch.q4s2.png,
插座开关,linptech 领普,领普单火智能墙壁开关（MESH2.0 三键）,linp.switch.e3sbw3,linp.switch.e3sbw3.png,
插座开关,linptech 领普,领普单火智能墙壁开关（MESH2.0 单键）,linp.switch.e3sbw1,linp.switch.e3sbw1.png,
插座开关,linptech 领普,领普单火智能墙壁开关（MESH2.0 双键）,linp.switch.e3sbw2,linp.switch.e3sbw2.png,
插座开关,linptech 领普,领普墙壁开关H2（零火MESH 两键）,linp.switch.qh2db2,linp.switch.qh2db2.png,
插座开关,linptech 领普,领普墙壁开关H2（零火MESH 八键）,linp.switch.qh2db8,linp.switch.qh2db8.png,
插座开关,linptech 领普,领普墙壁开关H2（零火MESH 四键）,linp.switch.qh2db4,linp.switch.qh2db4.png,
插座开关,linptech 领普,领普墙壁开关MESH（三键）,linp.switch.q3s3,linp.switch.q3s3.png,
插座开关,linptech 领普,领普墙壁开关MESH（单键）,linp.switch.q3s1,linp.switch.q3s1.png,
插座开关,linptech 领普,领普墙壁开关MESH（双键）,linp.switch.q3s2,linp.switch.q3s2.png,
插座开关,linptech 领普,领普墙壁开关QH1（MESH三键）,linp.switch.qh1db3,linp.switch.qh1db3.png,
插座开关,linptech 领普,领普墙壁开关QH1（MESH单键）,linp.switch.qh1db1,linp.switch.qh1db1.png,
插座开关,linptech 领普,领普墙壁开关QH1（MESH双键）,linp.switch.qh1db2,linp.switch.qh1db2.png,
插座开关,linptech 领普,领普墙壁开关QH1（MESH四键）,linp.switch.qh1db4,linp.switch.qh1db4.png,
插座开关,linptech 领普,领普墙壁开关QT1（零火MESH一键）,linp.switch.qt1db1,linp.switch.qt1db1.png,
插座开关,linptech 领普,领普墙壁开关QT1（零火MESH三键）,linp.switch.qt1db3,linp.switch.qt1db3.png,
插座开关,linptech 领普,领普墙壁开关QT1（零火MESH二键）,linp.switch.qt1db2,linp.switch.qt1db2.png,
插座开关,linptech 领普,领普墙壁开关QT1（零火MESH四键）,linp.switch.qt1db4,linp.switch.qt1db4.png,
插座开关,linptech 领普,领普墙壁开关（三键）,linp.switch.q33,linp.switch.q33.png,
插座开关,linptech 领普,领普墙壁开关（单键）,linp.switch.q31,linp.switch.q31.png,
插座开关,linptech 领普,领普墙壁开关（双键）,linp.switch.q32,linp.switch.q32.png,
插座开关,linptech 领普,领普无线开关K11,linp.remote.k9b01,linp.remote.k9b01.png,
插座开关,linptech 领普,领普无线开关KH1（三键）,linp.remote.kh1bb3,linp.remote.kh1bb3.png,
插座开关,linptech 领普,领普无线开关KH1（单键）,linp.remote.kh1bb1,linp.remote.kh1bb1.png,
插座开关,linptech 领普,领普无线开关KH1（双键）,linp.remote.kh1bb2,linp.remote.kh1bb2.png,
插座开关,linptech 领普,领普无线开关KH1（四键）,linp.remote.kh1bb4,linp.remote.kh1bb4.png,
插座开关,linptech 领普,领普无线开关KS1,linp.remote.ks1,linp.remote.ks1.png,
插座开关,linptech 领普,领普智能墙壁开关（三键）,linp.switch.t2dbw3,linp.switch.t2dbw3.png,
插座开关,linptech 领普,领普智能墙壁开关（四键）,linp.switch.t2dbw4,linp.switch.t2dbw4.png,
插座开关,linptech 领普,领普智能屏显开关（MESH2.0 三键）,linp.switch.pxdbw3,linp.switch.pxdbw3.png,
插座开关,linptech 领普,领普智能屏显开关（MESH2.0 单键）,linp.switch.pxdbw1,linp.switch.pxdbw1.png,
插座开关,linptech 领普,领普智能屏显开关（MESH2.0 双键）,linp.switch.pxdbw2,linp.switch.pxdbw2.png,
插座开关,linptech 领普,领普智能屏显开关（零火MESH 一键）,linp.switch.e2db1,linp.switch.e2db1.png,
插座开关,linptech 领普,领普智能屏显开关（零火MESH 二键）,linp.switch.e2db2,linp.switch.e2db2.png,
插座开关,linptech 领普,领普智能屏显开关（零火MESH三键）,linp.switch.e2db3,linp.switch.e2db3.png,
插座开关,linptech 领普,领普蓝牙无线开关（三键）,linp.remote.k9b,linp.remote.k9b.png,
插座开关,linptech 领普,领普蓝牙无线开关（单键）,linp.remote.k9b1,linp.remote.k9b1.png,
插座开关,linptech 领普,领普蓝牙无线开关（双键）,linp.remote.k9b11,linp.remote.k9b11.png,
插座开关,linptech 领普,领普超薄智能屏显开关（MESH2.0 三键）,linp.switch.e5dbw3,linp.switch.e5dbw3.png,
插座开关,linptech 领普,领普超薄智能屏显开关（MESH2.0 单键）,linp.switch.e5dbw1,linp.switch.e5dbw1.png,
插座开关,linptech 领普,领普超薄智能屏显开关（MESH2.0 双键）,linp.switch.e5dbw2,linp.switch.e5dbw2.png,
插座开关,linptech 领普,领普超薄智能屏显开关（MESH2.0 四键）,linp.switch.e5dbw4,linp.switch.e5dbw4.png,
插座开关,linptech 领普,领普超薄触屏开关（MESH2.0）,linp.switch.s5db,linp.switch.s5db.png,
插座开关,mitch,mitch一开屏显开关青春版(Mesh2.0),googo.switch.sw1a01,googo.switch.sw1a01.png,
插座开关,mitch,mitch一路智能开关Mesh2.0,googo.switch.sw1a02,googo.switch.sw1a02.png,
插座开关,mitch,mitch三开屏显开关青春版(Mesh2.0),googo.switch.sw3a01,googo.switch.sw3a01.png,
插座开关,mitch,mitch三路智能开关Mesh2.0,googo.switch.sw3a02,googo.switch.sw3a02.png,
插座开关,mitch,mitch二开屏显开关青春版(Mesh2.0),googo.switch.sw2a01,googo.switch.sw2a01.png,
插座开关,mitch,mitch二路智能开关Mesh2.0,googo.switch.sw2a02,googo.switch.sw2a02.png,
插座开关,mitch,mitch八路智能开关Mesh2.0,googo.switch.sw8a01,googo.switch.sw8a01.png,
插座开关,mitch,mitch四开屏显开关青春版(Mesh2.0),googo.switch.sw4a03,googo.switch.sw4a03.png,
插座开关,mitch,mitch四路屏显智能开关Mesh2.0,googo.switch.sw4a01,googo.switch.sw4a01.png,
插座开关,mitch,mitch四路智能开关Mesh2.0,googo.switch.sw4a02,googo.switch.sw4a02.png,
插座开关,mitch,mitch四键屏显开关PRO版(Mesh2.0),googo.switch.sw4b02,googo.switch.sw4b02.png,
插座开关,noooe皓逸,皓逸单路通断器（Max）,haoyi.switch.sw0a01,haoyi.switch.sw0a01.png,
插座开关,noooe皓逸,皓逸四键智能开关V1,haoyi.switch.hyv1s4,haoyi.switch.hyv1s4.png,
插座开关,pluslife,Pluslife电脑开机卡,xl2024.plug.xlkjk,xl2024.plug.xlkjk.png,
插座开关,rejuvee,睿据交流单相数字断路器2型,rjkj.switch.mj152,rjkj.switch.mj152.png,
插座开关,sagewe,Sagewe智能排插M1scu311-GB15W-M,sagewe.plug.002,sagewe.plug.002.png,
插座开关,sagewe,Sagewe智能排插M1scu311-GB35W-M,sagewe.plug.003,sagewe.plug.003.png,
插座开关,sagewe,Sagewe智能插座F2501-GB-M,sagewe.plug.005,sagewe.plug.005.png,
插座开关,sagewe,Sagewe智能插座Xs11-M,sagewe.plug.001,sagewe.plug.001.png,
插座开关,sayso,SAYSO智能开关（一键）,sayso.switch.sw1a01,sayso.switch.sw1a01.png,
插座开关,sayso,SAYSO智能开关（三键）,sayso.switch.sw3a01,sayso.switch.sw3a01.png,
插座开关,sayso,SAYSO智能开关（二键）,sayso.switch.sw2a01,sayso.switch.sw2a01.png,
插座开关,sayso,SAYSO智能开关（四键）,sayso.switch.sw4a01,sayso.switch.sw4a01.png,
插座开关,sayso,商颂超薄智能屏显开关四开2.0,sayso.switch.sw4b01,sayso.switch.sw4b01.png,
插座开关,sparkleIOT,Sparkleiot智能插座,zxd123.plug.jdls1,zxd123.plug.jdls1.png,
插座开关,sparkleIOT,Sparkleiot智能通断器,zxd123.switch.xhtdq,zxd123.switch.xhtdq.png,
插座开关,xiaowell,xiaowell小为科技一位单零火兼容智能开关,xwiwn.switch.xwk009,xwiwn.switch.xwk009.png,
插座开关,xiaowell,xiaowell小为科技一位零火智能开关,xwiwn.switch.xwk005,xwiwn.switch.xwk005.png,
插座开关,xiaowell,xiaowell小为科技三位单零火兼容智能开关,xwiwn.switch.xwk011,xwiwn.switch.xwk011.png,
插座开关,xiaowell,xiaowell小为科技三位零火智能开关,xwiwn.switch.xwk007,xwiwn.switch.xwk007.png,
插座开关,xiaowell,xiaowell小为科技二位单零火兼容智能开关,xwiwn.switch.xwk010,xwiwn.switch.xwk010.png,
插座开关,xiaowell,xiaowell小为科技二位零火智能开关,xwiwn.switch.xwk006,xwiwn.switch.xwk006.png,
插座开关,xiaowell,xiaowell小为科技四位单零火兼容智能开关,xwiwn.switch.xwk012,xwiwn.switch.xwk012.png,
插座开关,xiaowell,xiaowell小为科技四位零火智能开关,xwiwn.switch.xwk008,xwiwn.switch.xwk008.png,
插座开关,xiaowell,xiaowell小为科技屏显免刻字一位零火智能开关,xwiwn.switch.xwk001,xwiwn.switch.xwk001.png,
插座开关,xiaowell,xiaowell小为科技屏显免刻字三位零火智能开关,xwiwn.switch.xwk003,xwiwn.switch.xwk003.png,
插座开关,xiaowell,xiaowell小为科技屏显免刻字二位零火智能开关,xwiwn.switch.xwk002,xwiwn.switch.xwk002.png,
插座开关,xiaowell,xiaowell小为科技屏显免刻字四位零火智能开关,xwiwn.switch.xwk004,xwiwn.switch.xwk004.png,
插座开关,xiaowell,xiaowell小为科技彩屏按键一位零火智能开关,xwiwn.switch.xwk013,xwiwn.switch.xwk013.png,
插座开关,xiaowell,xiaowell小为科技彩屏按键三位零火智能开关,xwiwn.switch.xwk015,xwiwn.switch.xwk015.png,
插座开关,xiaowell,xiaowell小为科技彩屏按键二位零火智能开关,xwiwn.switch.xwk014,xwiwn.switch.xwk014.png,
插座开关,xiaowell,xiaowell小为科技彩屏按键四位零火智能开关,xwiwn.switch.xwk016,xwiwn.switch.xwk016.png,
插座开关,xiaowell,xiaowell小为科技智能计量插座,xwiwn.plug.xwp001,xwiwn.plug.xwp001.png,
插座开关,yoogee,优阁智能一路开关（Mesh2.0）,yoogee.switch.ygkg1,yoogee.switch.ygkg1.png,
插座开关,yoogee,优阁智能三路开关（Mesh2.0）,yoogee.switch.ygkg3,yoogee.switch.ygkg3.png,
插座开关,yoogee,优阁智能二路开关（Mesh2.0）,yoogee.switch.ygkg2,yoogee.switch.ygkg2.png,
插座开关,yoogee,优阁智能四路开关（Mesh2.0）,yoogee.switch.ygkg4,yoogee.switch.ygkg4.png,
插座开关,三雄极光Pak,三雄极光Pak 智能开关 一位 2.0,pak.switch.sw1c01,pak.switch.sw1c01.png,
插座开关,三雄极光Pak,三雄极光Pak 智能开关 三位 2.0,pak.switch.sw3c02,pak.switch.sw3c02.png,
插座开关,三雄极光Pak,三雄极光Pak 智能开关 三开+三场景 2.0,pak.switch.sw3c03,pak.switch.sw3c03.png,
插座开关,三雄极光Pak,三雄极光Pak 智能开关 二位 2.0,pak.switch.sw2c01,pak.switch.sw2c01.png,
插座开关,三雄极光Pak,三雄极光Pak 智能开关 四位 2.0,pak.switch.sw4c01,pak.switch.sw4c01.png,
插座开关,三雄极光Pak,三雄极光Pak 智能开关 智享Pro一位,pak.switch.sw1b01,pak.switch.sw1b01.png,
插座开关,三雄极光Pak,三雄极光Pak 智能开关 智享Pro三位,pak.switch.sw3b01,pak.switch.sw3b01.png,
插座开关,三雄极光Pak,三雄极光Pak 智能开关 智享Pro三位+场景,pak.switch.sw4b01,pak.switch.sw4b01.png,
插座开关,三雄极光Pak,三雄极光Pak 智能开关 智享Pro二位,pak.switch.sw2b01,pak.switch.sw2b01.png,
插座开关,三雄极光Pak,三雄极光Pak 智能开关一位,pak.switch.sw1a01,pak.switch.sw1a01.png,
插座开关,三雄极光Pak,三雄极光Pak 智能开关三位,pak.switch.sw3a01,pak.switch.sw3a01.png,
插座开关,三雄极光Pak,三雄极光Pak 智能开关三位+三场景,pak.switch.sw6a02,pak.switch.sw6a02.png,
插座开关,三雄极光Pak,三雄极光Pak 智能开关二位,pak.switch.sw2a01,pak.switch.sw2a01.png,
插座开关,三雄极光Pak,三雄极光Pak 智能开关四位,pak.switch.sw4a01,pak.switch.sw4a01.png,
插座开关,三雄极光Pak,三雄极光Pak 臻享 智能触屏开关,pak.switch.sw3c01,pak.switch.sw3c01.png,
插座开关,三雄极光Pak,三雄极光Pak 臻享无线遥控开关,pak.remote.ts1,pak.remote.ts1.png,
插座开关,乐天派,乐天派智能开关Lite（三开 零火版）,rhj.switch.l821c,rhj.switch.l821c.png,
插座开关,乐天派,乐天派智能开关Lite（单开 零火版）,rhj.switch.l821,rhj.switch.l821.png,
插座开关,乐天派,乐天派智能开关Lite（双开 零火版）,rhj.switch.l821b,rhj.switch.l821b.png,
插座开关,乐归,乐归彩屏按键三位零火智能开关,legui.switch.yw3a02,legui.switch.yw3a02.png,
插座开关,乐归,乐归彩屏按键二位零火智能开关,legui.switch.yw2a02,legui.switch.yw2a02.png,
插座开关,乐归,乐归彩屏按键四位零火智能开关,legui.switch.ys4a02,legui.switch.ys4a02.png,
插座开关,乐归,乐归智能开关 一位,legui.switch.sw1a01,legui.switch.sw1a01.png,
插座开关,乐归,乐归智能开关 三位,legui.switch.sw3a01,legui.switch.sw3a01.png,
插座开关,乐归,乐归智能开关 二位,legui.switch.sw2a01,legui.switch.sw2a01.png,
插座开关,乐归,乐归智能开关 四位,legui.switch.sw4a01,legui.switch.sw4a01.png,
插座开关,乐蜗智能,乐蜗一键智能开关S1,nowoo.switch.s11k,nowoo.switch.s11k.png,
插座开关,乐蜗智能,乐蜗三键智能开关S1,nowoo.switch.s13k,nowoo.switch.s13k.png,
插座开关,乐蜗智能,乐蜗二键智能开关S1,nowoo.switch.s12k,nowoo.switch.s12k.png,
插座开关,云博士,电传智能通断器（WiFi）,lqdc88.switch.dcwtdq,lqdc88.switch.dcwtdq.png,
插座开关,云控侠,云控侠情景Mesh一键开关Ultra,ykiot.switch.sw1a01,ykiot.switch.sw1a01.png,
插座开关,云控侠,云控侠情景Mesh三键开关Ultra,ykiot.switch.sw3a01,ykiot.switch.sw3a01.png,
插座开关,云控侠,云控侠情景Mesh二键开关Ultra,ykiot.switch.sw2a01,ykiot.switch.sw2a01.png,
插座开关,云控侠,云控侠情景Mesh四键开关Ultra,ykiot.switch.sw4a01,ykiot.switch.sw4a01.png,
插座开关,云控侠,云控侠智能一键开关,ykiot.switch.bln31,ykiot.switch.bln31.png,
插座开关,云控侠,云控侠智能三键开关,ykiot.switch.bln33,ykiot.switch.bln33.png,
插座开关,云控侠,云控侠智能二键开关,ykiot.switch.bln32,ykiot.switch.bln32.png,
插座开关,云控侠,云控侠智能六键开关,ykiot.switch.bln36,ykiot.switch.bln36.png,
插座开关,云控侠,云控侠智能四键开关,ykiot.switch.bln34,ykiot.switch.bln34.png,
插座开关,云米,云米AI智能开关Master（零火一键）,viomi.switch.nm1,viomi.switch.nm1.png,
插座开关,云米,云米AI智能开关Master（零火三键）,viomi.switch.nm3,viomi.switch.nm3.png,
插座开关,云米,云米AI智能开关Master（零火二键）,viomi.switch.nm2,viomi.switch.nm2.png,
插座开关,云米,云米AI智能开关Super（一键）,yunmi.switch.su1,yunmi.switch.su1.png,
插座开关,云米,云米AI智能开关Super（三键）,yunmi.switch.su3,yunmi.switch.su3.png,
插座开关,云米,云米AI智能开关Super（二键）,yunmi.switch.su2,yunmi.switch.su2.png,
插座开关,云米,云米AI智能开关Super（四键）,yunmi.switch.su4,yunmi.switch.su4.png,
插座开关,云米,云米AI智能控制面板HomePad,viomi.controller.pads,viomi.controller.pads.png,
插座开关,亖米,亖米-Z7三键智能开关,symi.switch.z703,symi.switch.z703.png,
插座开关,亖米,亖米-Z7二键智能开关,symi.switch.z7002,symi.switch.z7002.png,
插座开关,亖米,亖米-Z7六键智能开关,symi.switch.z706,symi.switch.z706.png,
插座开关,亖米,亖米-Z7四键智能开关,symi.switch.z704,symi.switch.z704.png,
插座开关,亖米,亖米16路控制器,symi.switch.apple,symi.switch.apple.png,
插座开关,亖米,亖米Mesh一键开关Ultra,symi.switch.sw1d02,symi.switch.sw1d02.png,
插座开关,亖米,亖米Mesh三键开关Ultra,symi.switch.sw3d02,symi.switch.sw3d02.png,
插座开关,亖米,亖米Mesh二键开关Ultra,symi.switch.sw2d02,symi.switch.sw2d02.png,
插座开关,亖米,亖米Mesh四键开关Ultra,symi.switch.sw4d02,symi.switch.sw4d02.png,
插座开关,亖米,亖米一键开关mesh版,symi.switch.sw1a01,symi.switch.sw1a01.png,
插座开关,亖米,亖米一键智能开关,symi.switch.bln31,symi.switch.bln31.png,
插座开关,亖米,亖米三键开关mesh版,symi.switch.sw3a01,symi.switch.sw3a01.png,
插座开关,亖米,亖米三键智能开关,symi.switch.bln33,symi.switch.bln33.png,
插座开关,亖米,亖米二键开关mesh版,symi.switch.sw2a01,symi.switch.sw2a01.png,
插座开关,亖米,亖米二键智能开关,symi.switch.bln32,symi.switch.bln32.png,
插座开关,亖米,亖米八键开关mesh版,symi.switch.sw8a01,symi.switch.sw8a01.png,
插座开关,亖米,亖米八键智能开关,symi.switch.bln38,symi.switch.bln38.png,
插座开关,亖米,亖米六键开关mesh版,symi.switch.sw6a01,symi.switch.sw6a01.png,
插座开关,亖米,亖米六键无线开关,symi.remote.ts1,symi.remote.ts1.png,
插座开关,亖米,亖米六键智能开关,symi.switch.bln36,symi.switch.bln36.png,
插座开关,亖米,亖米四键开关mesh版,symi.switch.sw4a01,symi.switch.sw4a01.png,
插座开关,亖米,亖米四键智能开关,symi.switch.bln34,symi.switch.bln34.png,
插座开关,亖米,亖米多功能开关mesh版,symi.switch.s01,symi.switch.s01.png,
插座开关,亖米,亖米智慧屏开关,symi.switch.sw2d01,symi.switch.sw2d01.png,
插座开关,亖米,亖米智能插卡取电器,symi.cs.ck01,symi.cs.ck01.png,
插座开关,京东京造,京东京造智能墙壁开关（MESH2.0 单火三键）,jdjz.switch.jzl3,jdjz.switch.jzl3.png,
插座开关,京东京造,京东京造智能墙壁开关（MESH2.0 单火单键）,jdjz.switch.jzl1,jdjz.switch.jzl1.png,
插座开关,京东京造,京东京造智能墙壁开关（MESH2.0 单火双键）,jdjz.switch.jzl2,jdjz.switch.jzl2.png,
插座开关,京东京造,京东京造智能墙壁开关（MESH2.0 零火三键）,jdjz.switch.jzn3,jdjz.switch.jzn3.png,
插座开关,京东京造,京东京造智能墙壁开关（MESH2.0 零火单键）,jdjz.switch.jzn1,jdjz.switch.jzn1.png,
插座开关,京东京造,京东京造智能墙壁开关（MESH2.0 零火双键）,jdjz.switch.jzn2,jdjz.switch.jzn2.png,
插座开关,优点,优点智能蓝牙Mesh开关面板 一开,ydhome.switch.s3,ydhome.switch.s3.png,
插座开关,优点,优点智能蓝牙Mesh开关面板 三开,ydhome.switch.s1,ydhome.switch.s1.png,
插座开关,优点,优点智能蓝牙Mesh开关面板 二开,ydhome.switch.s2,ydhome.switch.s2.png,
插座开关,传翔,传翔磁吸墙充插座,zjcx.plug.qcsw02,zjcx.plug.qcsw02.png,
插座开关,佐卡,佐卡智能 一键开关2.0,zuka.switch.sw1a01,zuka.switch.sw1a01.png,
插座开关,佐卡,佐卡智能 三键开关2.0,zuka.switch.sw3a01,zuka.switch.sw3a01.png,
插座开关,佐卡,佐卡智能 二键开关2.0,zuka.switch.sw2a01,zuka.switch.sw2a01.png,
插座开关,佐卡,佐卡智能 四键开关2.0,zuka.switch.sw4a01,zuka.switch.sw4a01.png,
插座开关,俊朗,俊朗智能一路开关（Mesh2.0）,junon.switch.jlkg1,junon.switch.jlkg1.png,
插座开关,俊朗,俊朗智能三路开关（Mesh2.0）,junon.switch.jlkg3,junon.switch.jlkg3.png,
插座开关,俊朗,俊朗智能二路开关（Mesh2.0）,junon.switch.jlkg2,junon.switch.jlkg2.png,
插座开关,俊頤,俊頤智能开关H4 Plus(屏显免刻字),nbjy.switch.h4p,nbjy.switch.h4p.png,
插座开关,倍增,倍增墙壁开关三键版,cchome.switch.86l3v1,cchome.switch.86l3v1.png,
插座开关,倍增,倍增墙壁开关单键版,cchome.switch.86l1v1,cchome.switch.86l1v1.png,
插座开关,倍增,倍增墙壁开关双键版,cchome.switch.86l2v1,cchome.switch.86l2v1.png,
插座开关,光正,GZ 一位智能开关,guznos.switch.gzkg1,guznos.switch.gzkg1.png,
插座开关,光正,GZ 三位智能开关,guznos.switch.gzkg3,guznos.switch.gzkg3.png,
插座开关,光正,GZ 二位智能开关,guznos.switch.gzkg2,guznos.switch.gzkg2.png,
插座开关,光正,GZ 四位智能开关,guznos.switch.gzkg4,guznos.switch.gzkg4.png,
插座开关,光电蜂,光电蜂电脑开机卡,mihua.plug.rcw01,mihua.plug.rcw01.png,
插座开关,公牛,公牛G55智能一位无线开关,bull.remote.s115y,bull.remote.s115y.png,
插座开关,公牛,公牛G55智能三位无线开关,bull.remote.s315y,bull.remote.s315y.png,
插座开关,公牛,公牛G55智能二位无线开关,bull.remote.s215y,bull.remote.s215y.png,
插座开关,公牛,公牛智能一位单零火开关,bull.switch.gts111,bull.switch.gts111.png,
插座开关,公牛,公牛智能一位无线开关,bull.remote.gts115,bull.remote.gts115.png,
插座开关,公牛,公牛智能一位零火开关,bull.switch.ts111a,bull.switch.ts111a.png,
插座开关,公牛,公牛智能一位零火开关S01,bull.switch.s01k01,bull.switch.s01k01.png,
插座开关,公牛,公牛智能一位零火开关S02,bull.switch.s02k01,bull.switch.s02k01.png,
插座开关,公牛,公牛智能三位单零火开关,bull.switch.gts311,bull.switch.gts311.png,
插座开关,公牛,公牛智能三位无线开关,bull.remote.gts315,bull.remote.gts315.png,
插座开关,公牛,公牛智能三位零火开关,bull.switch.ts311a,bull.switch.ts311a.png,
插座开关,公牛,公牛智能三位零火开关S01,bull.switch.s01k03,bull.switch.s01k03.png,
插座开关,公牛,公牛智能三位零火开关S02,bull.switch.s02k03,bull.switch.s02k03.png,
插座开关,公牛,公牛智能二位单零火开关,bull.switch.gts211,bull.switch.gts211.png,
插座开关,公牛,公牛智能二位无线开关,bull.remote.gts215,bull.remote.gts215.png,
插座开关,公牛,公牛智能二位零火开关,bull.switch.ts211a,bull.switch.ts211a.png,
插座开关,公牛,公牛智能二位零火开关S01,bull.switch.s01k02,bull.switch.s01k02.png,
插座开关,公牛,公牛智能二位零火开关S02,bull.switch.s02k02,bull.switch.s02k02.png,
插座开关,公牛,公牛智能四位零火开关S01,bull.switch.s01k04,bull.switch.s01k04.png,
插座开关,公牛,公牛智能四位零火开关S02,bull.switch.s02k04,bull.switch.s02k04.png,
插座开关,公牛,公牛智能四位零火情景开关,bull.remote.ts411a,bull.remote.ts411a.png,
插座开关,其他品牌,16路控制器Modbus版,pwzn.relay.banana,pwzn.relay.banana.png,
插座开关,其他品牌,16路继电器,pwzn.relay.apple,pwzn.relay.apple.png,
插座开关,其他品牌,1位智慧开关WIFI X1版,leshi.switch.v0003,leshi.switch.v0003.png,
插座开关,其他品牌,2位智慧开关WIFI X1版,leshi.switch.v0002,leshi.switch.v0002.png,
插座开关,其他品牌,3位智慧开关WIFI X1版,leshi.switch.v0004,leshi.switch.v0004.png,
插座开关,其他品牌,3位智慧开关WIFI X版,leshi.switch.v0001,leshi.switch.v0001.png,
插座开关,其他品牌,7z一路智能调光开关,gxhl.switch.7zds11,gxhl.switch.7zds11.png,
插座开关,其他品牌,7z二路智能调光开关,gxhl.switch.7zds12,gxhl.switch.7zds12.png,
插座开关,其他品牌,8键智能复合开关mesh版,lemesh.switch.sw8a01,lemesh.switch.sw8a01.png,
插座开关,其他品牌,AE智能开关(MESH) 一开,090615.switch.aikw1,090615.switch.aikw1.png,
插座开关,其他品牌,AE智能开关(MESH) 三开,090615.switch.aikw3,090615.switch.aikw3.png,
插座开关,其他品牌,AE智能开关(MESH) 二开,090615.switch.aikw2,090615.switch.aikw2.png,
插座开关,其他品牌,Ai home 智能屏幕开关,yyzn.switch.sw3a03,yyzn.switch.sw3a03.png,
插座开关,其他品牌,Ai 智能一键Mesh开关,babai.switch.201m,babai.switch.201m.png,
插座开关,其他品牌,Ai 智能一键Mesh开关（单火版）,babai.switch.201ml,babai.switch.201ml.png,
插座开关,其他品牌,Ai 智能一键WiFi开关,babai.switch.bb101s,babai.switch.bb101s.png,
插座开关,其他品牌,Ai 智能一键开关(MESH单火),babai.switch.301ml,babai.switch.301ml.png,
插座开关,其他品牌,Ai 智能一键开关(MESH零火),babai.switch.301m,babai.switch.301m.png,
插座开关,其他品牌,Ai 智能一键开关（WiFi双模）,babai.switch.201s,babai.switch.201s.png,
插座开关,其他品牌,Ai 智能三键Mesh开关,babai.switch.203m,babai.switch.203m.png,
插座开关,其他品牌,Ai 智能三键Mesh开关（单火版）,babai.switch.203ml,babai.switch.203ml.png,
插座开关,其他品牌,Ai 智能三键WiFi开关,babai.switch.bb103s,babai.switch.bb103s.png,
插座开关,其他品牌,Ai 智能三键开关(MESH单火),babai.switch.303ml,babai.switch.303ml.png,
插座开关,其他品牌,Ai 智能三键开关(MESH零火),babai.switch.303m,babai.switch.303m.png,
插座开关,其他品牌,Ai 智能三键开关（WiFi双模）,babai.switch.203s,babai.switch.203s.png,
插座开关,其他品牌,Ai 智能二键Mesh开关,babai.switch.202m,babai.switch.202m.png,
插座开关,其他品牌,Ai 智能二键Mesh开关（单火版）,babai.switch.202ml,babai.switch.202ml.png,
插座开关,其他品牌,Ai 智能二键WiFi开关,babai.switch.bb102s,babai.switch.bb102s.png,
插座开关,其他品牌,Ai 智能二键开关(MESH单火),babai.switch.302ml,babai.switch.302ml.png,
插座开关,其他品牌,Ai 智能二键开关(MESH零火),babai.switch.302m,babai.switch.302m.png,
插座开关,其他品牌,Ai 智能二键开关（WiFi双模）,babai.switch.202s,babai.switch.202s.png,
插座开关,其他品牌,Ai 智能八键开关(MESH单火),babai.switch.308ml,babai.switch.308ml.png,
插座开关,其他品牌,Ai 智能八键开关(MESH零火),babai.switch.308m,babai.switch.308m.png,
插座开关,其他品牌,Ai 智能四键开关(MESH单火),babai.switch.304ml,babai.switch.304ml.png,
插座开关,其他品牌,Ai 智能四键开关(MESH零火),babai.switch.304m,babai.switch.304m.png,
插座开关,其他品牌,Ai 智能通断器(MESH),babai.switch.th01m,babai.switch.th01m.png,
插座开关,其他品牌,Ai-Thinker 智能插座,180.plug.plug0001,180.plug.plug0001.png,
插座开关,其他品牌,Azena 蓝牙智能零火版三联开关,090615.switch.azsw03,090615.switch.azsw03.png,
插座开关,其他品牌,Azena 蓝牙智能零火版单联开关,090615.switch.azsw01,090615.switch.azsw01.png,
插座开关,其他品牌,Azena 蓝牙智能零火版双联开关,090615.switch.azsw02,090615.switch.azsw02.png,
插座开关,其他品牌,Babuy Wi-Fi 智能插座,babai.plug.sk01a,babai.plug.sk01a.png,
插座开关,其他品牌,Babuy 二三极智能插座,babai.plug.sk86a,babai.plug.sk86a.png,
插座开关,其他品牌,CJZZ 智能燃气报警开关,cjzz.switch.002,cjzz.switch.002.png,
插座开关,其他品牌,F1 MESH一位开关,mcosu.switch.pipaf1,mcosu.switch.pipaf1.png,
插座开关,其他品牌,F1 MESH三位开关,mcosu.switch.pipaf3,mcosu.switch.pipaf3.png,
插座开关,其他品牌,F1 MESH二位开关,mcosu.switch.pipaf2,mcosu.switch.pipaf2.png,
插座开关,其他品牌,F1 MESH四位开关,mcosu.switch.pipaf4,mcosu.switch.pipaf4.png,
插座开关,其他品牌,FTD智能通断器Pro(MESH),ftd.switch.swttdq,ftd.switch.swttdq.png,
插座开关,其他品牌,GAMDER V90彩屏一键开关,tnv.switch.sw1b01,tnv.switch.sw1b01.png,
插座开关,其他品牌,GAMDER V90彩屏三键开关,tnv.switch.sw3b01,tnv.switch.sw3b01.png,
插座开关,其他品牌,GAMDER V90彩屏二键开关,tnv.switch.sw2b01,tnv.switch.sw2b01.png,
插座开关,其他品牌,GAMDER V90彩屏四键开关,tnv.switch.sw4b01,tnv.switch.sw4b01.png,
插座开关,其他品牌,GR谷雨智能一键开关,090615.switch.x6gr1,090615.switch.x6gr1.png,
插座开关,其他品牌,GR谷雨智能三键开关,090615.switch.x6gr3,090615.switch.x6gr3.png,
插座开关,其他品牌,GR谷雨智能二键开关,090615.switch.x6gr2,090615.switch.x6gr2.png,
插座开关,其他品牌,GR谷雨智能六键开关,090615.switch.x6gr6,090615.switch.x6gr6.png,
插座开关,其他品牌,GR谷雨智能四键开关,090615.switch.x6gr4,090615.switch.x6gr4.png,
插座开关,其他品牌,GSD一键智能开关,gsd.switch.sw1a01,gsd.switch.sw1a01.png,
插座开关,其他品牌,GSD三键智能开关,gsd.switch.sw3a01,gsd.switch.sw3a01.png,
插座开关,其他品牌,GSD二键智能开关,gsd.switch.sw2a01,gsd.switch.sw2a01.png,
插座开关,其他品牌,GSD八键智能开关,gsd.switch.sw8a01,gsd.switch.sw8a01.png,
插座开关,其他品牌,GSD四键智能开关,gsd.switch.sw4a01,gsd.switch.sw4a01.png,
插座开关,其他品牌,Gosvn高山领航一位智慧开关WiFi版,gosvn.switch.sw1a01,gosvn.switch.sw1a01.png,
插座开关,其他品牌,Gosvn高山领航三位智慧开关WiFi版,gosvn.switch.sw3a01,gosvn.switch.sw3a01.png,
插座开关,其他品牌,Gosvn高山领航二位智慧开关WiFi版,gosvn.switch.sw2a01,gosvn.switch.sw2a01.png,
插座开关,其他品牌,Gosvn高山领航智能阀门控制器WiFi版,gosvn.switch.sw0a01,gosvn.switch.sw0a01.png,
插座开关,其他品牌,Gra电计量控制器V8（Mesh）,giot.plug.v8icm,giot.plug.v8icm.png,
插座开关,其他品牌,H 智能三键开关 (MESH),090615.switch.hmb032,090615.switch.hmb032.png,
插座开关,其他品牌,H 智能单键开关 (MESH),090615.switch.hmb012,090615.switch.hmb012.png,
插座开关,其他品牌,H 智能双键开关 (MESH),090615.switch.hmb022,090615.switch.hmb022.png,
插座开关,其他品牌,HOMRAY智能开关一键,090615.switch.hmsw01,090615.switch.hmsw01.png,
插座开关,其他品牌,HOMRAY智能开关三键,090615.switch.hmsw03,090615.switch.hmsw03.png,
插座开关,其他品牌,HOMRAY智能开关二键,090615.switch.hmsw02,090615.switch.hmsw02.png,
插座开关,其他品牌,HT一键智能开关mesh版,lemesh.switch.sw1h01,lemesh.switch.sw1h01.png,
插座开关,其他品牌,HT三键智能开关mesh版,lemesh.switch.sw3h01,lemesh.switch.sw3h01.png,
插座开关,其他品牌,HT二键智能开关mesh版,lemesh.switch.sw2h01,lemesh.switch.sw2h01.png,
插座开关,其他品牌,HT六键智能开关mesh版,lemesh.switch.sw4a03,lemesh.switch.sw4a03.png,
插座开关,其他品牌,HT四键智能开关Mesh版,lemesh.switch.sw4h01,lemesh.switch.sw4h01.png,
插座开关,其他品牌,HT插卡取电开关,lemesh.cs.swk01,lemesh.cs.swk01.png,
插座开关,其他品牌,Kanway 轻触开关零火D-4K,kanway.switch.sw4a01,kanway.switch.sw4a01.png,
插座开关,其他品牌,LRN思维科高低压双路开关,lrn.switch.sw2a01,lrn.switch.sw2a01.png,
插座开关,其他品牌,LX智能开关-三键BLE-Mesh版,lxun.switch.lxnsw3,lxun.switch.lxnsw3.png,
插座开关,其他品牌,MAXBORN 智能三键开关,090615.switch.x6se3,090615.switch.x6se3.png,
插座开关,其他品牌,MAXBORN 智能单键开关,090615.switch.x6se1,090615.switch.x6se1.png,
插座开关,其他品牌,MAXBORN 智能双键开关,090615.switch.x6se2,090615.switch.x6se2.png,
插座开关,其他品牌,MM一位扩展智能开关,mmdq.switch.bln31,mmdq.switch.bln31.png,
插座开关,其他品牌,MM三位扩展智能开关,mmdq.switch.bln33,mmdq.switch.bln33.png,
插座开关,其他品牌,MM二位扩展智能开关,mmdq.switch.bln32,mmdq.switch.bln32.png,
插座开关,其他品牌,MM四位扩展智能开关,mmdq.switch.bln34,mmdq.switch.bln34.png,
插座开关,其他品牌,Mesh智能插座系列V1,cxw.plug.v1,cxw.plug.v1.png,
插座开关,其他品牌,Mesh智能通断器系列V1,cxw.switch.swv01,cxw.switch.swv01.png,
插座开关,其他品牌,PD通断器(WiFi),wfxx.relay.asdasd,wfxx.relay.asdasd.png,
插座开关,其他品牌,PIPA智能一键开关MESH,mcosu.switch.pipam1,mcosu.switch.pipam1.png,
插座开关,其他品牌,PIPA智能三键开关MESH,mcosu.switch.pipam3,mcosu.switch.pipam3.png,
插座开关,其他品牌,PIPA智能二键开关MESH,mcosu.switch.pipam2,mcosu.switch.pipam2.png,
插座开关,其他品牌,QD智能通断器Mesh版,iot.switch.tdq3,iot.switch.tdq3.png,
插座开关,其他品牌,QD智能通断器WiFi版,iot.switch.bjtdq5,iot.switch.bjtdq5.png,
插座开关,其他品牌,QM单火开关（三键）,qjiang.switch.fire3,qjiang.switch.fire3.png,
插座开关,其他品牌,QM单火开关（单键）,qjiang.switch.fire1,qjiang.switch.fire1.png,
插座开关,其他品牌,QM单火开关（双键）,qjiang.switch.fire2,qjiang.switch.fire2.png,
插座开关,其他品牌,QM智能Mesh开关G系列（三键）,qjiang.switch.12gsw3,qjiang.switch.12gsw3.png,
插座开关,其他品牌,QM智能Mesh开关G系列（单键）,qjiang.switch.12gsw1,qjiang.switch.12gsw1.png,
插座开关,其他品牌,QM智能Mesh开关G系列（双键）,qjiang.switch.12gsw2,qjiang.switch.12gsw2.png,
插座开关,其他品牌,QM智能Mesh开关G系列（四键）,qjiang.switch.12gsw4,qjiang.switch.12gsw4.png,
插座开关,其他品牌,QM智能Mesh开关P系列（三键）,qjiang.switch.b12sw3,qjiang.switch.b12sw3.png,
插座开关,其他品牌,QM智能Mesh开关P系列（单键）,qjiang.switch.b12sw1,qjiang.switch.b12sw1.png,
插座开关,其他品牌,QM智能Mesh开关P系列（双键）,qjiang.switch.b12sw2,qjiang.switch.b12sw2.png,
插座开关,其他品牌,QM智能Mesh开关P系列（四键）,qjiang.switch.b12sw4,qjiang.switch.b12sw4.png,
插座开关,其他品牌,QM智能Mesh开关S系列（三键）,qjiang.switch.12ssw3,qjiang.switch.12ssw3.png,
插座开关,其他品牌,QM智能Mesh开关S系列（单键）,qjiang.switch.12ssw1,qjiang.switch.12ssw1.png,
插座开关,其他品牌,QM智能Mesh开关S系列（双键）,qjiang.switch.12ssw2,qjiang.switch.12ssw2.png,
插座开关,其他品牌,QM智能Mesh开关S系列（四键）,qjiang.switch.12ssw4,qjiang.switch.12ssw4.png,
插座开关,其他品牌,QM智能Mesh开关U系列（三键）,qjiang.switch.11ssw3,qjiang.switch.11ssw3.png,
插座开关,其他品牌,QM智能Mesh开关U系列（单键）,qjiang.switch.11ssw1,qjiang.switch.11ssw1.png,
插座开关,其他品牌,QM智能Mesh开关U系列（双键）,qjiang.switch.11ssw2,qjiang.switch.11ssw2.png,
插座开关,其他品牌,QM智能Mesh情景开关Q系列（一位复合开关）,qjiang.switch.12qj01,qjiang.switch.12qj01.png,
插座开关,其他品牌,QM智能Mesh情景开关Q系列（三位复合开关）,qjiang.switch.12qj03,qjiang.switch.12qj03.png,
插座开关,其他品牌,QM智能Mesh情景开关Q系列（二位复合开关）,qjiang.switch.12qj02,qjiang.switch.12qj02.png,
插座开关,其他品牌,QM智能Mesh情景开关Q系列（四位复合开关）,qjiang.switch.12qj04,qjiang.switch.12qj04.png,
插座开关,其他品牌,QM智能Mesh插座,qjiang.plug.v1,qjiang.plug.v1.png,
插座开关,其他品牌,QM智能WiFi插座,qjiang.plug.v2,qjiang.plug.v2.png,
插座开关,其他品牌,QM智能开关（三键）,qjiang.switch.fire33,qjiang.switch.fire33.png,
插座开关,其他品牌,QM智能开关（单键）,qjiang.switch.fire11,qjiang.switch.fire11.png,
插座开关,其他品牌,QM智能开关（双键）,qjiang.switch.firey2,qjiang.switch.firey2.png,
插座开关,其他品牌,QM智能开关（四键）,qjiang.switch.firey4,qjiang.switch.firey4.png,
插座开关,其他品牌,RX八键复合面板零火mesh版,kk2022.switch.sw8a01,kk2022.switch.sw8a01.png,
插座开关,其他品牌,SZGL智能感应开关四键Mesh版,ddy.switch.sw4a02,ddy.switch.sw4a02.png,
插座开关,其他品牌,ThoughtHome智能通断器,babai.switch.th01a,babai.switch.th01a.png,
插座开关,其他品牌,UZ一位单零火兼容开关,topwit.switch.rzw63,topwit.switch.rzw63.png,
插座开关,其他品牌,UZ一位零火屏显开关,topwit.switch.rzw64,topwit.switch.rzw64.png,
插座开关,其他品牌,UZ一位零火开关2,topwit.switch.rzw43,topwit.switch.rzw43.png,
插座开关,其他品牌,UZ三位单零火兼容开关,topwit.switch.rzw61,topwit.switch.rzw61.png,
插座开关,其他品牌,UZ三位零火屏显开关,topwit.switch.rzw66,topwit.switch.rzw66.png,
插座开关,其他品牌,UZ三位零火开关2,topwit.switch.rzw45,topwit.switch.rzw45.png,
插座开关,其他品牌,UZ二位单零火兼容开关,topwit.switch.rzw62,topwit.switch.rzw62.png,
插座开关,其他品牌,UZ二位零火屏显开关,topwit.switch.rzw65,topwit.switch.rzw65.png,
插座开关,其他品牌,UZ二位零火开关2,topwit.switch.rzw44,topwit.switch.rzw44.png,
插座开关,其他品牌,UZ四位单零火兼容开关,topwit.switch.rzw59,topwit.switch.rzw59.png,
插座开关,其他品牌,UZ四位零火屏显开关,topwit.switch.rzw67,topwit.switch.rzw67.png,
插座开关,其他品牌,UZ四位零火开关1,topwit.switch.rzw52,topwit.switch.rzw52.png,
插座开关,其他品牌,UZ四位零火开关2,topwit.switch.rzw46,topwit.switch.rzw46.png,
插座开关,其他品牌,UZ插卡取电器,topwit.cs.rzw47,topwit.cs.rzw47.png,
插座开关,其他品牌,UZ零火开关（一键）,topwit.switch.iwnw01,topwit.switch.iwnw01.png,
插座开关,其他品牌,UZ零火开关（三键）,topwit.switch.iwnw03,topwit.switch.iwnw03.png,
插座开关,其他品牌,UZ零火开关（二键）,topwit.switch.iwnw02,topwit.switch.iwnw02.png,
插座开关,其他品牌,V3智能单插（Mesh）,giot.plug.v3shsm,giot.plug.v3shsm.png,
插座开关,其他品牌,V3智能通断器（Mesh）,giot.switch.v3oodm,giot.switch.v3oodm.png,
插座开关,其他品牌,V5无线一键开关 （BLE）,giot.remote.v51kwm,giot.remote.v51kwm.png,
插座开关,其他品牌,V5无线三键开关 （BLE）,giot.remote.v53kwm,giot.remote.v53kwm.png,
插座开关,其他品牌,V5无线二键开关 （BLE）,giot.remote.v52kwm,giot.remote.v52kwm.png,
插座开关,其他品牌,V5无线八键开关 （BLE）,giot.remote.v58kwm,giot.remote.v58kwm.png,
插座开关,其他品牌,V5无线六键开关（BLE）,giot.remote.v56kwm,giot.remote.v56kwm.png,
插座开关,其他品牌,V5无线四键开关 （BLE）,giot.remote.v54kwm,giot.remote.v54kwm.png,
插座开关,其他品牌,V5智能一键开关（Mesh）,giot.switch.v51ksm,giot.switch.v51ksm.png,
插座开关,其他品牌,V5智能三键开关（Mesh）,giot.switch.v53ksm,giot.switch.v53ksm.png,
插座开关,其他品牌,V5智能二键开关（Mesh）,giot.switch.v52ksm,giot.switch.v52ksm.png,
插座开关,其他品牌,V5智能四键开关（Mesh）,giot.switch.v54ksm,giot.switch.v54ksm.png,
插座开关,其他品牌,V6智能一路开关（Mesh）,giot.switch.v61ksm,giot.switch.v61ksm.png,
插座开关,其他品牌,V6智能三路开关（Mesh）,giot.switch.v63ksm,giot.switch.v63ksm.png,
插座开关,其他品牌,V6智能二路开关（Mesh）,giot.switch.v62ksm,giot.switch.v62ksm.png,
插座开关,其他品牌,V6智能单插（Mesh）,giot.plug.v6shsm,giot.plug.v6shsm.png,
插座开关,其他品牌,V6智能四路开关（Mesh）,giot.switch.v64ksm,giot.switch.v64ksm.png,
插座开关,其他品牌,V6智能通断器（Mesh）,giot.switch.v6oodm,giot.switch.v6oodm.png,
插座开关,其他品牌,V8Gra智能一路开关（Mesh2.0）,giot.switch.v81ksm,giot.switch.v81ksm.png,
插座开关,其他品牌,V8Gra智能三路开关（Mesh2.0）,giot.switch.v83ksm,giot.switch.v83ksm.png,
插座开关,其他品牌,V8Gra智能二路开关（Mesh2.0）,giot.switch.v82ksm,giot.switch.v82ksm.png,
插座开关,其他品牌,V8Gra智能四路开关（Mesh2.0）,giot.switch.v84ksm,giot.switch.v84ksm.png,
插座开关,其他品牌,WISE情景智慧屏开关,wise.switch.sw2a01,wise.switch.sw2a01.png,
插座开关,其他品牌,ZF 一位智能开关〔N7-ZK01-AXM〕,zhefa.switch.zero11,zhefa.switch.zero11.png,
插座开关,其他品牌,ZF 三位智能开关〔N7-ZK03-AXM〕,zhefa.switch.zero33,zhefa.switch.zero33.png,
插座开关,其他品牌,ZF 二位智能开关〔N7-ZK02-AXM〕,zhefa.switch.zero22,zhefa.switch.zero22.png,
插座开关,其他品牌,ZF 四位智能开关〔N7-ZK04-AXM〕,zhefa.switch.zero44,zhefa.switch.zero44.png,
插座开关,其他品牌,ZT 智能开关1键,tnv.switch.sw1c01,tnv.switch.sw1c01.png,
插座开关,其他品牌,ZT 智能开关2键,tnv.switch.sw2c01,tnv.switch.sw2c01.png,
插座开关,其他品牌,ZT 智能开关3键,tnv.switch.sw3c01,tnv.switch.sw3c01.png,
插座开关,其他品牌,ZT 智能开关4键,tnv.switch.sw4c01,tnv.switch.sw4c01.png,
插座开关,其他品牌,ahorro奥能蓝牙1开,babai.switch.ah1ml,babai.switch.ah1ml.png,
插座开关,其他品牌,ahorro奥能蓝牙2开,babai.switch.ah2m,babai.switch.ah2m.png,
插座开关,其他品牌,ahorro奥能蓝牙3开,babai.switch.ah3m,babai.switch.ah3m.png,
插座开关,其他品牌,ahorro奥能蓝牙4开,babai.switch.ah4m,babai.switch.ah4m.png,
插座开关,其他品牌,seebest智能调光器（蓝牙Mesh版）,beiyun.switch.250c,beiyun.switch.250c.png,
插座开关,其他品牌,一位开关-单火Mesh版,frfox.switch.bl01,frfox.switch.bl01.png,
插座开关,其他品牌,一位零火Mesh开关,topwit.switch.bln01,topwit.switch.bln01.png,
插座开关,其他品牌,一键智能开关(WIFI),090615.switch.switch01,090615.switch.switch01.png,
插座开关,其他品牌,一键智能开关mesh版,lemesh.switch.sw1a02,lemesh.switch.sw1a02.png,
插座开关,其他品牌,一键智能开关（零火mesh）,hyzngc.switch.zm0601,hyzngc.switch.zm0601.png,
插座开关,其他品牌,一键轻触开关WiFi X1版,leshi.switch.sw1b01,leshi.switch.sw1b01.png,
插座开关,其他品牌,三位开关-单火Mesh版,frfox.switch.bl03,frfox.switch.bl03.png,
插座开关,其他品牌,三位无线场景面板,topwit.remote.ru03,topwit.remote.ru03.png,
插座开关,其他品牌,三位零火Mesh开关,topwit.switch.bln03,topwit.switch.bln03.png,
插座开关,其他品牌,三键开关-单火Mesh版,bean.switch.bl03,bean.switch.bl03.png,
插座开关,其他品牌,三键开关-零火Mesh版,bean.switch.bln03,bean.switch.bln03.png,
插座开关,其他品牌,三键智能单火开关mesh版,lemesh.switch.sw3b01,lemesh.switch.sw3b01.png,
插座开关,其他品牌,三键智能开关(WIFI),090615.switch.switch03,090615.switch.switch03.png,
插座开关,其他品牌,三键智能开关mesh版,lemesh.switch.sw3a02,lemesh.switch.sw3a02.png,
插座开关,其他品牌,三键智能开关（零火mesh）,hyzngc.switch.zm0603,hyzngc.switch.zm0603.png,
插座开关,其他品牌,三键灯控面板零火mesh版,kk2022.switch.sw3a01,kk2022.switch.sw3a01.png,
插座开关,其他品牌,三键轻触开关WiFi X1版,leshi.switch.sw3b01,leshi.switch.sw3b01.png,
插座开关,其他品牌,乐智狗WIFI灯具通断器,dhzn.switch.sw0a01,dhzn.switch.sw0a01.png,
插座开关,其他品牌,二位开关-单火Mesh版,frfox.switch.bl02,frfox.switch.bl02.png,
插座开关,其他品牌,二位零火Mesh开关,topwit.switch.bln02,topwit.switch.bln02.png,
插座开关,其他品牌,二键智能开关(WIFI),090615.switch.switch02,090615.switch.switch02.png,
插座开关,其他品牌,二键智能开关mesh版,lemesh.switch.sw2a02,lemesh.switch.sw2a02.png,
插座开关,其他品牌,二键智能开关（零火mesh）,hyzngc.switch.zm0602,hyzngc.switch.zm0602.png,
插座开关,其他品牌,二键轻触开关WiFi X1版,leshi.switch.sw2b01,leshi.switch.sw2b01.png,
插座开关,其他品牌,八情景调光调色智能旋钮,cxw.remote.ble006,cxw.remote.ble006.png,
插座开关,其他品牌,八键情景面板V1,cxw.remote.panv01,cxw.remote.panv01.png,
插座开关,其他品牌,八键无线情景开关,lemesh.remote.ts1,lemesh.remote.ts1.png,
插座开关,其他品牌,六路开关模块,zjcx.switch.s6,zjcx.switch.s6.png,
插座开关,其他品牌,初冠智能一键WiFi开关,cgzn.switch.cgwt01,cgzn.switch.cgwt01.png,
插座开关,其他品牌,单火智能墙壁开关（MESH 三键）,linp.switch.wq4sb3,linp.switch.wq4sb3.png,
插座开关,其他品牌,单火智能墙壁开关（MESH 单键）,linp.switch.wq4sb1,linp.switch.wq4sb1.png,
插座开关,其他品牌,单火智能墙壁开关（MESH 双键）,linp.switch.wq4sb2,linp.switch.wq4sb2.png,
插座开关,其他品牌,单键开关-单火Mesh版,bean.switch.bl01,bean.switch.bl01.png,
插座开关,其他品牌,单键开关-零火Mesh版,bean.switch.bln01,bean.switch.bln01.png,
插座开关,其他品牌,单键灯控面板零火mesh版,kk2022.switch.sw1a01,kk2022.switch.sw1a01.png,
插座开关,其他品牌,南尔智能音乐中控主机,naner.controller.86m,naner.controller.86m.png,
插座开关,其他品牌,南福智能开关 NIF-D2K4,nanfu.remote.nl2v4,nanfu.remote.nl2v4.png,
插座开关,其他品牌,双键开关-单火Mesh版,bean.switch.bl02,bean.switch.bl02.png,
插座开关,其他品牌,双键开关-零火Mesh版,bean.switch.bln02,bean.switch.bln02.png,
插座开关,其他品牌,双键灯控面板零火mesh版,kk2022.switch.sw2a01,kk2022.switch.sw2a01.png,
插座开关,其他品牌,噼啪16路开关通断器,090615.switch.pi16sw,090615.switch.pi16sw.png,
插座开关,其他品牌,四位单火Mesh开关,topwit.switch.rzw05,topwit.switch.rzw05.png,
插座开关,其他品牌,四位零火Mesh开关,topwit.switch.bln04,topwit.switch.bln04.png,
插座开关,其他品牌,四键单火开关V2-Mesh版,bean.switch.bl04,bean.switch.bl04.png,
插座开关,其他品牌,四键开关-零火Mesh版,bean.switch.bln04,bean.switch.bln04.png,
插座开关,其他品牌,四键智能开关mesh版,lemesh.switch.sw4a02,lemesh.switch.sw4a02.png,
插座开关,其他品牌,四键智能开关（零火mesh）,hyzngc.switch.zm0604,hyzngc.switch.zm0604.png,
插座开关,其他品牌,四键灯控面板零火mesh版,kk2022.switch.sw4a01,kk2022.switch.sw4a01.png,
插座开关,其他品牌,墙壁侠M4智能旋钮无线开关,qbx.remote.sw7a01,qbx.remote.sw7a01.png,
插座开关,其他品牌,奥多朗智能轨道转换插座,adl001.plug.itcs,adl001.plug.itcs.png,
插座开关,其他品牌,小R智能双控开关,riot.switch.001,riot.switch.001.png,
插座开关,其他品牌,小微情景MESH通断器,fyw.switch.sw0a01,fyw.switch.sw0a01.png,
插座开关,其他品牌,小锐wifi智能插座-基础版,riot.plug.003,riot.plug.003.png,
插座开关,其他品牌,希小智插座精灵,riot.plug.006,riot.plug.006.png,
插座开关,其他品牌,希崖智能断路器,dfwlw.switch.xy02,dfwlw.switch.xy02.png,
插座开关,其他品牌,开关通断器C3版,lemesh.switch.sw0c01,lemesh.switch.sw0c01.png,
插座开关,其他品牌,开关通断器WIFI X版,leshi.switch.v002,leshi.switch.v002.png,
插座开关,其他品牌,微断云控智能控制器,hey.relay.h100,hey.relay.h100.png,
插座开关,其他品牌,微断云控智能断路器N1,hey.plug.n100,hey.plug.n100.png,
插座开关,其他品牌,情景Mesh一键开关Pro,lemesh.switch.sw1f01,lemesh.switch.sw1f01.png,
插座开关,其他品牌,情景Mesh一键开关Ultra,lemesh.switch.sw1f11,lemesh.switch.sw1f11.png,
插座开关,其他品牌,情景Mesh一键开关V2S版,lemesh.switch.sw3g01,lemesh.switch.sw3g01.png,
插座开关,其他品牌,情景Mesh三键开关Pro,lemesh.switch.sw3f01,lemesh.switch.sw3f01.png,
插座开关,其他品牌,情景Mesh三键开关Ultra,lemesh.switch.sw3f13,lemesh.switch.sw3f13.png,
插座开关,其他品牌,情景Mesh三键开关V2S版,lemesh.switch.sw3g03,lemesh.switch.sw3g03.png,
插座开关,其他品牌,情景Mesh二键开关Pro,lemesh.switch.sw2f01,lemesh.switch.sw2f01.png,
插座开关,其他品牌,情景Mesh二键开关Ultra,lemesh.switch.sw2f12,lemesh.switch.sw2f12.png,
插座开关,其他品牌,情景Mesh二键开关V2S版,lemesh.switch.sw3g02,lemesh.switch.sw3g02.png,
插座开关,其他品牌,情景Mesh四键开关Pro,lemesh.switch.sw4f01,lemesh.switch.sw4f01.png,
插座开关,其他品牌,情景Mesh四键开关Ultra,lemesh.switch.sw4f14,lemesh.switch.sw4f14.png,
插座开关,其他品牌,情景Mesh通断器TM系列,lemesh.switch.sw0a02,lemesh.switch.sw0a02.png,
插座开关,其他品牌,情景Mesh通断器V2S系列,lemesh.switch.sw0a04,lemesh.switch.sw0a04.png,
插座开关,其他品牌,情景mesh通断器,lemesh.switch.sw0a01,lemesh.switch.sw0a01.png,
插座开关,其他品牌,情景mesh通断器DBS版,dwdz.switch.sw0a01,dwdz.switch.sw0a01.png,
插座开关,其他品牌,情景旋钮遥控器Alpha,lemesh.remote.ts10,lemesh.remote.ts10.png,
插座开关,其他品牌,情景无线开关,lemesh.remote.ts0,lemesh.remote.ts0.png,
插座开关,其他品牌,情景无线开关K1,lemesh.remote.ts9,lemesh.remote.ts9.png,
插座开关,其他品牌,情景无线开关K2,lemesh.remote.ts8,lemesh.remote.ts8.png,
插座开关,其他品牌,情景无线开关K3,lemesh.remote.ts7,lemesh.remote.ts7.png,
插座开关,其他品牌,情景无线开关K4,lemesh.remote.ts6,lemesh.remote.ts6.png,
插座开关,其他品牌,情景无线开关K6,lemesh.remote.ts5,lemesh.remote.ts5.png,
插座开关,其他品牌,情景无线开关S,lemesh.remote.ts00,lemesh.remote.ts00.png,
插座开关,其他品牌,情景无线旋钮开关K4,lemesh.remote.ts4,lemesh.remote.ts4.png,
插座开关,其他品牌,情景智慧屏开关,lemesh.switch.sw2d02,lemesh.switch.sw2d02.png,
插座开关,其他品牌,数字断路器,rjkj.switch.b103,rjkj.switch.b103.png,
插座开关,其他品牌,无线物联零火三键开关,gran.switch.three,gran.switch.three.png,
插座开关,其他品牌,无线物联零火单键开关,gran.switch.one,gran.switch.one.png,
插座开关,其他品牌,无线物联零火双键开关,gran.switch.two1,gran.switch.two1.png,
插座开关,其他品牌,无线物联零火四键开关,gran.switch.four,gran.switch.four.png,
插座开关,其他品牌,智悦智能插座,ydsemi.switch.cz03,ydsemi.switch.cz03.png,
插座开关,其他品牌,智拉斐三键零火灯控开关（D5）,slf.switch.lh3d5,slf.switch.lh3d5.png,
插座开关,其他品牌,智拉斐三键零火灯控开关（HR7）,slf.switch.sw3b01,slf.switch.sw3b01.png,
插座开关,其他品牌,智拉斐三键零火灯控开关（Y8）,slf.switch.sw3a01,slf.switch.sw3a01.png,
插座开关,其他品牌,智拉斐六键零火场景开关（D5）,slf.remote.lh6d5,slf.remote.lh6d5.png,
插座开关,其他品牌,智拉斐单键零火灯控开关（D5）,slf.switch.lh1d5,slf.switch.lh1d5.png,
插座开关,其他品牌,智拉斐单键零火灯控开关（HR7）,slf.switch.sw1b01,slf.switch.sw1b01.png,
插座开关,其他品牌,智拉斐双键零火灯控开关（D5）,slf.switch.lh2d5,slf.switch.lh2d5.png,
插座开关,其他品牌,智拉斐双键零火灯控开关（HR7）,slf.switch.sw2b01,slf.switch.sw2b01.png,
插座开关,其他品牌,智拉斐双键零火灯控开关（Y8）,slf.switch.sw2a01,slf.switch.sw2a01.png,
插座开关,其他品牌,智拉斐四键零火场景开关（D5）,slf.remote.lh4d5,slf.remote.lh4d5.png,
插座开关,其他品牌,智拉斐四键零火灯控开关（D5）,slf.switch.lh4d5,slf.switch.lh4d5.png,
插座开关,其他品牌,智拉斐四键零火灯控开关（HR7）,slf.switch.sw4b01,slf.switch.sw4b01.png,
插座开关,其他品牌,智拉斐四键零火灯控开关（Y8）,slf.switch.sw4a01,slf.switch.sw4a01.png,
插座开关,其他品牌,智拉斐智能二三极插座（D8）,slf.plug.sw0a01,slf.plug.sw0a01.png,
插座开关,其他品牌,智有范 2键智能开关,ailol.switch.sw1a01,ailol.switch.sw1a01.png,
插座开关,其他品牌,智有范 4键智能开关,ailol.switch.sw2a01,ailol.switch.sw2a01.png,
插座开关,其他品牌,智有范 6键智能开关,ailol.switch.sw3a01,ailol.switch.sw3a01.png,
插座开关,其他品牌,智有范 8键智能开关,ailol.switch.sw4a01,ailol.switch.sw4a01.png,
插座开关,其他品牌,智有范F2智能旋钮遥控器,ailol.remote.ts4,ailol.remote.ts4.png,
插座开关,其他品牌,智能86插座(WIFI),090615.plug.plus01,090615.plug.plus01.png,
插座开关,其他品牌,智能8键复合开关mesh版,lxun.switch.sw08,lxun.switch.sw08.png,
插座开关,其他品牌,智能一键开关S1-Mesh版,bean.switch.blns1,bean.switch.blns1.png,
插座开关,其他品牌,智能一键开关S2-Mesh版,bean.switch.bln31,bean.switch.bln31.png,
插座开关,其他品牌,智能一键开关（零火mesh）,hyzngc.switch.hy0601,hyzngc.switch.hy0601.png,
插座开关,其他品牌,智能三键开关S1-Mesh版,bean.switch.blns3,bean.switch.blns3.png,
插座开关,其他品牌,智能三键开关S2-Mesh版,bean.switch.bln33,bean.switch.bln33.png,
插座开关,其他品牌,智能三键开关（零火mesh）,hyzngc.switch.hy0603,hyzngc.switch.hy0603.png,
插座开关,其他品牌,智能二键开关S1-Mesh版,bean.switch.blns2,bean.switch.blns2.png,
插座开关,其他品牌,智能二键开关S2-Mesh版,bean.switch.bln32,bean.switch.bln32.png,
插座开关,其他品牌,智能二键开关（零火mesh）,hyzngc.switch.hy0602,hyzngc.switch.hy0602.png,
插座开关,其他品牌,智能六键开关S2-Mesh版,bean.switch.bln36,bean.switch.bln36.png,
插座开关,其他品牌,智能四键开关S2-Mesh版,bean.switch.bln34,bean.switch.bln34.png,
插座开关,其他品牌,智能墙壁插座WiFi版,zinguo.plug.c2m,zinguo.plug.c2m.png,
插座开关,其他品牌,智能开关-一键mesh版,lxun.switch.lxswm1,lxun.switch.lxswm1.png,
插座开关,其他品牌,智能开关-三键mesh版,lxun.switch.lxkgm1,lxun.switch.lxkgm1.png,
插座开关,其他品牌,智能开关-二键mesh版,lxun.switch.lxswm2,lxun.switch.lxswm2.png,
插座开关,其他品牌,智能开关-四键mesh版,lxun.switch.lxswm4,lxun.switch.lxswm4.png,
插座开关,其他品牌,智能开关单火一位（Mesh）,topwit.switch.rzw24,topwit.switch.rzw24.png,
插座开关,其他品牌,智能开关单火三位（Mesh）,topwit.switch.rzw28,topwit.switch.rzw28.png,
插座开关,其他品牌,智能开关单火二位（Mesh）,topwit.switch.rzw25,topwit.switch.rzw25.png,
插座开关,其他品牌,智能开关单火四位（Mesh）,topwit.switch.rzw30,topwit.switch.rzw30.png,
插座开关,其他品牌,智能开关零火一位（Mesh）,topwit.switch.rzw31,topwit.switch.rzw31.png,
插座开关,其他品牌,智能开关零火三位（Mesh）,topwit.switch.rzw33,topwit.switch.rzw33.png,
插座开关,其他品牌,智能开关零火二位（Mesh）,topwit.switch.rzw32,topwit.switch.rzw32.png,
插座开关,其他品牌,智能开关零火四位（Mesh）,topwit.switch.rzw34,topwit.switch.rzw34.png,
插座开关,其他品牌,智能插卡取电mesh版,lxun.cs.ckqd01,lxun.cs.ckqd01.png,
插座开关,其他品牌,智能插座P1,iot.plug.socn1,iot.plug.socn1.png,
插座开关,其他品牌,智能无线墙充,pwzn.plug.banana,pwzn.plug.banana.png,
插座开关,其他品牌,智能移动插座(WIFI),090615.plug.plus02,090615.plug.plus02.png,
插座开关,其他品牌,智能计电量插座M1,iot.plug.jdls1,iot.plug.jdls1.png,
插座开关,其他品牌,智能轨道插座,090615.plug.plusm2,090615.plug.plusm2.png,
插座开关,其他品牌,智能通断器BLE Mesh版,shhf.switch.splgs1,shhf.switch.splgs1.png,
插座开关,其他品牌,智能通断器mesh版,lxun.switch.tdq01,lxun.switch.tdq01.png,
插座开关,其他品牌,水享手动辅助智能阀,msuen.switch.czc20s,msuen.switch.czc20s.png,
插座开关,其他品牌,水享智能阀,msuen.switch.czc20,msuen.switch.czc20.png,
插座开关,其他品牌,浦安达三相智能保护开关,iot.switch.padwb1,iot.switch.padwb1.png,
插座开关,其他品牌,浦安达单相智能保护开关,iot.switch.padw2p,iot.switch.padw2p.png,
插座开关,其他品牌,浦安达零火智能开关（一开）,iot.switch.kg21m,iot.switch.kg21m.png,
插座开关,其他品牌,浦安达零火智能开关（三开）,iot.switch.kg23m,iot.switch.kg23m.png,
插座开关,其他品牌,浦安达零火智能开关（二开）,iot.switch.kg22m,iot.switch.kg22m.png,
插座开关,其他品牌,潜水艇智能墙壁开关1控1,brrx.switch.qst1c1,brrx.switch.qst1c1.png,
插座开关,其他品牌,潜水艇智能墙壁开关1控2,brrx.switch.qst1c2,brrx.switch.qst1c2.png,
插座开关,其他品牌,潜水艇智能墙壁开关1控3,brrx.switch.qst1c3,brrx.switch.qst1c3.png,
插座开关,其他品牌,电小酷智能开关S6AM （单火线三键版),cuco.switch.s6amts,cuco.switch.s6amts.png,
插座开关,其他品牌,电小酷智能排插CP5 Pro,cuco.plug.cp5pro,cuco.plug.cp5pro.png,
插座开关,其他品牌,皓逸智能三键开关,090615.switch.x6hy3,090615.switch.x6hy3.png,
插座开关,其他品牌,皓逸智能六键开关,090615.switch.x6hy6,090615.switch.x6hy6.png,
插座开关,其他品牌,皓逸智能单键开关,090615.switch.x6hy1,090615.switch.x6hy1.png,
插座开关,其他品牌,皓逸智能双键开关,090615.switch.x6hy2,090615.switch.x6hy2.png,
插座开关,其他品牌,皓逸智能四键开关,090615.switch.x6hy4,090615.switch.x6hy4.png,
插座开关,其他品牌,空调智能插座,innolinks.plug.ap3200,innolinks.plug.ap3200.png,
插座开关,其他品牌,联讯智能无线开关,lxun.remote.wxkg08,lxun.remote.wxkg08.png,
插座开关,其他品牌,苏米T1智能开关（零火三键）,xhuan.switch.sw3a01,xhuan.switch.sw3a01.png,
插座开关,其他品牌,苏米T1智能开关（零火单键）,xhuan.switch.sw1a01,xhuan.switch.sw1a01.png,
插座开关,其他品牌,苏米T1智能开关（零火双键）,xhuan.switch.sw2a01,xhuan.switch.sw2a01.png,
插座开关,其他品牌,苏米缤纷面板,xhuan.switch.sw8a01,xhuan.switch.sw8a01.png,
插座开关,其他品牌,菲马仕控制面板,suis.controller.pad01,suis.controller.pad01.png,
插座开关,其他品牌,蓝牙Mesh插卡取电,hyzngc.cs.zmqd,hyzngc.cs.zmqd.png,
插座开关,其他品牌,计电量Mesh智能控制器,iot.switch.jdltdq,iot.switch.jdltdq.png,
插座开关,其他品牌,轻触1键零火开关 （蓝牙mesh）,lxzn.switch.01,lxzn.switch.01.png,
插座开关,其他品牌,轻触2键零火开关 （蓝牙mesh）,lxzn.switch.02,lxzn.switch.02.png,
插座开关,其他品牌,轻触3键零火开关 （蓝牙mesh）,lxzn.switch.03,lxzn.switch.03.png,
插座开关,其他品牌,辰域智能电表,riot.switch.11,riot.switch.11.png,
插座开关,其他品牌,闪极  100W 迷你充电器（蓝牙版）,sharge.plug.sj01,sharge.plug.sj01.png,
插座开关,其他品牌,零火智能墙壁开关（MESH 三键）,linp.switch.wq4db3,linp.switch.wq4db3.png,
插座开关,其他品牌,零火智能墙壁开关（MESH 单键）,linp.switch.wq4db1,linp.switch.wq4db1.png,
插座开关,其他品牌,零火智能墙壁开关（MESH 双键）,linp.switch.wq4db2,linp.switch.wq4db2.png,
插座开关,其他品牌,魔力云一开智能开关,mly.switch.sw1a01,mly.switch.sw1a01.png,
插座开关,其他品牌,魔力云三开智能开关,mly.switch.sw3a01,mly.switch.sw3a01.png,
插座开关,其他品牌,魔力云二开智能开关,mly.switch.sw2a01,mly.switch.sw2a01.png,
插座开关,其他品牌,魔力云智能灯光控制器,mly.switch.sw0a01,mly.switch.sw0a01.png,
插座开关,凌动,凌动智能 N9智能开关一键,ldzn.switch.sw1c01,ldzn.switch.sw1c01.png,
插座开关,凌动,凌动智能 N9智能开关三键,ldzn.switch.sw3c01,ldzn.switch.sw3c01.png,
插座开关,凌动,凌动智能 N9智能开关二键,ldzn.switch.sw2c01,ldzn.switch.sw2c01.png,
插座开关,凌动,凌动智能 N9智能开关四键,ldzn.switch.sw4c01,ldzn.switch.sw4c01.png,
插座开关,凌动,凌动智能 三键开关2.0,ldzn.switch.sw3a01,ldzn.switch.sw3a01.png,
插座开关,凌动,凌动智能 单键开关2.0,ldzn.switch.sw1a01,ldzn.switch.sw1a01.png,
插座开关,凌动,凌动智能 双键开关2.0,ldzn.switch.sw2a01,ldzn.switch.sw2a01.png,
插座开关,凌动,凌动智能 四键开关2.0,ldzn.switch.sw4a01,ldzn.switch.sw4a01.png,
插座开关,凌动,凌动智能 四键开关K2.0,ldzn.switch.sw4b01,ldzn.switch.sw4b01.png,
插座开关,创视多,创视多智能一路开关（Mesh2.0）,bmjzn.switch.csdkg1,bmjzn.switch.csdkg1.png,
插座开关,创视多,创视多智能三路开关（Mesh2.0）,bmjzn.switch.csdkg3,bmjzn.switch.csdkg3.png,
插座开关,创视多,创视多智能二路开关（Mesh2.0）,bmjzn.switch.csdkg2,bmjzn.switch.csdkg2.png,
插座开关,创视多,创视多智能四路开关（Mesh2.0）,bmjzn.switch.csdkg4,bmjzn.switch.csdkg4.png,
插座开关,初刻良品,初刻良品智能排插(WiFi),hzyk.plug.c4,hzyk.plug.c4.png,
插座开关,华时,华时智能一路开关（Mesh2.0）,hszn.switch.hskg1,hszn.switch.hskg1.png,
插座开关,华时,华时智能三路开关（Mesh2.0）,hszn.switch.hskg3,hszn.switch.hskg3.png,
插座开关,华时,华时智能二路开关（Mesh2.0）,hszn.switch.hskg2,hszn.switch.hskg2.png,
插座开关,华时,华时智能四路开关（Mesh2.0）,hszn.switch.hskg4,hszn.switch.hskg4.png,
插座开关,华艺,慧作智能开关(零火线单键版),huayi.switch.v0001,huayi.switch.v0001.png,
插座开关,华艺,慧作智能开关(零火线双键版),huayi.switch.v0002,huayi.switch.v0002.png,
插座开关,华艺照明,华艺一键智能开关,hyznzm.switch.sw1a01,hyznzm.switch.sw1a01.png,
插座开关,华艺照明,华艺三键智能开关,hyznzm.switch.sw3a01,hyznzm.switch.sw3a01.png,
插座开关,华艺照明,华艺二键智能开关,hyznzm.switch.sw2a01,hyznzm.switch.sw2a01.png,
插座开关,华艺照明,华艺四键智能开关,hyznzm.switch.sw4a01,hyznzm.switch.sw4a01.png,
插座开关,华艺照明,华艺屏显四键智能开关,hyznzm.switch.sw4b01,hyznzm.switch.sw4b01.png,
插座开关,博义德,博义德智能通断器Mesh版,poyde.switch.tdq3,poyde.switch.tdq3.png,
插座开关,博义德,博义德智能通断器WiFi版,poyde.switch.bjtdq5,poyde.switch.bjtdq5.png,
插座开关,博尔美,博尔美智能开关(一位),broway.switch.sw1,broway.switch.sw1.png,
插座开关,博尔美,博尔美智能开关(三位),broway.switch.sw3,broway.switch.sw3.png,
插座开关,博尔美,博尔美智能开关(二位),broway.switch.sw2,broway.switch.sw2.png,
插座开关,博尔美,博尔美智能开关(四位),broway.switch.sw4,broway.switch.sw4.png,
插座开关,博尔高,博尔高智能直连通断器（WiFi）,boerg.switch.begwtd,boerg.switch.begwtd.png,
插座开关,博尔高,博尔高智能通断器Mesh版,boerg.switch.tdq3,boerg.switch.tdq3.png,
插座开关,博尔高,博尔高智能通断器（Mesh）,boerg.plug.begtdq,boerg.plug.begtdq.png,
插座开关,博尔高,博尔高通断器V9（Mesh2.0）,boerg.switch.begmtd,boerg.switch.begmtd.png,
插座开关,即屋,GW一位开关G1,giwu.switch.g01,giwu.switch.g01.png,
插座开关,即屋,GW一位开关Q1+1,giwu.switch.f01,giwu.switch.f01.png,
插座开关,即屋,GW三位开关G3,giwu.switch.g03,giwu.switch.g03.png,
插座开关,即屋,GW三位开关Q3+3,giwu.switch.f03,giwu.switch.f03.png,
插座开关,即屋,GW二位开关G2,giwu.switch.g02,giwu.switch.g02.png,
插座开关,即屋,GW二位开关Q2+2,giwu.switch.f02,giwu.switch.f02.png,
插座开关,即屋,GW四位开关G4,giwu.switch.g04,giwu.switch.g04.png,
插座开关,即屋,GW灵动岛一位屏显开关U1,giwu.switch.sw1a01,giwu.switch.sw1a01.png,
插座开关,即屋,GW灵动岛三位屏显开关U3,giwu.switch.sw3a01,giwu.switch.sw3a01.png,
插座开关,即屋,GW灵动岛二位屏显开关U2,giwu.switch.sw2a01,giwu.switch.sw2a01.png,
插座开关,即屋,GW灵动岛四位屏显开关U4,giwu.switch.sw4a01,giwu.switch.sw4a01.png,
插座开关,即屋,即屋一位智能开关,giwu.switch.gw01,giwu.switch.gw01.png,
插座开关,即屋,即屋三位智能开关,giwu.switch.gw03,giwu.switch.gw03.png,
插座开关,即屋,即屋二位智能开关,giwu.switch.gw02,giwu.switch.gw02.png,
插座开关,即屋,即屋八位场景开关,giwu.switch.gwqj04,giwu.switch.gwqj04.png,
插座开关,即屋,即屋四位智能开关,giwu.switch.gw04,giwu.switch.gw04.png,
插座开关,即屋,即屋场景开关屏T3,giwu.switch.sw3a03,giwu.switch.sw3a03.png,
插座开关,即米智家,即米智能屏幕开关,mjkj.switch.sw3d01,mjkj.switch.sw3d01.png,
插座开关,即米智家,即米智能屏显圆屏开关,mjkj.switch.jmy001,mjkj.switch.jmy001.png,
插座开关,即米智家,即米智能屏显开关(一位),mjkj.switch.jmp001,mjkj.switch.jmp001.png,
插座开关,即米智家,即米智能屏显开关(三位),mjkj.switch.jmp003,mjkj.switch.jmp003.png,
插座开关,即米智家,即米智能屏显开关(二位),mjkj.switch.jmp002,mjkj.switch.jmp002.png,
插座开关,即米智家,即米智能屏显开关(四位),mjkj.switch.jmp004,mjkj.switch.jmp004.png,
插座开关,即米智家,即米智能开关(三键),mjkj.switch.sw3a01,mjkj.switch.sw3a01.png,
插座开关,即米智家,即米智能开关(四键）,mjkj.switch.sw4a01,mjkj.switch.sw4a01.png,
插座开关,即米智家,即米智能开关Air（一位）,mjkj.switch.v9is1,mjkj.switch.v9is1.png,
插座开关,即米智家,即米智能开关Air（三位）,mjkj.switch.v9is3,mjkj.switch.v9is3.png,
插座开关,即米智家,即米智能开关Air（二位）,mjkj.switch.v9is2,mjkj.switch.v9is2.png,
插座开关,即米智家,即米智能开关Air（四位）,mjkj.switch.v9is4,mjkj.switch.v9is4.png,
插座开关,即米智家,即米智能开关Pro一键,mjkj.switch.sw1a02,mjkj.switch.sw1a02.png,
插座开关,即米智家,即米智能开关Pro三键,mjkj.switch.sw3a02,mjkj.switch.sw3a02.png,
插座开关,即米智家,即米智能开关Pro二键,mjkj.switch.sw2a02,mjkj.switch.sw2a02.png,
插座开关,即米智家,即米智能开关Pro四键,mjkj.switch.sw4a02,mjkj.switch.sw4a02.png,
插座开关,即米智家,即米智能开关（一键）,mjkj.switch.sw1a01,mjkj.switch.sw1a01.png,
插座开关,即米智家,即米智能开关（二键）,mjkj.switch.sw2a01,mjkj.switch.sw2a01.png,
插座开关,叶绿体,叶绿体G1智能墙壁开关（单火线三键）,zhiqin.switch.x103,zhiqin.switch.x103.png,
插座开关,叶绿体,叶绿体G1智能墙壁开关（单火线单键）,zhiqin.switch.x101,zhiqin.switch.x101.png,
插座开关,叶绿体,叶绿体G1智能墙壁开关（单火线双键）,zhiqin.switch.x102,zhiqin.switch.x102.png,
插座开关,叶绿体,叶绿体G1智能墙壁开关（零火线三键）,zhiqin.switch.mij06,zhiqin.switch.mij06.png,
插座开关,叶绿体,叶绿体G1智能墙壁开关（零火线单键）,zhiqin.switch.mij04,zhiqin.switch.mij04.png,
插座开关,叶绿体,叶绿体G1智能墙壁开关（零火线双键）,zhiqin.switch.mij05,zhiqin.switch.mij05.png,
插座开关,吉帝创,吉帝创S7系列零火智能一键开关,lmyd.switch.sw1a01,lmyd.switch.sw1a01.png,
插座开关,吉帝创,吉帝创S7系列零火智能三键开关,lmyd.switch.sw3a01,lmyd.switch.sw3a01.png,
插座开关,吉帝创,吉帝创S7系列零火智能二键开关,lmyd.switch.sw2a01,lmyd.switch.sw2a01.png,
插座开关,吉帝创,吉帝创S7系列零火智能四键开关,lmyd.switch.sw4a01,lmyd.switch.sw4a01.png,
插座开关,向往,X3智慧开关,hope.switch.x3,hope.switch.x3.png,
插座开关,向往,智慧屏开关,hope.switch.w1,hope.switch.w1.png,
插座开关,向往,智慧屏开关M4,hope.switch.g7,hope.switch.g7.png,
插座开关,品禾,品禾安全定时插座(转换器),cnph.plug.p30wxm,cnph.plug.p30wxm.png,
插座开关,哲成,哲成智能M18屏键一位零火智能开关Max,jmzc.switch.zcy01,jmzc.switch.zcy01.png,
插座开关,哲成,哲成智能M18屏键三位零火智能开关Max,jmzc.switch.zcy03,jmzc.switch.zcy03.png,
插座开关,哲成,哲成智能M18屏键二位零火智能开关Max,jmzc.switch.zcy02,jmzc.switch.zcy02.png,
插座开关,哲成,哲成智能M18屏键四位零火智能开关Max,jmzc.switch.zcy04,jmzc.switch.zcy04.png,
插座开关,哲成,哲成智能一位零火智能开关,jmzc.switch.zcs01,jmzc.switch.zcs01.png,
插座开关,哲成,哲成智能三位零火智能开关,jmzc.switch.zcs03,jmzc.switch.zcs03.png,
插座开关,哲成,哲成智能二位零火智能开关,jmzc.switch.zcs02,jmzc.switch.zcs02.png,
插座开关,哲成,哲成智能四位零火智能开关,jmzc.switch.zcs04,jmzc.switch.zcs04.png,
插座开关,哲成,哲成智能圆屏多功能面板,jmzc.switch.zcs05,jmzc.switch.zcs05.png,
插座开关,唯宝彩佳,唯宝彩佳灵动岛二位开关D2-PC,vbocga.switch.sw2b01,vbocga.switch.sw2b01.png,
插座开关,唯宝彩佳,唯宝彩佳灵动岛四位开关D4-PC,vbocga.switch.sw4b01,vbocga.switch.sw4b01.png,
插座开关,唯宝彩佳,唯宝彩佳风华一位开关F1H-PC,vbocga.switch.sw1a01,vbocga.switch.sw1a01.png,
插座开关,唯宝彩佳,唯宝彩佳风华三位开关F3H-PC,vbocga.switch.sw3a01,vbocga.switch.sw3a01.png,
插座开关,唯宝彩佳,唯宝彩佳风华二位开关F2H-PC,vbocga.switch.sw2a01,vbocga.switch.sw2a01.png,
插座开关,唯宝彩佳,唯宝彩佳风华八位开关F8S-PC,vbocga.switch.sw8a01,vbocga.switch.sw8a01.png,
插座开关,唯宝彩佳,唯宝彩佳风华四位开关F4H-PC,vbocga.switch.sw4a01,vbocga.switch.sw4a01.png,
插座开关,噼啪,噼啪智能一位开关,090615.switch.piak01,090615.switch.piak01.png,
插座开关,噼啪,噼啪智能三位开关,090615.switch.piak03,090615.switch.piak03.png,
插座开关,噼啪,噼啪智能二位开关,090615.switch.piak02,090615.switch.piak02.png,
插座开关,噼啪,噼啪智能开关二三插,090615.plug.pipa86,090615.plug.pipa86.png,
插座开关,固帝,固帝 A9智能开关1键,gudi.switch.sw1a01,gudi.switch.sw1a01.png,
插座开关,固帝,固帝 A9智能开关2键,gudi.switch.sw2a01,gudi.switch.sw2a01.png,
插座开关,固帝,固帝 A9智能开关3键,gudi.switch.sw3a01,gudi.switch.sw3a01.png,
插座开关,固帝,固帝 A9智能开关4键,gudi.switch.sw4b01,gudi.switch.sw4b01.png,
插座开关,固帝,固帝 A9智能开关屏显4键,gudi.switch.sw4a01,gudi.switch.sw4a01.png,
插座开关,固帝,固帝 智能开关四寸屏,gudi.switch.sw3d01,gudi.switch.sw3d01.png,
插座开关,固帝,固帝A96彩屏智能开关三键,gudi.switch.swy002,gudi.switch.swy002.png,
插座开关,固帝,固帝A96彩屏智能开关二键,gudi.switch.swy001,gudi.switch.swy001.png,
插座开关,固帝,固帝A96彩屏智能开关四键,gudi.switch.swy003,gudi.switch.swy003.png,
插座开关,固帝,固帝D06智能开关一键,gudi.switch.swy004,gudi.switch.swy004.png,
插座开关,固帝,固帝D06智能开关三键,gudi.switch.swy006,gudi.switch.swy006.png,
插座开关,固帝,固帝D06智能开关二键,gudi.switch.swy005,gudi.switch.swy005.png,
插座开关,固帝,固帝D06智能开关四键,gudi.switch.swy007,gudi.switch.swy007.png,
插座开关,固帝,固帝智能屏显开关零火一开,gudi.switch.gdp005,gudi.switch.gdp005.png,
插座开关,固帝,固帝智能屏显开关零火三开,gudi.switch.gdp006,gudi.switch.gdp006.png,
插座开关,固帝,固帝智能屏显开关零火二开,gudi.switch.gdp002,gudi.switch.gdp002.png,
插座开关,固帝,固帝智能屏显开关零火四开,gudi.switch.gdp007,gudi.switch.gdp007.png,
插座开关,固帝,固帝超薄圆屏多功能面板,gudi.switch.gdy002,gudi.switch.gdy002.png,
插座开关,国际电工,PNTU国际电工一键屏显开关,jyds.switch.px01,jyds.switch.px01.png,
插座开关,国际电工,PNTU国际电工一键智能开关,jyds.switch.pt01,jyds.switch.pt01.png,
插座开关,国际电工,PNTU国际电工三键屏显开关,jyds.switch.px03,jyds.switch.px03.png,
插座开关,国际电工,PNTU国际电工三键智能开关,jyds.switch.pt03,jyds.switch.pt03.png,
插座开关,国际电工,PNTU国际电工二键屏显开关,jyds.switch.px02,jyds.switch.px02.png,
插座开关,国际电工,PNTU国际电工二键智能开关,jyds.switch.pt02,jyds.switch.pt02.png,
插座开关,国际电工,PNTU国际电工四键智能开关,jyds.switch.pt04,jyds.switch.pt04.png,
插座开关,墨小七,墨小七智能灯开关控制器,zair.switch.zsc02w,zair.switch.zsc02w.png,
插座开关,声必可,声必可智能开关屏,lemesh.switch.sw2e02,lemesh.switch.sw2e02.png,
插座开关,天朗智控,ZT U6 Pro智能开关1键,tnv.switch.sw1f01,tnv.switch.sw1f01.png,
插座开关,天朗智控,ZT U6 Pro智能开关2键,tnv.switch.sw2f01,tnv.switch.sw2f01.png,
插座开关,天朗智控,ZT U6 Pro智能开关3键,tnv.switch.sw3f01,tnv.switch.sw3f01.png,
插座开关,天朗智控,ZT U6 Pro智能开关4键,tnv.switch.sw4f01,tnv.switch.sw4f01.png,
插座开关,天朗智控,ZT U6智能开关1键,tnv.switch.sw1d01,tnv.switch.sw1d01.png,
插座开关,天朗智控,ZT U6智能开关2键,tnv.switch.sw2d01,tnv.switch.sw2d01.png,
插座开关,天朗智控,ZT U6智能开关3键,tnv.switch.sw3d01,tnv.switch.sw3d01.png,
插座开关,天朗智控,ZT 智能单零火开关1键,tnv.switch.sw1e01,tnv.switch.sw1e01.png,
插座开关,天朗智控,ZT 智能单零火开关2键,tnv.switch.sw2e01,tnv.switch.sw2e01.png,
插座开关,天朗智控,ZT 智能单零火开关3键,tnv.switch.sw3e01,tnv.switch.sw3e01.png,
插座开关,奥多朗,奥多朗屏显智能轨道排插S2,whdz.plug.001,whdz.plug.001.png,
插座开关,如见,如见智能屏显开关M,rusee.switch.sw4a02,rusee.switch.sw4a02.png,
插座开关,安心智选,安心R3智能断路器,axzn.switch.r3,axzn.switch.r3.png,
插座开关,宏光照明,宏光灵悦一键开关,honkon.switch.hgkgv1,honkon.switch.hgkgv1.png,
插座开关,宏光照明,宏光灵悦三键开关,honkon.switch.hgkgv3,honkon.switch.hgkgv3.png,
插座开关,宏光照明,宏光灵悦二键开关,honkon.switch.hgkgv2,honkon.switch.hgkgv2.png,
插座开关,宏光照明,宏光灵悦四键开关,honkon.switch.hgkgv4,honkon.switch.hgkgv4.png,
插座开关,定不凡,定不凡 mesh2.0 智能开关 三键,szdbf.switch.sw3a01,szdbf.switch.sw3a01.png,
插座开关,定不凡,定不凡 mesh2.0 智能开关 单键,szdbf.switch.sw1a01,szdbf.switch.sw1a01.png,
插座开关,定不凡,定不凡 mesh2.0 智能开关 双键,szdbf.switch.sw2a01,szdbf.switch.sw2a01.png,
插座开关,定不凡,定不凡 mesh2.0 智能开关 四键,szdbf.switch.sw4a01,szdbf.switch.sw4a01.png,
插座开关,宛桐,灵妖无线八键开关(BLE),zerone.remote.lywx8,zerone.remote.lywx8.png,
插座开关,宛桐,灵妖智能一位通断器（Mesh2.0）,zerone.switch.lykg1,zerone.switch.lykg1.png,
插座开关,宛桐,灵妖智能三位通断器（Mesh2.0）,zerone.switch.lykg3,zerone.switch.lykg3.png,
插座开关,宛桐,灵妖智能二位通断器（Mesh2.0）,zerone.switch.lykg2,zerone.switch.lykg2.png,
插座开关,宛桐,灵妖智能四位通断器（Mesh2.0）,zerone.switch.lykg4,zerone.switch.lykg4.png,
插座开关,客来福智能整家,客来福智能家庭面板M4,klf888.switch.sw3c01,klf888.switch.sw3c01.png,
插座开关,客来福智能整家,客来福智能开关A系列一开,klf888.switch.sw1a01,klf888.switch.sw1a01.png,
插座开关,客来福智能整家,客来福智能开关A系列三开,klf888.switch.sw3a01,klf888.switch.sw3a01.webp,
插座开关,客来福智能整家,客来福智能开关A系列二开,klf888.switch.sw2a01,klf888.switch.sw2a01.png,
插座开关,客来福智能整家,客来福智能开关A系列四开,klf888.switch.sw4a01,klf888.switch.sw4a01.png,
插座开关,客来福智能整家,客来福智能开关B系列一开,klf888.switch.sw1b01,klf888.switch.sw1b01.png,
插座开关,客来福智能整家,客来福智能开关B系列三开,klf888.switch.sw3b01,klf888.switch.sw3b01.png,
插座开关,客来福智能整家,客来福智能开关B系列二开,klf888.switch.sw2b01,klf888.switch.sw2b01.png,
插座开关,客来福智能整家,客来福智能开关B系列四开,klf888.switch.sw4b01,klf888.switch.sw4b01.png,
插座开关,客来福智能整家,客来福智能开关八键,klf888.switch.8a01,klf888.switch.8a01.png,
插座开关,家的,家的V93系列一位智能开关,gamder.switch.sw1a01,gamder.switch.sw1a01.png,
插座开关,家的,家的V93系列三位智能开关,gamder.switch.sw3a01,gamder.switch.sw3a01.png,
插座开关,家的,家的V93系列二位智能开关,gamder.switch.sw2a01,gamder.switch.sw2a01.png,
插座开关,家的,家的V93系列四位带屏显智能开关,gamder.switch.sw4a01,gamder.switch.sw4a01.png,
插座开关,家的,家的科技 一位智能开关,gamder.switch.sw1b01,gamder.switch.sw1b01.png,
插座开关,家的,家的科技 三位智能开关,gamder.switch.sw3b01,gamder.switch.sw3b01.png,
插座开关,家的,家的科技 二位智能开关,gamder.switch.sw2b01,gamder.switch.sw2b01.png,
插座开关,家的,家的科技 六位智能开关,gamder.switch.3a03,gamder.switch.3a03.png,
插座开关,家的,家的科技 四位智能开关,gamder.switch.sw4b01,gamder.switch.sw4b01.png,
插座开关,小奕,小奕一键智能开关,zhemi.switch.bln001,zhemi.switch.bln001.png,
插座开关,小奕,小奕三键智能开关,zhemi.switch.bln003,zhemi.switch.bln003.png,
插座开关,小奕,小奕二键智能开关,zhemi.switch.bln002,zhemi.switch.bln002.png,
插座开关,小奕,小奕八键智能开关,zhemi.switch.bln008,zhemi.switch.bln008.png,
插座开关,小奕,小奕六键智能开关,zhemi.switch.bln006,zhemi.switch.bln006.png,
插座开关,小奕,小奕四键智能开关,zhemi.switch.bln004,zhemi.switch.bln004.png,
插座开关,小妍同学,小妍灯控开关（三开）,mcl.switch.3k,mcl.switch.3k.png,
插座开关,小妍同学,小妍灯控开关（单开）,mcl.switch.1k,mcl.switch.1k.png,
插座开关,小妍同学,小妍灯控开关（双开）,mcl.switch.2k,mcl.switch.2k.png,
插座开关,小白,小白万能遥控器,chuangmi.remote.h102a03,chuangmi.remote.h102a03.png,
插座开关,小白,小白万能遥控器 声控版,chuangmi.remote.h102c01,chuangmi.remote.h102c01.png,
插座开关,小白,小白智能墙壁开关K2（零火三键）,chuangmi.switch.733c02,chuangmi.switch.733c02.png,
插座开关,小白,小白智能墙壁开关K2（零火单键）,chuangmi.switch.733a02,chuangmi.switch.733a02.png,
插座开关,小白,小白智能墙壁开关K2（零火双键）,chuangmi.switch.733b02,chuangmi.switch.733b02.png,
插座开关,小白,小白智能墙壁开关K3（零火三键）,chuangmi.switch.725c02,chuangmi.switch.725c02.png,
插座开关,小白,小白智能墙壁开关K3（零火单键）,chuangmi.switch.725a02,chuangmi.switch.725a02.png,
插座开关,小白,小白智能墙壁开关K3（零火双键）,chuangmi.switch.725b02,chuangmi.switch.725b02.png,
插座开关,小白,小白智能开关零火版 K1-A,chuangmi.switch.mesh,chuangmi.switch.mesh.png,
插座开关,小白,小白智能开关零火版 K1-B,chuangmi.switch.meshb01,chuangmi.switch.meshb01.png,
插座开关,小白,小白智能开关零火版 K1-C,chuangmi.switch.meshc01,chuangmi.switch.meshc01.png,
插座开关,小白,小白蓝牙无线开关K2（单键版）,chuangmi.remote.732a02,chuangmi.remote.732a02.png,
插座开关,小白,小白蓝牙无线开关K2（双键版）,chuangmi.remote.732b02,chuangmi.remote.732b02.png,
插座开关,小窝物联,XWWL一开屏显开关,ppe.switch.bln31,ppe.switch.bln31.png,
插座开关,小窝物联,XWWL三开屏显开关,ppe.switch.bln33,ppe.switch.bln33.png,
插座开关,小窝物联,XWWL二开屏显开关,ppe.switch.bln32,ppe.switch.bln32.png,
插座开关,小窝物联,XWWL四开屏显开关,ppe.switch.pxln4,ppe.switch.pxln4.png,
插座开关,小米出品,万能遥控器,xiaomi.switch.a2ota,xiaomi.switch.a2ota.png,
插座开关,小米出品,小米无线开关,lumi.sensor_switch.v2,lumi.sensor_switch.v2.png,
插座开关,小米出品,小米无线开关（双键版）,yeelink.remote.contrl,yeelink.remote.contrl.png,
插座开关,小米出品,小米无线开关（蓝牙版）,lumi.remote.mcn001,lumi.remote.mcn001.png,
插座开关,小米出品,小米智能中控屏,xiaomi.controller.oh4w,xiaomi.controller.oh4w.png,
插座开关,小米出品,小米智能中控屏 Max,xiaomi.controller.oh10p,xiaomi.controller.oh10p.png,
插座开关,小米出品,小米智能墙壁插座2,xiaomi.plug.mcn005,xiaomi.plug.mcn005.png,
插座开关,小米出品,小米智能墙壁插座1,xiaomi.plug.mcn004,xiaomi.plug.mcn004.png,
插座开关,小米出品,小米智能墙壁插座Pro1,xiaomi.plug.2pro,xiaomi.plug.2pro.png,
插座开关,小米出品,小米智能墙壁插座Pro2,xiaomi.plug.2wpro,xiaomi.plug.2wpro.png,
插座开关,小米出品,小米智能家庭面板,xiaomi.controller.86v1,xiaomi.controller.86v1.png,
插座开关,小米出品,小米智能开关Pro（三开）1,xiaomi.switch.2pro3,xiaomi.switch.2pro3.png,官网已移除该型号
插座开关,小米出品,小米智能开关Pro（三开）1,xiaomi.switch.2wpro3,xiaomi.switch.2wpro3.png,
插座开关,小米出品,小米智能开关Pro（单开）2,xiaomi.switch.2pro1,xiaomi.switch.2pro1.png,
插座开关,小米出品,小米智能开关Pro（单开）2,xiaomi.switch.2wpro1,xiaomi.switch.2wpro1.png,官网已移除该型号
插座开关,小米出品,小米智能开关Pro（双开）1,xiaomi.switch.2pro2,xiaomi.switch.2pro2.png,官网已移除该型号
插座开关,小米出品,小米智能开关Pro（双开）2,xiaomi.switch.2wpro2,xiaomi.switch.2wpro2.png,
插座开关,小米出品,小米智能开关（三开 零火版）,lumi.switch.acn018,lumi.switch.acn018.png,
插座开关,小米出品,小米智能开关（三开）1,xiaomi.switch.w3b,xiaomi.switch.w3b.png,
插座开关,小米出品,小米智能开关（三开）2,xiaomi.switch.w3,xiaomi.switch.w3.png,
插座开关,小米出品,小米智能开关（单开 零火版）,lumi.switch.acn016,lumi.switch.acn016.png,
插座开关,小米出品,小米智能开关（单开）1,xiaomi.switch.w1,xiaomi.switch.w1.png,
插座开关,小米出品,小米智能开关（单开）2,xiaomi.switch.w1b,xiaomi.switch.w1b.png,
插座开关,小米出品,小米智能开关（双开 零火版）,lumi.switch.acn017,lumi.switch.acn017.png,
插座开关,小米出品,小米智能开关（双开）1,xiaomi.switch.w2,xiaomi.switch.w2.png,
插座开关,小米出品,小米智能开关（双开）2,xiaomi.switch.w2b,xiaomi.switch.w2b.png,
插座开关,小米出品,小米智能插座,chuangmi.plug.v1,chuangmi.plug.v1.png,
插座开关,小米出品,小米智能插线板2 5位插孔版,qmi.plug.psv3,qmi.plug.psv3.png,
插座开关,小米出品,小米智能无线开关（双开）1,xiaomi.remote.mcn002,xiaomi.remote.mcn002.png,
插座开关,小米出品,小米智能无线开关（双开）2,xiaomi.remote.mcn003,xiaomi.remote.mcn003.png,
插座开关,小米出品,小米米家屏显开关（三开单控）,isa.switch.kg03hl,isa.switch.kg03hl.png,
插座开关,小米出品,小米米家屏显开关（单开单控）,isa.switch.kg01hl,isa.switch.kg01hl.png,
插座开关,小米出品,小米米家屏显开关（双开单控）,isa.switch.kg02hl,isa.switch.kg02hl.png,
插座开关,小米出品,小米米家智能墙壁插座,zimi.plug.zncz01,zimi.plug.zncz01.png,
插座开关,小米出品,小米米家智能开关（三开单控）,zimi.switch.dhkg05,zimi.switch.dhkg05.png,
插座开关,小米出品,小米米家智能开关（单开单控）,zimi.switch.dhkg01,zimi.switch.dhkg01.png,
插座开关,小米出品,小米米家智能开关（双开单控）,zimi.switch.dhkg02,zimi.switch.dhkg02.png,
插座开关,小米出品,小米米家智能插座WiFi版,chuangmi.plug.m3,chuangmi.plug.m3.png,
插座开关,小米出品,小米轨道插座10A智能插座适配器2,xiaomi.plug.10ahyb,xiaomi.plug.10ahyb.png,
插座开关,小米出品,小米轨道插座10A智能插座适配器1,xiaomi.plug.01qm,xiaomi.plug.01qm.png,
插座开关,小米出品,磁吸物理按键,xiaomi.remote.o635yz,xiaomi.remote.o635yz.png,
插座开关,小米出品,米家万能遥控器,chuangmi.remote.v2,chuangmi.remote.v2.png,
插座开关,小米出品,米家智能插座2 蓝牙网关版,chuangmi.plug.212a01,chuangmi.plug.212a01.png,
插座开关,小米出品,米家智能插座3,cuco.plug.v3,cuco.plug.v3.png,
插座开关,小米出品,米家智能插座基础版,chuangmi.plug.m1,chuangmi.plug.m1.png,
插座开关,小米出品,米家智能插座增强版,chuangmi.plug.v3,chuangmi.plug.v3.png,
插座开关,小米出品,米家智能插座蓝牙网关版,chuangmi.plug.hmi208,chuangmi.plug.hmi208.png,
插座开关,小米出品,米家智能插座（Zigbee版）,lumi.plug.v1,lumi.plug.v1.png,
插座开关,小米出品,米家智能插线板,zimi.powerstrip.v2,zimi.powerstrip.v2.png,
插座开关,小米出品,自定义遥控,miir.remote.ir01,miir.remote.ir01.png,
插座开关,小雷易家,小雷易家云雪系列四寸屏显开关,nvcsmt.switch.bis302,nvcsmt.switch.bis302.png,
插座开关,小雷易家,小雷易家云雪系列四键屏显开关,nvcsmt.switch.bis402,nvcsmt.switch.bis402.png,
插座开关,居意,居意智能开关一位,syniot.switch.t1,syniot.switch.t1.png,
插座开关,居意,居意智能开关三位,syniot.switch.t3,syniot.switch.t3.png,
插座开关,居意,居意智能开关二位,syniot.switch.t2,syniot.switch.t2.png,
插座开关,居意,智能开关一位,syniot.switch.s1,syniot.switch.s1.png,
插座开关,居意,智能开关三位,syniot.switch.s3,syniot.switch.s3.png,
插座开关,居意,智能开关二位,syniot.switch.s2,syniot.switch.s2.png,
插座开关,屹家,XW四键屏显开关M8-Pro,xunwei.switch.bpns4,xunwei.switch.bpns4.png,
插座开关,岚威,岚威六路智能计量分控排插,iot.plug.pw6u1,iot.plug.pw6u1.png,
插座开关,峥果,两线浴霸开关,zinguo.switch.b3,zinguo.switch.b3.png,
插座开关,峥果,峥果一键开关(WIFI),zinguo.switch.zc1w,zinguo.switch.zc1w.png,
插座开关,峥果,峥果三键开关(WIFI),zinguo.switch.zc3w,zinguo.switch.zc3w.png,
插座开关,峥果,峥果二键开关(WIFI),zinguo.switch.zc2w,zinguo.switch.zc2w.png,
插座开关,峥果,峥果四键开关(WIFI),zinguo.switch.zc4w,zinguo.switch.zc4w.png,
插座开关,峥果,智能定时器,zinguo.plug.sc02,zinguo.plug.sc02.png,
插座开关,峥果,智能浴霸开关,zinguo.switch.b5m,zinguo.switch.b5m.png,
插座开关,巧旺,巧旺智能排插,lgb.plug.lgbear,lgb.plug.lgbear.png,
插座开关,巧旺,巧旺智能插座,lgb.plug.lgb002,lgb.plug.lgb002.png,
插座开关,巨欧,巨欧智能通断器Mesh2.0,wzojdz.switch.tdq1,wzojdz.switch.tdq1.png,
插座开关,巨欧,巨欧智能通断器Mesh版,wzojdz.switch.tdq3,wzojdz.switch.tdq3.png,
插座开关,巨欧,巨欧智能通断器WiFi版,wzojdz.switch.bjtdq5,wzojdz.switch.bjtdq5.png,
插座开关,平头熊,平头熊 F1 四键无线开关,090615.remote.ptxsd1,090615.remote.ptxsd1.png,
插座开关,平头熊,平头熊 F1 四键无线开关(屏显版),090615.remote.x1swd,090615.remote.x1swd.png,
插座开关,平头熊,平头熊 F2智能开关 三键,ptx.switch.ptxfx3,ptx.switch.ptxfx3.png,
插座开关,平头熊,平头熊 F2智能开关 单键,ptx.switch.ptxfx1,ptx.switch.ptxfx1.png,
插座开关,平头熊,平头熊 F2智能开关 双键,ptx.switch.ptxfx2,ptx.switch.ptxfx2.png,
插座开关,平头熊,平头熊 F2智能开关 四键,ptx.switch.ptxfx4,ptx.switch.ptxfx4.png,
插座开关,平头熊,平头熊 X6 Pro智能开关 三键,ptx.switch.x6pro3,ptx.switch.x6pro3.png,
插座开关,平头熊,平头熊 X6 Pro智能开关 单键,ptx.switch.x6pro1,ptx.switch.x6pro1.png,
插座开关,平头熊,平头熊 X6 Pro智能开关 双键,ptx.switch.x6pro2,ptx.switch.x6pro2.png,
插座开关,平头熊,平头熊 X6 Pro智能开关 四键,ptx.switch.x6pro4,ptx.switch.x6pro4.png,
插座开关,平头熊,平头熊F系列精美表盘定制开关 四开(Mesh2.0),090615.switch.ftsw4,090615.switch.ftsw4.png,
插座开关,平头熊,平头熊F系列精美装饰开关 三开(Mesh2.0),090615.switch.fsw3,090615.switch.fsw3.png,
插座开关,平头熊,平头熊F系列精美装饰开关 二开(Mesh2.0),090615.switch.fsw2,090615.switch.fsw2.png,
插座开关,平头熊,平头熊F系列精美装饰开关 四开(Mesh2.0),090615.switch.fsw4,090615.switch.fsw4.png,
插座开关,平头熊,平头熊Q1 Pro超薄中控屏开关,090615.switch.q1pro,090615.switch.q1pro.png,
插座开关,平头熊,平头熊Q1 Pro超薄屏显开关 三键,090615.switch.ultra3,090615.switch.ultra3.png,
插座开关,平头熊,平头熊Q1 Pro超薄屏显开关 单键,090615.switch.ultra1,090615.switch.ultra1.png,
插座开关,平头熊,平头熊Q1 Pro超薄屏显开关 双键,090615.switch.ultra2,090615.switch.ultra2.png,
插座开关,平头熊,平头熊Q1 Pro超薄屏显开关 四键,090615.switch.q14max,090615.switch.q14max.png,
插座开关,平头熊,平头熊Q1 Pro超薄美学开关 三键,090615.switch.q13pro,090615.switch.q13pro.png,
插座开关,平头熊,平头熊Q1 Pro超薄美学开关 单键,090615.switch.q11pro,090615.switch.q11pro.png,
插座开关,平头熊,平头熊Q1 Pro超薄美学开关 双键,090615.switch.q12pro,090615.switch.q12pro.png,
插座开关,平头熊,平头熊Q1 Pro超薄美学开关 四键,090615.switch.q14pro,090615.switch.q14pro.png,
插座开关,平头熊,平头熊超薄屏显开关三键 Mesh2.0,090615.switch.aku3p,090615.switch.aku3p.png,
插座开关,平头熊,平头熊超薄屏显开关单键 Mesh2.0,090615.switch.aku1p,090615.switch.aku1p.png,
插座开关,平头熊,平头熊超薄屏显开关双键 Mesh2.0,090615.switch.aku2p,090615.switch.aku2p.png,
插座开关,平头熊,平头熊超薄显示屏开关四开 Mesh2.0,090615.switch.akult4,090615.switch.akult4.png,
插座开关,平头熊,平头熊超薄高清屏幕开关,ptx.switch.ptxf13,ptx.switch.ptxf13.png,
插座开关,平头熊,平头熊高清屏显开关 三键（F1）,ptx.switch.f1sw3,ptx.switch.f1sw3.png,
插座开关,平头熊,平头熊高清屏显开关 三键（梵高）,ptx.switch.fgsw3,ptx.switch.fgsw3.png,
插座开关,平头熊,平头熊高清屏显开关 单键（F1）,ptx.switch.f1sw1,ptx.switch.f1sw1.png,
插座开关,平头熊,平头熊高清屏显开关 单键（梵高）,ptx.switch.fgsw1,ptx.switch.fgsw1.png,
插座开关,平头熊,平头熊高清屏显开关 双键（F1）,ptx.switch.f1sw2,ptx.switch.f1sw2.png,
插座开关,平头熊,平头熊高清屏显开关 双键（梵高）,ptx.switch.fgsw2,ptx.switch.fgsw2.png,
插座开关,平头熊,平头熊高清屏显开关 四键（F1）,ptx.switch.f1gq4,ptx.switch.f1gq4.png,
插座开关,平头熊,平头熊高清屏显开关 四键（梵高）,ptx.switch.fggq4,ptx.switch.fggq4.png,
插座开关,庭狐,天狐超薄开关T9Pro 一开 Mesh2.0,thzn.switch.thkg1,thzn.switch.thkg1.png,
插座开关,庭狐,天狐超薄开关T9Pro 三开 Mesh2.0,thzn.switch.thkg3,thzn.switch.thkg3.png,
插座开关,庭狐,天狐超薄开关T9Pro 二开 Mesh2.0,thzn.switch.thkg2,thzn.switch.thkg2.png,
插座开关,庭狐,天狐超薄开关T9Pro 四开 Mesh2.0,thzn.switch.thkg4,thzn.switch.thkg4.png,
插座开关,康玛特,KOMACHT智慧Ai超薄一键屏显开关,kmt.switch.m4px01,kmt.switch.m4px01.png,
插座开关,康玛特,KOMACHT智慧Ai超薄三键屏显开关,kmt.switch.m4px03,kmt.switch.m4px03.png,
插座开关,康玛特,KOMACHT智慧Ai超薄二键屏显开关,kmt.switch.m4px02,kmt.switch.m4px02.png,
插座开关,式亚,晓翼一键开关mesh版,symi.switch.sw1c01,symi.switch.sw1c01.png,
插座开关,式亚,晓翼三键开关mesh版,symi.switch.sw3c01,symi.switch.sw3c01.png,
插座开关,式亚,晓翼二键开关mesh版,symi.switch.sw2c01,symi.switch.sw2c01.png,
插座开关,式亚,晓翼四键开关mesh版,symi.switch.sw4c01,symi.switch.sw4c01.png,
插座开关,弗雷克,弗雷克智能八键复合开关（Mesh2.0）,forick.switch.flkkg4,forick.switch.flkkg4.png,
插座开关,弗雷克,弗雷克智能开关D6（三开）,forick.switch.sw3a01,forick.switch.sw3a01.png,
插座开关,弗雷克,弗雷克智能开关D6（单开）,forick.switch.sw1a01,forick.switch.sw1a01.png,
插座开关,弗雷克,弗雷克智能开关D6（双开）,forick.switch.sw2a01,forick.switch.sw2a01.png,
插座开关,弗雷克,弗雷克智能开关D8（三开）,forick.switch.sw3b01,forick.switch.sw3b01.png,
插座开关,弗雷克,弗雷克智能开关D8（单开）,forick.switch.sw1b01,forick.switch.sw1b01.png,
插座开关,弗雷克,弗雷克智能开关D8（双开）,forick.switch.sw2b01,forick.switch.sw2b01.png,
插座开关,弗雷克,弗雷克智能开关D8（四开）,forick.switch.sw4b01,forick.switch.sw4b01.png,
插座开关,弗雷克,弗雷克智能无线旋钮遥控开关F6L,forick.remote.sw1b01,forick.remote.sw1b01.png,
插座开关,徕亮,小徕智能通断器（Mesh2.0）,laig.plug.dttdq,laig.plug.dttdq.png,
插座开关,思码光,思码光智雅一键智能开关,manew.switch.sw1a01,manew.switch.sw1a01.png,
插座开关,思码光,思码光智雅三键智能开关,manew.switch.sw3a01,manew.switch.sw3a01.png,
插座开关,思码光,思码光智雅二键智能开关,manew.switch.sw2a01,manew.switch.sw2a01.png,
插座开关,思码光,思码光智雅四键屏显智能开关,manew.switch.sw4a01,manew.switch.sw4a01.png,
插座开关,悠觅,YOOMI一键开关Mesh2.0版,tofan.switch.bln31,tofan.switch.bln31.png,
插座开关,悠觅,YOOMI三键开关Mesh2.0版,tofan.switch.bln33,tofan.switch.bln33.png,
插座开关,悠觅,YOOMI二键开关Mesh2.0版,tofan.switch.bln32,tofan.switch.bln32.png,
插座开关,悠觅,YOOMI八键开关Mesh2.0版,tofan.switch.bln38,tofan.switch.bln38.png,
插座开关,悠觅,YOOMI六键开关Mesh2.0版,tofan.switch.bln36,tofan.switch.bln36.png,
插座开关,悠觅,YOOMI四键开关Mesh2.0版,tofan.switch.bln34,tofan.switch.bln34.png,
插座开关,悠觅,悠觅Z1屏显开关MESH2.0,tofan.switch.ymd1,tofan.switch.ymd1.png,
插座开关,悠觅,悠觅一键屏显开关H1-PRO2.0,tofan.switch.h1pro1,tofan.switch.h1pro1.png,
插座开关,悠觅,悠觅三键屏显开关H1-PRO2.0,tofan.switch.h1pro3,tofan.switch.h1pro3.png,
插座开关,悠觅,悠觅二键屏显开关H1-PRO2.0,tofan.switch.h1pro2,tofan.switch.h1pro2.png,
插座开关,悠觅,悠觅四键屏显开关D1,tofan.switch.pxln4,tofan.switch.pxln4.png,
插座开关,悠觅,悠觅智能一键开关H1-MESH2.0,tofan.switch.111h1,tofan.switch.111h1.png,
插座开关,悠觅,悠觅智能三键开关H1-MESH2.0,tofan.switch.333h1,tofan.switch.333h1.png,
插座开关,悠觅,悠觅智能二键开关H1-MESH2.0,tofan.switch.222h1,tofan.switch.222h1.png,
插座开关,情景,情景轻触智能开关一位,yg1.switch.sw1a01,yg1.switch.sw1a01.png,
插座开关,情景,情景轻触智能开关三位,yg1.switch.sw3a01,yg1.switch.sw3a01.png,
插座开关,情景,情景轻触智能开关二位,yg1.switch.sw2a01,yg1.switch.sw2a01.png,
插座开关,情景,情景轻触智能开关四位,yg1.switch.sw4a01,yg1.switch.sw4a01.png,
插座开关,慕容柯,慕容柯隐形开关Mesh2.0,murong.switch.mrk005,murong.switch.mrk005.png,
插座开关,慕容柯,慕容柯隐形开关灵动版,murong.switch.mrk002,murong.switch.mrk002.png,
插座开关,慧电熊,慧电熊四路超级屏显开关(Mesh2.0),mitch.switch.sw4a02,mitch.switch.sw4a02.png,
插座开关,技电鲨,桐鹏智能通断器,tpzn.switch.9999,tpzn.switch.9999.png,
插座开关,拓凡智联,YOOMI多功能开关Z1-Mesh版,tofan.switch.s01,tofan.switch.s01.png,
插座开关,控享,KX三键灯控开关面板(单零火),kk2022.switch.bln43,kk2022.switch.bln43.png,
插座开关,控享,KX三键灯控面板,kk2022.switch.bln33,kk2022.switch.bln33.png,
插座开关,控享,KX八键复合开关面板,kk2022.switch.bln38,kk2022.switch.bln38.png,
插座开关,控享,KX单键灯控开关面板(单零火),kk2022.switch.bln41,kk2022.switch.bln41.png,
插座开关,控享,KX单键灯控面板,kk2022.switch.bln31,kk2022.switch.bln31.png,
插座开关,控享,KX双键灯控开关面板(单零火),kk2022.switch.bln42,kk2022.switch.bln42.png,
插座开关,控享,KX双键灯控面板,kk2022.switch.bln32,kk2022.switch.bln32.png,
插座开关,控享,KX四键灯控面板,kk2022.switch.bln34,kk2022.switch.bln34.png,
插座开关,控享,KX屏显三键开关面板,kk2022.switch.blp03,kk2022.switch.blp03.png,
插座开关,控享,KX屏显单键开关面板,kk2022.switch.blp01,kk2022.switch.blp01.png,
插座开关,控享,KX屏显双键开关面板,kk2022.switch.blp02,kk2022.switch.blp02.png,
插座开关,控享,KX屏显四键开关面板,kk2022.switch.blp04,kk2022.switch.blp04.png,
插座开关,控客轻智家,控客轻智家轻宸超薄屏显开关四键mesh2.0,ksmart.switch.sw4a02,ksmart.switch.sw4a02.png,
插座开关,控客轻智家,控客轻智家轻宸超薄开关三键mesh2.0,ksmart.switch.sw3a01,ksmart.switch.sw3a01.png,
插座开关,控客轻智家,控客轻智家轻宸超薄开关单键mesh2.0,ksmart.switch.sw1a01,ksmart.switch.sw1a01.png,
插座开关,控客轻智家,控客轻智家轻宸超薄开关双键mesh2.0,ksmart.switch.sw2a01,ksmart.switch.sw2a01.png,
插座开关,控客轻智家,控客轻智家轻宸超薄开关四键mesh2.0,ksmart.switch.sw4a01,ksmart.switch.sw4a01.png,
插座开关,文光汇,文光汇智能插座（Mesh计电量）,sixwgh.plug.v8icm1,sixwgh.plug.v8icm1.png,
插座开关,文光汇,文光汇智能插座（Mesh）,sixwgh.plug.v7icm,sixwgh.plug.v7icm.png,
插座开关,文光汇,文光汇智能插座（Wi-Fi）,sixwgh.plug.v9wh,sixwgh.plug.v9wh.png,
插座开关,文光汇,文光汇智能插座（WiFi计电量）,sixwgh.plug.v8icwf,sixwgh.plug.v8icwf.png,
插座开关,文光汇,文光汇智能插座（WiFi）,sixwgh.plug.v7icw1,sixwgh.plug.v7icw1.png,
插座开关,新极,新极智能一路开关Pro2.0,xinji.switch.sw1b01,xinji.switch.sw1b01.png,
插座开关,新极,新极智能一键开关Pro,xinji.switch.sw1a02,xinji.switch.sw1a02.png,
插座开关,新极,新极智能三路开关Pro2.0,xinji.switch.sw3b01,xinji.switch.sw3b01.png,
插座开关,新极,新极智能三键开关Pro,xinji.switch.sw3a02,xinji.switch.sw3a02.png,
插座开关,新极,新极智能二路开关Pro2.0,xinji.switch.sw2b01,xinji.switch.sw2b01.png,
插座开关,新极,新极智能二键开关Pro,xinji.switch.sw2a02,xinji.switch.sw2a02.png,
插座开关,新极,新极智能四路开关Pro2.0,xinji.switch.sw4b01,xinji.switch.sw4b01.png,
插座开关,新极,新极智能四键开关Pro,xinji.switch.sw4a02,xinji.switch.sw4a02.png,
插座开关,方舟鱼,方舟鱼无线开关E1,line.remote.wkgf1,line.remote.wkgf1.png,
插座开关,方舟鱼,方舟鱼无线开关E1S,line.remote.kge1s,line.remote.kge1s.png,
插座开关,方舟鱼,方舟鱼无线开关E2,line.remote.fwkge2,line.remote.fwkge2.png,
插座开关,方舟鱼,方舟鱼智能墙壁开关H4（零火三键版）,line.switch.fkgh43,line.switch.fkgh43.png,
插座开关,方舟鱼,方舟鱼智能墙壁开关H4（零火单键版）,line.switch.fkgh41,line.switch.fkgh41.png,
插座开关,方舟鱼,方舟鱼智能墙壁开关H4（零火双键版）,line.switch.fkgh42,line.switch.fkgh42.png,
插座开关,方舟鱼,方舟鱼智能墙壁开关H4（零火四键版）,line.switch.fkgh44,line.switch.fkgh44.png,
插座开关,方舟鱼,方舟鱼智能墙壁开关H5 三键,line.switch.kgdh53,line.switch.kgdh53.png,
插座开关,方舟鱼,方舟鱼智能墙壁开关H5 单键,line.switch.kgdh51,line.switch.kgdh51.png,
插座开关,方舟鱼,方舟鱼智能墙壁开关H5 双键,line.switch.kgdh52,line.switch.kgdh52.png,
插座开关,方舟鱼,方舟鱼智能墙壁开关H5 四键,line.switch.kgdh54,line.switch.kgdh54.png,
插座开关,方舟鱼,方舟鱼智能断路器D1,line.plug.afsb1,line.plug.afsb1.png,
插座开关,方舟鱼,方舟鱼智能断路器D2,line.plug.lhbl7,line.plug.lhbl7.png,
插座开关,方舟鱼,方舟鱼智能柜开关D3,line.switch.sw2a02,line.switch.sw2a02.png,
插座开关,施耐德电气,施耐德电气智能一位一场景零火开关,wiser.switch.hsk005,wiser.switch.hsk005.png,
插座开关,施耐德电气,施耐德电气智能一位零火开关,wiser.switch.hyk005,wiser.switch.hyk005.png,
插座开关,施耐德电气,施耐德电气智能三位三场景零火开关,wiser.switch.hsk007,wiser.switch.hsk007.png,
插座开关,施耐德电气,施耐德电气智能三位零火开关,wiser.switch.hyk007,wiser.switch.hyk007.png,
插座开关,施耐德电气,施耐德电气智能二位二场景零火开关,wiser.switch.hsk006,wiser.switch.hsk006.png,
插座开关,施耐德电气,施耐德电气智能二位四场景零火开关,wiser.switch.hsk008,wiser.switch.hsk008.png,
插座开关,施耐德电气,施耐德电气智能二位零火开关,wiser.switch.hyk006,wiser.switch.hyk006.png,
插座开关,施耐德电气,施耐德电气智能四位零火开关,wiser.switch.hyk008,wiser.switch.hyk008.png,
插座开关,施耐德电气,施耐德电气玻璃智能一位零火开关,wiser.switch.hyk009,wiser.switch.hyk009.png,
插座开关,施耐德电气,施耐德电气玻璃智能三位零火开关,wiser.switch.hyk011,wiser.switch.hyk011.png,
插座开关,施耐德电气,施耐德电气玻璃智能二位零火开关,wiser.switch.hyk010,wiser.switch.hyk010.png,
插座开关,施耐德电气,施耐德电气玻璃智能四位零火开关,wiser.switch.hyk012,wiser.switch.hyk012.png,
插座开关,易而达,易而达MESH单火开关1键,eda.switch.1sfsw,eda.switch.1sfsw.png,
插座开关,易而达,易而达MESH单火开关2键,eda.switch.2sfsw,eda.switch.2sfsw.png,
插座开关,易而达,易而达MESH单火开关3键,eda.switch.3sfsw,eda.switch.3sfsw.png,
插座开关,易而达,易而达MESH开关1键,eda.switch.switch,eda.switch.switch.png,
插座开关,易而达,易而达MESH开关2键,eda.switch.2sw,eda.switch.2sw.png,
插座开关,易而达,易而达MESH开关3键,eda.switch.3sw,eda.switch.3sw.png,
插座开关,星凯思,星凯思智能开关一开（Mesh2.0）,xhzn88.switch.xks01,xhzn88.switch.xks01.png,
插座开关,星凯思,星凯思智能开关三开（Mesh2.0）,xhzn88.switch.xks03,xhzn88.switch.xks03.png,
插座开关,星凯思,星凯思智能开关二开（Mesh2.0）,xhzn88.switch.xks02,xhzn88.switch.xks02.png,
插座开关,星发现,星发现智能开关(一位),star1.switch.sw1,star1.switch.sw1.png,
插座开关,星发现,星发现智能开关(三位),star1.switch.sw3,star1.switch.sw3.png,
插座开关,星发现,星发现智能开关(二位),star1.switch.sw2,star1.switch.sw2.png,
插座开关,星发现,星发现智能开关(四位),star1.switch.sw4,star1.switch.sw4.png,
插座开关,星明浩,星明浩智慧屏开关S4,xmd.switch.sw2d03,xmd.switch.sw2d03.png,
插座开关,星明浩,星明浩智能屏显开关面板A6 四开,xmd.switch.sw4a02,xmd.switch.sw4a02.png,
插座开关,星明浩,星明浩智能开关面板A6 一开,xmd.switch.sw1a01,xmd.switch.sw1a01.png,
插座开关,星明浩,星明浩智能开关面板A6 三开,xmd.switch.sw3a01,xmd.switch.sw3a01.png,
插座开关,星明浩,星明浩智能开关面板A6 二开,xmd.switch.sw2a01,xmd.switch.sw2a01.png,
插座开关,星月影,星月影Home Hi智能开关（一键）,seomsh.switch.sw1a01,seomsh.switch.sw1a01.png,
插座开关,星月影,星月影Home Hi智能开关（三键）,seomsh.switch.sw3a01,seomsh.switch.sw3a01.png,
插座开关,星月影,星月影Home Hi智能开关（二键）,seomsh.switch.sw2a01,seomsh.switch.sw2a01.png,
插座开关,星月影,星月影Home Hi智能开关（四键）,seomsh.switch.sw4a01,seomsh.switch.sw4a01.png,
插座开关,星美达,星美达智慧屏开关S4,xmd.switch.sw3d03,xmd.switch.sw3d03.png,
插座开关,晓翼,晓翼Mesh一键开关Ultra,symi.switch.sw1e02,symi.switch.sw1e02.png,
插座开关,晓翼,晓翼Mesh三键开关Ultra,symi.switch.sw3e02,symi.switch.sw3e02.png,
插座开关,晓翼,晓翼Mesh二键开关Ultra,symi.switch.sw2e02,symi.switch.sw2e02.png,
插座开关,晓翼,晓翼Mesh四键开关Ultra,symi.switch.sw4e02,symi.switch.sw4e02.png,
插座开关,晶米,晶米一键智能开关mesh版,ykl.switch.sw1a01,ykl.switch.sw1a01.png,
插座开关,晶米,晶米三键智能开关mesh版,ykl.switch.sw3a01,ykl.switch.sw3a01.png,
插座开关,晶米,晶米二键智能开关mesh版,ykl.switch.sw2a01,ykl.switch.sw2a01.png,
插座开关,晶米,晶米六键智能开关mesh版,ykl.switch.sw6a01,ykl.switch.sw6a01.png,
插座开关,晶米,晶米四键智能开关mesh版,ykl.switch.sw4a01,ykl.switch.sw4a01.png,
插座开关,晶米,晶米智能插卡取电mesh版,ykl.cs.swk01,ykl.cs.swk01.png,
插座开关,智信物联,智信物联M1 Pro开关,cqzx.switch.sw1a01,cqzx.switch.sw1a01.png,
插座开关,智信物联,智信物联四路屏显开关Mesh2.0,cqzx.switch.sw3b01,cqzx.switch.sw3b01.png,
插座开关,智和家,智和家 C1超薄开关一键,zhj.switch.zhjc11,zhj.switch.zhjc11.png,
插座开关,智和家,智和家 K1百变智能开关 一键,zhj.switch.sw1c01,zhj.switch.sw1c01.png,
插座开关,智和家,智和家 K1百变智能开关 三键,zhj.switch.sw3b01,zhj.switch.sw3b01.png,
插座开关,智和家,智和家 K1百变智能开关 二键,zhj.switch.sw2b01,zhj.switch.sw2b01.png,
插座开关,智和家,智和家 K1百变智能开关 四键,zhj.switch.sw4b01,zhj.switch.sw4b01.png,
插座开关,智和家,智和家 T1 Max智能屏显开关一键,zhj.switch.t1max1,zhj.switch.t1max1.png,
插座开关,智和家,智和家 T1 Max智能屏显开关三键,zhj.switch.t1max3,zhj.switch.t1max3.png,
插座开关,智和家,智和家 T1 Max智能屏显开关二键,zhj.switch.t1max2,zhj.switch.t1max2.png,
插座开关,智和家,智和家 T1 Pro智能开关一键,zhj.switch.t1pro1,zhj.switch.t1pro1.png,
插座开关,智和家,智和家 T1 Pro智能开关三键,zhj.switch.t1pro3,zhj.switch.t1pro3.png,
插座开关,智和家,智和家 T1 Pro智能开关二键,zhj.switch.t1pro2,zhj.switch.t1pro2.png,
插座开关,智和家,智和家 T1 Pro智能开关四键,zhj.switch.t1pro4,zhj.switch.t1pro4.png,
插座开关,智和家,智和家 T1零火智能开关 一键,zhj.switch.sw1e01,zhj.switch.sw1e01.png,
插座开关,智和家,智和家 T1零火智能开关 三键,zhj.switch.sw3e01,zhj.switch.sw3e01.png,
插座开关,智和家,智和家 T1零火智能开关 二键,zhj.switch.sw2e01,zhj.switch.sw2e01.png,
插座开关,智和家,智和家 T1零火智能开关 四键,zhj.switch.sw4e01,zhj.switch.sw4e01.png,
插座开关,智和家,智和家 T2单零火智能开关 一键,zhj.switch.sw1d02,zhj.switch.sw1d02.png,
插座开关,智和家,智和家 T2单零火智能开关 三键,zhj.switch.sw3d02,zhj.switch.sw3d02.png,
插座开关,智和家,智和家 T2单零火智能开关 二键,zhj.switch.sw2d02,zhj.switch.sw2d02.png,
插座开关,智和家,智和家 超薄圆屏多功能面板,zhj.switch.zhjw04,zhj.switch.zhjw04.png,
插座开关,智和家,智和家 超薄零火屏显开关 三开,zhj.switch.zhjw02,zhj.switch.zhjw02.png,
插座开关,智和家,智和家 超薄零火屏显开关 二开,zhj.switch.zhjw01,zhj.switch.zhjw01.png,
插座开关,智和家,智和家 超薄零火屏显开关 四开,zhj.switch.zhjw03,zhj.switch.zhjw03.png,
插座开关,智和家,智和家C1超薄屏开关,zhj.switch.zhjc1p,zhj.switch.zhjc1p.png,
插座开关,智和家,智和家L智能开关一开,zhj.switch.sw1a01,zhj.switch.sw1a01.png,
插座开关,智和家,智和家L智能开关三开,zhj.switch.sw3a01,zhj.switch.sw3a01.png,
插座开关,智和家,智和家L智能开关二开,zhj.switch.sw2a01,zhj.switch.sw2a01.png,
插座开关,智和家,智和家L智能开关四开,zhj.switch.sw4a01,zhj.switch.sw4a01.png,
插座开关,智和家,智和家 C1超薄开关三键,zhj.switch.zhjc13,zhj.switch.zhjc13.png,
插座开关,智和家,智和家 C1超薄开关二键,zhj.switch.zhjc12,zhj.switch.zhjc12.png,
插座开关,智和家,智和家 C1超薄开关四键,zhj.switch.zhjc14,zhj.switch.zhjc14.png,
插座开关,智己人,智己人智能开关零火版（三开）,zzw.switch.sw3a01,zzw.switch.sw3a01.png,
插座开关,智己人,智己人智能开关零火版（单开）,zzw.switch.sw1a01,zzw.switch.sw1a01.png,
插座开关,智己人,智己人智能开关零火版（双开）,zzw.switch.sw2a01,zzw.switch.sw2a01.png,
插座开关,智己人,智己人智能开关零火版（四开）,zzw.switch.sw4a01,zzw.switch.sw4a01.png,
插座开关,智悦,智悦智能开关,gtop.switch.yd01,gtop.switch.yd01.png,
插座开关,智拉斐,拉斐智能一键开关,slf.switch.bin31,slf.switch.bin31.png,
插座开关,智拉斐,拉斐智能三键开关,slf.switch.bin33,slf.switch.bin33.png,
插座开关,智拉斐,拉斐智能二键开关,slf.switch.bin32,slf.switch.bin32.png,
插座开关,智拉斐,拉斐智能六键开关,slf.switch.bin6,slf.switch.bin6.png,
插座开关,智拉斐,拉斐智能四键开关,slf.switch.bin34,slf.switch.bin34.png,
插座开关,智拉斐,智拉斐一键屏显超薄开关X-H5A,slf.switch.zlfx1,slf.switch.zlfx1.png,
插座开关,智拉斐,智拉斐三键屏显超薄开关X-H5A,slf.switch.zlfx3,slf.switch.zlfx3.png,
插座开关,智拉斐,智拉斐三键零火场景开关（Y8）,slf.remote.rem03,slf.remote.rem03.png,
插座开关,智拉斐,智拉斐二键屏显超薄开关X-H5A,slf.switch.zlfx2,slf.switch.zlfx2.png,
插座开关,智拉斐,智拉斐六键屏显超薄开关X-H5A,slf.switch.zlfx6,slf.switch.zlfx6.png,
插座开关,智拉斐,智拉斐六键零火场景开关（Y8）,slf.remote.rem05,slf.remote.rem05.png,
插座开关,智拉斐,智拉斐单键零火场景开关（Y8）,slf.remote.rem01,slf.remote.rem01.png,
插座开关,智拉斐,智拉斐双键零火场景开关（Y8）,slf.remote.rem02,slf.remote.rem02.png,
插座开关,智拉斐,智拉斐四键屏显超薄开关X-H5A,slf.switch.zlfx4,slf.switch.zlfx4.png,
插座开关,智拉斐,智拉斐四键零火场景开关（HR7）,slf.remote.rem04,slf.remote.rem04.png,
插座开关,智拉斐,智拉斐四键零火场景开关（Y8）,slf.remote.rem06,slf.remote.rem06.png,
插座开关,智拉斐,智拉斐智能插卡取电开关（D8）,slf.cs.ckd5,slf.cs.ckd5.png,
插座开关,智拉斐,智拉斐智能紧急呼叫开关（D8）,slf.remote.sen02,slf.remote.sen02.png,
插座开关,智拉斐,智拉斐智能紧急呼叫开关（HR7）,slf.remote.sen01,slf.remote.sen01.png,
插座开关,智无愚,智无愚屏显一键开关,zzljzn.switch.px01,zzljzn.switch.px01.png,
插座开关,智无愚,智无愚屏显三键开关,zzljzn.switch.px03,zzljzn.switch.px03.png,
插座开关,智无愚,智无愚屏显二键开关,zzljzn.switch.px02,zzljzn.switch.px02.png,
插座开关,智无愚,智无愚智能开关一键,zzljzn.switch.sw1a01,zzljzn.switch.sw1a01.png,
插座开关,智无愚,智无愚智能开关三键,zzljzn.switch.sw3a01,zzljzn.switch.sw3a01.png,
插座开关,智无愚,智无愚智能开关二键,zzljzn.switch.sw2a01,zzljzn.switch.sw2a01.png,
插座开关,智无愚,智无愚智能开关四键,zzljzn.switch.sw4a01,zzljzn.switch.sw4a01.png,
插座开关,智有范,智有范2键智能开关M1,ailol.switch.sw2b01,ailol.switch.sw2b01.png,
插座开关,智有范,智有范4键智能开关M1,ailol.switch.sw4b01,ailol.switch.sw4b01.png,
插座开关,智有范,智有范6键智能开关M1,ailol.switch.sw6b01,ailol.switch.sw6b01.png,
插座开关,智汇云,智汇云一位轻触开关面板,ezhome.switch.z4001,ezhome.switch.z4001.png,
插座开关,智汇云,智汇云三位轻触开关面板,ezhome.switch.z4003,ezhome.switch.z4003.png,
插座开关,智汇云,智汇云二位轻触开关面板,ezhome.switch.z4002,ezhome.switch.z4002.png,
插座开关,智相连,智相连Mesh2.0通断器,zxlink.switch.zxltdq,zxlink.switch.zxltdq.png,
插座开关,智领袖,智领袖智能开关（一路）,zlx.switch.zlxkg1,zlx.switch.zlxkg1.png,
插座开关,智领袖,智领袖智能开关（三路）,zlx.switch.zlxkg3,zlx.switch.zlxkg3.png,
插座开关,智领袖,智领袖智能开关（二路）,zlx.switch.zlxkg2,zlx.switch.zlxkg2.png,
插座开关,智领袖,智领袖智能开关（四路）,zlx.switch.zlxkg4,zlx.switch.zlxkg4.png,
插座开关,朗尊,朗尊MESH2.0一位多功能智能开关,lzmesh.switch.sw1b01,lzmesh.switch.sw1b01.png,
插座开关,朗尊,朗尊MESH2.0三位多功能智能开关,lzmesh.switch.sw3b01,lzmesh.switch.sw3b01.png,
插座开关,朗尊,朗尊MESH2.0二位多功能智能开关,lzmesh.switch.sw2b01,lzmesh.switch.sw2b01.png,
插座开关,朗尊,朗尊MESH2.0四位多功能智能开关,lzmesh.switch.sw4b01,lzmesh.switch.sw4b01.png,
插座开关,朗尊,朗尊MESH一位智能开关,lzmesh.switch.sw1a01,lzmesh.switch.sw1a01.png,
插座开关,朗尊,朗尊MESH三位智能开关,lzmesh.switch.sw3a01,lzmesh.switch.sw3a01.png,
插座开关,朗尊,朗尊MESH二位智能开关,lzmesh.switch.sw2a01,lzmesh.switch.sw2a01.png,
插座开关,朗尊,朗尊MESH四位智能开关,lzmesh.switch.sw4a01,lzmesh.switch.sw4a01.png,
插座开关,朗尊,朗尊四键屏显开关PRO,lzmesh.switch.sw4a02,lzmesh.switch.sw4a02.png,
插座开关,朗尊,朗尊手柄无线开关T2,lzmesh.remote.sw2b01,lzmesh.remote.sw2b01.png,
插座开关,朗尊,朗尊旋钮无线开关T1,lzmesh.remote.sw1b01,lzmesh.remote.sw1b01.png,
插座开关,朗尊,朗尊旋钮无线开关T3,lzmesh.remote.sw1b02,lzmesh.remote.sw1b02.png,
插座开关,木林森,木林森智能一键开关（田字版）,mlszn.switch.sw1b01,mlszn.switch.sw1b01.png,
插座开关,木林森,木林森智能一键开关（竖版）,mlszn.switch.sw1a01,mlszn.switch.sw1a01.png,
插座开关,木林森,木林森智能三键开关（田字版）,mlszn.switch.sw3b01,mlszn.switch.sw3b01.png,
插座开关,木林森,木林森智能三键开关（竖版）,mlszn.switch.sw3a01,mlszn.switch.sw3a01.png,
插座开关,木林森,木林森智能二键开关（田字版）,mlszn.switch.sw2b01,mlszn.switch.sw2b01.png,
插座开关,木林森,木林森智能二键开关（竖版）,mlszn.switch.sw2a01,mlszn.switch.sw2a01.png,
插座开关,木林森,木林森智能四键开关（田字版）,mlszn.switch.sw4b01,mlszn.switch.sw4b01.png,
插座开关,木林森,木林森智能四键开关（竖版）,mlszn.switch.sw4a01,mlszn.switch.sw4a01.png,
插座开关,木林森照明,木林森Z01智能中控屏开关,mlszm.switch.sw3a01,mlszm.switch.sw3a01.png,
插座开关,未来居,未来居PLC智能八键开关面板,bymiot.switch.wlv2,bymiot.switch.wlv2.png,
插座开关,未来居,未来居S9Ultra彩屏屏显开关三键（Mesh 2.0）,bymiot.switch.3kwls5,bymiot.switch.3kwls5.png,
插座开关,未来居,未来居S9Ultra彩屏屏显开关单键（Mesh 2.0）,bymiot.switch.1kwls5,bymiot.switch.1kwls5.png,
插座开关,未来居,未来居S9Ultra彩屏屏显开关双键（Mesh 2.0）,bymiot.switch.2kwls5,bymiot.switch.2kwls5.png,
插座开关,未来居,未来居S9Ultra彩屏屏显开关四键（Mesh2.0）,bymiot.switch.4kwls5,bymiot.switch.4kwls5.png,
插座开关,未来居,未来居单(零)火兼容智能开关(三键),bymiot.switch.3kwls2,bymiot.switch.3kwls2.png,
插座开关,未来居,未来居单(零)火兼容智能开关(单键),bymiot.switch.1kwls2,bymiot.switch.1kwls2.png,
插座开关,未来居,未来居单(零)火兼容智能开关(双键),bymiot.switch.2kwls2,bymiot.switch.2kwls2.png,
插座开关,未来居,未来居单(零)火兼容智能开关(四键),bymiot.switch.4kwls2,bymiot.switch.4kwls2.png,
插座开关,未来居,未来居无线三键场景开关,bymiot.remote.3kwlv1,bymiot.remote.3kwlv1.png,
插座开关,未来居,未来居无线单键场景开关,bymiot.remote.1kwlv1,bymiot.remote.1kwlv1.png,
插座开关,未来居,未来居无线双键场景开关,bymiot.remote.2kwlv1,bymiot.remote.2kwlv1.png,
插座开关,未来居,未来居智能开关Mesh2.0（一键）,bymiot.switch.1kwlv4,bymiot.switch.1kwlv4.png,
插座开关,未来居,未来居智能开关Mesh2.0（三键）,bymiot.switch.3kwlv4,bymiot.switch.3kwlv4.png,
插座开关,未来居,未来居智能开关Mesh2.0（二键）,bymiot.switch.2kwlv4,bymiot.switch.2kwlv4.png,
插座开关,未来居,未来居智能开关Mesh2.0（四键）,bymiot.switch.4kwlv4,bymiot.switch.4kwlv4.png,
插座开关,未来居,未来居智能开关一键开关（Mesh 2.0）,bymiot.switch.1kwls6,bymiot.switch.1kwls6.png,
插座开关,未来居,未来居智能开关三键开关（Mesh 2.0）,bymiot.switch.3kwls6,bymiot.switch.3kwls6.png,
插座开关,未来居,未来居智能开关双键开关（Mesh 2.0）,bymiot.switch.2kwls6,bymiot.switch.2kwls6.png,
插座开关,未来居,未来居智能开关四键开关（Mesh 2.0）,bymiot.switch.4kwls6,bymiot.switch.4kwls6.png,
插座开关,未来居,未来居超薄屏显开关三键 Mesh2.0,bymiot.switch.px03,bymiot.switch.px03.png,
插座开关,未来居,未来居超薄屏显开关单键 Mesh2.0,bymiot.switch.px01,bymiot.switch.px01.png,
插座开关,未来居,未来居超薄屏显开关双键 Mesh2.0,bymiot.switch.px02,bymiot.switch.px02.png,
插座开关,未来居,未来居轻连三键强电开关,bymiot.switch.3kwlv1,bymiot.switch.3kwlv1.png,
插座开关,未来居,未来居轻连六键强电开关,bymiot.switch.6kwlv1,bymiot.switch.6kwlv1.png,
插座开关,未来居,未来居轻连单键强电开关,bymiot.switch.1kwlv1,bymiot.switch.1kwlv1.png,
插座开关,未来居,未来居轻连双键强电开关,bymiot.switch.2kwlv1,bymiot.switch.2kwlv1.png,
插座开关,未来居,未来居轻连四键强电开关,bymiot.switch.4kwlv1,bymiot.switch.4kwlv1.png,
插座开关,未来居,未来居轻连插卡取电,bymiot.cs.wlv2,bymiot.cs.wlv2.png,
插座开关,未来居,未来居零火智能开关(三键),bymiot.switch.3kwls3,bymiot.switch.3kwls3.png,
插座开关,未来居,未来居零火智能开关(单键),bymiot.switch.1kwls3,bymiot.switch.1kwls3.png,
插座开关,未来居,未来居零火智能开关(双键),bymiot.switch.2kwls3,bymiot.switch.2kwls3.png,
插座开关,未来居,未来居零火智能开关(四键),bymiot.switch.4kwls3,bymiot.switch.4kwls3.png,
插座开关,未来居科技,未来居PLC智能四键开关面板,bymiot.switch.plcv1,bymiot.switch.plcv1.png,
插座开关,未来居科技,未来居轻连强电插卡取电（Mesh 2.0）,bymiot.cs.wlv3,bymiot.cs.wlv3.png,
插座开关,杜亚,向日葵智能面板EK1,dooya.remote.ek1,dooya.remote.ek1.png,
插座开关,杜亚,杜亚智能无线开关E1,dooya.remote.e1p,dooya.remote.e1p.png,
插座开关,杜亚,杜亚智能无线旋钮开关E6,dooya.remote.e6,dooya.remote.e6.png,
插座开关,松鼠,松鼠一开智能开关,ssznkj.switch.sw1a01,ssznkj.switch.sw1a01.png,
插座开关,松鼠,松鼠三开智能屏显开关,ssznkj.switch.sw3b01,ssznkj.switch.sw3b01.png,
插座开关,松鼠,松鼠三开智能开关,ssznkj.switch.sw3a01,ssznkj.switch.sw3a01.png,
插座开关,松鼠,松鼠二开智能开关,ssznkj.switch.sw2a01,ssznkj.switch.sw2a01.png,
插座开关,松鼠,松鼠四开智能屏显开关,ssznkj.switch.sw4a01,ssznkj.switch.sw4a01.png,
插座开关,松鼠,松鼠四开智能开关,ssznkj.switch.sw4a02,ssznkj.switch.sw4a02.png,
插座开关,柏晶,柏晶一键智能开关,bogin8.switch.sw1a01,bogin8.switch.sw1a01.png,
插座开关,柏晶,柏晶三键智能开关,bogin8.switch.sw3a01,bogin8.switch.sw3a01.png,
插座开关,柏晶,柏晶二键智能开关,bogin8.switch.sw2a01,bogin8.switch.sw2a01.png,
插座开关,柏晶,柏晶四键智能开关,bogin8.switch.sw4a01,bogin8.switch.sw4a01.png,
插座开关,柏晶,柏晶智能四键屏显开关,bogin8.switch.sw4b01,bogin8.switch.sw4b01.png,
插座开关,柏曼,柏曼智能三键墙壁开关,pbm.switch.sw3a02,pbm.switch.sw3a02.png,
插座开关,柏曼,柏曼智能单键墙壁开关,pbm.switch.sw1a01,pbm.switch.sw1a01.png,
插座开关,柏曼,柏曼智能双键墙壁开关,pbm.switch.sw2a02,pbm.switch.sw2a02.png,
插座开关,树色,树色四路通断器 (Mesh2.0),shuse.switch.sskg6,shuse.switch.sskg6.png,
插座开关,树色,树色小圆豆无线开关（BLE）,shuse.remote.yk20,shuse.remote.yk20.png,
插座开关,树色,树色手指机器人伴侣（Mesh）,shuse.plug.ifrc1,shuse.plug.ifrc1.png,
插座开关,树色,树色无线开关一键（BLE）,shuse.remote.v6swx1,shuse.remote.v6swx1.png,
插座开关,树色,树色无线开关三键（BLE）,shuse.remote.v6swx3,shuse.remote.v6swx3.png,
插座开关,树色,树色无线开关二键（BLE）,shuse.remote.v6wx2,shuse.remote.v6wx2.png,
插座开关,树色,树色智能一键开关(Mesh2.0),shuse.switch.sskg1,shuse.switch.sskg1.png,
插座开关,树色,树色智能三键开关(Mesh2.0),shuse.switch.sskg3,shuse.switch.sskg3.png,
插座开关,树色,树色智能二键开关(Mesh2.0),shuse.switch.sskg22,shuse.switch.sskg22.png,
插座开关,树色,树色智能四键开关(Mesh2.0),shuse.switch.sskg4,shuse.switch.sskg4.png,
插座开关,树色,树色智能控制器Mesh,shuse.plug.v7icm,shuse.plug.v7icm.png,
插座开关,树色,树色智能控制器Wifi,shuse.plug.v7icw,shuse.plug.v7icw.png,
插座开关,树色,树色智能控制器计量版Mesh,shuse.plug.v8icm,shuse.plug.v8icm.png,
插座开关,树色,树色智能控制器计量版Wifi,shuse.plug.v8icwf,shuse.plug.v8icwf.png,
插座开关,树色,树色通断器（Mesh2.0）,shuse.plug.sstdqm,shuse.plug.sstdqm.png,
插座开关,树色,树色通断器（WiFi）,shuse.switch.v9s24,shuse.switch.v9s24.png,
插座开关,桦府,HF情景智能一键开关,huafu.switch.sw1a01,huafu.switch.sw1a01.png,
插座开关,桦府,HF情景智能三键开关,huafu.switch.sw3a01,huafu.switch.sw3a01.png,
插座开关,桦府,HF情景智能二键开关,huafu.switch.sw2a01,huafu.switch.sw2a01.png,
插座开关,桦府,HF情景智能四键开关,huafu.switch.sw4a01,huafu.switch.sw4a01.png,
插座开关,欧伦特,欧伦特智能排插CB7,oit.plug.cb7,oit.plug.cb7.png,
插座开关,欧伦特,欧伦特智能插座CB2,oit.plug.cb2,oit.plug.cb2.png,
插座开关,欧伦特,欧伦特智能插座CB3,oit.plug.cb3,oit.plug.cb3.png,
插座开关,欧伦特,欧伦特智能插座CB6,oit.plug.cb6,oit.plug.cb6.png,
插座开关,欧普,OPPLE 一位智能开关,opple.switch.0010d5,opple.switch.0010d5.png,
插座开关,欧普,OPPLE 三位智能开关,opple.switch.0010d3,opple.switch.0010d3.png,
插座开关,欧普,OPPLE 三位智能开关 高清屏,opple.switch.00101a,opple.switch.00101a.png,
插座开关,欧普,OPPLE 二位智能开关,opple.switch.0010d6,opple.switch.0010d6.png,
插座开关,欧普,OPPLE 六位智能开关,opple.switch.0010d7,opple.switch.0010d7.png,
插座开关,欧普,OPPLE 六位智能开关 高清屏,opple.switch.00101c,opple.switch.00101c.png,
插座开关,欧普,OPPLE 六键磁吸场景开关,opple.remote.02001c,opple.remote.02001c.png,
插座开关,欧普,OPPLE 墙面旋钮,opple.switch.00101e,opple.switch.00101e.png,
插座开关,欧普,OPPLE 智能五孔插座,opple.plug.001019,opple.plug.001019.png,
插座开关,欧普,欧普单火蓝牙开关MESH(三键),opple.switch.lbs03a,opple.switch.lbs03a.png,
插座开关,欧普,欧普单火蓝牙开关MESH(单键),opple.switch.lbs01a,opple.switch.lbs01a.png,
插座开关,欧普,欧普单火蓝牙开关MESH(双键),opple.switch.lbs02a,opple.switch.lbs02a.png,
插座开关,欧普,欧普无线开关（三键）,opple.remote.5pb113,opple.remote.5pb113.png,
插座开关,欧普,欧普无线开关（单键）,opple.remote.5pb111,opple.remote.5pb111.png,
插座开关,欧普,欧普无线开关（双键）,opple.remote.5pb112,opple.remote.5pb112.png,
插座开关,正泰,正泰X5E一位智能开关,chnt.switch.bln05,chnt.switch.bln05.png,
插座开关,正泰,正泰X5E三位智能开关,chnt.switch.bln07,chnt.switch.bln07.png,
插座开关,正泰,正泰X5E二位智能开关,chnt.switch.bln06,chnt.switch.bln06.png,
插座开关,正泰,正泰Z1一位智能开关,chnt.switch.calh01,chnt.switch.calh01.png,
插座开关,正泰,正泰Z1一位智能开关(单零火),chnt.switch.cadlh1,chnt.switch.cadlh1.png,
插座开关,正泰,正泰Z1三位智能开关,chnt.switch.calh03,chnt.switch.calh03.png,
插座开关,正泰,正泰Z1三位智能开关(单零火),chnt.switch.cadlh3,chnt.switch.cadlh3.png,
插座开关,正泰,正泰Z1二位智能开关,chnt.switch.calh02,chnt.switch.calh02.png,
插座开关,正泰,正泰Z1二位智能开关(单零火),chnt.switch.cadlh2,chnt.switch.cadlh2.png,
插座开关,正泰,正泰Z1四位智能开关,chnt.switch.calh04,chnt.switch.calh04.png,
插座开关,正泰,正泰智能开关（一位零火）,chnt.switch.bln01,chnt.switch.bln01.png,
插座开关,正泰,正泰智能开关（三位零火）,chnt.switch.bln03,chnt.switch.bln03.png,
插座开关,正泰,正泰智能开关（二位零火）,chnt.switch.bln02,chnt.switch.bln02.png,
插座开关,正泰,正泰智能开关（四位零火）,chnt.switch.bln04,chnt.switch.bln04.png,
插座开关,比特,bittel比特开关1键（蓝牙mesh）,btzn.switch.bh8b1,btzn.switch.bh8b1.png,
插座开关,比特,bittel比特开关2键（蓝牙mesh）,btzn.switch.bh8b2,btzn.switch.bh8b2.png,
插座开关,比特,bittel比特开关3键（蓝牙mesh）,btzn.switch.bh8b3,btzn.switch.bh8b3.png,
插座开关,汉枫,智慧插座WiFi版,shhf.plug.spwc02,shhf.plug.spwc02.png,
插座开关,汉枫,智慧计量插座WiFi版,shhf.plug.c001,shhf.plug.c001.png,
插座开关,汉语,汉语H3智能开关（一开）,hanyu1.switch.sw1b01,hanyu1.switch.sw1b01.png,
插座开关,汉语,汉语H3智能开关（三开）,hanyu1.switch.sw3b01,hanyu1.switch.sw3b01.png,
插座开关,汉语,汉语H3智能开关（二开）,hanyu1.switch.sw2b01,hanyu1.switch.sw2b01.png,
插座开关,汉语,汉语H3智能开关（四开）,hanyu1.switch.sw4b01,hanyu1.switch.sw4b01.png,
插座开关,汉语,汉语H8田字格智能开关（一开）,hanyu1.switch.sw1a01,hanyu1.switch.sw1a01.png,
插座开关,汉语,汉语H8田字格智能开关（三开）,hanyu1.switch.sw3a01,hanyu1.switch.sw3a01.png,
插座开关,汉语,汉语H8田字格智能开关（二开）,hanyu1.switch.sw2a01,hanyu1.switch.sw2a01.png,
插座开关,汉语,汉语H8田字格智能开关（四开）,hanyu1.switch.sw4a01,hanyu1.switch.sw4a01.png,
插座开关,河光智能,河光智能一键开关（Mesh2.0）,hgzm.switch.v81ksm,hgzm.switch.v81ksm.png,
插座开关,泰力,泰力118AS任意键系列零火智能开关一开,taili.switch.sw1d01,taili.switch.sw1d01.png,
插座开关,泰力,泰力118AS任意键系列零火智能开关三开,taili.switch.sw3d01,taili.switch.sw3d01.png,
插座开关,泰力,泰力118AS任意键系列零火智能开关二开,taili.switch.sw2d01,taili.switch.sw2d01.png,
插座开关,泰力,泰力118AS单边键系列零火智能开关一开,taili.switch.sw1c01,taili.switch.sw1c01.png,
插座开关,泰力,泰力118AS单边键系列零火智能开关三开,taili.switch.sw3c01,taili.switch.sw3c01.png,
插座开关,泰力,泰力118AS单边键系列零火智能开关二开,taili.switch.sw2c01,taili.switch.sw2c01.png,
插座开关,泰力,泰力S11系列零火智能开关一开,taili.switch.sw1b01,taili.switch.sw1b01.png,
插座开关,泰力,泰力S11系列零火智能开关三开,taili.switch.sw3b01,taili.switch.sw3b01.png,
插座开关,泰力,泰力S11系列零火智能开关二开,taili.switch.sw2b01,taili.switch.sw2b01.png,
插座开关,泰力,泰力S11系列零火智能开关四开,taili.switch.sw4b01,taili.switch.sw4b01.png,
插座开关,泰力,泰力ST7系列零火智能开关一开,taili.switch.sw1a01,taili.switch.sw1a01.png,
插座开关,泰力,泰力ST7系列零火智能开关三开,taili.switch.sw3a01,taili.switch.sw3a01.png,
插座开关,泰力,泰力ST7系列零火智能开关二开,taili.switch.sw2a01,taili.switch.sw2a01.png,
插座开关,泰力,泰力ST8屏显一键开关,taili.switch.px01,taili.switch.px01.png,
插座开关,泰力,泰力ST8屏显三键开关,taili.switch.px03,taili.switch.px03.png,
插座开关,泰力,泰力ST8屏显二键开关,taili.switch.px02,taili.switch.px02.png,
插座开关,泰力,泰力V1系列零火智能开关一开,taili.switch.sw1e01,taili.switch.sw1e01.png,
插座开关,泰力,泰力V1系列零火智能开关三开,taili.switch.sw3e01,taili.switch.sw3e01.png,
插座开关,泰力,泰力V1系列零火智能开关二开,taili.switch.sw2e01,taili.switch.sw2e01.png,
插座开关,泰力,泰力V1系列零火智能开关四开,taili.switch.sw4e01,taili.switch.sw4e01.png,
插座开关,浙发,ZF 一位开关〔N7C〕,zhefa.switch.cxm01,zhefa.switch.cxm01.png,
插座开关,浙发,ZF 三位开关〔N7C〕,zhefa.switch.cxm03,zhefa.switch.cxm03.png,
插座开关,浙发,ZF 三位开关〔N7D〕,zhefa.switch.dxm03,zhefa.switch.dxm03.png,
插座开关,浙发,ZF 三联六键开关〔N7C〕,zhefa.switch.cxmqj3,zhefa.switch.cxmqj3.png,
插座开关,浙发,ZF 二位开关〔N7C〕,zhefa.switch.cxm02,zhefa.switch.cxm02.png,
插座开关,浙发,ZF 二联四键开关〔N7C〕,zhefa.switch.cxmqj2,zhefa.switch.cxmqj2.png,
插座开关,浙发,ZF 四位开关〔N7C〕,zhefa.switch.cxm04,zhefa.switch.cxm04.png,
插座开关,浙发,ZF 四联八键开关〔N7B〕,zhefa.switch.bxm08,zhefa.switch.bxm08.png,
插座开关,浩翔联智,浩翔联智蓝牙Mesh计量插座,h2t528.plug.outlet,h2t528.plug.outlet.png,
插座开关,深思,深思一位智能开关,ssdg.switch.sw1a01,ssdg.switch.sw1a01.png,
插座开关,深思,深思三位智能开关,ssdg.switch.sw3a01,ssdg.switch.sw3a01.png,
插座开关,深思,深思二位智能开关,ssdg.switch.sw2a01,ssdg.switch.sw2a01.png,
插座开关,深思,深思四位智能开关,ssdg.switch.sw4a01,ssdg.switch.sw4a01.png,
插座开关,炎米,炎米智能插座,ym001.plug.ymcz,ym001.plug.ymcz.png,
插座开关,炽达,炽达智能开关 (一开零火版),chida.switch.bln31,chida.switch.bln31.png,
插座开关,炽达,炽达智能开关 (三开零火版),chida.switch.bln33,chida.switch.bln33.png,
插座开关,炽达,炽达智能开关 (二开零火版),chida.switch.bln32,chida.switch.bln32.png,
插座开关,炽达,炽达智能开关 (四开零火版),chida.switch.bln34,chida.switch.bln34.png,
插座开关,狄耐克,狄耐克一键屏显开关面板(Mesh2.0),dnake.switch.blp01,dnake.switch.blp01.png,
插座开关,狄耐克,狄耐克三键屏显开关面板(Mesh2.0),dnake.switch.blp03,dnake.switch.blp03.png,
插座开关,狄耐克,狄耐克二键屏显开关面板(Mesh2.0),dnake.switch.blp02,dnake.switch.blp02.png,
插座开关,狄耐克,狄耐克四键屏显开关面板(Mesh2.0),dnake.switch.blp04,dnake.switch.blp04.png,
插座开关,狄耐克,狄耐克彩屏开关面板G2-Mesh版,dnake.switch.bln04,dnake.switch.bln04.png,
插座开关,狄耐克,狄耐克智慧屏开关Find-Mesh版,dnake.switch.bln10,dnake.switch.bln10.png,
插座开关,狄耐克,狄耐克智慧屏开关knob-Mesh版,dnake.switch.bln02,dnake.switch.bln02.png,
插座开关,狄耐克,狄耐克智能一键开关面板,dnake.switch.sw1b01,dnake.switch.sw1b01.png,
插座开关,狄耐克,狄耐克智能一键开关面板(单零火),dnake.switch.bdlx1,dnake.switch.bdlx1.png,
插座开关,狄耐克,狄耐克智能一键开关面板（Mesh2.0）,dnake.switch.bln31,dnake.switch.bln31.png,
插座开关,狄耐克,狄耐克智能三键开关面板,dnake.switch.sw3b01,dnake.switch.sw3b01.png,
插座开关,狄耐克,狄耐克智能三键开关面板(单零火),dnake.switch.bdlx3,dnake.switch.bdlx3.png,
插座开关,狄耐克,狄耐克智能三键开关面板（Mesh2.0）,dnake.switch.bln33,dnake.switch.bln33.png,
插座开关,狄耐克,狄耐克智能二键开关面板,dnake.switch.sw2b01,dnake.switch.sw2b01.png,
插座开关,狄耐克,狄耐克智能二键开关面板(单零火),dnake.switch.bdlx2,dnake.switch.bdlx2.png,
插座开关,狄耐克,狄耐克智能二键开关面板（Mesh2.0）,dnake.switch.bln32,dnake.switch.bln32.png,
插座开关,狄耐克,狄耐克智能六键开关面板（Mesh2.0）,dnake.switch.bln36,dnake.switch.bln36.png,
插座开关,狄耐克,狄耐克智能四键开关面板,dnake.switch.sw4b01,dnake.switch.sw4b01.png,
插座开关,狄耐克,狄耐克智能四键开关面板（Mesh2.0）,dnake.switch.bln34,dnake.switch.bln34.png,
插座开关,现代点,现代点A8易点一位智能开关,point.switch.sw1b01,point.switch.sw1b01.png,
插座开关,现代点,现代点A8易点三位智能开关,point.switch.sw3b01,point.switch.sw3b01.png,
插座开关,现代点,现代点A8易点二位智能开关,point.switch.sw2b01,point.switch.sw2b01.png,
插座开关,现代点,现代点A8易点四位智能开关,point.switch.sw4b01,point.switch.sw4b01.png,
插座开关,现代点,现代点一位智能开关蜂鸟5.0,point.switch.fn01,point.switch.fn01.png,
插座开关,现代点,现代点一键屏显开关M5-K1,point.switch.mpx01,point.switch.mpx01.png,
插座开关,现代点,现代点三位智能开关蜂鸟5.0,point.switch.fn03,point.switch.fn03.png,
插座开关,现代点,现代点三键屏显开关M5-K3,point.switch.mpx03,point.switch.mpx03.png,
插座开关,现代点,现代点二位智能开关蜂鸟5.0,point.switch.fn02,point.switch.fn02.png,
插座开关,现代点,现代点二键屏显开关M5-K2,point.switch.mpx02,point.switch.mpx02.png,
插座开关,甘石,GS一位零火屏显智能开关,qjiang.switch.oled01,qjiang.switch.oled01.png,
插座开关,甘石,GS三位零火屏显智能开关,qjiang.switch.oled03,qjiang.switch.oled03.png,
插座开关,甘石,GS二位零火屏显智能开关,qjiang.switch.oled22,qjiang.switch.oled22.png,
插座开关,甘石,GS四位零火屏显智能开关,qjiang.switch.oled04,qjiang.switch.oled04.png,
插座开关,电亿秒,电亿秒CM2计量插座,iot.plug.cm2,iot.plug.cm2.png,
插座开关,电小酷,电小酷智能墙插CO1-M1,cuco.plug.co1d,cuco.plug.co1d.png,
插座开关,电小酷,电小酷智能开关CS1（零火线单键版）1,cuco.switch.cs1d,cuco.switch.cs1d.png,
插座开关,电小酷,电小酷智能开关CS2（零火线双键版）1,cuco.switch.cs2d,cuco.switch.cs2d.png,
插座开关,电小酷,电小酷智能开关CS3（零火线三键版）1,cuco.switch.cs3d,cuco.switch.cs3d.png,
插座开关,电小酷,电小酷智能开关S4AM(单火线单键版),cuco.switch.s4amtd,cuco.switch.s4amtd.png,
插座开关,电小酷,电小酷智能开关S5AM(单火线双键版),cuco.switch.s5amtd,cuco.switch.s5amtd.png,
插座开关,电小酷,电小酷智能开关S6AM(单火线三键版),cuco.switch.s6amtd,cuco.switch.s6amtd.png,
插座开关,电小酷,电小酷智能插座 CO3-M,cuco.plug.co3d,cuco.plug.co3d.png,
插座开关,电小酷,电小酷智能插座 CP1-A,cuco.plug.cp1c,cuco.plug.cp1c.png,
插座开关,电小酷,电小酷智能插座 CP2,cuco.plug.cp2d,cuco.plug.cp2d.png,
插座开关,电小酷,电小酷智能插座 CP2-AM,cuco.plug.cp2ad,cuco.plug.cp2ad.png,
插座开关,电小酷,电小酷智能插座CP1,cuco.plug.cp1d,cuco.plug.cp1d.png,
插座开关,电小酷,电小酷智能插座CP1-AM(计电量)2,cuco.plug.cp1md,cuco.plug.cp1md.png,
插座开关,电小酷,电小酷智能插座CP3-AM1,cuco.plug.cp3ad,cuco.plug.cp3ad.png,
插座开关,电小酷,电小酷智能插座CP5,cuco.plug.cp5d,cuco.plug.cp5d.png,
插座开关,电小酷,电小酷智能插座CP5 Pro,cuco.plug.cp5prd,cuco.plug.cp5prd.png,
插座开关,电小酷,电小酷智能插座CP7Pro,cuco.plug.cp7pd,cuco.plug.cp7pd.png,
插座开关,电小酷,电小酷智能插座P8AM,cuco.plug.p8amd,cuco.plug.p8amd.png,
插座开关,皓逸,皓逸Smart Home四键开关(屏显版),090615.switch.hy3in1,090615.switch.hy3in1.png,
插座开关,皓逸,皓逸一键智能开关V1,090615.switch.hyv1s1,090615.switch.hyv1s1.png,
插座开关,皓逸,皓逸三键智能开关V1,090615.switch.hyv1s3,090615.switch.hyv1s3.png,
插座开关,皓逸,皓逸二键智能开关V1,090615.switch.hyv1s2,090615.switch.hyv1s2.png,
插座开关,皓逸,皓逸智能开关一开Q3pro(屏显版),090615.switch.q3pro1,090615.switch.q3pro1.png,
插座开关,皓逸,皓逸智能开关三开Q3pro(屏显版),090615.switch.q3pro3,090615.switch.q3pro3.png,
插座开关,皓逸,皓逸智能开关二开Q3pro(屏显版),090615.switch.q3pro2,090615.switch.q3pro2.png,
插座开关,皓逸,皓逸桌面调光情景旋钮无线开关（Pro）,090615.remote.hydesk,090615.remote.hydesk.png,
插座开关,皓逸,皓逸超薄中控屏开关Q3Pro (Mesh2.0),090615.switch.hytpq5,090615.switch.hytpq5.png,
插座开关,睿态,睿态智能开关Mesh2.0（一键）,rtzn.switch.sw1a01,rtzn.switch.sw1a01.png,
插座开关,睿态,睿态智能开关Mesh2.0（三键）,rtzn.switch.sw3a01,rtzn.switch.sw3a01.png,
插座开关,睿态,睿态智能开关Mesh2.0（二键）,rtzn.switch.sw2a01,rtzn.switch.sw2a01.png,
插座开关,睿态,睿态智能开关Mesh2.0（四键）,rtzn.switch.sw4a01,rtzn.switch.sw4a01.png,
插座开关,睿晶小智,RJ一路智能开关（Mesh2.0）,rjxn20.switch.rjkg1,rjxn20.switch.rjkg1.png,
插座开关,睿晶小智,RJ三路智能开关（Mesh2.0）,rjxn20.switch.rjkg3,rjxn20.switch.rjkg3.png,
插座开关,睿晶小智,RJ二路智能开关（Mesh2.0）,rjxn20.switch.rjkg2,rjxn20.switch.rjkg2.png,
插座开关,睿晶小智,RJ四路智能开关（Mesh2.0）,rjxn20.switch.rjkg4,rjxn20.switch.rjkg4.png,
插座开关,睿晶小智,RJ智能一键开关Mesh版,rjxn20.switch.rixmyk,rjxn20.switch.rixmyk.png,
插座开关,睿晶小智,RJ智能三键开关Mesh版,rjxn20.switch.rixmsk,rjxn20.switch.rixmsk.png,
插座开关,睿晶小智,RJ智能二键开关Mesh版,rjxn20.switch.rixmek,rjxn20.switch.rixmek.png,
插座开关,睿晶小智,RJ智能四键开关Mesh版,rjxn20.switch.rixmlk,rjxn20.switch.rixmlk.png,
插座开关,睿晶小智,RJ智能蓝牙插座,rjxn20.plug.rjcz,rjxn20.plug.rjcz.png,
插座开关,睿晶小智,RJ智能蓝牙通断器,rjxn20.switch.rjtdm,rjxn20.switch.rjtdm.png,
插座开关,知或居,知或居智能屏幕开关,bymiot.switch.wlv3,bymiot.switch.wlv3.png,
插座开关,知或居,知或居智能开关Mesh2.0（一键）,bymiot.switch.1kwlv3,bymiot.switch.1kwlv3.png,
插座开关,知或居,知或居智能开关Mesh2.0（三键）,bymiot.switch.3kwlv3,bymiot.switch.3kwlv3.png,
插座开关,知或居,知或居智能开关Mesh2.0（二键）,bymiot.switch.2kwlv3,bymiot.switch.2kwlv3.png,
插座开关,知或居,知或居智能开关Mesh2.0（四键）,bymiot.switch.4kwlv3,bymiot.switch.4kwlv3.png,
插座开关,知简,知简智能开关 一位,soron.switch.sw1a01,soron.switch.sw1a01.png,
插座开关,知简,知简智能开关 三位,soron.switch.sw3a01,soron.switch.sw3a01.png,
插座开关,知简,知简智能开关 二位,soron.switch.sw2a01,soron.switch.sw2a01.png,
插座开关,禹泰电工,禹泰电工Mesh插座,yutai.plug.bm1,yutai.plug.bm1.png,
插座开关,禹泰电工,禹泰电工WiFi插座,yutai.plug.socn1,yutai.plug.socn1.png,
插座开关,禹泰电工,禹泰电工WiFi计量插座,yutai.plug.jdls1,yutai.plug.jdls1.png,
插座开关,禹泰电工,禹泰电工智能插座Mesh2.0,yutai.plug.yccz1,yutai.plug.yccz1.png,
插座开关,禹泰电工,禹泰电工智能插座计量版（Mesh）,yutai.plug.fsov8m,yutai.plug.fsov8m.png,
插座开关,禹泰电工,禹泰电工智能插座计量版（WiFi）,yutai.plug.fsov8w,yutai.plug.fsov8w.png,
插座开关,禹泰电工,禹泰电工智能插座（Mesh）,yutai.plug.fsov7m,yutai.plug.fsov7m.png,
插座开关,禹泰电工,禹泰电工智能插座（WiFi）,yutai.plug.fsov7w,yutai.plug.fsov7w.png,
插座开关,秋田,秋田智能开关（一位）,qtzm.switch.qtkg1,qtzm.switch.qtkg1.png,
插座开关,秋田,秋田智能开关（三位）,qtzm.switch.qtkg3,qtzm.switch.qtkg3.png,
插座开关,秋田,秋田智能开关（两位）,qtzm.switch.qtkg2,qtzm.switch.qtkg2.png,
插座开关,秋田,秋田智能开关（四位）,qtzm.switch.qtkg4,qtzm.switch.qtkg4.png,
插座开关,科创者,科创者 K1 Pro 超薄四键显示屏开关2.0,bjkcz.switch.kczk14,bjkcz.switch.kczk14.png,
插座开关,科创者,科创者K1 Ultra 超薄中控屏开关2.0,bjkcz.switch.kczk13,bjkcz.switch.kczk13.png,
插座开关,科创者,科创者K1 超薄智能开关一键 2.0,bjkcz.switch.kczk11,bjkcz.switch.kczk11.png,
插座开关,科创者,科创者K1 超薄智能开关三键 2.0,bjkcz.switch.kczk33,bjkcz.switch.kczk33.png,
插座开关,科创者,科创者K1 超薄智能开关二键 2.0,bjkcz.switch.kczk12,bjkcz.switch.kczk12.png,
插座开关,科创者,科创者K1 超薄智能开关四键 2.0,bjkcz.switch.kczk44,bjkcz.switch.kczk44.png,
插座开关,科创者,科创者K1四键情景无线贴屏显版,bjkcz.remote.kczk1s,bjkcz.remote.kczk1s.png,
插座开关,科米其,科米其智能多功能面板Mesh2.0,kemiqi.switch.kmw11,kemiqi.switch.kmw11.png,
插座开关,科米其,科米其智能开关（零火一键）,kemiqi.switch.kmw01,kemiqi.switch.kmw01.png,
插座开关,科米其,科米其智能开关（零火一键）Mesh2.0,kemiqi.switch.kmw12,kemiqi.switch.kmw12.png,
插座开关,科米其,科米其智能开关（零火三键）,kemiqi.switch.kmw03,kemiqi.switch.kmw03.png,
插座开关,科米其,科米其智能开关（零火三键）Mesh2.0,kemiqi.switch.kmw14,kemiqi.switch.kmw14.png,
插座开关,科米其,科米其智能开关（零火二键）,kemiqi.switch.kmw02,kemiqi.switch.kmw02.png,
插座开关,科米其,科米其智能开关（零火二键）Mesh2.0,kemiqi.switch.kmw13,kemiqi.switch.kmw13.png,
插座开关,科米其,科米其智能开关（零火四键）,kemiqi.switch.kmw04,kemiqi.switch.kmw04.png,
插座开关,科米其,科米其智能开关（零火四键）Mesh2.0,kemiqi.switch.kmw15,kemiqi.switch.kmw15.png,
插座开关,立,立德云数4寸屏幕开关,leadzn.switch.ldys4,leadzn.switch.ldys4.png,
插座开关,立,立德云数超薄屏显开关一键,leadzn.switch.ldys01,leadzn.switch.ldys01.png,
插座开关,立,立德云数超薄屏显开关三键,leadzn.switch.ldys03,leadzn.switch.ldys03.png,
插座开关,立,立德云数超薄屏显开关二键,leadzn.switch.ldys02,leadzn.switch.ldys02.png,
插座开关,简智宅,简智宅一键屏显开关,zzx.switch.px1,zzx.switch.px1.png,
插座开关,简智宅,简智宅三键屏显开关,zzx.switch.px3,zzx.switch.px3.png,
插座开关,简智宅,简智宅二键屏显开关,zzx.switch.px2,zzx.switch.px2.png,
插座开关,简智宅,简智宅四键屏显开关,zzx.switch.px4,zzx.switch.px4.png,
插座开关,米舍,米舍超薄美学三键开关(Mesh2.0),888888.switch.sbkg3,888888.switch.sbkg3.png,
插座开关,米舍,米舍超薄美学单键开关(Mesh2.0),888888.switch.sbkg1,888888.switch.sbkg1.png,
插座开关,米舍,米舍超薄美学双键开关(Mesh2.0),888888.switch.sbkg2,888888.switch.sbkg2.png,
插座开关,米舍,米舍超薄美学多键开关(Mesh2.0),888888.switch.sbkg4,888888.switch.sbkg4.png,
插座开关,米驰,米驰M1 Pro开关,cqzx.switch.sw1a02,cqzx.switch.sw1a02.png,
插座开关,精配,JP四键开关,gzjp.switch.sw4a01,gzjp.switch.sw4a01.png,
插座开关,索菲亚,索菲亚智慧屏开关M1,sfy.switch.css002,sfy.switch.css002.png,
插座开关,索菲亚,索菲亚智能单火开关一键M1,sfy.switch.sw101,sfy.switch.sw101.png,
插座开关,索菲亚,索菲亚智能单火开关三键M1,sfy.switch.sw103,sfy.switch.sw103.png,
插座开关,索菲亚,索菲亚智能单火开关二键M1,sfy.switch.sw102,sfy.switch.sw102.png,
插座开关,索菲亚,索菲亚智能无线开关M1,sfy.remote.ws001,sfy.remote.ws001.png,
插座开关,索菲亚,索菲亚智能零火开关一键M1,sfy.switch.sw001,sfy.switch.sw001.png,
插座开关,索菲亚,索菲亚智能零火开关三键M1,sfy.switch.sw003,sfy.switch.sw003.png,
插座开关,索菲亚,索菲亚智能零火开关二键M1,sfy.switch.sw002,sfy.switch.sw002.png,
插座开关,索菲亚,索菲亚智能零火开关四键M1,sfy.switch.sw004,sfy.switch.sw004.png,
插座开关,维立光照明,WLG-U9 智能开关一键,wlg.switch.sw1a01,wlg.switch.sw1a01.png,
插座开关,维立光照明,WLG-U9 智能开关三键,wlg.switch.sw3a01,wlg.switch.sw3a01.png,
插座开关,维立光照明,WLG-U9 智能开关二键,wlg.switch.sw2a01,wlg.switch.sw2a01.png,
插座开关,维立光照明,WLG-U9Pro 圆屏开关三键,wlg.switch.sw3b01,wlg.switch.sw3b01.png,
插座开关,维立光照明,WLG-U9Pro 圆屏开关二键,wlg.switch.sw2b01,wlg.switch.sw2b01.png,
插座开关,维立光照明,WLG-U9Pro 圆屏开关四键,wlg.switch.sw4b01,wlg.switch.sw4b01.png,
插座开关,缘弧,缘弧旋钮无线开关,yhmesh.remote.sw1b01,yhmesh.remote.sw1b01.png,
插座开关,缘弧,缘弧智能开关面板一键 V2s pro 2.0,yhmesh.switch.sw1a01,yhmesh.switch.sw1a01.png,
插座开关,缘弧,缘弧智能开关面板三键 V2s pro 2.0,yhmesh.switch.sw3a01,yhmesh.switch.sw3a01.png,
插座开关,缘弧,缘弧智能开关面板二键 V2s pro 2.0,yhmesh.switch.sw2a01,yhmesh.switch.sw2a01.png,
插座开关,缘弧,缘弧智能开关面板四键 V2s pro 2.0,yhmesh.switch.sw4a01,yhmesh.switch.sw4a01.png,
插座开关,罗格朗,罗格朗一位带零线智能开关,lhz.switch.1gang,lhz.switch.1gang.png,
插座开关,罗格朗,罗格朗一位带零线智能开关MESH版,lhz.switch.1g,lhz.switch.1g.png,
插座开关,罗格朗,罗格朗三位带零线智能开关,lhz.switch.3gang,lhz.switch.3gang.png,
插座开关,罗格朗,罗格朗三位带零线智能开关MESH版,lhz.switch.3g,lhz.switch.3g.png,
插座开关,罗格朗,罗格朗二位场景开关MESH版,lhz.remote.2g,lhz.remote.2g.png,
插座开关,罗格朗,罗格朗二位带零线智能开关,lhz.switch.2gang,lhz.switch.2gang.png,
插座开关,罗格朗,罗格朗二位带零线智能开关MESH版,lhz.switch.2g,lhz.switch.2g.png,
插座开关,罗格朗,罗格朗六位场景开关MESH版,lhz.remote.6g,lhz.remote.6g.png,
插座开关,罗格朗,罗格朗四位场景开关MESH版,lhz.remote.4g,lhz.remote.4g.png,
插座开关,罗格朗,罗格朗智绘一位智能开关,lhz.switch.sw1a01,lhz.switch.sw1a01.png,
插座开关,罗格朗,罗格朗智绘三位智能开关,lhz.switch.sw3a01,lhz.switch.sw3a01.png,
插座开关,罗格朗,罗格朗智绘二位智能开关,lhz.switch.sw2a01,lhz.switch.sw2a01.png,
插座开关,罗格朗,罗格朗智绘六位零火场景开关,lhz.remote.sw6a02,lhz.remote.sw6a02.png,
插座开关,罗格朗,罗格朗智绘四位智能开关,lhz.switch.sw4a01,lhz.switch.sw4a01.png,
插座开关,罗格朗,罗格朗简悦一位智能开关,lhz.switch.jy1g,lhz.switch.jy1g.png,
插座开关,罗格朗,罗格朗简悦三位智能开关,lhz.switch.jy3g,lhz.switch.jy3g.png,
插座开关,罗格朗,罗格朗简悦二位智能开关,lhz.switch.jy2g,lhz.switch.jy2g.png,
插座开关,罗格朗,罗格朗简悦四位智能开关,lhz.switch.jy4g01,lhz.switch.jy4g01.png,
插座开关,罗格朗,罗格朗简悦四位零火场景开关,lhz.remote.jy4g,lhz.remote.jy4g.png,
插座开关,罗格朗,罗格朗绮蕴一位智能开关,lhz.switch.qy1g01,lhz.switch.qy1g01.png,
插座开关,罗格朗,罗格朗绮蕴三位智能开关,lhz.switch.qy3g01,lhz.switch.qy3g01.png,
插座开关,罗格朗,罗格朗绮蕴二位智能开关,lhz.switch.qy2g01,lhz.switch.qy2g01.png,
插座开关,罗格朗,罗格朗绮蕴四位智能开关,lhz.switch.qy4g01,lhz.switch.qy4g01.png,
插座开关,罗格朗,罗格朗绮蕴四位零火场景开关,lhz.remote.qy4g,lhz.remote.qy4g.png,
插座开关,罗格朗,罗格朗维翼一位智能开关,lhz.switch.sw1d01,lhz.switch.sw1d01.png,
插座开关,罗格朗,罗格朗维翼三位彩屏智能开关,lhz.switch.sw3c01,lhz.switch.sw3c01.png,
插座开关,罗格朗,罗格朗维翼三位智能开关,lhz.switch.sw3d01,lhz.switch.sw3d01.png,
插座开关,罗格朗,罗格朗维翼二位彩屏智能开关,lhz.switch.sw2c01,lhz.switch.sw2c01.png,
插座开关,罗格朗,罗格朗维翼二位智能开关,lhz.switch.sw2d01,lhz.switch.sw2d01.png,
插座开关,罗格朗,罗格朗维翼六位零火场景开关,lhz.remote.sw6d01,lhz.remote.sw6d01.png,
插座开关,罗格朗,罗格朗维翼四位彩屏智能开关,lhz.switch.sw4c01,lhz.switch.sw4c01.png,
插座开关,罗格朗,罗格朗维翼四位智能开关,lhz.switch.sw4d01,lhz.switch.sw4d01.png,
插座开关,罗格朗,罗格朗逸景Plus一位智能开关,lhz.switch.sw1g,lhz.switch.sw1g.png,
插座开关,罗格朗,罗格朗逸景Plus三位智能开关,lhz.switch.sw3g,lhz.switch.sw3g.png,
插座开关,罗格朗,罗格朗逸景Plus二位智能开关,lhz.switch.sw2g,lhz.switch.sw2g.png,
插座开关,罗格朗,罗格朗逸景Plus四位场景开关,lhz.remote.4gang,lhz.remote.4gang.png,
插座开关,罗格朗,罗格朗逸景Plus四位智能开关,lhz.switch.sw4g,lhz.switch.sw4g.png,
插座开关,美莱恩,美莱恩智能开关（三键）,melion.switch.sw3a01,melion.switch.sw3a01.png,
插座开关,美莱恩,美莱恩智能开关（六键）,melion.switch.sw6a01,melion.switch.sw6a01.png,
插座开关,美莱恩,美莱恩智能开关（单键）,melion.switch.sw1a01,melion.switch.sw1a01.png,
插座开关,美莱恩,美莱恩智能开关（双键）,melion.switch.sw2a01,melion.switch.sw2a01.png,
插座开关,美莱恩,美莱恩智能开关（四键）,melion.switch.sw4a01,melion.switch.sw4a01.png,
插座开关,聆巨,聆巨六路智能排插（Mesh）,linju.plug.sw6a01,linju.plug.sw6a01.png,
插座开关,聆巨,聆巨智能控制器,linju.plug.znkzq,linju.plug.znkzq.png,
插座开关,聆巨,聆巨智能插座（Mesh2.0）,linju.plug.ljspm2,linju.plug.ljspm2.png,
插座开关,聆巨,聆巨蓝牙Mesh通断器,linju.switch.sw0a01,linju.switch.sw0a01.png,
插座开关,联讯智能,LX智能一位开关M6(Mesh2.0),lxun.switch.lxkg1,lxun.switch.lxkg1.png,
插座开关,联讯智能,LX智能一键开关C5-Mesh版,lxun.switch.bln31,lxun.switch.bln31.png,
插座开关,联讯智能,LX智能一键开关C6-Mesh版,lxun.switch.c61k,lxun.switch.c61k.png,
插座开关,联讯智能,LX智能三位开关M6(Mesh2.0),lxun.switch.lxkg3,lxun.switch.lxkg3.png,
插座开关,联讯智能,LX智能三键开关C5-Mesh版,lxun.switch.bln33,lxun.switch.bln33.png,
插座开关,联讯智能,LX智能三键开关C6-Mesh版,lxun.switch.c63k,lxun.switch.c63k.png,
插座开关,联讯智能,LX智能二位开关M6(Mesh2.0),lxun.switch.lxkg2,lxun.switch.lxkg2.png,
插座开关,联讯智能,LX智能二键开关C5-Mesh版,lxun.switch.bln32,lxun.switch.bln32.png,
插座开关,联讯智能,LX智能二键开关C6-Mesh版,lxun.switch.c62k,lxun.switch.c62k.png,
插座开关,联讯智能,LX智能四位开关M6(Mesh2.0),lxun.switch.lxkg4,lxun.switch.lxkg4.png,
插座开关,联讯智能,LX智能四键开关C5-Mesh版,lxun.switch.bln34,lxun.switch.bln34.png,
插座开关,联讯智能,LX智能四键开关C6-Mesh版,lxun.switch.c64k,lxun.switch.c64k.png,
插座开关,自然爱,自然爱开关SW6 Mesh2.0 一键,gt1688.switch.sw1a01,gt1688.switch.sw1a01.png,
插座开关,自然爱,自然爱开关SW6 Mesh2.0 三键,gt1688.switch.sw3a01,gt1688.switch.sw3a01.png,
插座开关,自然爱,自然爱开关SW6 Mesh2.0 二键,gt1688.switch.sw2a01,gt1688.switch.sw2a01.png,
插座开关,自然爱,自然爱开关SW6 Mesh2.0 四键,gt1688.switch.sw4a01,gt1688.switch.sw4a01.png,
插座开关,苏米,苏米A1蓝牙Mesh开关（三键）,090615.switch.smbt03,090615.switch.smbt03.png,
插座开关,苏米,苏米A1蓝牙Mesh开关（单键）,090615.switch.smbt01,090615.switch.smbt01.png,
插座开关,苏米,苏米A1蓝牙Mesh开关（双键）,090615.switch.smbt02,090615.switch.smbt02.png,
插座开关,苏米,苏米B1蓝牙Mesh开关（三键）,090615.switch.smb1s3,090615.switch.smb1s3.png,
插座开关,苏米,苏米B1蓝牙Mesh开关（二键）,090615.switch.smb1s2,090615.switch.smb1s2.png,
插座开关,苏米,苏米B1蓝牙Mesh开关（单键）,090615.switch.smb1s1,090615.switch.smb1s1.png,
插座开关,苏米科技,苏米全面屏开关,xhuan.switch.sw2c02,xhuan.switch.sw2c02.png,
插座开关,苏米科技,苏米全面屏开关Mesh2.0,xhuan.switch.sw3c03,xhuan.switch.sw3c03.png,
插座开关,苏米科技,苏米安全轨道插座Mesh2.0,xhuan.plug.gdc01,xhuan.plug.gdc01.png,
插座开关,苏米科技,苏米屏显开关Mesh2.0(三键),xhuan.switch.3prz01,xhuan.switch.3prz01.png,
插座开关,苏米科技,苏米屏显开关Mesh2.0(单键),xhuan.switch.1prz01,xhuan.switch.1prz01.png,
插座开关,苏米科技,苏米屏显开关Mesh2.0(双键),xhuan.switch.2prz01,xhuan.switch.2prz01.png,
插座开关,苏米科技,苏米屏显开关Mesh2.0(四键),xhuan.switch.4prz01,xhuan.switch.4prz01.png,
插座开关,苏米科技,苏米屏显开关Y1 Pro（三键）,xhuan.switch.h1p3,xhuan.switch.h1p3.png,
插座开关,苏米科技,苏米屏显开关Y1 Pro（单键）,xhuan.switch.h1p1,xhuan.switch.h1p1.png,
插座开关,苏米科技,苏米屏显开关Y1 Pro（双键）,xhuan.switch.h1p2,xhuan.switch.h1p2.png,
插座开关,苏米科技,苏米智能圆屏面板Mesh2.0,xhuan.switch.xlrz05,xhuan.switch.xlrz05.png,
插座开关,苏米科技,苏米智能开关Air（零火三键）,xhuan.switch.3prz03,xhuan.switch.3prz03.png,
插座开关,苏米科技,苏米智能开关Air（零火单键）,xhuan.switch.1prz03,xhuan.switch.1prz03.png,
插座开关,苏米科技,苏米智能开关Air（零火双键）,xhuan.switch.2prz03,xhuan.switch.2prz03.png,
插座开关,苏米科技,苏米智能开关Air（零火四键）,xhuan.switch.4prz03,xhuan.switch.4prz03.png,
插座开关,苏米科技,苏米智能开关Hs（零火一键）,xhuan.switch.1nrz03,xhuan.switch.1nrz03.png,
插座开关,苏米科技,苏米智能开关Hs（零火三键）,xhuan.switch.3nrz03,xhuan.switch.3nrz03.png,
插座开关,苏米科技,苏米智能开关Hs（零火二键）,xhuan.switch.2nrz03,xhuan.switch.2nrz03.png,
插座开关,苏米科技,苏米智能开关Hs（零火四键）,xhuan.switch.4nrz03,xhuan.switch.4nrz03.png,
插座开关,苏米科技,苏米智能开关H（单火一键）,xhuan.switch.1lrz02,xhuan.switch.1lrz02.png,
插座开关,苏米科技,苏米智能开关H（单火三键）,xhuan.switch.3lrz02,xhuan.switch.3lrz02.png,
插座开关,苏米科技,苏米智能开关H（单火二键）,xhuan.switch.2lrz02,xhuan.switch.2lrz02.png,
插座开关,苏米科技,苏米智能开关H（单火四键）,xhuan.switch.4lrz02,xhuan.switch.4lrz02.png,
插座开关,苏米科技,苏米智能开关H（零火一键）,xhuan.switch.1nrz02,xhuan.switch.1nrz02.png,
插座开关,苏米科技,苏米智能开关H（零火三键）,xhuan.switch.3nrz02,xhuan.switch.3nrz02.png,
插座开关,苏米科技,苏米智能开关H（零火二键）,xhuan.switch.2nrz02,xhuan.switch.2nrz02.png,
插座开关,苏米科技,苏米智能开关H（零火四键）,xhuan.switch.4nrz02,xhuan.switch.4nrz02.png,
插座开关,苏米科技,苏米智能开关Mesh2.0（单零火一键）,xhuan.switch.1lrz04,xhuan.switch.1lrz04.png,
插座开关,苏米科技,苏米智能开关Mesh2.0（单零火三键）,xhuan.switch.3lrz04,xhuan.switch.3lrz04.png,
插座开关,苏米科技,苏米智能开关Mesh2.0（单零火二键）,xhuan.switch.2lrz04,xhuan.switch.2lrz04.png,
插座开关,苏米科技,苏米智能开关Mesh2.0（单零火四键）,xhuan.switch.4lrz04,xhuan.switch.4lrz04.png,
插座开关,苏米科技,苏米智能开关Mesh2.0（零火一键）,xhuan.switch.1nrz05,xhuan.switch.1nrz05.png,
插座开关,苏米科技,苏米智能开关Mesh2.0（零火三键）,xhuan.switch.3nrz05,xhuan.switch.3nrz05.png,
插座开关,苏米科技,苏米智能开关Mesh2.0（零火二键）,xhuan.switch.2nrz05,xhuan.switch.2nrz05.png,
插座开关,苏米科技,苏米智能开关Mesh2.0（零火四键）,xhuan.switch.4nrz05,xhuan.switch.4nrz05.png,
插座开关,苏米科技,苏米智能开关PLC版(三键),xhuan.switch.plcg04,xhuan.switch.plcg04.png,
插座开关,苏米科技,苏米智能开关PLC版(单键),xhuan.switch.plcg02,xhuan.switch.plcg02.png,
插座开关,苏米科技,苏米智能开关PLC版(双键),xhuan.switch.plcg03,xhuan.switch.plcg03.png,
插座开关,苏米科技,苏米智能开关PLC版(四键),xhuan.switch.plcg05,xhuan.switch.plcg05.png,
插座开关,苏米科技,苏米智能开关（零火一键）,xhuan.switch.sw1b01,xhuan.switch.sw1b01.png,
插座开关,苏米科技,苏米智能开关（零火三键）,xhuan.switch.sw3b01,xhuan.switch.sw3b01.png,
插座开关,苏米科技,苏米智能开关（零火二键）,xhuan.switch.sw2b01,xhuan.switch.sw2b01.png,
插座开关,苏米科技,苏米智能开关（零火四键）,xhuan.switch.sw4b01,xhuan.switch.sw4b01.png,
插座开关,苏米科技,苏米趣动屏开关S1（三键）,xhuan.switch.3prz02,xhuan.switch.3prz02.png,
插座开关,苏米科技,苏米趣动屏开关S1（单键）,xhuan.switch.1prz02,xhuan.switch.1prz02.png,
插座开关,苏米科技,苏米趣动屏开关S1（双键）,xhuan.switch.2prz02,xhuan.switch.2prz02.png,
插座开关,苏米科技,苏米趣动屏开关S1（四键）,xhuan.switch.4prz02,xhuan.switch.4prz02.png,
插座开关,莱盾,LD智能一路开关（Mesh2.0）,laidun.switch.ldkg1,laidun.switch.ldkg1.png,
插座开关,莱盾,LD智能三路开关（Mesh2.0）,laidun.switch.ldkg3,laidun.switch.ldkg3.png,
插座开关,莱盾,LD智能二路开关（Mesh2.0）,laidun.switch.ldkg2,laidun.switch.ldkg2.png,
插座开关,莱盾,LD智能四路开关（Mesh2.0）,laidun.switch.ldkg4,laidun.switch.ldkg4.png,
插座开关,莱盾,LD智能通断器(Mesh2.0),laidun.switch.ldmtdq,laidun.switch.ldmtdq.png,
插座开关,莱盾,LD智能通断器A(Mesh2.0),laidun.switch.ldtdq2,laidun.switch.ldtdq2.png,
插座开关,菱敏,菱敏智能三键开关,rinmin.switch.sjdkg3,rinmin.switch.sjdkg3.png,
插座开关,菱敏,菱敏智能单键开关,rinmin.switch.sjdkg1,rinmin.switch.sjdkg1.png,
插座开关,菱敏,菱敏智能双键开关,rinmin.switch.sjdkg2,rinmin.switch.sjdkg2.png,
插座开关,菱敏,菱敏智能四键开关,rinmin.switch.sjdkg4,rinmin.switch.sjdkg4.png,
插座开关,西蒙电气,Simon二位随意贴开关（电池版）,scc.remote.ru02,scc.remote.ru02.png,
插座开关,西蒙电气,Simon四位随意贴开关（电池版）,scc.remote.ru06,scc.remote.ru06.png,
插座开关,西蒙电气,Simon智能一键开关,scc.switch.bln21,scc.switch.bln21.png,
插座开关,西蒙电气,Simon智能三键开关,scc.switch.bln23,scc.switch.bln23.png,
插座开关,西蒙电气,Simon智能二键开关,scc.switch.bln22,scc.switch.bln22.png,
插座开关,西蒙电气,Simon智能四键开关,scc.switch.bln24,scc.switch.bln24.png,
插座开关,西蒙电气,Simon智能屏键开关,scc.switch.sw04,scc.switch.sw04.png,
插座开关,西蒙电气,Simon智能开关（一位 单零火版）,scc.switch.bl01,scc.switch.bl01.png,
插座开关,西蒙电气,Simon智能开关（一位 零火版）,scc.switch.bln01,scc.switch.bln01.png,
插座开关,西蒙电气,Simon智能开关（一开 零火版）,scc.switch.bln41,scc.switch.bln41.png,
插座开关,西蒙电气,Simon智能开关（三位 单零火版）,scc.switch.bl03,scc.switch.bl03.png,
插座开关,西蒙电气,Simon智能开关（三位 零火版）,scc.switch.bln03,scc.switch.bln03.png,
插座开关,西蒙电气,Simon智能开关（三开 零火版）,scc.switch.bln43,scc.switch.bln43.png,
插座开关,西蒙电气,Simon智能开关（二位 单零火版）,scc.switch.bl02,scc.switch.bl02.png,
插座开关,西蒙电气,Simon智能开关（二位 零火版）,scc.switch.bln02,scc.switch.bln02.png,
插座开关,西蒙电气,Simon智能开关（二开 零火版）,scc.switch.bln42,scc.switch.bln42.png,
插座开关,西蒙电气,Simon智能开关（四开 零火版),scc.switch.blnx4,scc.switch.blnx4.png,
插座开关,西蒙电气,Simon智能超级屏控开关,scc.switch.sup3,scc.switch.sup3.png,
插座开关,西门子,西门子荟辰&荟绎智能一位单火开关,siemen.switch.arina1,siemen.switch.arina1.png,
插座开关,西门子,西门子荟辰&荟绎智能一位随意贴,siemen.remote.arinap,siemen.remote.arinap.png,
插座开关,西门子,西门子荟辰&荟绎智能三位单火开关,siemen.switch.arina3,siemen.switch.arina3.png,
插座开关,西门子,西门子荟辰&荟绎智能二位单火开关,siemen.switch.arina2,siemen.switch.arina2.png,
插座开关,西门子,西门子荟辰&荟绎智能二位随意贴,siemen.remote.asw002,siemen.remote.asw002.png,
插座开关,西顿,六键复合调光面板,cdn.switch.x6,cdn.switch.x6.png,
插座开关,西顿,舍见三键场景开关,cdn.remote.x1md3,cdn.remote.x1md3.png,
插座开关,西顿,舍见二键场景开关,cdn.remote.x1md2,cdn.remote.x1md2.png,
插座开关,西顿,舍见智能墙壁开关（三键）,cdn.switch.x1msl3,cdn.switch.x1msl3.png,
插座开关,西顿,舍见智能墙壁开关（二键）,cdn.switch.x1msl2,cdn.switch.x1msl2.png,
插座开关,西顿,西顿PLC六键圆屏开关M6,cdn.switch.c6k3yp,cdn.switch.c6k3yp.png,
插座开关,西顿,西顿PLC屏显开关M6（四开）,cdn.switch.c4k4p7,cdn.switch.c4k4p7.png,
插座开关,西顿,西顿单零火兼容开关M2 (三开),cdn.switch.dlhjr3,cdn.switch.dlhjr3.png,
插座开关,西顿,西顿单零火兼容开关M2 (二开),cdn.switch.dlhjr2,cdn.switch.dlhjr2.png,
插座开关,西顿,西顿单零火兼容开关M2（一开）,cdn.switch.1dlhjr,cdn.switch.1dlhjr.png,
插座开关,西顿,西顿单零火兼容开关M2（四开）,cdn.switch.4dlhjr,cdn.switch.4dlhjr.png,
插座开关,西顿,西顿智慧屏开关M6,cdn.switch.znzkp4,cdn.switch.znzkp4.png,
插座开关,西顿,西顿智能圆屏多功能开关M6(六键）,cdn.switch.znypkg,cdn.switch.znypkg.png,
插座开关,西顿,西顿智能圆屏开关M8（四开）,cdn.switch.m8yp4,cdn.switch.m8yp4.png,
插座开关,西顿,西顿智能屏显开关M6（三开）,cdn.switch.c4k3lc,cdn.switch.c4k3lc.png,
插座开关,西顿,西顿智能屏显开关M6（二开）,cdn.switch.c4k2lc,cdn.switch.c4k2lc.png,
插座开关,西顿,西顿智能屏显开关M6（四开）,cdn.switch.c4k4lc,cdn.switch.c4k4lc.png,
插座开关,西顿,西顿智能屏显开关M8（三开）,cdn.switch.m8k3,cdn.switch.m8k3.png,
插座开关,西顿,西顿智能屏显开关M8（二开）,cdn.switch.m8k2,cdn.switch.m8k2.png,
插座开关,西顿,西顿智能屏显开关M8（四开）,cdn.switch.m8k4,cdn.switch.m8k4.png,
插座开关,西顿,西顿智能零火开关M2（一开）,cdn.switch.1knm3,cdn.switch.1knm3.png,
插座开关,西顿,西顿智能零火开关M2（三开）,cdn.switch.3klnm3,cdn.switch.3klnm3.png,
插座开关,西顿,西顿智能零火开关M2（二开）,cdn.switch.2klnm3,cdn.switch.2klnm3.png,
插座开关,西顿,西顿智能零火开关M2（四开）,cdn.switch.4klnm3,cdn.switch.4klnm3.png,
插座开关,西顿,西顿舍见PLC场景面板(六键),cdn.remote.c6m3,cdn.remote.c6m3.png,
插座开关,西顿,西顿舍见PLC场景面板(四键),cdn.remote.c4m3,cdn.remote.c4m3.png,
插座开关,西顿,西顿舍见PLC复合面板(六键),cdn.switch.fh003,cdn.switch.fh003.png,
插座开关,西顿,西顿舍见PLC复合面板(四键),cdn.switch.fh002,cdn.switch.fh002.png,
插座开关,视贝,视贝智家屏显开关2.0（四开）,shibei.switch.sw4,shibei.switch.sw4.png,
插座开关,视贝,视贝智家开关2.0（一开）,shibei.switch.sw1a01,shibei.switch.sw1a01.png,
插座开关,视贝,视贝智家开关2.0（三开）,shibei.switch.sw3a01,shibei.switch.sw3a01.png,
插座开关,视贝,视贝智家开关2.0（二开）,shibei.switch.sw2a01,shibei.switch.sw2a01.png,
插座开关,视贝,视贝智家开关2.0（四开）,shibei.switch.sw4a01,shibei.switch.sw4a01.png,
插座开关,贝朗德,贝朗德八键智能情景开关,belede.switch.sw8a01,belede.switch.sw8a01.png,
插座开关,贝朗德,贝朗德智能一键开关,belede.switch.sw1e01,belede.switch.sw1e01.png,
插座开关,贝朗德,贝朗德智能三键开关,belede.switch.sw3e02,belede.switch.sw3e02.png,
插座开关,贝朗德,贝朗德智能二键开关,belede.switch.sw2e01,belede.switch.sw2e01.png,
插座开关,贝朗德,贝朗德智能四键开关,belede.switch.sw4e01,belede.switch.sw4e01.png,
插座开关,贝朗德,贝朗德超薄屏显智能一键开关,belede.switch.s9ol1k,belede.switch.s9ol1k.png,
插座开关,贝朗德,贝朗德超薄屏显智能三键开关,belede.switch.s9ol3k,belede.switch.s9ol3k.png,
插座开关,贝朗德,贝朗德超薄屏显智能二键开关,belede.switch.s9ol2k,belede.switch.s9ol2k.png,
插座开关,迅透,迅透光感天幕控制开关,shadow.switch.sw0a01,shadow.switch.sw0a01.png,
插座开关,迈睿,迈睿双路通断器S2,merryt.switch.sw2a01,merryt.switch.sw2a01.png,
插座开关,追觅,追觅智能开关Air（一开）,dreame.switch.b031g,dreame.switch.b031g.png,
插座开关,追觅,追觅智能开关Air（三开）,dreame.switch.b033g,dreame.switch.b033g.png,
插座开关,追觅,追觅智能开关Air（二开）,dreame.switch.b032g,dreame.switch.b032g.png,
插座开关,追觅,追觅智能开关Lite（一开）,dreame.switch.b041g,dreame.switch.b041g.png,
插座开关,追觅,追觅智能开关Lite（三开）,dreame.switch.b043g,dreame.switch.b043g.png,
插座开关,追觅,追觅智能开关Lite（二开）,dreame.switch.b042g,dreame.switch.b042g.png,
插座开关,追觅,追觅智能开关（一开）,dreame.switch.b011g,dreame.switch.b011g.png,
插座开关,追觅,追觅智能开关（三开）,dreame.switch.b013g,dreame.switch.b013g.png,
插座开关,追觅,追觅智能开关（二开）,dreame.switch.b012g,dreame.switch.b012g.png,
插座开关,通士达,通士达插座,tsd.plug.hmi001,tsd.plug.hmi001.png,
插座开关,道来,单路开关模块Mesh版,daolai.switch.k1,daolai.switch.k1.png,
插座开关,道韦,道韦118DS任意键系列零火智能开关一开,daowei.switch.sw1d01,daowei.switch.sw1d01.png,
插座开关,道韦,道韦118DS任意键系列零火智能开关三开,daowei.switch.sw3d01,daowei.switch.sw3d01.png,
插座开关,道韦,道韦118DS任意键系列零火智能开关二开,daowei.switch.sw2d01,daowei.switch.sw2d01.png,
插座开关,道韦,道韦118DS单边键系列零火智能开关一开,daowei.switch.sw1c01,daowei.switch.sw1c01.png,
插座开关,道韦,道韦118DS单边键系列零火智能开关三开,daowei.switch.sw3c01,daowei.switch.sw3c01.png,
插座开关,道韦,道韦118DS单边键系列零火智能开关二开,daowei.switch.sw2c01,daowei.switch.sw2c01.png,
插座开关,道韦,道韦DS01系列零火智能开关一开,daowei.switch.sw1b01,daowei.switch.sw1b01.png,
插座开关,道韦,道韦DS01系列零火智能开关三开,daowei.switch.sw3b01,daowei.switch.sw3b01.png,
插座开关,道韦,道韦DS01系列零火智能开关二开,daowei.switch.sw2b01,daowei.switch.sw2b01.png,
插座开关,道韦,道韦DS01系列零火智能开关四开,daowei.switch.sw4b01,daowei.switch.sw4b01.png,
插座开关,道韦,道韦DS07系列零火智能开关一开,daowei.switch.sw1e01,daowei.switch.sw1e01.png,
插座开关,道韦,道韦DS07系列零火智能开关三开,daowei.switch.sw3e01,daowei.switch.sw3e01.png,
插座开关,道韦,道韦DS07系列零火智能开关二开,daowei.switch.sw2e01,daowei.switch.sw2e01.png,
插座开关,道韦,道韦DS07系列零火智能开关四开,daowei.switch.sw4e01,daowei.switch.sw4e01.png,
插座开关,道韦,道韦DS08屏显一键开关,daowei.switch.nolr01,daowei.switch.nolr01.png,
插座开关,道韦,道韦DS08屏显三键开关,daowei.switch.nolr03,daowei.switch.nolr03.png,
插座开关,道韦,道韦DS08屏显二键开关,daowei.switch.nolr02,daowei.switch.nolr02.png,
插座开关,道韦,道韦DS11系列零火智能开关一开,daowei.switch.sw1a01,daowei.switch.sw1a01.png,
插座开关,道韦,道韦DS11系列零火智能开关三开,daowei.switch.sw3a01,daowei.switch.sw3a01.png,
插座开关,道韦,道韦DS11系列零火智能开关二开,daowei.switch.sw2a01,daowei.switch.sw2a01.png,
插座开关,道韦,道韦DS11系列零火智能开关四开,daowei.switch.sw4a01,daowei.switch.sw4a01.png,
插座开关,道韦,道韦DTS-60智能情景4寸屏开关,daowei.switch.sw3a03,daowei.switch.sw3a03.png,
插座开关,邮科通信,邮科通信一键智能开关,qimi.switch.sw1b01,qimi.switch.sw1b01.png,
插座开关,邮科通信,邮科通信三键智能开关,qimi.switch.sw3b01,qimi.switch.sw3b01.png,
插座开关,邮科通信,邮科通信二键智能开关,qimi.switch.sw2b01,qimi.switch.sw2b01.png,
插座开关,邮科通信,邮科通信四键智能开关,qimi.switch.sw4b01,qimi.switch.sw4b01.png,
插座开关,酷犀,酷犀情景智慧屏开关,kuxi.switch.sw3d01,kuxi.switch.sw3d01.png,
插座开关,酷犀,酷犀智能屏显开关四键Ultra,kuxi.switch.sw4a02,kuxi.switch.sw4a02.png,
插座开关,酷犀,酷犀智能开关一键,kuxi.switch.sw1a01,kuxi.switch.sw1a01.png,
插座开关,酷犀,酷犀智能开关三键,kuxi.switch.sw3a01,kuxi.switch.sw3a01.png,
插座开关,酷犀,酷犀智能开关二键,kuxi.switch.sw2a01,kuxi.switch.sw2a01.png,
插座开关,酷犀,酷犀智能开关四键,kuxi.switch.sw4b01,kuxi.switch.sw4b01.png,
插座开关,酷犀,酷犀智能开关场景四键（带屏显）,kuxi.switch.sw4a01,kuxi.switch.sw4a01.png,
插座开关,金云智联,金云智联墙壁开关X1（单键 PLC版）,ksc.switch.px1k1,ksc.switch.px1k1.png,
插座开关,金云智联,金云智联墙壁开关X1（四键 PLC版）,ksc.switch.px1k4,ksc.switch.px1k4.png,
插座开关,金百丽灯饰,金百丽1位智能开关,jbl123.switch.sw1a01,jbl123.switch.sw1a01.png,
插座开关,金百丽灯饰,金百丽2位智能开关,jbl123.switch.sw2a01,jbl123.switch.sw2a01.png,
插座开关,金百丽灯饰,金百丽3位智能开关,jbl123.switch.sw3a01,jbl123.switch.sw3a01.png,
插座开关,金百丽灯饰,金百丽4位智能开关,jbl123.switch.sw4a01,jbl123.switch.sw4a01.png,
插座开关,鑫居,鑫居智能转换插座(WiFi),xjzn.plug.v9xjw,xjzn.plug.v9xjw.png,
插座开关,钻石,钻石通断器Mesh2.0,uimeen.switch.tdq1,uimeen.switch.tdq1.png,
插座开关,阳光照明,阳光智能开关三键,yankon.switch.sw03,yankon.switch.sw03.png,
插座开关,阳光照明,阳光智能开关三键M3,yankon.switch.ykpx03,yankon.switch.ykpx03.png,
插座开关,阳光照明,阳光智能开关单键,yankon.switch.sw01,yankon.switch.sw01.png,
插座开关,阳光照明,阳光智能开关单键M3,yankon.switch.ykpx01,yankon.switch.ykpx01.png,
插座开关,阳光照明,阳光智能开关双键,yankon.switch.sw02,yankon.switch.sw02.png,
插座开关,阳光照明,阳光智能开关双键M3,yankon.switch.ykpx02,yankon.switch.ykpx02.png,
插座开关,阳光照明,阳光智能开关四键M3,yankon.switch.ykpx04,yankon.switch.ykpx04.png,
插座开关,雁派,雁派六键无线开关（BLE）,zlyj88.remote.ypwx1,zlyj88.remote.ypwx1.png,
插座开关,雁派,雁派智能一路开关（Mesh2.0）,zlyj88.switch.ypkg1,zlyj88.switch.ypkg1.png,
插座开关,雁派,雁派智能三路开关（Mesh2.0）,zlyj88.switch.ypkg3,zlyj88.switch.ypkg3.png,
插座开关,雁派,雁派智能二路开关（Mesh2.0）,zlyj88.switch.ypkg2,zlyj88.switch.ypkg2.png,
插座开关,雁派,雁派智能四路开关（Mesh2.0）,zlyj88.switch.ypkg4,zlyj88.switch.ypkg4.png,
插座开关,雷克,雷克智能X2屏显一键开关,leike.switch.lkpxs1,leike.switch.lkpxs1.png,
插座开关,雷克,雷克智能X2屏显三键开关,leike.switch.lkpxs3,leike.switch.lkpxs3.png,
插座开关,雷克,雷克智能X2屏显二键开关,leike.switch.lkpxs2,leike.switch.lkpxs2.png,
插座开关,雷卡之星,雷卡之星智能开关一键,lkzm.switch.sw1a01,lkzm.switch.sw1a01.png,
插座开关,雷卡之星,雷卡之星智能开关三键,lkzm.switch.sw3a01,lkzm.switch.sw3a01.png,
插座开关,雷卡之星,雷卡之星智能开关二键,lkzm.switch.sw2a01,lkzm.switch.sw2a01.png,
插座开关,雷卡之星,雷卡之星智能开关四键,lkzm.switch.sw4a01,lkzm.switch.sw4a01.png,
插座开关,雷施顿照明,雷施顿智能开关（三键Mesh版）,lesdn.switch.sw3a01,lesdn.switch.sw3a01.png,
插座开关,雷施顿照明,雷施顿智能开关（单键Mesh版）,lesdn.switch.sw1a01,lesdn.switch.sw1a01.png,
插座开关,雷施顿照明,雷施顿智能开关（双键Mesh版）,lesdn.switch.sw2a01,lesdn.switch.sw2a01.png,
插座开关,雷施顿照明,雷施顿智能开关（四键Mesh版）,lesdn.switch.sw4a01,lesdn.switch.sw4a01.png,
插座开关,青米,爱国者智能插排,qmi.plug.psv1,qmi.plug.psv1.png,
插座开关,青米,青米智能插排,qmi.powerstrip.v1,qmi.powerstrip.v1.png,
插座开关,飞利浦,飞利浦智能开关_MifyPL30_1K,signfy.switch.bm0yz1,signfy.switch.bm0yz1.png,
插座开关,飞利浦,飞利浦智能开关_MifyPL30_2K,signfy.switch.bm0yz2,signfy.switch.bm0yz2.png,
插座开关,飞利浦,飞利浦智能开关_MifyPL30_3K,signfy.switch.bm0yz3,signfy.switch.bm0yz3.png,
插座开关,飞利浦,飞利浦智能开关_MifyPL30_4K,signfy.switch.bm0yz4,signfy.switch.bm0yz4.png,
插座开关,飞雕,飞雕大板智能开关（零火四键）,feid.switch.fdw008,feid.switch.fdw008.png,
插座开关,飞雕,飞雕智彩一位零火智能开关,feid.switch.fdw009,feid.switch.fdw009.png,
插座开关,飞雕,飞雕智彩三位零火智能开关,feid.switch.fdw011,feid.switch.fdw011.png,
插座开关,飞雕,飞雕智彩二位零火智能开关,feid.switch.fdw010,feid.switch.fdw010.png,
插座开关,飞雕,飞雕智彩四位零火智能开关,feid.switch.fdw012,feid.switch.fdw012.png,
插座开关,飞雕,飞雕智薄一位零火智能开关,feid.switch.fdw005,feid.switch.fdw005.png,
插座开关,飞雕,飞雕智薄三位零火智能开关,feid.switch.fdw007,feid.switch.fdw007.png,
插座开关,飞雕,飞雕智薄二位零火智能开关,feid.switch.fdw006,feid.switch.fdw006.png,
插座开关,飞雕,飞雕智薄四位零火智能开关,feid.switch.fdw013,feid.switch.fdw013.png,
插座开关,馨光,XG蓝牙Mesh智能开关,wainft.switch.sw3a01,wainft.switch.sw3a01.png,
插座开关,馨光, 馨光蓝牙mesh通断器,wainft.switch.sw0a01,wainft.switch.sw0a01.png,
插座开关,高事达,高事达PLC智能一位复合开关(零火),gaosd.switch.gsp1k,gaosd.switch.gsp1k.png,
插座开关,高事达,高事达PLC智能三位复合开关(零火),gaosd.switch.gsp3k,gaosd.switch.gsp3k.png,
插座开关,高事达,高事达PLC智能二位复合开关(零火),gaosd.switch.gsp2k,gaosd.switch.gsp2k.png,
插座开关,高事达,高事达PLC智能八位复合开关(零火),gaosd.switch.gsp8k,gaosd.switch.gsp8k.png,
插座开关,高事达,高事达PLC智能六位复合开关(零火),gaosd.switch.gsp6k,gaosd.switch.gsp6k.png,
插座开关,高事达,高事达PLC智能四位复合开关(零火),gaosd.switch.gsp4k,gaosd.switch.gsp4k.png,
插座开关,鸿雁,鸿雁GM系列智能轨道插座,honyar.plug.plug2,honyar.plug.plug2.png,
插座开关,鸿雁,鸿雁三键开关K31ND10-BD,honyar.switch.k31bd,honyar.switch.k31bd.png,
插座开关,鸿雁,鸿雁三键智能开关1,honyar.switch.sw3c04,honyar.switch.sw3c04.png,
插座开关,鸿雁,鸿雁三键智能开关2,honyar.switch.sw3a01,honyar.switch.sw3a01.png,
插座开关,鸿雁,鸿雁三键智能开关HM1 pro,honyar.switch.sw3d01,honyar.switch.sw3d01.png,
插座开关,鸿雁,鸿雁三键智能触摸开关,honyar.switch.sw3b01,honyar.switch.sw3b01.png,
插座开关,鸿雁,鸿雁三键轻触开关W3-86K31ND5-BD-M-PRO,honyar.switch.dl001,honyar.switch.dl001.png,
插座开关,鸿雁,鸿雁单键开关K11ND10-BD,honyar.switch.k11bd,honyar.switch.k11bd.png,
插座开关,鸿雁,鸿雁单键智能开关1,honyar.switch.sw1c04,honyar.switch.sw1c04.png,
插座开关,鸿雁,鸿雁单键智能开关2,honyar.switch.sw1a01,honyar.switch.sw1a01.png,
插座开关,鸿雁,鸿雁单键智能开关HM1 pro,honyar.switch.sw1d01,honyar.switch.sw1d01.png,
插座开关,鸿雁,鸿雁单键智能触摸开关,honyar.switch.sw1b01,honyar.switch.sw1b01.png,
插座开关,鸿雁,鸿雁单键轻触开关W3-86K11ND5-BD-M-PRO,honyar.switch.dl003,honyar.switch.dl003.png,
插座开关,鸿雁,鸿雁双键开关K21ND10-BD,honyar.switch.k21bd,honyar.switch.k21bd.png,
插座开关,鸿雁,鸿雁双键智能开关1,honyar.switch.sw2c04,honyar.switch.sw2c04.png,
插座开关,鸿雁,鸿雁双键智能开关2,honyar.switch.sw2a01,honyar.switch.sw2a01.png,
插座开关,鸿雁,鸿雁双键智能开关HM1 pro,honyar.switch.sw2d01,honyar.switch.sw2d01.png,
插座开关,鸿雁,鸿雁双键智能触摸开关,honyar.switch.sw2b01,honyar.switch.sw2b01.png,
插座开关,鸿雁,鸿雁双键轻触开关W3-86K21ND5-BD-M-PRO,honyar.switch.dl002,honyar.switch.dl002.png,
插座开关,鸿雁,鸿雁四键智能开关1,honyar.switch.sw4c04,honyar.switch.sw4c04.png,
插座开关,鸿雁,鸿雁四键智能开关2,honyar.switch.sw4a01,honyar.switch.sw4a01.png,
插座开关,鸿雁,鸿雁四键智能开关HM1 pro,honyar.switch.sw4d01,honyar.switch.sw4d01.png,
插座开关,鸿雁,鸿雁四键智能触摸开关,honyar.switch.sw4b01,honyar.switch.sw4b01.png,
插座开关,鸿雁,鸿雁智能插座,honyar.plug.v7icm,honyar.plug.v7icm.png,
插座开关,鸿雁,鸿雁智能插座IHC8406M,honyar.plug.cz01,honyar.plug.cz01.png,
插座开关,鸿雁,鸿雁毫米波节能转换插座,honyar.plug.hyrccz,honyar.plug.hyrccz.png,
插座开关,鸿雁,鸿雁超薄三键智能开关,honyar.switch.sw3c01,honyar.switch.sw3c01.png,
插座开关,鸿雁,鸿雁超薄单键智能开关,honyar.switch.sw1c01,honyar.switch.sw1c01.png,
插座开关,鸿雁,鸿雁超薄双键智能开关,honyar.switch.sw2c01,honyar.switch.sw2c01.png,
插座开关,鹰皇,MixDALI智能开关面板,emelit.switch.xmrp00,emelit.switch.xmrp00.png,
插座开关,麒石,麒石远程电脑开机卡,yzjkj.plug.yzjkj,yzjkj.plug.yzjkj.png,
插座开关,龙胜,龙胜一位彩屏按键零火开关,longs.switch.yls01,longs.switch.yls01.png,
插座开关,龙胜,龙胜一位零火屏显开关,longs.switch.nlsw21,longs.switch.nlsw21.png,
插座开关,龙胜,龙胜一位零火开关,longs.switch.lsnls1,longs.switch.lsnls1.png,
插座开关,龙胜,龙胜三位彩屏按键零火开关,longs.switch.yls03,longs.switch.yls03.png,
插座开关,龙胜,龙胜三位零火屏显开关,longs.switch.nlsw23,longs.switch.nlsw23.png,
插座开关,龙胜,龙胜三位零火开关,longs.switch.lsnls3,longs.switch.lsnls3.png,
插座开关,龙胜,龙胜二位彩屏按键零火开关,longs.switch.yls02,longs.switch.yls02.png,
插座开关,龙胜,龙胜二位零火屏显开关,longs.switch.nlsw22,longs.switch.nlsw22.png,
插座开关,龙胜,龙胜二位零火开关,longs.switch.lsnls2,longs.switch.lsnls2.png,
插座开关,龙胜,龙胜全面屏智能面板,longs.switch.nlsw4z,longs.switch.nlsw4z.png,
插座开关,龙胜,龙胜四位彩屏按键零火开关,longs.switch.yls04,longs.switch.yls04.png,
插座开关,龙胜,龙胜四位零火屏显开关,longs.switch.nlsw24,longs.switch.nlsw24.png,
插座开关,龙胜,龙胜四位零火开关,longs.switch.lsnls4,longs.switch.lsnls4.png,
插座开关,龙胜,龙胜圆屏智能多功能面板,longs.switch.nlsw3d,longs.switch.nlsw3d.png,
插座开关,ANXIANG,AX智联彩色屏显开关,ax01.switch.sw4g01,ax01.switch.sw4g01.png,
插座开关,ANXIANG,AX智能通断器,ax01.switch.sw0a02,ax01.switch.sw0a02.png,
插座开关,BELEDE,贝朗德M17-OL屏显一键开关,belede.switch.sw1a02,belede.switch.sw1a02.png,
插座开关,BELEDE,贝朗德M17-OL屏显三键开关,belede.switch.sw3a02,belede.switch.sw3a02.png,
插座开关,BELEDE,贝朗德M17-OL屏显二键开关,belede.switch.sw2a02,belede.switch.sw2a02.png,
插座开关,FDD国际电工,FDD 国际电工智能轨道插座,xdx001.plug.pc01,xdx001.plug.pc01.png,
插座开关,FDD国际电工,fdd 国际电工一键智能开关,xdx001.switch.dlh1k,xdx001.switch.dlh1k.png,
插座开关,FDD国际电工,fdd 国际电工三键智能开关,xdx001.switch.dlh3k,xdx001.switch.dlh3k.png,
插座开关,FDD国际电工,fdd 国际电工二键智能开关,xdx001.switch.dlh2k,xdx001.switch.dlh2k.png,
插座开关,FDD国际电工,fdd 国际电工四键智能开关,xdx001.switch.dh4k,xdx001.switch.dh4k.png,
插座开关,FRFOX,FRFOX-Z5臻薄四寸屏显开关,yoohoo.switch.sw3a03,yoohoo.switch.sw3a03.png,
插座开关,FSL,FSL 一位零火开关BLE,sfl.switch.sw1b01,sfl.switch.sw1b01.png,
插座开关,FSL,FSL 三位零火开关BLE,sfl.switch.sw3b01,sfl.switch.sw3b01.png,
插座开关,FSL,FSL 二位零火开关BLE,sfl.switch.sw2b01,sfl.switch.sw2b01.png,
插座开关,FSL,FSL 四寸智能彩屏开关,sfl.switch.sw3a03,sfl.switch.sw3a03.png,
插座开关,H.E.P,H.E.P-夏新智能三键开关,amoi.switch.bln03,amoi.switch.bln03.png,
插座开关,H.E.P,H.E.P-夏新智能二键开关,amoi.switch.bln02,amoi.switch.bln02.png,
插座开关,H.E.P,H.E.P-夏新智能四键开关,amoi.switch.bln04,amoi.switch.bln04.png,
插座开关,JOCO,JOCO智能K1情景旋钮无线开关,nbxh.remote.sw1b02,nbxh.remote.sw1b02.png,
插座开关,JTJIOT,捷特佳智能彩屏开关M8,jtjiot.switch.sw4a04,jtjiot.switch.sw4a04.png,
插座开关,JTJIOT,捷特佳智能零火开关M1,jtjiot.switch.sw1a01,jtjiot.switch.sw1a01.png,
插座开关,JTJIOT,捷特佳智能零火开关M2,jtjiot.switch.sw2a01,jtjiot.switch.sw2a01.png,
插座开关,JTJIOT,捷特佳智能零火开关M3,jtjiot.switch.sw3a01,jtjiot.switch.sw3a01.png,
插座开关,KEEY,KEEY 智能一键复合开关 M2pro,keey.switch.qytkg1,keey.switch.qytkg1.png,
插座开关,KEEY,KEEY 智能三键复合开关 M2pro,keey.switch.qytkg3,keey.switch.qytkg3.png,
插座开关,KEEY,KEEY 智能二键复合开关 M2pro,keey.switch.qytkg2,keey.switch.qytkg2.png,
插座开关,KEEY,KEEY 智能四键复合开关 M2pro,keey.switch.qytkg4,keey.switch.qytkg4.png,
插座开关,KINSUNY今上,今上智能开关S1 Pro 四键屏显版,ksks.switch.sw4a03,ksks.switch.sw4a03.png,
插座开关,MAIHUI,MAIHUI A15智能开关一键,ppe.switch.sw1c01,ppe.switch.sw1c01.png,
插座开关,MAIHUI,MAIHUI A15智能开关三键,ppe.switch.sw3c01,ppe.switch.sw3c01.png,
插座开关,MAIHUI,MAIHUI A15智能开关二键,ppe.switch.sw2c01,ppe.switch.sw2c01.png,
插座开关,MAIHUI,MAIHUI A15智能开关四键,ppe.switch.sw4c01,ppe.switch.sw4c01.png,
插座开关,MAIHUI,MAIHUI智能Mesh插座,ppe.plug.znwk01,ppe.plug.znwk01.png,
插座开关,NIOT,NIOT 智能（温控）转换插座,axzn.plug.s2w,axzn.plug.s2w.png,
插座开关,OML,欧曼智能屏显开关K8 Pro（四键）,oml.switch.sw4d01,oml.switch.sw4d01.png,
插座开关,OSTEEN,OSTEEN智能屏显开关（四键）,osteen.switch.sw4a05,osteen.switch.sw4a05.png,
插座开关,OUXIM,OUXIM圆屏四键开关,ouxim.switch.lxkg4,ouxim.switch.lxkg4.png,
插座开关,SHARE,Share蓝牙Mesh2.0超薄 四键开关,sh1966.switch.sw4c02,sh1966.switch.sw4c02.png,
插座开关,TEP国际电工,TEP国际电工M3系列智能一键屏显开关,722231.switch.m3px01,722231.switch.m3px01.png,
插座开关,TEP国际电工,TEP国际电工M3系列智能三键屏显开关,722231.switch.m3px03,722231.switch.m3px03.png,
插座开关,TEP国际电工,TEP国际电工M3系列智能二键屏显开关,722231.switch.m3px02,722231.switch.m3px02.png,
插座开关,USP国际电工,百将USB插座Mesh2.0,zhiee.plug.tdq5,zhiee.plug.tdq5.png,
插座开关,UWIZE优智者,UWIZE优智者全面屏智能面板开关1,uwize.switch.yzw23,uwize.switch.yzw23.png,
插座开关,WGSE,WGSE智能开关单零火1键,wgse.switch.sw1c01,wgse.switch.sw1c01.png,
插座开关,WGSE,WGSE智能开关单零火2键,wgse.switch.sw2c01,wgse.switch.sw2c01.png,
插座开关,WGSE,WGSE智能开关单零火3键,wgse.switch.sw3c01,wgse.switch.sw3c01.png,
插座开关,ZIDT,ZIDT智能八键开关mesh 2.0,zidt.switch.8k,zidt.switch.8k.png,
插座开关,julun,julun中枢旋钮开关,julun.remote.jlxn4,julun.remote.jlxn4.png,
插座开关,linptech,领普智能彩屏开关（三键）,linp.switch.h3dbw3,linp.switch.h3dbw3.png,
插座开关,linptech,领普智能彩屏开关（单键）,linp.switch.h3dbw1,linp.switch.h3dbw1.png,
插座开关,linptech,领普智能彩屏开关（双键）,linp.switch.h3dbw2,linp.switch.h3dbw2.png,
插座开关,luobang罗邦国际,LB一位智能开关,luoban.switch.sw1c01,luoban.switch.sw1c01.png,
插座开关,luobang罗邦国际,LB三位智能开关,luoban.switch.sw3c01,luoban.switch.sw3c01.png,
插座开关,luobang罗邦国际,LB二位智能开关,luoban.switch.sw2c01,luoban.switch.sw2c01.png,
插座开关,luobang罗邦国际,LB全面屏开关,luoban.switch.sw3a03,luoban.switch.sw3a03.png,
插座开关,luobang罗邦国际,LB四位屏显智能开关,luoban.switch.sw4a02,luoban.switch.sw4a02.png,
插座开关,luobang罗邦国际,LB四位智能开关,luoban.switch.sw4c01,luoban.switch.sw4c01.png,
插座开关,mitch,mitch无线旋钮开关,googo.remote.gnxn4,googo.remote.gnxn4.png,
插座开关,noooe皓逸,皓逸智能开关一开Q7Pro（屏显版）,haoyi.switch.sw1a01,haoyi.switch.sw1a01.png,
插座开关,noooe皓逸,皓逸智能开关三开Q7Pro（屏显版）,haoyi.switch.sw3a01,haoyi.switch.sw3a01.png,
插座开关,noooe皓逸,皓逸智能开关二开Q7Pro（屏显版）,haoyi.switch.sw2a01,haoyi.switch.sw2a01.png,
插座开关,noooe皓逸,皓逸智能开关四开Q7pro（屏显版）,haoyi.switch.sw4a01,haoyi.switch.sw4a01.png,
插座开关,sagewe,Sagewe四位智能排线板M4s411-GB-M,sagewe.plug.006,sagewe.plug.006.png,
插座开关,万多,WD智能一键开关,wanduo.switch.sw1a01,wanduo.switch.sw1a01.png,
插座开关,万多,WD智能三键开关,wanduo.switch.sw3a01,wanduo.switch.sw3a01.png,
插座开关,万多,WD智能二键开关,wanduo.switch.sw2a01,wanduo.switch.sw2a01.png,
插座开关,万多,WD智能四键开关,wanduo.switch.sw4a01,wanduo.switch.sw4a01.png,
插座开关,亖米,亖米Z5一键屏显开关,symi.switch.z501,symi.switch.z501.png,
插座开关,亖米,亖米Z5三键屏显开关,symi.switch.z503,symi.switch.z503.png,
插座开关,亖米,亖米Z5二键屏显开关,symi.switch.z502,symi.switch.z502.png,
插座开关,公牛,公牛智能一位带屏显零火开关X系列,bull.switch.x01k1s,bull.switch.x01k1s.png,
插座开关,公牛,公牛智能三位带屏显零火开关X系列,bull.switch.x01k3s,bull.switch.x01k3s.png,
插座开关,公牛,公牛智能二位带屏显零火开关X系列,bull.switch.x01k2s,bull.switch.x01k2s.png,
插座开关,公牛,公牛智能四位单零火开关,bull.switch.gts411,bull.switch.gts411.png,
插座开关,公牛,公牛智能四位带屏显零火开关X系列,bull.switch.x01k04,bull.switch.x01k04.png,
插座开关,公牛,公牛智能四位零火开关,bull.switch.ts411b,bull.switch.ts411b.png,
插座开关,公牛,公牛智能调光旋钮屏零火开关X系列,bull.switch.x01d01,bull.switch.x01d01.png,
插座开关,凌动,凌动智能 一键开关K2.0,ldzn.switch.sw1d01,ldzn.switch.sw1d01.png,
插座开关,凌动,凌动智能 三键开关K2.0,ldzn.switch.sw3d01,ldzn.switch.sw3d01.png,
插座开关,凌动,凌动智能 二键开关K2.0,ldzn.switch.sw2d01,ldzn.switch.sw2d01.png,
插座开关,凌动,凌动智能 四寸屏显开关N9,ldzn.switch.sw3a03,ldzn.switch.sw3a03.png,
插座开关,博尔美,博尔美屏显智能开关(一位),broway.switch.bemkg1,broway.switch.bemkg1.png,
插座开关,博尔美,博尔美屏显智能开关(三位),broway.switch.bemkg3,broway.switch.bemkg3.png,
插座开关,博尔美,博尔美屏显智能开关(二位),broway.switch.bemkg2,broway.switch.bemkg2.png,
插座开关,博尔高,博尔高蓝牙MESH智能通断器,boerg.switch.tdqm1,boerg.switch.tdqm1.png,
插座开关,名方MINFAN,MINFAN 智能全面屏开关,boade.switch.sw3a03,boade.switch.sw3a03.png,
插座开关,唯宝彩佳,唯宝彩佳智能屏幕开关Zao0102,vbocga.switch.sw3a03,vbocga.switch.sw3a03.png,
插座开关,固帝,固帝A96彩屏智能开关一键,gudi.switch.swy008,gudi.switch.swy008.png,
插座开关,宅联界,宅联界智能插座（Mesh）,wiing.plug.zljcz1,wiing.plug.zljcz1.png,
插座开关,小海,小海·见晓零火三键智能开关,bkxh.switch.sw3a01,bkxh.switch.sw3a01.png,
插座开关,小海,小海·见晓零火单键智能开关,bkxh.switch.sw1a01,bkxh.switch.sw1a01.png,
插座开关,小海,小海·见晓零火双键智能开关,bkxh.switch.sw2a01,bkxh.switch.sw2a01.png,
插座开关,小米出品,小米智能开关2（三开）1,xiaomi.switch.wb3,xiaomi.switch.wb3.png,
插座开关,小米出品,小米智能开关2（三开）2,xiaomi.switch.ww3,xiaomi.switch.ww3.png,
插座开关,小米出品,小米智能开关2（单开）1,xiaomi.switch.wb1,xiaomi.switch.wb1.png,
插座开关,小米出品,小米智能开关2（单开）2,xiaomi.switch.ww1,xiaomi.switch.ww1.png,
插座开关,小米出品,小米智能开关2（双开）1,xiaomi.switch.wb2,xiaomi.switch.wb2.png,
插座开关,小米出品,小米智能开关2（双开）2,xiaomi.switch.ww2,xiaomi.switch.ww2.png,
插座开关,小米出品,小米智能插座4,xiaomi.plug.04,xiaomi.plug.04.png,
插座开关,平头熊,平头熊 F1调光情景开关,090615.remote.ptxf14,090615.remote.ptxf14.png,
插座开关,慕容柯,慕容柯无线开关,murong.remote.mrk009,murong.remote.mrk009.png,
插座开关,文光汇,文光汇智能插座Mesh,sixwgh.plug.whzncz,sixwgh.plug.whzncz.png,
插座开关,文光汇,文光汇智能通断器（Mesh）,sixwgh.switch.whtdq2,sixwgh.switch.whtdq2.png,
插座开关,施耐德电气,施耐德电气带屏智能一位带场景零火开关,wiser.switch.hyk013,wiser.switch.hyk013.png,
插座开关,施耐德电气,施耐德电气带屏智能三位带场景零火开关,wiser.switch.hyk015,wiser.switch.hyk015.png,
插座开关,施耐德电气,施耐德电气带屏智能二位带场景零火开关,wiser.switch.hyk014,wiser.switch.hyk014.png,
插座开关,施耐德电气,施耐德电气带屏智能四位带场景零火开关,wiser.switch.hyk016,wiser.switch.hyk016.png,
插座开关,施耐德电气,施耐德电气玻璃带屏智能一位带场景零火开关,wiser.switch.hyk017,wiser.switch.hyk017.png,
插座开关,施耐德电气,施耐德电气玻璃带屏智能三位带场景零火开关,wiser.switch.hyk019,wiser.switch.hyk019.png,
插座开关,施耐德电气,施耐德电气玻璃带屏智能二位带场景零火开关,wiser.switch.hyk018,wiser.switch.hyk018.png,
插座开关,施耐德电气,施耐德电气玻璃带屏智能四位带场景零火开关,wiser.switch.hyk020,wiser.switch.hyk020.png,
插座开关,施耐德电气,施耐德电气玻璃智能4寸全面屏中控面板开关,wiser.switch.hjp002,wiser.switch.hjp002.png,
插座开关,星明浩,星明浩智慧情景开关屏A6 三开,xmd.switch.sw3a03,xmd.switch.sw3a03.png,
插座开关,星明浩,星明浩智能开关面板A6 四开,xmd.switch.sw4a03,xmd.switch.sw4a03.png,
插座开关,智相连,智相连通断器,zxlink.switch.zxltd2,zxlink.switch.zxltd2.png,
插座开关,朗尊,朗尊 MESH2.0 M系列 二键智能开关,lzmesh.switch.sw2c01,lzmesh.switch.sw2c01.png,
插座开关,木林森,木林森智能轨道插座,mlszn.plug.pc01,mlszn.plug.pc01.png,
插座开关,木林森照明,MLS致典一位开关Q1,mlszm.switch.mlsq1,mlszm.switch.mlsq1.png,
插座开关,木林森照明,MLS致典三位开关Q3,mlszm.switch.mlsq3,mlszm.switch.mlsq3.png,
插座开关,木林森照明,MLS致典二位开关Q2,mlszm.switch.mlsq2,mlszm.switch.mlsq2.png,
插座开关,木林森照明,MLS致典四位开关Q4,mlszm.switch.mlsq4,mlszm.switch.mlsq4.png,
插座开关,杜亚,杜亚智能开关灵智E5 三键,dooya.switch.sw3a01,dooya.switch.sw3a01.png,
插座开关,杜亚,杜亚智能开关灵智E5 单键,dooya.switch.sw1a01,dooya.switch.sw1a01.png,
插座开关,杜亚,杜亚智能开关灵智E5 双键,dooya.switch.sw2a01,dooya.switch.sw2a01.png,
插座开关,杜蒙,杜蒙智能开关Mesh2.0（零火一开）,ygzm.switch.sw1a01,ygzm.switch.sw1a01.png,
插座开关,杜蒙,杜蒙智能开关Mesh2.0（零火三开）,ygzm.switch.sw3a01,ygzm.switch.sw3a01.png,
插座开关,杜蒙,杜蒙智能开关Mesh2.0（零火二开）,ygzm.switch.sw2a01,ygzm.switch.sw2a01.png,
插座开关,海烈鸟,海烈鸟-智能零火一键开关,oppein.switch.sw1a01,oppein.switch.sw1a01.png,
插座开关,海烈鸟,海烈鸟-智能零火三键开关,oppein.switch.sw3a01,oppein.switch.sw3a01.png,
插座开关,海烈鸟,海烈鸟-智能零火二键开关,oppein.switch.sw2a01,oppein.switch.sw2a01.png,
插座开关,狄耐克,狄耐克智能一键开关F46(Mesh2.0),dnake.switch.blx1,dnake.switch.blx1.png,
插座开关,狄耐克,狄耐克智能三键开关F46(Mesh2.0),dnake.switch.blx3,dnake.switch.blx3.png,
插座开关,狄耐克,狄耐克智能二键开关F46(Mesh2.0),dnake.switch.blx2,dnake.switch.blx2.png,
插座开关,狄耐克,狄耐克智能四键屏显开关F46(Mesh2.0),dnake.switch.pxu6,dnake.switch.pxu6.png,
插座开关,狄耐克,狄耐克智能四键开关F46(Mesh2.0),dnake.switch.blx4,dnake.switch.blx4.png,
插座开关,狮朗盾,狮朗盾Z5一键屏显开关,wxal.switch.z51k,wxal.switch.z51k.png,
插座开关,狮朗盾,狮朗盾Z5三键屏显开关,wxal.switch.z53k,wxal.switch.z53k.png,
插座开关,狮朗盾,狮朗盾Z5二键屏显开关,wxal.switch.z52k,wxal.switch.z52k.png,
插座开关,现代点,现代点四位智能开关蜂鸟5.0,point.switch.fn04,point.switch.fn04.png,
插座开关,电小酷,电小酷智能插座CP2（BF版）,cuco.plug.cp2ac,cuco.plug.cp2ac.png,
插座开关,百能,百能智联一键开关(竖版),bnen1.switch.sw1b01,bnen1.switch.sw1b01.png,
插座开关,百能,百能智联三键开关(竖版),bnen1.switch.sw3b01,bnen1.switch.sw3b01.png,
插座开关,百能,百能智联二键开关(竖版),bnen1.switch.sw2b01,bnen1.switch.sw2b01.png,
插座开关,百能,百能智联四键开关(竖版),bnen1.switch.sw4b01,bnen1.switch.sw4b01.png,
插座开关,罗格朗,罗格朗四寸智能触控屏开关,lhz.switch.sw3a03,lhz.switch.sw3a03.png,
插座开关,罗格朗,罗格朗维翼一位彩屏智能开关Pro,lhz.switch.sw1c03,lhz.switch.sw1c03.png,
插座开关,罗格朗,罗格朗维翼三位彩屏智能开关Pro,lhz.switch.sw3c03,lhz.switch.sw3c03.png,
插座开关,罗格朗,罗格朗维翼二位彩屏智能开关Pro,lhz.switch.sw2c03,lhz.switch.sw2c03.png,
插座开关,罗格朗,罗格朗维翼四位彩屏智能开关Pro,lhz.switch.sw4c03,lhz.switch.sw4c03.png,
插座开关,苏米科技,苏米无线开关,xhuan.remote.smwx1,xhuan.remote.smwx1.png,
插座开关,西顿照明,西顿三键智能零火开关M2air,cdn.switch.m2ak3,cdn.switch.m2ak3.png,
插座开关,西顿照明,西顿二键智能零火开关M2air,cdn.switch.m2ak2,cdn.switch.m2ak2.png,
插座开关,西顿照明,西顿单键智能零火开关M2air,cdn.switch.m2ak1,cdn.switch.m2ak1.png,
插座开关,西顿照明,西顿四键智能零火开关M2air,cdn.switch.m2ak4,cdn.switch.m2ak4.png,
插座开关,贝朗德,贝朗德情景无线开关三键,belede.remote.sw1b03,belede.remote.sw1b03.png,
插座开关,贝朗德,贝朗德情景无线开关六键,belede.remote.sw1b06,belede.remote.sw1b06.png,
插座开关,贝邻,贝邻智能一键复合开关,bellzn.switch.blkg1,bellzn.switch.blkg1.png,
插座开关,贝邻,贝邻智能三键复合开关,bellzn.switch.blkg3,bellzn.switch.blkg3.png,
插座开关,贝邻,贝邻智能二键复合开关,bellzn.switch.blkg2,bellzn.switch.blkg2.png,
插座开关,贝邻,贝邻智能四键复合开关,bellzn.switch.blkg4,bellzn.switch.blkg4.png,
插座开关,酷犀,酷犀智能屏显开关四键ProG,kuxi.switch.sw4b02,kuxi.switch.sw4b02.png,
插座开关,鑫居,鑫居智能通断器（Mesh）,xjzn.switch.xjtdq9,xjzn.switch.xjtdq9.png,
插座开关,雷克,雷克智能S1一键开关,leike.switch.sw1b01,leike.switch.sw1b01.png,
插座开关,雷克,雷克智能S1三键开关,leike.switch.sw3b01,leike.switch.sw3b01.png,
插座开关,雷克,雷克智能S1二键开关,leike.switch.sw2b01,leike.switch.sw2b01.png,
插座开关,雷克,雷克智能S1四键开关,leike.switch.sw4b01,leike.switch.sw4b01.png,
插座开关,简顿,简顿智能开关单键,704719.switch.sw1b01,704719.switch.sw1b01.png,
插座开关,简顿,简顿智能开关双键,704719.switch.sw2b01,704719.switch.sw2b01.png,
插座开关,简顿,简顿智能开关三键,704719.switch.sw3b01,704719.switch.sw3b01.png,
插座开关,简顿,简顿智能开关四键,704719.switch.sw4b01,704719.switch.sw4b01.png,
插座开关,AKG,AKG智能通断器3.0,aikeji.switch.sw0a02,aikeji.switch.sw0a02.png,
插座开关,AKG,AKG智能开关-G系列1开,aikeji.switch.sw1a01,aikeji.switch.sw1a01.png,
插座开关,AKG,AKG智能开关-G系列2开,aikeji.switch.sw2a01,aikeji.switch.sw2a01.png,
插座开关,AKG,AKG智能开关-G系列3开,aikeji.switch.sw3a01,aikeji.switch.sw3a01.png,
插座开关,AKG,AKG智能开关-G系列4开,aikeji.switch.sw4a01,aikeji.switch.sw4a01.png,
插座开关,光缓,光缓智能开关Pro 单键,alight.switch.azkg1,alight.switch.azkg1.png,
插座开关,光缓,光缓智能开关Pro 双键,alight.switch.azkg2,alight.switch.azkg2.png,
插座开关,光缓,光缓智能开关Pro 三键,alight.switch.azkg3,alight.switch.azkg3.png,
插座开关,光缓,光缓智能开关Pro 四键,alight.switch.azkg4,alight.switch.azkg4.png,
插座开关,ZXWL,ZXWL智能通断器3.0,andi.switch.sw0a03,andi.switch.sw0a03.png,
插座开关,ANXIANG,AX智系列一键开关,ax01.switch.sw1h01,ax01.switch.sw1h01.png,
插座开关,ANXIANG,AX智系列二键开关,ax01.switch.sw2h01,ax01.switch.sw2h01.png,
插座开关,ANXIANG,AX智系列三键开关,ax01.switch.sw3h01,ax01.switch.sw3h01.png,
插座开关,ANXIANG,AX智系列四键开关,ax01.switch.sw4h01,ax01.switch.sw4h01.png,
插座开关,贝朗德,贝朗德智能通断器,belede.switch.sw0a01,belede.switch.sw0a01.png,
插座开关,贝朗德,贝朗德S9-TFMAX彩屏智能四键开关,belede.switch.sw4a04,belede.switch.sw4a04.png,
插座开关,公牛,公牛智能四寸屏零火开关X系列,bull.switch.x01t1s,bull.switch.x01t1s.png,
插座开关,西顿照明,西顿单键智能屏显开关M6air,cdn.switch.m6ak1,cdn.switch.m6ak1.png,
插座开关,西顿照明,西顿二键智能屏显开关M6air,cdn.switch.m6ak2,cdn.switch.m6ak2.png,
插座开关,西顿照明,西顿三键智能屏显开关M6air,cdn.switch.m6ak3,cdn.switch.m6ak3.png,
插座开关,西顿照明,西顿四键智能屏显开关M6air,cdn.switch.m6ak4,cdn.switch.m6ak4.png,
插座开关,电亿秒,电亿秒智能插排 CM3AM,citu.plug.dymcm3,citu.plug.dymcm3.png,
插座开关,阿耀,阿耀智能一键开关（Mesh2.0）,dba89.switch.alkg1,dba89.switch.alkg1.png,
插座开关,阿耀,阿耀智能二键开关（Mesh2.0）,dba89.switch.alkg2,dba89.switch.alkg2.png,
插座开关,阿耀,阿耀智能三键开关（Mesh2.0）,dba89.switch.alkg3,dba89.switch.alkg3.png,
插座开关,阿耀,阿耀智能四键开关（Mesh2.0）,dba89.switch.alkg4,dba89.switch.alkg4.png,
插座开关,家的,家的智能一位开关A,gamder.switch.jdkg1,gamder.switch.jdkg1.png,
插座开关,家的,家的智能二位开关A,gamder.switch.jdkg2,gamder.switch.jdkg2.png,
插座开关,家的,家的智能三位开关A,gamder.switch.jdkg3,gamder.switch.jdkg3.png,
插座开关,家的,家的智能四位开关A,gamder.switch.jdkg4,gamder.switch.jdkg4.png,
插座开关,家的,家的智能六位开关A,gamder.switch.jdkg6,gamder.switch.jdkg6.png,
插座开关,冠华,冠华晓系列一键开关,ghzm.switch.ghkg1,ghzm.switch.ghkg1.png,
插座开关,冠华,冠华晓系列二键开关,ghzm.switch.ghkg2,ghzm.switch.ghkg2.png,
插座开关,冠华,冠华晓系列三键开关,ghzm.switch.ghkg3,ghzm.switch.ghkg3.png,
插座开关,冠华,冠华晓系列四键开关,ghzm.switch.ghkg4,ghzm.switch.ghkg4.png,
插座开关,mitch,mitch玄鸟四路屏显开关(Mesh2.0),googo.switch.sw4a04,googo.switch.sw4a04.png,
插座开关,noooe皓逸,皓逸智能无线旋钮开关（中枢版）,haoyi.remote.hyxn4,haoyi.remote.hyxn4.png,
插座开关,汉烛,汉烛一键无线开关,hbg.remote.hzwx1,hbg.remote.hzwx1.png,
插座开关,汉烛,汉烛二键无线开关,hbg.remote.hzwx2,hbg.remote.hzwx2.png,
插座开关,汉烛,汉烛三键无线开关,hbg.remote.hzwx3,hbg.remote.hzwx3.png,
插座开关,汉烛,汉烛四键无线开关,hbg.remote.hzwx4,hbg.remote.hzwx4.png,
插座开关,汉烛,汉烛八键无线开关,hbg.remote.hzwx8,hbg.remote.hzwx8.png,
插座开关,汉烛,汉烛二键智能开关,hbg.switch.hzkgv2,hbg.switch.hzkgv2.png,
插座开关,汉烛,汉烛三键智能开关,hbg.switch.hzkgv3,hbg.switch.hzkgv3.png,
插座开关,汉烛,汉烛四键智能开关,hbg.switch.hzkgv4,hbg.switch.hzkgv4.png,
插座开关,汉烛,汉烛智能通断器（Mesh2.0）,hbg.switch.hztdq,hbg.switch.hztdq.png,
插座开关,汉烛,汉烛智能通断器（WIFI）,hbg.switch.hztdq2,hbg.switch.hztdq2.png,
插座开关,ISURPASS,ISURPASS智能一路通断器,isur.switch.sw1b01,isur.switch.sw1b01.png,
插座开关,IWN,IWN小铃铛全面屏智能面板开关,iwn.switch.iws008,iwn.switch.iws008.png,
插座开关,积歌必,积歌必情景通断器（Mesh）,jgb.switch.jbgtdq,jgb.switch.jbgtdq.png,
插座开关,Katai,katai一键智能开关Ultra,katai.switch.sw1b01,katai.switch.sw1b01.png,
插座开关,Katai,katai二键智能开关Ultra,katai.switch.sw2b01,katai.switch.sw2b01.png,
插座开关,Katai,katai三键智能开关Ultra,katai.switch.sw3b01,katai.switch.sw3b01.png,
插座开关,Katai,katai四键智能开关Ultra,katai.switch.sw4b01,katai.switch.sw4b01.png,
插座开关,luobang罗邦国际,LB智能通断器,luoban.switch.sw0a01,luoban.switch.sw0a01.png,
插座开关,朗德万斯,朗德万斯智能开关（一开）,lvgmbh.switch.ldws1,lvgmbh.switch.ldws1.png,
插座开关,朗德万斯,朗德万斯智能开关（二开）,lvgmbh.switch.ldws2,lvgmbh.switch.ldws2.png,
插座开关,朗德万斯,朗德万斯智能开关（三开）,lvgmbh.switch.ldws3,lvgmbh.switch.ldws3.png,
插座开关,朗德万斯,朗德万斯智能开关（四开）,lvgmbh.switch.ldws4,lvgmbh.switch.ldws4.png,
插座开关,朗尊,朗尊｜蓝牙MESH2.0 一位智能开关,lzmesh.switch.sw1f01,lzmesh.switch.sw1f01.png,
插座开关,朗尊,朗尊｜蓝牙MESH2.0 二位智能开关,lzmesh.switch.sw2f01,lzmesh.switch.sw2f01.png,
插座开关,朗尊,朗尊｜蓝牙MESH2.0 三位智能开关,lzmesh.switch.sw3f01,lzmesh.switch.sw3f01.png,
插座开关,朗尊,朗尊 MESH2.0 M系列 四键智能开关,lzmesh.switch.sw4c01,lzmesh.switch.sw4c01.png,
插座开关,朗尊,朗尊｜蓝牙MESH2.0 四位智能开关,lzmesh.switch.sw4f01,lzmesh.switch.sw4f01.png,
插座开关,ABKY,ABKY通断器Mesh2.0,mkit.switch.sw0a01,mkit.switch.sw0a01.png,
插座开关,木林森照明,MLS未来一位开关B1,mlszm.switch.mlsb1,mlszm.switch.mlsb1.png,
插座开关,木林森照明,MLS未来二位开关B2,mlszm.switch.mlsb2,mlszm.switch.mlsb2.png,
插座开关,木林森照明,MLS未来三位开关B3,mlszm.switch.mlsb3,mlszm.switch.mlsb3.png,
插座开关,木林森照明,MLS未来四位开关B4,mlszm.switch.mlsb4,mlszm.switch.mlsb4.png,
插座开关,木林森照明,MLS数显一位开关D1,mlszm.switch.mlsd1,mlszm.switch.mlsd1.png,
插座开关,木林森照明,MLS数显二位开关D2,mlszm.switch.mlsd2,mlszm.switch.mlsd2.png,
插座开关,木林森照明,MLS数显三位开关D3,mlszm.switch.mlsd3,mlszm.switch.mlsd3.png,
插座开关,木林森照明,MLS数显四位开关D4,mlszm.switch.mlsd4,mlszm.switch.mlsd4.png,
插座开关,木林森,木林森木系列一键开关,mlszn.switch.sw1c01,mlszn.switch.sw1c01.png,
插座开关,木林森,木林森木系列二键开关,mlszn.switch.sw2c01,mlszn.switch.sw2c01.png,
插座开关,木林森,木林森木系列三键开关,mlszn.switch.sw3c01,mlszn.switch.sw3c01.png,
插座开关,木林森,木林森木系列四键开关,mlszn.switch.sw4c01,mlszn.switch.sw4c01.png,
插座开关,JOCO,JOCO磁保持零火开关（Mesh2.0 单路）,nbxh.switch.xhlhv1,nbxh.switch.xhlhv1.png,
插座开关,JOCO,JOCO磁保持零火开关（Mesh2.0 双路）,nbxh.switch.xhlhv2,nbxh.switch.xhlhv2.png,
插座开关,JOCO,JOCO磁保持零火开关（Mesh2.0 三路）,nbxh.switch.xhlhv3,nbxh.switch.xhlhv3.png,
插座开关,JOCO,JOCO磁保持零火开关（Mesh2.0 四路）,nbxh.switch.xhlhv4,nbxh.switch.xhlhv4.png,
插座开关,小雷易家,小雷易家鸿雪Plus一键屏显开关,nvcsmt.switch.bis101,nvcsmt.switch.bis101.png,
插座开关,小雷易家,小雷易家鸿雪Plus二键屏显开关,nvcsmt.switch.bis201,nvcsmt.switch.bis201.png,
插座开关,小雷易家,小雷易家鸿雪Plus三键屏显开关,nvcsmt.switch.bis303,nvcsmt.switch.bis303.png,
插座开关,小雷易家,小雷易家鸿雪Plus四键屏显开关,nvcsmt.switch.bis403,nvcsmt.switch.bis403.png,
插座开关,欧创源 OCY,OCY智能一键开关MESH2.0,ocy.switch.bln41,ocy.switch.bln41.png,
插座开关,欧创源 OCY,OCY智能二键开关MESH2.0,ocy.switch.bln42,ocy.switch.bln42.png,
插座开关,欧创源 OCY,OCY智能三键开关MESH2.0,ocy.switch.bln43,ocy.switch.bln43.png,
插座开关,欧创源 OCY,OCY智能四键开关MESH2.0,ocy.switch.bln44,ocy.switch.bln44.png,
插座开关,欧创源 OCY,OCY智能六键开关MESH2.0,ocy.switch.bln46,ocy.switch.bln46.png,
插座开关,OML,欧曼无线旋钮遥控开关,oml.remote.omxn4,oml.remote.omxn4.png,
插座开关,OSTEEN,OSTEEN智能彩屏开关（四键）,osteen.switch.lnpx4k,osteen.switch.lnpx4k.png,
插座开关,现代点,现代点一位智能开关（灵动岛）,point.switch.a9max1,point.switch.a9max1.png,
插座开关,现代点,现代点二位智能开关（灵动岛）,point.switch.a9max2,point.switch.a9max2.png,
插座开关,现代点,现代点三位智能开关（灵动岛）,point.switch.a9max3,point.switch.a9max3.png,
插座开关,现代点,现代点四位智能开关（灵动岛）,point.switch.a9max4,point.switch.a9max4.png,
插座开关,墙壁侠,墙壁侠一位智能开关,qbx.switch.sw1b02,qbx.switch.sw1b02.png,
插座开关,墙壁侠,墙壁侠二位智能开关,qbx.switch.sw2b02,qbx.switch.sw2b02.png,
插座开关,墙壁侠,墙壁侠三位智能开关,qbx.switch.sw3b02,qbx.switch.sw3b02.png,
插座开关,墙壁侠,墙壁侠四位智能开关,qbx.switch.sw4b02,qbx.switch.sw4b02.png,
插座开关,岚威,岚威五路分控智能排插,runhu.plug.pw5u1,runhu.plug.pw5u1.png,
插座开关,FSL,FSL 屏显零火一开,sfl.switch.fsls01,sfl.switch.fsls01.png,
插座开关,FSL,FSL 屏显零火二开,sfl.switch.fsls02,sfl.switch.fsls02.png,
插座开关,FSL,FSL 屏显零火三开,sfl.switch.fsls03,sfl.switch.fsls03.png,
插座开关,FSL,FSL 屏显零火四开,sfl.switch.fsls04,sfl.switch.fsls04.png,
插座开关,FSL,FSL 四位零火开关BLE,sfl.switch.sw4b01,sfl.switch.sw4b01.png,
插座开关,索菲亚,索菲亚智能柜通断器M1,sfy.switch.dc001,sfy.switch.dc001.png,
插座开关,知简,知简智能迷你通断器,soron.switch.sw0a01,soron.switch.sw0a01.png,
插座开关,知简,知简智能开关 四位,soron.switch.sw4a01,soron.switch.sw4a01.png,
插座开关,THO,THO特好智能墙壁开关（四开）,tho.switch.sw4b01,tho.switch.sw4b01.png,
插座开关,宅联界,宅联界智能通断器（Mesh）,wiing.switch.zljtd2,wiing.switch.zljtd2.png,
插座开关,苏米科技,苏米无线旋钮开关,xhuan.remote.smxn4,xhuan.remote.smxn4.png,
插座开关,小米出品,小米智能开关Pro 2026版（单开）1,xiaomi.switch.2b1,xiaomi.switch.2b1.png,
插座开关,小米出品,小米智能开关Pro 2026版（双开）1,xiaomi.switch.2b2,xiaomi.switch.2b2.png,
插座开关,小米出品,小米智能开关Pro 2026版（三开）1,xiaomi.switch.2b3,xiaomi.switch.2b3.png,
插座开关,小米出品,小米智能开关Pro 2026版（单开）2,xiaomi.switch.2w1,xiaomi.switch.2w1.png,
插座开关,小米出品,小米智能开关Pro 2026版（双开）2,xiaomi.switch.2w2,xiaomi.switch.2w2.png,
插座开关,小米出品,小米智能开关Pro 2026版（三开）2,xiaomi.switch.2w3,xiaomi.switch.2w3.png,
插座开关,小米出品,小米智能开关Pro（双开）1,xiaomi.switch.pro2,xiaomi.switch.pro2.png,
插座开关,小米出品,小米智能开关Pro（三开）2,xiaomi.switch.pro3,xiaomi.switch.pro3.png,
插座开关,小米出品,小米智能开关Pro（单开）1,xiaomi.switch.wpro1,xiaomi.switch.wpro1.png,
插座开关,xiaowell,xiaowell小为科技全面屏智能面板开关,xwiwn.switch.xwk017,xwiwn.switch.xwk017.png,
插座开关,Yeelight,Yeelight Pro 智能开关,yeelink.switch.ysw11,yeelink.switch.ysw11.png,
插座开关,禹泰电工,禹泰电工Mesh智能通断器,yutai.switch.yttdq,yutai.switch.yttdq.png,
插座开关,智和家,智和家 全域调光旋钮无线开关,zhj.remote.sw1e01,zhj.remote.sw1e01.png,
插座开关,智和家,智和家 K2智能开关一键,zhj.switch.k21k,zhj.switch.k21k.png,
插座开关,智和家,智和家 K2智能开关二键,zhj.switch.k22k,zhj.switch.k22k.png,
插座开关,智和家,智和家 K2智能开关三键,zhj.switch.k23k,zhj.switch.k23k.png,
插座开关,智和家,智和家 K2智能开关四键,zhj.switch.k24k,zhj.switch.k24k.png,
插座开关,智和家,智和家 K2智能开关八键,zhj.switch.k28k,zhj.switch.k28k.png,
插座开关,智领袖,智领袖 智能开关（一开）,zlx.switch.zlxsv1,zlx.switch.zlxsv1.png,
插座开关,智领袖,智领袖 智能开关（二开）,zlx.switch.zlxsv2,zlx.switch.zlxsv2.png,
插座开关,智领袖,智领袖 智能开关（三开）,zlx.switch.zlxsv3,zlx.switch.zlxsv3.png,
插座开关,智领袖,智领袖 智能开关（四开）,zlx.switch.zlxsv4,zlx.switch.zlxsv4.png,
插座开关,智己人,智己人一键开关（M10）零火版,zzw.switch.sw1c02,zzw.switch.sw1c02.png,
插座开关,智己人,智己人二键开关（M10）零火版,zzw.switch.sw2c01,zzw.switch.sw2c01.png,
插座开关,智己人,智己人三键开关（M10）零火版,zzw.switch.sw3c01,zzw.switch.sw3c01.png,
插座开关,智己人,智己人四键开关（M10）零火版,zzw.switch.sw4c01,zzw.switch.sw4c01.png,
