大类,品牌,产品名称,型号,图片文件名,备注
照明,AKG,AKG智能筒射灯3.0（超省电）,aikeji.light.wy0a02,aikeji.light.wy0a02.png,
照明,Aisilan,爱斯兰情景彩光落地灯,isl.light.rgb01,isl.light.rgb01.png,
照明,Bridgelux,Bridgelux智能灯带Pro(Mesh2.0),blx888.light.puddp,blx888.light.puddp.png,
照明,DOSIN,DOSIN智能灯带,dosin1.light.dsem20,dosin1.light.dsem20.png,
照明,FANDUNBAO,FANDUNBAO 梵金射灯 Pro,hxzm66.light.hxtsd,hxzm66.light.hxtsd.png,
照明,FOOKES,FOOKES智能筒射灯（Mesh2.0),fookes.light.fksts1,fookes.light.fksts1.png,
照明,FRFOX,FRFOX-Z1射灯,yoohoo.light.lts2,yoohoo.light.lts2.png,
照明,FRFOX,FRFOX-Z2筒灯,yoohoo.light.z2,yoohoo.light.z2.png,
照明,FSL,FSL智曜系列磁吸灯,sfl.light.fslcxd,sfl.light.fslcxd.png,
照明,FSL,FSL智能落地护眼灯,sfl.light.wy0a03,sfl.light.wy0a03.png,
照明,GAMON,GAMON智能磁吸灯,dxzm.light.dxcx1,dxzm.light.dxcx1.png,
照明,GE,GE智能吸顶灯,hyws.light.zxdd01,hyws.light.zxdd01.png,
照明,GE,GE智能吸顶灯PRO,hyws.light.zxdd02,hyws.light.zxdd02.png,
照明,GOODTEK,GOODTEK双色温灯带MESH2.0,goodtk.light.wy0a01,goodtk.light.wy0a01.png,
照明,Honeywell,Honeywell卧室吸顶灯2,hming.light.wy0x10,hming.light.wy0x10.png,
照明,Honeywell,Honeywell客厅吸顶灯2,hming.light.wy0x11,hming.light.wy0x11.png,
照明,LEDCHB,LEDCHB智能磁吸轨道灯,xhzm5.light.xghm20,xhzm5.light.xghm20.png,
照明,LEISHISHAN,LEISHISHAN智能风扇灯V1,lss.light.wyfa01,lss.light.wyfa01.png,
照明,LEX乐享生活,LEXSmart 全色域霞光健康护眼灯带2.0,lex.light.slsx02,lex.light.slsx02.png,
照明,LEX乐享生活,LEXSmart 全色域霞光健康护眼磁吸灯2.0,lex.light.scxd02,lex.light.scxd02.png,
照明,MAIDUN,迈顿智能射灯(mesh2.0),maidun.light.mdtsdm,maidun.light.mdtsdm.png,
照明,MCOLOR,MCOLOR智能筒射灯,mcolor.light.wy0a01,mcolor.light.wy0a01.png,
照明,Nanoleaf,Nanoleaf 积木奇光板,nnleaf.light.nl81,nnleaf.light.nl81.png,
照明,OML,欧曼SHINE全彩氛围落地灯,oml.light.omlatv,oml.light.omlatv.png,
照明,OPPEIN,欧派-M5智能RGB射灯,oppein.light.wy0a02,oppein.light.wy0a02.png,
照明,OPPEIN,欧派-M5智能双色温射灯,oppein.light.wy0a01,oppein.light.wy0a01.png,
照明,QINENG企能,QINENG智能筒射灯,qnzm01.light.wy0a01,qnzm01.light.wy0a01.png,
照明,SEECANN,SEECANN智能筒射灯,skzm.light.adltsd,skzm.light.adltsd.png,
照明,SEECANN,SEECANN淡彩光灯带,skzm.light.dcgdd2,skzm.light.dcgdd2.png,
照明,Thanks Lighting,Thanks Lighting智能灯带,zdzm.light.zddd,zdzm.light.zddd.png,
照明,Thanks Lighting,Thanks Lighting智能磁吸灯,zdzm.light.zdcxd,zdzm.light.zdcxd.png,
照明,WGSE,WGSE智能双色灯带,wgse.light.wy0a02,wgse.light.wy0a02.png,
照明,WOTIE沃铁,沃铁WT智能灯带(MESH 2.0),drui.light.wy0a03,drui.light.wy0a03.png,
照明,WOTIE沃铁,沃铁WT智能磁吸灯(MESH 2.0),drui.light.wy0a04,drui.light.wy0a04.png,
照明,XIERD,XIERD智能吸顶灯,cxled.light.wy0a01,cxled.light.wy0a01.png,
照明,Xiao Niu 骁牛,XN TECH宽色域灯带Ultra,xy8866.light.air03,xy8866.light.air03.png,
照明,YETFIF,YETFIF智能灯带Ultra,cd168.light.cddd01,cd168.light.cddd01.png,
照明,Yeelight,Yeelight T2智能色温筒射灯2.0,yeelink.light.ml26,yeelink.light.ml26.png,
照明,Yeelight,Yeelight超薄智能吸顶灯,yeelink.light.ceil67,yeelink.light.ceil67.png,
照明,Yeelight,Yeelight超薄智能吸顶灯PRO,yeelink.light.ceil68,yeelink.light.ceil68.png,
照明,ZKZB,ZKZB智能RGBCW灯带Mesh2.0,zbmesh.light.zbrgbm,zbmesh.light.zbrgbm.png,
照明,ZKZB,ZKZB智能灯带Mesh2.0,zbmesh.light.zbdd01,zbmesh.light.zbdd01.png,
照明,ZKZB,ZKZB超宽色域智能灯带Mesh2.0,zbmesh.light.zbksdd,zbmesh.light.zbksdd.png,
照明,ZNSN,Thoughthome 星芒款智能筒射灯,znsn.light.xiliec,znsn.light.xiliec.png,
照明,ZNSN,Thoughthome 星辉款智能筒射灯,znsn.light.zslgtb,znsn.light.zslgtb.png,
照明,inSona,inSona追光系列光启吸顶灯,inble.light.wy0a02,inble.light.wy0a02.png,
照明,lipro,lipro护眼吸顶灯 单色温,lipro.light.26x8,lipro.light.26x8.png,
照明,lipro,lipro护眼客厅吸顶灯,lipro.light.26x4,lipro.light.26x4.png,
照明,luobang罗邦国际,LB智能筒射灯,luoban.light.wy0a01,luoban.light.wy0a01.png,
照明,noooe皓逸,皓逸全色域灯带氛围大师Color,haoyi.light.hoy2dd,haoyi.light.hoy2dd.png,
照明,noooe皓逸,皓逸全色域筒射灯氛围大师Color,haoyi.light.hoym20,haoyi.light.hoym20.png,
照明,三雄极光Pak,三雄极光Pak 智能人存射灯 悦影,pak.light.pakcw3,pak.light.pakcw3.png,
照明,三雄极光Pak,三雄极光Pak 智能人存筒灯 悦影,pak.light.pakcw4,pak.light.pakcw4.png,
照明,三雄极光Pak,三雄极光Pak 智能射灯2.0,pak.light.wy0a10,pak.light.wy0a10.png,
照明,三雄极光Pak,三雄极光Pak 智能灯带 光影RGBCW,pak.light.rbg001,pak.light.rbg001.png,
照明,三雄极光Pak,三雄极光Pak 智能灯带 光影双色,pak.light.wy0a14,pak.light.wy0a14.png,
照明,三雄极光Pak,三雄极光Pak 智能筒灯2.0,pak.light.wy0a11,pak.light.wy0a11.png,
照明,亮珈/LJIA,LJIA智能筒射灯,ljia.light.wy0a01,ljia.light.wy0a01.png,
照明,亿来嘉,亿来嘉DRUI智能灯带(MESH 2.0),drui.light.wy0a01,drui.light.wy0a01.png,
照明,亿来嘉,亿来嘉DRUI智能磁吸灯(MESH 2.0),drui.light.wy0a02,drui.light.wy0a02.png,
照明,亿灯源,YDY智能磁吸灯,ydy.light.ydycxd,ydy.light.ydycxd.png,
照明,光明虎,光明虎智能筒射灯,xkzj01.light.wy0a01,xkzj01.light.wy0a01.png,
照明,光炯智能,光炯智能-筒射灯（Mesh2.0）,gjzn.light.gjtsd1,gjzn.light.gjtsd1.png,
照明,光缓,光缓智能双色温灯带Pro,alight.light.azdd1,alight.light.azdd1.png,
照明,光缓,光缓智能双色温磁吸灯Pro,alight.light.azcxd1,alight.light.azcxd1.png,
照明,公牛,公牛风扇灯F18C,bull.light.fan06,bull.light.fan06.png,
照明,力多科,力多科情景柜体灯带,ldkmj.light.ldkm20,ldkmj.light.ldkm20.png,
照明,力捷智能,LIJIE智能筒射灯,lj2018.light.wy0a04,lj2018.light.wy0a04.png,
照明,千爵,千爵智能筒射灯,sswy.light.bjtsd,sswy.light.bjtsd.png,
照明,华荣电缘,HR智能双色灯带,rsdz.light.wy0a01,rsdz.light.wy0a01.png,
照明,博尔美,博尔美智能双色温灯带,broway.light.bemdd,broway.light.bemdd.png,
照明,卡瑟维,卡瑟维智能筒射灯 Ultra,qiyl.light.qytsd,qiyl.light.qytsd.png,
照明,嘉韬,嘉韬智能筒射灯,jtzm01.light.wy0a01,jtzm01.light.wy0a01.png,
照明,如见,如见mesh智能磁吸灯M,rusee.light.wy0a02,rusee.light.wy0a02.png,
照明,宏光照明,宏光智能软灯带(Mesh2.0),honkon.light.hgddm,honkon.light.hgddm.png,
照明,家的,家的光影复合吸顶灯,jiadi0.light.jwdm21,jiadi0.light.jwdm21.png,
照明,小米出品,米家显示器挂灯2,xiaomi.light.bar2,xiaomi.light.bar2.png,
照明,小米出品,米家立式学习灯2C,xiaomi.light.lamp39,xiaomi.light.lamp39.png,
照明,尖硕,尖硕智能筒射灯,yjzm01.light.wy0a01,yjzm01.light.wy0a01.png,
照明,巧旺,巧旺智能灯,lgb.light.lt001,lgb.light.lt001.png,
照明,巴伦,BL智能风扇灯,login.light.wyfa01,login.light.wyfa01.png,
照明,广颂,广颂S1火星灯带（Mesh2.0）,gsm.light.gshxdd,gsm.light.gshxdd.png,
照明,志朔照明,ZS氛围智能灯带 2.0,zszszn.light.wy0a04,zszszn.light.wy0a04.png,
照明,思码光,思码光云霞淡彩灯带M3,manew.light.wyra07,manew.light.wyra07.png,
照明,悍高HIGOLD,悍高智能柜类灯(MESH 2.0),hgled.light.hgkm20,hgled.light.hgkm20.png,
照明,慕容柯,慕容柯人存小夜灯Mesh2.0,murong.light.mrk010,murong.light.mrk010.png,
照明,易得信,易得信智能筒射灯,ydx166.light.wy0a01,ydx166.light.wy0a01.png,
照明,星月影,星月影智能一体灯带,seomsh.light.syytdd,seomsh.light.syytdd.png,
照明,星月影,星月影风扇灯Elite,seomsh.light.xyyfsd,seomsh.light.xyyfsd.png,
照明,智拉斐,智拉斐LED智能调光灯带TG-HY1,slf.light.lts01,slf.light.lts01.png,
照明,智拉斐,智拉斐嵌入式射灯TD-KT1-75-12,slf.light.tdkt1,slf.light.tdkt1.png,
照明,智拉斐,智拉斐嵌入式射灯TD-KT2-75-12,slf.light.tdkt2,slf.light.tdkt2.png,
照明,智拉斐,智拉斐嵌入式筒灯TD-GD1-75-12,slf.light.tdgd1,slf.light.tdgd1.png,
照明,智邦熊,智邦熊智能磁吸灯UItra2.0,cxznkj.light.wy0a03,cxznkj.light.wy0a03.png,
照明,朗勃司,朗勃司智能筒射灯,me3362.light.wy0a01,me3362.light.wy0a01.png,
照明,朗德万斯,朗德万斯吸顶灯LY,lvgmbh.light.lvxdd,lvgmbh.light.lvxdd.png,
照明,朗德万斯,朗德万斯智能卧室灯,lvgmbh.light.lvcw03,lvgmbh.light.lvcw03.png,
照明,朗德万斯,朗德万斯智能客厅灯,lvgmbh.light.lvcw01,lvgmbh.light.lvcw01.png,
照明,朗德万斯,朗德万斯筒射灯(Mesh2.0),lvgmbh.light.lvts01,lvgmbh.light.lvts01.png,
照明,木林森照明,MLS凌霄T01智能筒射灯,mlszm.light.mlsts3,mlszm.light.mlsts3.png,
照明,木林森照明,MLS星漫智能灯带,mlszm.light.mlsdd,mlszm.light.mlsdd.png,
照明,木林森照明,MLS星空智能筒射灯,mlszm.light.mlstsd,mlszm.light.mlstsd.png,
照明,木林森照明,木林森吸顶灯,mlszm.light.wy0a01,mlszm.light.wy0a01.png,
照明,欧司朗,欧司朗桌路台灯,traxon.light.osltd,traxon.light.osltd.png,
照明,永怡御风,永怡御风风扇灯,yyyf.light.wyfa01,yyyf.light.wyfa01.png,
照明,流星线,流星线智能筒射灯,xdlzm.light.wy0a01,xdlzm.light.wy0a01.png,
照明,海莱威,海莱威智能灯带(Mesh2.0),mw2025.light.hlwdd,mw2025.light.hlwdd.png,
照明,深思,SIASE深思智能深防眩筒射灯,ssdg.light.sstsd1,ssdg.light.sstsd1.png,
照明,源氏木语,源氏木语智能风扇灯G1,ysmy1.light.wyfa01,ysmy1.light.wyfa01.png,
照明,满星思维,满星思维智能灯带(满血版mesh2.0),mxsw.light.mxswdd,mxsw.light.mxswdd.png,
照明,狄耐克,狄耐克双色温射灯(Mesh2.0),dnake.light.lgt002,dnake.light.lgt002.png,
照明,狄耐克,狄耐克双色温灯带(Mesh2.0),dnake.light.lgt003,dnake.light.lgt003.png,
照明,琪朗,琪朗 SunnyTop 吸顶灯 A2 Max,klaled.light.ql6a2w,klaled.light.ql6a2w.png,
照明,琪朗,琪朗光立方吸顶灯E21,klaled.light.ql6e1w,klaled.light.ql6e1w.png,
照明,简顿,简顿护眼吊灯,704719.light.wy0a05,704719.light.wy0a05.png,
照明,维立光照明,WLG智能筒射灯Ultra(满血版),wlg.light.wy0a09,wlg.light.wy0a09.png,
照明,至御,至御智能筒射灯 Mesh2.0 满血版,yky01.light.ykyts1,yky01.light.ykyts1.png,
照明,苏米科技,苏米人存射灯Mesh2.0,xhuan.light.smtsd1,xhuan.light.smtsd1.png,
照明,苏米科技,苏米人存筒灯Mesh2.0,xhuan.light.smltd3,xhuan.light.smltd3.png,
照明,苏米科技,苏米浅彩动态灯带Mesh2.0,xhuan.light.hdmi2,xhuan.light.hdmi2.png,
照明,苏米科技,苏米浅彩影音动态灯带Mesh2.0,xhuan.light.hdmilm,xhuan.light.hdmilm.png,
照明,苏米科技,苏米深度调光筒射灯Ultra,xhuan.light.smtsd3,xhuan.light.smtsd3.png,
照明,西门子,西门子臻影40W卧室吸顶灯,siemen.light.21nc44,siemen.light.21nc44.png,
照明,西顿照明,西顿天空灯青春版,cdn.light.xdtjd2,cdn.light.xdtjd2.png,
照明,视贝,视贝智家筒射灯2.0,shibei.light.wy0a04,shibei.light.wy0a04.png,
照明,诺克照明,诺克照明氛围吸顶灯,nork.light.wyrb01,nork.light.wyrb01.png,
照明,贝视朗,贝视朗学习灯,bsl.light.3101yh,bsl.light.3101yh.png,
照明,鑫居,鑫居双色温灯带 Mesh2.0,xjzn.light.xjum20,xjzn.light.xjum20.png,
照明,钜豪,JUHAO钜豪智能筒射灯,jhzm88.light.wy0a01,jhzm88.light.wy0a01.png,
照明,钟金华迅,钟金华迅智能筒射灯,hxzm88.light.wy0a01,hxzm88.light.wy0a01.png,
照明,铂刻之光,铂刻之光灯带Ultra,bokee.light.bkdd,bokee.light.bkdd.png,
照明,雷士,雷士净化风扇灯,leishi.light.jhfsd,leishi.light.jhfsd.png,
照明,雷士,雷士智能护眼灯饰A1,leishi.light.126a1,leishi.light.126a1.png,
照明,雷士,雷士智能护眼灯饰A2,leishi.light.129p,leishi.light.129p.png,
照明,雷士,雷士智能护眼灯饰A3,leishi.light.126p,leishi.light.126p.png,
照明,雷士,雷士智能护眼灯饰B2,leishi.light.126b2,leishi.light.126b2.png,
照明,雷士,雷士风扇灯lite,leishi.light.nvcf01,leishi.light.nvcf01.png,
照明,雷士照明,雷士吊灯PRO,nvcsmt.light.wzj202,nvcsmt.light.wzj202.png,
照明,雷士照明,雷士智能嵌入式格栅灯,nvcsmt.light.bns204,nvcsmt.light.bns204.png,
照明,雷士照明,雷士智能明装格栅灯,nvcsmt.light.bns203,nvcsmt.light.bns203.png,
照明,飞利浦,飞利浦PureSight Pro 灯具,signfy.light.bc0lt1,signfy.light.bc0lt1.png,
照明,飞利浦,飞利浦V9 Pro智能吸顶灯 150W,signfy.light.ce15v9,signfy.light.ce15v9.png,
照明,飞利浦,飞利浦V9 Pro智能吸顶灯 45W,signfy.light.ce45v9,signfy.light.ce45v9.png,
照明,飞利浦,飞利浦V9 Pro智能吸顶灯 60W,signfy.light.ce60v9,signfy.light.ce60v9.png,
照明,飞利浦,飞利浦V9 Pro智能吸顶灯 85W,signfy.light.ce85v9,signfy.light.ce85v9.png,
照明,飞利浦,飞利浦映透智能灯,signfy.light.bc0lb1,signfy.light.bc0lb1.png,
照明,飞利浦,飞利浦智能吸顶灯48W,signfy.light.cc1sy2,signfy.light.cc1sy2.png,
照明,飞雕,飞雕智淳智能筒射灯,feid.light.fdtsd,feid.light.fdtsd.png,
照明,高灯大师,高灯大师双回路智能灯带,gdds.light.gzzfdd,gdds.light.gzzfdd.png,
照明,7z,7z AI灯控器,gxhl.light.7zps11,gxhl.light.7zps11.png,
照明,ABKY,ABKY智能彩光灯带（Mesh2.0）,mkit.light.mkwldd,mkit.light.mkwldd.png,
照明,AIWK,AIWK情景智能磁吸射灯Live,aiwk.light.wy0a01,aiwk.light.wy0a01.png,
照明,AKG,AKG智能灯带3.0,aikeji.light.wy0a01,aikeji.light.wy0a01.png,
照明,ANKOTTI安科帝,ANKOTTI安科帝智能灯,creat6.light.lt07,creat6.light.lt07.png,
照明,AOZZO奥朵,奥朵高端吊灯A2,aozzo.light.plv2a2,aozzo.light.plv2a2.png,
照明,AOZZO奥朵,奥朵高端吊灯Pro1,aozzo.light.wy0a06,aozzo.light.wy0a06.png,
照明,AOZZO奥朵,奥朵高端吸顶灯A1,aozzo.light.wy0a01,aozzo.light.wy0a01.png,
照明,AUPU奥普,AUPU奥普智能平板灯-S20M,aupu.light.mesh01,aupu.light.mesh01.png,
照明,AUPU奥普,AUPU奥普智能平板灯-S24M,aupu.light.mesh60,aupu.light.mesh60.png,
照明,AUPU奥普,AUPU奥普智能阳光平板灯-Y1M,aupu.light.meshyg,aupu.light.meshyg.png,
照明,Aisilan,爱斯兰智能筒射灯,isl.light.wy0a03,isl.light.wy0a03.png,
照明,Aqara,Aqara LED灯泡（可调色温）,lumi.light.aqcn02,lumi.light.aqcn02.png,
照明,Aqara,Aqara 吸顶灯,lumi.light.acn033,lumi.light.acn033.png,
照明,Aqara,吸顶灯MX480(可调色温),lumi.light.cwopcn03,lumi.light.cwopcn03.png,
照明,Aqara,吸顶灯MX650(可调色温),lumi.light.cwopcn02,lumi.light.cwopcn02.png,
照明,Aqara,吸顶灯MX960(可调色温),lumi.light.cwopcn01,lumi.light.cwopcn01.png,
照明,Arclux,Arclux智能射灯,arclux.light.wy0a01,arclux.light.wy0a01.png,
照明,BAOS,BAOS射灯,bsdy.light.bssdm,bsdy.light.bssdm.png,
照明,BAOS,BAOS灯带,bsdy.light.bsddm,bsdy.light.bsddm.png,
照明,BAOS,BAOS磁吸灯,bsdy.light.bscxdm,bsdy.light.bscxdm.png,
照明,BAOS,BAOS筒灯,bsdy.light.bstdm,bsdy.light.bstdm.png,
照明,BEN.JACK,宾尼优享灯Pro,binni.light.bnbsd,binni.light.bnbsd.png,
照明,BNZND,BNZND智能灯带,binai.light.bnddm,binai.light.bnddm.png,
照明,BNZND,BNZND智能磁吸灯,binai.light.bncxdm,binai.light.bncxdm.png,
照明,BNZND,BNZND智能筒射灯,binai.light.bntsdm,binai.light.bntsdm.png,
照明,BOXLAMP,BOXLAMP星空灯,box.light.w00a01,box.light.w00a01.png,
照明,BUBA,BUBA智能筒射灯(PLC),mjkj.light.plc001,mjkj.light.plc001.png,
照明,BUBA,BUBA智能线性灯(PLC),mjkj.light.plc002,mjkj.light.plc002.png,
照明,BanlanX,BanlanX彩光色温灯带,sperll.light.rgbcw,sperll.light.rgbcw.png,
照明,Basidimo,Basidimo智能灯带,basidi.light.txddm2,basidi.light.txddm2.png,
照明,Bridgelux,Bridgelux智能灯带(Mesh2.0),blx888.light.puddm,blx888.light.puddm.png,
照明,Bridgelux,普瑞RGBW全色域灯带,blx888.light.wyra01,blx888.light.wyra01.png,
照明,CDN西顿照明,西顿智家卧室灯,zedong.light.cdnxd1,zedong.light.cdnxd1.png,
照明,CDN西顿照明,西顿智家卧室灯PLUS,zedong.light.cdnxd2,zedong.light.cdnxd2.png,
照明,CDN西顿照明,西顿智家客厅灯,zedong.light.cdnxd3,zedong.light.cdnxd3.png,
照明,CIIHEN,CIIHEN智能灯带,ciheng.light.wy0a02,ciheng.light.wy0a02.png,
照明,COSUO,COSUO智能灯带(Mesh2.0),cszndy.light.cszndd,cszndy.light.cszndd.png,
照明,COTi,COTi 全色域筒射灯2.0F,tewte.light.xtdcd2,tewte.light.xtdcd2.png,
照明,COTi,COTi 智能筒射灯2.0,tewte.light.wy0a01,tewte.light.wy0a01.png,
照明,COTi,COTi 智能筒射灯2.0F,tewte.light.xxtm20,tewte.light.xxtm20.png,
照明,DELIXI electric,德力西智能护眼吸顶灯,dlx.light.lamp01,dlx.light.lamp01.png,
照明,DELIXI electric,德力西电气智能厨卫灯,dlx.light.cw790,dlx.light.cw790.png,
照明,DELIXI electric,德力西电气智能吸顶灯,dlx.light.dlxxdd,dlx.light.dlxxdd.png,
照明,DELIXI electric,德力西电气智能射灯,dlx.light.lgt001,dlx.light.lgt001.png,
照明,DELIXI electric,德力西电气智能灯带,dlx.light.lgt003,dlx.light.lgt003.png,
照明,DELIXI electric,德力西电气智能筒灯,dlx.light.lgt002,dlx.light.lgt002.png,
照明,DELIXI electric,德韵智能现代家居灯,dlx.light.eps119,dlx.light.eps119.png,
照明,DELIXI electric,德韵智能简约家居灯,dlx.light.eps118,dlx.light.eps118.png,
照明,DIMAN,DIMAN智能筒射灯（Mesh2.0）,mizhi.light.dmtsdm,mizhi.light.dmtsdm.png,
照明,DMB,DMB智能灯带,dmb827.light.wy0a02,dmb827.light.wy0a02.png,
照明,DMB,DMB智能筒射灯,dmb827.light.wy0a01,dmb827.light.wy0a01.png,
照明,DW,DW情景智能灯带2.0,zhuow.light.wy0a02,zhuow.light.wy0a02.png,
照明,DW,DW情景智能灯带V2X,zhuow.light.wy0a01,zhuow.light.wy0a01.png,
照明,DW,DW智能节律双色灯带,ftd.light.lmpzdw,ftd.light.lmpzdw.png,
照明,FAKT,FAKT情景智能橱柜灯带（Mesh2.0）,ftzm.light.wy0a06,ftzm.light.wy0a06.png,
照明,FAKT,FAKT情景智能灯带（Mesh2.0）,ftzm.light.wy0a05,ftzm.light.wy0a05.png,
照明,FAKT,FAKT智能筒射灯（Mesh2.0）,ftzm.light.wy0a04,ftzm.light.wy0a04.png,
照明,FANDUNBAO,FANDUNBAO 双色智能灯带,hxzm66.light.hxzm23,hxzm66.light.hxzm23.png,
照明,FANDUNBAO,FANDUNBAO梵金系列智能筒射灯,hxzm66.light.wy0a01,hxzm66.light.wy0a01.png,
照明,FANTAQI,方塔希EXPO智能展陈盒,nnleaf.light.sqfx01,nnleaf.light.sqfx01.png,
照明,FEG UNCANG,非克云仓智能双色温射灯,fkyc88.light.wy0a01,fkyc88.light.wy0a01.png,
照明,FOOKES,FOOKES 智能灯带,fookes.light.fksddm,fookes.light.fksddm.png,
照明,FOOKES,FOOKES智能灯带（Mesh2.0）,fookes.light.fksznd,fookes.light.fksznd.png,
照明,FOOKES,FOOKES智能磁吸灯（Mesh2.0）,fookes.light.fkscxd,fookes.light.fkscxd.png,
照明,FRI•CAN,星期五潮玩展示盒,xqwgt.light.zsh,xqwgt.light.zsh.png,
照明,FSL,FSL-晨曦护眼灯,sfl.light.dl004,sfl.light.dl004.png,
照明,FSL,FSL佛山照明云控智能灯具,sfl.light.aaas,sfl.light.aaas.png,
照明,FSL,FSL佛山照明智能吸顶灯,sfl.light.lp003,sfl.light.lp003.png,
照明,FSL,FSL品涵系列,sfl.light.fsl001,sfl.light.fsl001.png,
照明,FSL,FSL智能北欧吸顶灯,sfl.light.fslbv2,sfl.light.fslbv2.png,
照明,FSL,FSL智能北欧客厅灯,sfl.light.fslv22,sfl.light.fslv22.png,
照明,FSL,FSL智能照明灯系列,sfl.light.fsl003,sfl.light.fsl003.png,
照明,FSL,FSL智能隐形扇叶风扇灯,sfl.light.wyfa02,sfl.light.wyfa02.png,
照明,FSL,FSL智能风扇灯,sfl.light.wyfa01,sfl.light.wyfa01.png,
照明,FSL,FSL筒灯系列,sfl.light.dl002,sfl.light.dl002.png,
照明,FSL,FSL美家系列球泡,sfl.light.lp001,sfl.light.lp001.png,
照明,FSL,FSL美家系列高压灯带,sfl.light.lp002,sfl.light.lp002.png,
照明,FXSY风行四野,风行四野智能风扇灯,dlzm.light.wyfa01,dlzm.light.wyfa01.png,
照明,GIGIDIDI,GIGIDIDI智能磁吸灯,gyzm.light.gycxdm,gyzm.light.gycxdm.png,
照明,GUANX,GXMesh2.0智能筒射灯,guanx.light.wy0a01,guanx.light.wy0a01.png,
照明,Gayoo光言光语,光言光语  护眼线光灯带Mesh2.0,gayoo.light.gyhsm2,gayoo.light.gyhsm2.png,
照明,Gayoo光言光语,光言光语 光域大师智能护眼线光灯带2.0,gayoo.light.gydsdd,gayoo.light.gydsdd.png,
照明,Gayoo光言光语,光言光语 智能护眼磁吸灯Mesh2.0,gayoo.light.g01cxd,gayoo.light.g01cxd.png,
照明,Gayoo光言光语,光言光语 智能护眼筒射灯Mesh2.0,gayoo.light.gyhsm,gayoo.light.gyhsm.png,
照明,Gold Sunda,GOLDSUNDA智能灯带,gsd.light.wy0a09,gsd.light.wy0a09.png,
照明,Gold Sunda,GOLDSUNDA智能筒射灯,gsd.light.wy0a08,gsd.light.wy0a08.png,
照明,Gosund,电小酷彩色智能灯带SL4,cuco.light.sl4,cuco.light.sl4.png,
照明,Gosund,电小酷智能彩灯WB5-M2,cuco.light.wb5m,cuco.light.wb5m.png,
照明,Gosund,电小酷智能白灯WB2-M2,cuco.light.wb2m,cuco.light.wb2m.png,
照明,GranchipIoT,V10Gra智能学习灯（WiFi）,giot.light.v10ilw,giot.light.v10ilw.png,
照明,HAFUMY,XHL智能筒射灯L9,xhl.light.wy0a01,xhl.light.wy0a01.png,
照明,HAPPY NOCNOC,HAPPY NOCNOC 方形吸顶灯,noc.light.ok34,noc.light.ok34.png,
照明,HAPPY NOCNOC,HAPPY NOCNOC圆形吸顶灯,hnn.light.ok33,hnn.light.ok33.png,
照明,HAPPY NOCNOC,HAPPY NOCNOC圆形吸顶灯-新,noc.light.ok33,noc.light.ok33.png,
照明,HD,HD智能节律灯X9,gswl.light.v9hsm1,gswl.light.v9hsm1.png,
照明,HOLLKI,HOLLKI-K1026智能灯带,hollki.light.wy0a01,hollki.light.wy0a01.png,
照明,HONYAR,鸿雁智能筒射灯,honyar.light.wy0a05,honyar.light.wy0a05.png,
照明,HUISHUAI,辉帅智能调光灯带,hszna.light.hl001,hszna.light.hl001.png,
照明,HUISHUAI,辉帅智能调光筒射灯,hszna.light.hl002,hszna.light.hl002.png,
照明,Haier,海尔智能吸顶灯（标准款）,haier.light.wy0a04,haier.light.wy0a04.png,
照明,Haier,海尔智能风扇灯,haier.light.wy0a03,haier.light.wy0a03.png,
照明,Heng6,Heng6智能双色灯（Mesh2.0）,hlzm.light.heng6m,hlzm.light.heng6m.png,
照明,Honeywell,Honeywell卧室吸顶灯,hming.light.wy0x02,hming.light.wy0x02.png,
照明,Honeywell,Honeywell客厅吸顶灯,hming.light.wy0x01,hming.light.wy0x01.png,
照明,JHOW,捷皓情景智能筒射灯,jhow88.light.wy0a01,jhow88.light.wy0a01.png,
照明,JOCO,JOCO智能筒射灯（Mesh2.0）,nbxh.light.kltsdm,nbxh.light.kltsdm.png,
照明,JUDUO桔朵,桔朵智能立式护眼灯JD1,juduo.light.w00a02,juduo.light.w00a02.png,
照明,JUDUO桔朵,桔朵智能立式护眼灯JD2,juduo.light.w00a03,juduo.light.w00a03.png,
照明,JUDUO桔朵,桔朵智能立式护眼灯M1,juduo.light.w00a01,juduo.light.w00a01.png,
照明,JUSN,JUSN智能筒射灯,jszm88.light.wy0a01,jszm88.light.wy0a01.png,
照明,JYP,JYP低压双色灯带J1,jyp.light.jnym20,jyp.light.jnym20.png,
照明,JaYuHuXa,加裕星光系列筒射灯06,jiayu8.light.wy0a01,jiayu8.light.wy0a01.png,
照明,KEEY,KEEY 智能筒射灯（Mesh2.0）,keey.light.v8hsm1,keey.light.v8hsm1.png,
照明,KEEY,KEEY智能IS灯带,keey.light.qydd,keey.light.qydd.png,
照明,KEEY,KEEY智能RGBCW全⾊域灯带,keey.light.qywlcd,keey.light.qywlcd.png,
照明,KEEY,KEEY智能灯带控制器 （Mesh2.0）,keey.light.v8hsm4,keey.light.v8hsm4.png,
照明,KEEY,KEEY智能灯带（Mesh2.0）,keey.light.v8hsm,keey.light.v8hsm.png,
照明,KEKINY,KEKINYRGBCW灯带,kjy.light.wyra01,kjy.light.wyra01.png,
照明,KEKINY,KEKINY全色域灯带,kjy.light.wy0a04,kjy.light.wy0a04.png,
照明,KEKINY,KEKINY智能双色灯Pro（Mesh2.0）,kjy.light.v8uswd,kjy.light.v8uswd.png,
照明,KEKINY,KEKINY智能调光调色灯带,kjy.light.kjyddm,kjy.light.kjyddm.png,
照明,KEKINY,KEKINY灯带2.0,kjy.light.wy0a03,kjy.light.wy0a03.png,
照明,KEKINY,KEKINY筒射灯2.0,kjy.light.wy0a01,kjy.light.wy0a01.png,
照明,KGP,KGP智能灯带（Mesh2.0）,kegu.light.wy2a01,kegu.light.wy2a01.png,
照明,KINSUNY今上,今上智能吸顶灯Pro,ksks.light.wy0a07,ksks.light.wy0a07.png,
照明,KINSUNY今上,今上智能磁吸灯,ksks.light.wy0a04,ksks.light.wy0a04.png,
照明,KINSUNY今上,今上智能筒射灯,ksks.light.wy0a01,ksks.light.wy0a01.png,
照明,KINSUNY今上,今上智能筒射灯Pro,ksks.light.wy0a05,ksks.light.wy0a05.png,
照明,KINSUNY今上,今上智能线形灯,ksks.light.wy0a02,ksks.light.wy0a02.png,
照明,KINSUNY今上,今上智能线形灯Pro,ksks.light.wy0a06,ksks.light.wy0a06.png,
照明,KLMS,KLMS智能灯带,klms.light.wy0a03,klms.light.wy0a03.png,
照明,KLMS,KLMS智能磁吸灯,klms.light.wy0a02,klms.light.wy0a02.png,
照明,KLMS,KLMS智能筒射灯,klms.light.wy0a01,klms.light.wy0a01.png,
照明,KOEY,KOEY天幕系列kid吸顶灯,koey.light.wy0b01,koey.light.wy0b01.png,
照明,KOEY,KOEY天幕系列吸顶灯,koey.light.wy0a04,koey.light.wy0a04.png,
照明,KOEY,KOEY界PRO系列吸顶灯,koey.light.wy0a05,koey.light.wy0a05.png,
照明,KOEY,KOEY界系列吸顶灯,koey.light.wy0a02,koey.light.wy0a02.png,
照明,KOEY,KOEY疆域系列智能筒射灯,koey.light.wy0a01,koey.light.wy0a01.png,
照明,KOEY,KOEY疆域系列（肤感）筒射灯,koey.light.wy0a06,koey.light.wy0a06.png,
照明,KOEY,KOEY空气循环风扇灯,gtop.light.koey1,gtop.light.koey1.png,
照明,KOEY,KOEY耀系列磁吸灯,koey.light.wy0a03,koey.light.wy0a03.png,
照明,KSIIO,KSIIO智能射灯,js1.light.wy0a01,js1.light.wy0a01.png,
照明,Kodect,Kodect球泡灯（Mesh2.0),kdzm.light.kdqpdm,kdzm.light.kdqpdm.png,
照明,LCZMLC,LC智能情景射灯,lczmlc.light.wy0a01,lczmlc.light.wy0a01.png,
照明,LEDGSX,LEDGSX智能磁吸灯,gszm.light.pqcxdm,gszm.light.pqcxdm.png,
照明,LEDGSX,LEDGSX智能筒射灯,gszm.light.zntsdm,gszm.light.zntsdm.png,
照明,LEDMY乐的美,乐的美智能台灯,ledmy.light.tabled,ledmy.light.tabled.png,
照明,LEDOUX,诺邦智能射灯,ledoux.light.nbsdm,ledoux.light.nbsdm.png,
照明,LEDOUX,诺邦智能磁吸灯,ledoux.light.nbcxdm,ledoux.light.nbcxdm.png,
照明,LEISHISHAN,LEISHISHAN智慧吸顶灯Plus,lss.light.wy0a02,lss.light.wy0a02.png,
照明,LEISHISHAN,LEISHISHAN智慧筒射灯Plus,lss.light.wy0a01,lss.light.wy0a01.png,
照明,LENGCEOI,迅为智能双色调光灯Mesh2.0,lat888.light.lts26,lat888.light.lts26.png,
照明,LETARON,擎洲光电智能灯具,qzgd.light.wy0a01,qzgd.light.wy0a01.png,
照明,LEX乐享生活,LEXMesh 智能护眼线光灯带2.0,lex.light.wy0a02,lex.light.wy0a02.png,
照明,LEX乐享生活,LEXMesh智能双色灯2.0,lex.light.wy0a01,lex.light.wy0a01.png,
照明,LEX乐享生活,LEXSmart 光域大师智能护眼线光灯带2.0,lex.light.slsx01,lex.light.slsx01.png,
照明,LEX乐享生活,LEXSmart 全色域霞光健康护眼吸顶灯2.0,lex.light.sxdd02,lex.light.sxdd02.png,
照明,LEX乐享生活,LEXSmart 全色域霞光健康护眼筒射灯2.0,lex.light.stsd02,lex.light.stsd02.png,
照明,LEX乐享生活,LEXSmart 智能护眼磁吸灯2.0,lex.light.scxd01,lex.light.scxd01.png,
照明,LEX乐享生活,LEXSmart 智能筒射灯2.0,lex.light.stsd01,lex.light.stsd01.png,
照明,LEiSHUO,雷硕智能灯带,leso.light.wy0a03,leso.light.wy0a03.png,
照明,LEiSHUO,雷硕智能筒射灯,leso.light.wy0a04,leso.light.wy0a04.png,
照明,LINLY,LINLY超深度恒流筒射灯,linly.light.wy0a01,linly.light.wy0a01.png,
照明,LISHOWY,丽炫智能灯带V9（Mesh2.0）,lishwy.light.lxznd2,lishwy.light.lxznd2.png,
照明,LIUHONG 留虹照明,LIUHONG留虹照明智能双色灯带,lh2024.light.wy0a01,lh2024.light.wy0a01.png,
照明,LIUHONG 留虹照明,留虹智能吸顶灯,lh2024.light.wy0a03,lh2024.light.wy0a03.png,
照明,LIUHONG 留虹照明,留虹智能筒射灯,csx.light.wy0a01,csx.light.wy0a01.png,
照明,LIUHONG 留虹照明,留虹智能筒射灯（Mesh2.0）,lh2024.light.wy0a02,lh2024.light.wy0a02.png,
照明,LMAN,朗漫智能双色温氛围灯带,lman.light.wy0a01,lman.light.wy0a01.png,
照明,LXIS,LXIS智能筒射灯（Mesh1.0）,gdlx.light.lxis01,gdlx.light.lxis01.png,
照明,LXIS,LXIS智能筒射灯（Mesh2.0）,gdlx.light.lxis03,gdlx.light.lxis03.png,
照明,LYMAX,LYMAX智能护眼台灯(WiFi),lymax.light.lmshyd,lymax.light.lmshyd.png,
照明,LYMAX,LYMAX智能显示器挂灯(Mesh2.0),lymax.light.jfzndm,lymax.light.jfzndm.png,
照明,Lemesh,情景Lemesh人体存在感应灯,lemesh.light.w0a01,lemesh.light.w0a01.png,
照明,Lemesh,情景Lemesh智能风扇灯,lemesh.light.wyfa04,lemesh.light.wyfa04.png,
照明,Lemesh,情景Lemesh色温灯Ultra,lemesh.light.wy0d02,lemesh.light.wy0d02.png,
照明,LineHope,LineHope人体存在平板灯,line.light.rcpbd1,line.light.rcpbd1.png,
照明,LineHope,LineHope智能办公灯驱动DR3,line.light.mrd1,line.light.mrd1.png,
照明,LineHope,LineHope智能射灯DS1,line.light.msd1,line.light.msd1.png,
照明,LineHope,LineHope智能射灯DS2,line.light.msd1s,line.light.msd1s.png,
照明,LineHope,LineHope智能射灯驱动器DR1,line.light.mrs1,line.light.mrs1.png,
照明,LineHope,LineHope智能射灯驱动器DR2,line.light.mrs2,line.light.mrs2.png,
照明,LineHope,LineHope智能灯带驱动DR4,line.light.mrd2,line.light.mrd2.png,
照明,LineHope,LineHope智能筒灯DT1,line.light.mtd1,line.light.mtd1.png,
照明,Luojia,LJ智能风扇灯（Mesh2.0）,nuojia.light.ljfsdm,nuojia.light.ljfsdm.png,
照明,MInGZ,名舟智能灯带（Mesh2.0）,gdmzdz.light.mzddm,gdmzdz.light.mzddm.png,
照明,MODALOFT,ModaLoft情景Mesh色温吊顶灯UItra S350,jgfy.light.wy0a01,jgfy.light.wy0a01.png,
照明,NAMEEK'S,nameeks智能吸顶灯,nmks.light.wy0a04,nmks.light.wy0a04.png,
照明,NAMEEK'S,nameeks智能灯带,nmks.light.wy0a03,nmks.light.wy0a03.png,
照明,NAMEEK'S,nameeks智能磁吸灯,nmks.light.wy0a05,nmks.light.wy0a05.png,
照明,NAMEEK'S,nameeks智能筒射灯Ultra,nmks.light.wy0a02,nmks.light.wy0a02.png,
照明,NEEWER,纽尔智能落地灯NF01,nwxyd.light.nf01,nwxyd.light.nf01.png,
照明,NIOYE,NIOYE全彩LED灯,ddk.light.wyra01,ddk.light.wyra01.png,
照明,NIOYE,NIOYE智能彩光灯,ddk.light.wyra03,ddk.light.wyra03.png,
照明,NIOYE,NIOYE智能灯,ddk.light.wy0a01,ddk.light.wy0a01.png,
照明,NIOYE,NIOYE音乐律动全彩灯,ddk.light.wyra02,ddk.light.wyra02.png,
照明,Nanoleaf,Nanoleaf Shapes 双模版,nnleaf.light.glbulp,nnleaf.light.glbulp.png,
照明,Nanoleaf,Nanoleaf 智能星座灯,nnleaf.light.nl59,nnleaf.light.nl59.png,
照明,Nanoleaf,Nanoleaf 木纹奇光板,nnleaf.light.nl52,nnleaf.light.nl52.png,
照明,NexTool,纳拓拾音星河灯GC12S,binovo.light.rgb01,binovo.light.rgb01.png,
照明,ODEKU,ODEKU线条灯带,odeku.light.hgswdm,odeku.light.hgswdm.png,
照明,OML,OML智能五色灯带2.0,oml.light.wyra01,oml.light.wyra01.png,
照明,OML,OML智能双色射灯,oml.light.wy0a02,oml.light.wy0a02.png,
照明,OML,OML智能双色灯带2.0,oml.light.wy0a01,oml.light.wy0a01.png,
照明,OML,OML智能氛围吸顶灯（流光溢彩系列）,oml.light.wyra04,oml.light.wyra04.png,
照明,OML,欧曼智能人存感应射灯,oml.light.w00a02,oml.light.w00a02.png,
照明,OML,欧曼智能人存感应平板灯,oml.light.w00a01,oml.light.w00a01.png,
照明,OML,欧曼智能人存感应筒灯,oml.light.w00a03,oml.light.w00a03.png,
照明,OML,欧曼智能全彩筒射灯,oml.light.wyra03,oml.light.wyra03.png,
照明,OML,欧曼智能射灯Lite,oml.light.wy0a03,oml.light.wy0a03.png,
照明,ORRGI,启源全域护眼吸顶灯,orrgi.light.wy0a02,orrgi.light.wy0a02.png,
照明,ORRGI,启源护眼灯,orrgi.light.w00a03,orrgi.light.w00a03.png,
照明,OZN,OZN智能筒射灯,zlx.light.zlxtsd,zlx.light.zlxtsd.png,
照明,PHPX,PHPX智能灯带（Mesh2.0）,jpy.light.jpyddm,jpy.light.jpyddm.png,
照明,PLS Lighting,工匠智能筒射灯（Mesh2.0）,pls.light.wy0a01,pls.light.wy0a01.png,
照明,POCOCO,POCOCO 助眠星空灯,lb01.light.xylxd,lb01.light.xylxd.png,
照明,PTX,PTX 冷暖色吸顶灯(MESH),090615.light.xdlig,090615.light.xdlig.png,
照明,PTX,PTX 智能双色调光灯带(MESH),090615.light.mdd02,090615.light.mdd02.png,
照明,PTX,PTX 智能平板灯,090615.light.pblg01,090615.light.pblg01.png,
照明,PTX,PTX 智能深度调光灯(MESH),090615.light.mlig02,090615.light.mlig02.png,
照明,PTX,PTX 深度调光灯(MESH),090615.light.milg03,090615.light.milg03.png,
照明,PTX,PTX 深度调光磁吸灯(V2pro),090615.light.sdcx1,090615.light.sdcx1.png,
照明,PTX,PTX全彩音乐律动控制器,090615.light.rgblg,090615.light.rgblg.png,
照明,PTX,PTX智能冷暖灯带（Mesh),090615.light.demo2,090615.light.demo2.png,
照明,PTX,PTX智能磁吸灯(MESH),090615.light.cxlg01,090615.light.cxlg01.png,
照明,PTX,PTX智能筒灯(Mesh),090615.light.mlig01,090615.light.mlig01.png,
照明,PTX,平头熊F1调光磁吸灯(Mesh2.0),090615.light.cx20,090615.light.cx20.png,
照明,PTX,平头熊F1调光筒射灯(Mesh2.0),090615.light.milg05,090615.light.milg05.png,
照明,PTX,深度双色温调光驱动(V2pro),090615.light.mylg04,090615.light.mylg04.png,
照明,QEEX,QEEX全彩智能灯带,trzn.light.msy5cd,trzn.light.msy5cd.png,
照明,QEEX,QEEX智能灯带,trzn.light.wy0a02,trzn.light.wy0a02.png,
照明,QEEX,QEEX智能灯泡,trzn.light.wy0a04,trzn.light.wy0a04.png,
照明,QEEX,QEEX智能磁吸灯,trzn.light.wy0a03,trzn.light.wy0a03.png,
照明,QEEX,QEEX智能筒射灯,trzn.light.wy0a01,trzn.light.wy0a01.png,
照明,QISUMZJ,QISUMZJ智能磁吸灯,qszj.light.wy0a03,qszj.light.wy0a03.png,
照明,QISUMZJ,QISUMZJ智能筒射灯,qszj.light.wy0a01,qszj.light.wy0a01.png,
照明,QISUMZJ,QISUMZJ智能筒射灯V2,qszj.light.wy0a04,qszj.light.wy0a04.png,
照明,RADLiT,RADLIT锐点智能五色灯控制器,radlit.light.wyra01,radlit.light.wyra01.png,
照明,RADLiT,RADLIT锐点智能单色灯带,radlit.light.w00a01,radlit.light.w00a01.png,
照明,RADLiT,RADLIT锐点智能双色灯控制器,radlit.light.wy0a01,radlit.light.wy0a01.png,
照明,RADLiT,锐点RADLIT磁吸灯,radlit.light.wy0a02,radlit.light.wy0a02.png,
照明,RADLiT,锐点RADLIT筒射灯,radlit.light.wy0a03,radlit.light.wy0a03.png,
照明,RNLO,瑞奈智能 筒射灯2.0,rnlo01.light.wy0a01,rnlo01.light.wy0a01.png,
照明,ROYAL SWAN,ROYAL SWAN智能射灯,zksq.light.wy0a02,zksq.light.wy0a02.png,
照明,ROYAL SWAN,ROYAL SWAN智能沙漏灯,zksq.light.rssld,zksq.light.rssld.png,
照明,ROYAL SWAN,ROYAL SWAN智能灯带,zksq.light.wy0a01,zksq.light.wy0a01.png,
照明,ROYAL SWAN,ROYAL SWAN智能筒灯,zksq.light.wy0a04,zksq.light.wy0a04.png,
照明,ROYAL SWAN,ROYAL SWAN超薄智能射灯,zksq.light.wy0a03,zksq.light.wy0a03.png,
照明,RUNMIN,RUNMIN 智能灯带控制器Mesh 2.0,runmin.light.wy0a01,runmin.light.wy0a01.png,
照明,RUNMIN,RUNMIN 智能筒射灯Mesh 2.0,runmin.light.wy0a02,runmin.light.wy0a02.png,
照明,RippMesh,RippMesh-CW智能桥接灯,oeco.light.a2803,oeco.light.a2803.png,
照明,SANSI,三思智毅台灯Pro,sansi.light.wy0a06,sansi.light.wy0a06.png,
照明,SANSI,三思智能全光谱吸顶灯,sansi.light.wy0a01,sansi.light.wy0a01.png,
照明,SANSI,三思智能全彩筒射灯,sansi.light.wyra01,sansi.light.wyra01.png,
照明,SANSI,三思智能全彩筒灯,sansi.light.wy0a04,sansi.light.wy0a04.png,
照明,SANSI,三思智能夹子植物灯,sansi.light.wy0a03,sansi.light.wy0a03.png,
照明,SANSI,三思智能护眼吸顶灯,sansi.light.wy0a02,sansi.light.wy0a02.png,
照明,SANSI,三思智能爱漾台灯,sansi.light.w00a01,sansi.light.w00a01.png,
照明,SANSI,三思智能球泡灯,sansi.light.wy0a05,sansi.light.wy0a05.png,
照明,SANSI,三思超高亮智能客厅吸顶灯,sansi.light.wy0a08,sansi.light.wy0a08.png,
照明,SANSI,三思高亮智能卧室吸顶灯,sansi.light.wy0a07,sansi.light.wy0a07.png,
照明,SEECANN,SEECANN圆形ADL天际灯,skzm.light.sktjd1,skzm.light.sktjd1.png,
照明,SEECANN,SEECANN方形ADL天际灯,skzm.light.sktjd3,skzm.light.sktjd3.png,
照明,SIASE,SIASE深思智能吸顶灯（WiFi）,ssdg.light.ssxddw,ssdg.light.ssxddw.png,
照明,SIASE,SIASE深思智能筒射灯,ssdg.light.wy0a01,ssdg.light.wy0a01.png,
照明,SONGLINK,松联诚双色温筒灯S7,zzslc.light.sll02,zzslc.light.sll02.png,
照明,SONGLINK,松联诚智能灯带,zzslc.light.sll01,zzslc.light.sll01.png,
照明,SPERLL,BanlanX单色灯,sperll.light.sglw,sperll.light.sglw.png,
照明,SPERLL,BanlanX单色灯带控制器,sperll.light.sglw2,sperll.light.sglw2.png,
照明,SPERLL,BanlanX幻彩灯,sperll.light.light1,sperll.light.light1.png,
照明,SPERLL,BanlanX彩光灯带控制器,sperll.light.rgb,sperll.light.rgb.png,
照明,SPERLL,BanlanX色温灯,sperll.light.cct,sperll.light.cct.png,
照明,SPERLL,BanlanX色温灯带控制器,sperll.light.cct2,sperll.light.cct2.png,
照明,Seity,西铁智能筒射灯ultra,seity.light.wy0a02,seity.light.wy0a02.png,
照明,Seity,西铁照明智能灯带,seity.light.wy0a05,seity.light.wy0a05.png,
照明,Seity,西铁照明磁吸灯 pro,seity.light.wy0a03,seity.light.wy0a03.png,
照明,Skyiot,Skyiot智能彩色灯带,skyiot.light.wyra01,skyiot.light.wyra01.png,
照明,Skyiot,Skyiot智能灯带,skyiot.light.wy0a02,skyiot.light.wy0a02.png,
照明,Skyiot,Skyiot智能磁吸灯,skyiot.light.wy0a03,skyiot.light.wy0a03.png,
照明,Skyiot,Skyiot智能筒射灯,skyiot.light.wy0a01,skyiot.light.wy0a01.png,
照明,SmartJoy,SmartJoy智臻炫彩灯（蓝牙Mesh版）,smartj.light.sjsdmb,smartj.light.sjsdmb.png,
照明,SmartJoy,SmartJoy智臻磁吸射灯（蓝牙Mesh版）,smartj.light.sjsmds,smartj.light.sjsmds.png,
照明,SmartJoy,SmartJoy智臻磁吸格栅灯（蓝牙Mesh版）,smartj.light.sjsmdg,smartj.light.sjsmdg.png,
照明,SmartJoy,SmartJoy智臻磁吸泛光灯（蓝牙Mesh版）,smartj.light.sjsmdf,smartj.light.sjsmdf.png,
照明,SmartJoy,SmartJoy智臻色温灯（蓝牙Mesh版）,smartj.light.sjsdcb,smartj.light.sjsdcb.png,
照明,SmartJoy,SmartJoy智臻调光射灯（蓝牙Mesh版）,smartj.light.sjsdsl,smartj.light.sjsdsl.png,
照明,SmartJoy,SmartJoy智臻调光灯带（蓝牙Mesh版）,smartj.light.sjsdls,smartj.light.sjsdls.png,
照明,SmartJoy,SmartJoy智臻调光筒灯（蓝牙Mesh版）,smartj.light.sjdlds,smartj.light.sjdlds.png,
照明,SmartJoy,SmartJoy极智智能灯带控制器（蓝牙Mesh版）,smartj.light.sjpdls,smartj.light.sjpdls.png,
照明,SmartJoy,SmartJoy极智磁吸射灯（蓝牙Mesh版）,smartj.light.sjpmds,smartj.light.sjpmds.png,
照明,SmartJoy,SmartJoy极智磁吸格栅灯（蓝牙Mesh版）,smartj.light.sjpmdg,smartj.light.sjpmdg.png,
照明,SmartJoy,SmartJoy极智磁吸泛光灯（蓝牙Mesh版）,smartj.light.sjpmdf,smartj.light.sjpmdf.png,
照明,SmartJoy,SmartJoy极智磁吸餐吊灯（蓝牙Mesh版）,smartj.light.sjpmdc,smartj.light.sjpmdc.png,
照明,SmartJoy,SmartJoy极智调光筒射灯（蓝牙Mesh版）,smartj.light.sjpdsl,smartj.light.sjpdsl.png,
照明,TATACASA,TATACASA智能灯带,line.light.zndy,line.light.zndy.png,
照明,TCL,TCL LED智能吸顶灯,tcll.light.wy0a04,tcll.light.wy0a04.png,
照明,TCL,TCL智睿吸顶灯,tcll.light.wy0a01,tcll.light.wy0a01.png,
照明,TCL,TCL现代家居吸顶灯,tcll.light.xl6602,tcll.light.xl6602.png,
照明,TCL,TCL银河智能客厅灯,tcll.light.xl6601,tcll.light.xl6601.png,
照明,THO,THO特好智能灯带,tho.light.wy0a02,tho.light.wy0a02.png,
照明,THO,THO特好智能磁吸灯,tho.light.wy0a03,tho.light.wy0a03.png,
照明,THO,THO特好智能筒射灯,tho.light.wy0a01,tho.light.wy0a01.png,
照明,TNW,TNW自然界自然光筒射灯,tens.light.wy0a01,tens.light.wy0a01.png,
照明,TUODI 拓迪,拓迪低压智能氛围软灯带,tuodi.light.tdwld,tuodi.light.tdwld.png,
照明,TUODI 拓迪,拓迪低压智能软灯带,tuodi.light.tdssd,tuodi.light.tdssd.png,
照明,Thanks Lighting,Thanks Lighting智能筒射灯,zdzm.light.zdtsd,zdzm.light.zdtsd.png,
照明,ThoughtHome,ThoughtHome智能灯S1,znsn.light.v5ssw,znsn.light.v5ssw.png,
照明,U-FAMILY,U-FAMILY Mesh智能调光灯带U9,guixin.light.w00a01,guixin.light.w00a01.png,
照明,U.LUCKY,ULK-CW色温情景LED灯带,ulk.light.wy0a02,ulk.light.wy0a02.png,
照明,U.LUCKY,ULK-RGBCW幻彩情景LED灯带,ulk.light.wy0a01,ulk.light.wy0a01.png,
照明,UAFENG,UAFENG 智能灯带2.0,hfua.light.hwfm20,hfua.light.hwfm20.png,
照明,UNEC,UNEC无界筒射灯,unec.light.wy0a05,unec.light.wy0a05.png,
照明,UNEC,UNEC智能灯带,unec.light.wy0a01,unec.light.wy0a01.png,
照明,UNEC,UNEC智能磁吸灯,unec.light.wy0a02,unec.light.wy0a02.png,
照明,UNEC,UNEC智能筒射灯,unec.light.wy0a04,unec.light.wy0a04.png,
照明,UNEC,UNEC赫拉Pro筒射灯,unec.light.wy0a06,unec.light.wy0a06.png,
照明,UNEC,UNEC风云筒射灯,unec.light.wy0a08,unec.light.wy0a08.png,
照明,UNEC,UNEC风驰筒射灯,unec.light.wy0a07,unec.light.wy0a07.png,
照明,UWIZE,UWIZE优智者智能调光灯带,topwit.light.tsl09,topwit.light.tsl09.png,
照明,UWIZE,UWIZE优智者智能调光筒射灯,topwit.light.tsl08,topwit.light.tsl08.png,
照明,UWIZE优智者,UWIZE优智者智能吸顶灯,uwize.light.yzl02,uwize.light.yzl02.png,
照明,UWIZE优智者,UWIZE优智者智能射灯,uwize.light.yzl06,uwize.light.yzl06.png,
照明,UWIZE优智者,UWIZE优智者智能弧面筒灯,uwize.light.yzl05,uwize.light.yzl05.png,
照明,UWIZE优智者,UWIZE优智者智能调光灯带 Mesh2.0,uwize.light.yzl03,uwize.light.yzl03.png,
照明,UZB,鸿光智能筒射灯（Mesh2.0）,hgkj.light.v9hsm,hgkj.light.v9hsm.png,
照明,Under Sky,天空见控轴漫反射立式护眼灯C2,unsky.light.w00a01,unsky.light.w00a01.png,
照明,Under Sky,天空见漫反射节律吸顶灯XC1 Air,unsky.light.wy0a01,unsky.light.wy0a01.png,
照明,VIPL,VIPL智能灯带Mesh2.0,vipl.light.v8hsm1,vipl.light.v8hsm1.png,
照明,VIPL,VIPL智能磁吸灯Mesh2.0,vipl.light.v8hsm2,vipl.light.v8hsm2.png,
照明,VIPL,VIPL智能筒射灯Mesh2.0,vipl.light.v8hsm,vipl.light.v8hsm.png,
照明,WGSE,WGSE智能筒射灯,wgse.light.wy0a01,wgse.light.wy0a01.png,
照明,WOTIE沃铁,沃铁智能磁吸灯(MESH 2.0）,090615.light.wtmqcx,090615.light.wtmqcx.png,
照明,WOTIE沃铁,沃铁智能筒射灯(MESH 2.0),090615.light.mtmqts,090615.light.mtmqts.png,
照明,WOTIE沃铁,沃铁智能调光灯带（MESH 2.0）,090615.light.wtmqdd,090615.light.wtmqdd.png,
照明,XIUBO,秀柏智能筒射灯,xiubo.light.wy0a01,xiubo.light.wy0a01.png,
照明,XRYU,星如雨智能吸顶灯,xry.light.wy0a04,xry.light.wy0a04.png,
照明,XRYU,星如雨智能灯,xry.light.xrycxd,xry.light.xrycxd.png,
照明,XRYU,星如雨智能灯带（双色温）,xry.light.wy0a01,xry.light.wy0a01.png,
照明,XRYU,星如雨智能磁吸灯,xry.light.wy0a03,xry.light.wy0a03.png,
照明,XRYU,星如雨智能筒射灯,xry.light.wy0a02,xry.light.wy0a02.png,
照明,XTIAN,XTIAN智能灯带,xutian.light.wy0a01,xutian.light.wy0a01.png,
照明,Xiao Niu 骁牛,XN TECH智能筒射灯Ultra,xy8866.light.air02,xy8866.light.air02.png,
照明,YETFIF,YETFIF五路智能灯带(Mesh2.0),cd168.light.cd5lcd,cd168.light.cd5lcd.png,
照明,YETFIF,YETFIF智能灯带,cd168.light.wy0a02,cd168.light.wy0a02.png,
照明,YETFIF,YETFIF智能灯带（Mesh2.0）,cd168.light.v8hsm,cd168.light.v8hsm.png,
照明,YETFIF,YETFIF智能磁吸灯（Mesh2.0）,cd168.light.cdcxdm,cd168.light.cdcxdm.png,
照明,YETFIF,YETFIF智能筒射灯,cd168.light.wy0a01,cd168.light.wy0a01.png,
照明,YETFIF,YETFIF智能筒射灯Ultra,cd168.light.cdts01,cd168.light.cdts01.png,
照明,YETFIF,YETFIF智能筒射灯（Mesh2.0）,cd168.light.cd001,cd168.light.cd001.png,
照明,YOUPON,友邦智能灯带QD系列,youpon.light.wy1a01,youpon.light.wy1a01.png,
照明,YOUPON,友邦智能磁吸轨道灯SD系列,youpon.light.wy0a01,youpon.light.wy0a01.png,
照明,YOUPON,友邦智能筒射灯SD101-Z,youpon.light.wy2a01,youpon.light.wy2a01.png,
照明,YSXD,YSXD智能吸顶灯（WiFi）,ysjt.light.ysxdd,ysjt.light.ysxdd.png,
照明,Yeelight,YEELIGHT凌动 智能磁吸灯,yeelink.light.ml12,yeelink.light.ml12.png,
照明,Yeelight,YEELIGHT凌动 智能筒射灯,yeelink.light.ml11,yeelink.light.ml11.png,
照明,Yeelight,YEELIGHT凌动 灯带控制器,yeelink.light.stripj,yeelink.light.stripj.png,
照明,Yeelight,Yeelight  烁影直流变频风扇灯 S2001,yeelink.light.fancl2,yeelink.light.fancl2.png,
照明,Yeelight,Yeelight C1智能高压色温灯带,yeelink.light.stripf,yeelink.light.stripf.png,
照明,Yeelight,Yeelight LED 彩光灯带 1S,yeelink.light.stripa,yeelink.light.stripa.png,
照明,Yeelight,Yeelight LED 彩光灯带1S,yeelink.light.strip6,yeelink.light.strip6.png,
照明,Yeelight,Yeelight LED 灯丝灯,yeelink.light.mono5,yeelink.light.mono5.png,
照明,Yeelight,Yeelight LED 灯泡1S（白光版）,yeelink.light.mono4,yeelink.light.mono4.png,
照明,Yeelight,Yeelight LED光感台灯V1,yeelink.light.lamp7,yeelink.light.lamp7.png,
照明,Yeelight,Yeelight LED吸顶灯 Mini,yeelink.light.ceiling14,yeelink.light.ceiling14.png,
照明,Yeelight,Yeelight LED吸顶灯 Pro1,yeelink.light.ceiling18,yeelink.light.ceiling18.png,
照明,Yeelight,Yeelight LED吸顶灯 Pro2,yeelink.light.ceiling12,yeelink.light.ceiling12.png,
照明,Yeelight,Yeelight LED吸顶灯1,yeelink.light.ceiling1,yeelink.light.ceiling1.png,
照明,Yeelight,Yeelight LED吸顶灯2,yeelink.light.ceiling13,yeelink.light.ceiling13.png,
照明,Yeelight,Yeelight LED吸顶灯升级版,yeelink.light.ceile,yeelink.light.ceile.png,
照明,Yeelight,Yeelight LED吸顶灯青春版,yeelink.light.ceiling2,yeelink.light.ceiling2.png,
照明,Yeelight,Yeelight LED吸顶灯（升级版）,yeelink.light.ceiling11,yeelink.light.ceiling11.png,
照明,Yeelight,Yeelight LED射灯,yeelink.light.spot1,yeelink.light.spot1.png,
照明,Yeelight,Yeelight LED彩光灯带,yeelink.light.wyra01,yeelink.light.wyra01.png,
照明,Yeelight,Yeelight LED智能吸顶灯,yeelink.light.ceil32,yeelink.light.ceil32.png,
照明,Yeelight,Yeelight LED智能灯带,yeelink.light.wy0a03,yeelink.light.wy0a03.png,
照明,Yeelight,Yeelight LED智能磁吸灯,yeelink.light.wy0a01,yeelink.light.wy0a01.png,
照明,Yeelight,Yeelight LED灯泡1S 彩光版,yeelink.light.color8,yeelink.light.color8.png,
照明,Yeelight,Yeelight LED灯泡1S（彩光版）,yeelink.light.color4,yeelink.light.color4.png,
照明,Yeelight,Yeelight LED灯泡W3（色温版）,yeelink.light.cta,yeelink.light.cta.png,
照明,Yeelight,Yeelight LED灯泡（彩光版）,yeelink.light.color2,yeelink.light.color2.png,
照明,Yeelight,Yeelight LED灯泡（色温版）,yeelink.light.ct2,yeelink.light.ct2.png,
照明,Yeelight,Yeelight LED烛泡,yeelink.light.meshbulb2,yeelink.light.meshbulb2.png,
照明,Yeelight,Yeelight LED球泡,yeelink.light.meshbulb1,yeelink.light.meshbulb1.png,
照明,Yeelight,Yeelight LED筒灯,yeelink.light.dnlight2,yeelink.light.dnlight2.png,
照明,Yeelight,Yeelight P 系列青空灯 3060,yeelink.light.mono10,yeelink.light.mono10.png,
照明,Yeelight,Yeelight Pro 亮度灯,yeelink.light.ydim01,yeelink.light.ydim01.png,
照明,Yeelight,Yeelight Pro 彩光灯,yeelink.light.yrgb01,yeelink.light.yrgb01.png,
照明,Yeelight,Yeelight RGB彩光吸顶灯 卧室款,yeelink.light.ceiling20,yeelink.light.ceiling20.png,
照明,Yeelight,Yeelight RGB彩光吸顶灯 客厅款,yeelink.light.ceiling19,yeelink.light.ceiling19.png,
照明,Yeelight,Yeelight Tube Plus2屏幕挂灯,yeelink.light.lamp43,yeelink.light.lamp43.png,
照明,Yeelight,Yeelight 儿童吸顶灯 C2002,yeelink.light.ceil33,yeelink.light.ceil33.png,
照明,Yeelight,Yeelight 凌动LED吸顶灯,yeelink.light.ceil46,yeelink.light.ceil46.png,
照明,Yeelight,Yeelight 初心吸顶灯 A2001,yeelink.light.ceil29,yeelink.light.ceil29.png,
照明,Yeelight,Yeelight 吸顶灯,yeelink.light.ceil59,yeelink.light.ceil59.png,
照明,Yeelight,Yeelight 床头灯2代,yeelink.light.bslamp3,yeelink.light.bslamp3.png,
照明,Yeelight,Yeelight 彩光灯泡,yeelink.light.color1,yeelink.light.color1.png,
照明,Yeelight,Yeelight 彩光灯泡1SE,yeelink.light.colora,yeelink.light.colora.png,
照明,Yeelight,Yeelight 无线充电台灯,yeelink.light.lamp17,yeelink.light.lamp17.png,
照明,Yeelight,Yeelight 明装色温筒灯M1,yeelink.light.ml3,yeelink.light.ml3.png,
照明,Yeelight, Yeelight 星宇 LED吸顶灯,yeelink.light.ceiling16,yeelink.light.ceiling16.png,
照明,Yeelight,Yeelight 星辰LED台灯,yeelink.light.lamp9,yeelink.light.lamp9.png,
照明,Yeelight,Yeelight 星辰落地灯,yeelink.light.lamp10,yeelink.light.lamp10.png,
照明,Yeelight,Yeelight 显示器挂灯,yeelink.light.lamp15,yeelink.light.lamp15.png,
照明,Yeelight,Yeelight 显示器挂灯 Ultra,yeelink.light.lamp39,yeelink.light.lamp39.png,
照明,Yeelight,Yeelight 显示器挂灯2 Pro,yeelink.light.lamp42,yeelink.light.lamp42.png,
照明,Yeelight,Yeelight 智能LED吊灯,yeelink.light.ceil35,yeelink.light.ceil35.png,
照明,Yeelight,Yeelight 智能LED吊灯S,yeelink.light.ceil36,yeelink.light.ceil36.png,
照明,Yeelight,Yeelight 智能吸顶灯,yeelink.light.ceil38,yeelink.light.ceil38.png,
照明,Yeelight,Yeelight 智能吸顶灯 卧室款,yeelink.light.ceiling17,yeelink.light.ceiling17.png,
照明,Yeelight,Yeelight 智能吸顶灯 客厅款,yeelink.light.ceil31,yeelink.light.ceil31.png,
照明,Yeelight,Yeelight 智能吸顶灯mesh版 卧室款,yeelink.light.ml23,yeelink.light.ml23.png,
照明,Yeelight,Yeelight 智能吸顶灯mesh版 客厅款,yeelink.light.ml18,yeelink.light.ml18.png,
照明,Yeelight,Yeelight 智能吸顶灯升级版,yeelink.light.ceil39,yeelink.light.ceil39.png,
照明,Yeelight,Yeelight 智能奇光板,yeelink.light.plate2,yeelink.light.plate2.png,
照明,Yeelight,Yeelight 智能客厅吸顶灯,yeelink.light.ceil27,yeelink.light.ceil27.png,
照明,Yeelight,Yeelight 智能彩光吊灯,yeelink.light.ceil42,yeelink.light.ceil42.png,
照明,Yeelight,Yeelight 智能恒压DC灯带2.0,yeelink.light.stripk,yeelink.light.stripk.png,
照明,Yeelight,Yeelight 智能护眼台灯,yeelink.light.lamp3,yeelink.light.lamp3.png,
照明,Yeelight,Yeelight 智能护眼台灯 Prime,yeelink.light.lamp5,yeelink.light.lamp5.png,
照明,Yeelight,Yeelight 智能明装筒射灯,yeelink.light.ml20,yeelink.light.ml20.png,
照明,Yeelight,Yeelight 智能筒射灯2.0,yeelink.light.ml13,yeelink.light.ml13.png,
照明,Yeelight,Yeelight 智能色温吸顶灯,yeelink.light.ceil60,yeelink.light.ceil60.png,
照明,Yeelight,Yeelight 智能色温灯带2.0,yeelink.light.str1,yeelink.light.str1.png,
照明,Yeelight,Yeelight 智能色温球泡,yeelink.light.bulb1,yeelink.light.bulb1.png,
照明,Yeelight,Yeelight 智能色温筒射灯2.0,yeelink.light.ml24,yeelink.light.ml24.png,
照明,Yeelight,Yeelight 智能超薄吸顶灯,yeelink.light.ceil63,yeelink.light.ceil63.png,
照明,Yeelight,Yeelight 智能雷达吸顶灯 卧室款,yeelink.light.ceil65,yeelink.light.ceil65.png,
照明,Yeelight,Yeelight 智能雷达吸顶灯 客厅款,yeelink.light.ceil66,yeelink.light.ceil66.png,
照明,Yeelight,Yeelight 智能面板灯,yeelink.light.panel6,yeelink.light.panel6.png,
照明,Yeelight,Yeelight 智能风扇灯,yeelink.light.fancl8,yeelink.light.fancl8.png,
照明,Yeelight,Yeelight 极月吊灯 L1200,yeelink.light.ceil58,yeelink.light.ceil58.png,
照明,Yeelight,Yeelight 桌面学习灯 A8 Pro,yeelink.light.lamp38,yeelink.light.lamp38.png,
照明,Yeelight,Yeelight 氛围吸顶灯,yeelink.light.ceilc,yeelink.light.ceilc.png,
照明,Yeelight,Yeelight 氛围吸顶灯升级版,yeelink.light.ceilb,yeelink.light.ceilb.png,
照明,Yeelight,Yeelight 泛影LED灯带,yeelink.light.strip4,yeelink.light.strip4.png,
照明,Yeelight,Yeelight 漫反射吸顶灯,yeelink.light.ceil64,yeelink.light.ceil64.png,
照明,Yeelight,Yeelight 白光灯泡,yeelink.light.mono1,yeelink.light.mono1.png,
照明,Yeelight,Yeelight 皎月 LED吸顶灯 260,yeelink.light.ceiling24,yeelink.light.ceiling24.png,
照明,Yeelight,Yeelight 皎月 LED吸顶灯480（升级版）,yeelink.light.ceiling15,yeelink.light.ceiling15.png,
照明,Yeelight,Yeelight 皎月LED吸顶灯,yeelink.light.ceiling3,yeelink.light.ceiling3.png,
照明,Yeelight,Yeelight 皓白 LED面板灯,yeelink.light.panel1,yeelink.light.panel1.png,
照明,Yeelight,Yeelight 皓白 LED面板灯 Pro,yeelink.light.panel3,yeelink.light.panel3.png,
照明,Yeelight,Yeelight 皓石 LED吊灯,yeelink.light.ceiling10,yeelink.light.ceiling10.png,
照明,Yeelight,Yeelight 皓石LED吸顶灯,yeelink.light.ceiling7,yeelink.light.ceiling7.png,
照明,Yeelight,Yeelight 皓石LED吸顶灯 Plus,yeelink.light.ceiling8,yeelink.light.ceiling8.png,
照明,Yeelight,Yeelight 皓石LED吸顶灯 Pro,yeelink.light.ceiling9,yeelink.light.ceiling9.png,
照明,Yeelight,Yeelight 立式学习灯 V5,yeelink.light.lamp41,yeelink.light.lamp41.png,
照明,Yeelight,Yeelight 立式学习灯 V6,yeelink.light.lamp34,yeelink.light.lamp34.png,
照明,Yeelight,Yeelight 立式学习灯 V8,yeelink.light.lamp30,yeelink.light.lamp30.png,
照明,Yeelight,Yeelight 筒射灯,yeelink.light.ml1,yeelink.light.ml1.png,
照明,Yeelight,Yeelight 纤玉吸顶灯 C2001,yeelink.light.ceil26,yeelink.light.ceil26.png,
照明,Yeelight,Yeelight 纤玉吸顶灯C2001,yeelink.light.ceila,yeelink.light.ceila.png,
照明,Yeelight,Yeelight 色温灯泡 M2,yeelink.light.ml2,yeelink.light.ml2.png,
照明,Yeelight,Yeelight 超薄智能吸顶灯,yeelink.light.ceil45,yeelink.light.ceil45.png,
照明,Yeelight,Yeelight 超薄智能吸顶灯PRO,yeelink.light.ceil47,yeelink.light.ceil47.png,
照明,Yeelight,Yeelight 逸扬直流变频风扇吊灯 C1060,yeelink.light.fancl6,yeelink.light.fancl6.png,
照明,Yeelight,Yeelight 逸扬直流变频风扇吊灯 C900,yeelink.light.fancl5,yeelink.light.fancl5.png,
照明,Yeelight,Yeelight 逸扬风扇吊灯（智能款）,yeelink.light.fancl1,yeelink.light.fancl1.png,
照明,Yeelight,Yeelight 青空灯,yeelink.light.mono7,yeelink.light.mono7.png,
照明,Yeelight,Yeelight 青空灯 G6 Pro,yeelink.light.mono12,yeelink.light.mono12.png,
照明,Yeelight,Yeelight 青空灯G6,yeelink.light.mono8,yeelink.light.mono8.png,
照明,Yeelight,Yeelight 青空面板灯A10,yeelink.light.mono9,yeelink.light.mono9.png,
照明,Yeelight,Yeelight人体存在面板灯,yeelink.light.panel7,yeelink.light.panel7.png,
照明,Yeelight,Yeelight彩光灯带,yeelink.light.strip1,yeelink.light.strip1.png,
照明,Yeelight,Yeelight彩光灯带（延长版）,yeelink.light.strip2,yeelink.light.strip2.png,
照明,Yeelight,Yeelight智能LED吸顶灯升级版,yeelink.light.ceil40,yeelink.light.ceil40.png,
照明,Yeelight,Yeelight智能吸顶灯 氛围卧室款,yeelink.light.ceil56,yeelink.light.ceil56.png,
照明,Yeelight,Yeelight智能吸顶灯 氛围客厅款,yeelink.light.ceil55,yeelink.light.ceil55.png,
照明,Yeelight,Yeelight智能磁吸灯2.0,yeelink.light.ml14,yeelink.light.ml14.png,
照明,Yeelight,Yeelight智能筒射灯,yeelink.light.ml10,yeelink.light.ml10.png,
照明,Yeelight,Yeelight智能色温筒射灯C1,yeelink.light.ml9,yeelink.light.ml9.png,
照明,ZAIR,ZAIR智能落地灯 增强版,zair.light.zcw01w,zair.light.zcw01w.png,
照明,ZAIR,ZAIR智能落地灯 常规版,zair.light.zcw02w,zair.light.zcw02w.png,
照明,ZKZB,ZKZB智能磁吸灯Mesh2.0,zbmesh.light.zbcxdm,zbmesh.light.zbcxdm.png,
照明,ZKZB,ZKZB智能筒射灯Mesh2.0,zbmesh.light.zbtsdm,zbmesh.light.zbtsdm.png,
照明,ZMKEJI,aimore智能节律灯Mesh2.0,aimore.light.241120,aimore.light.241120.png,
照明,ZNSN,Thoughthome 星耀款智能筒射灯,znsn.light.ltsds2,znsn.light.ltsds2.png,
照明,ZNSN,Thoughthome智能LED灯带,znsn.light.lts2,znsn.light.lts2.png,
照明,ZNSN,ZNSN智能双色灯P7-Mesh版,znsn.light.zslt07,znsn.light.zslt07.png,
照明,ZOA,ZOA智能吸顶灯（Mesh2.0）,zadz.light.zoa02,zadz.light.zoa02.png,
照明,ZOEE,ZOEE智能灯带,zy1.light.wy0a01,zy1.light.wy0a01.png,
照明,ZSINTT,ZSiNTT智能双色温筒射灯,zszszn.light.wy0a01,zszszn.light.wy0a01.png,
照明,ZXWL,ZXWL智能灯带3.0,andi.light.wy0a02,andi.light.wy0a02.png,
照明,borlle,Borlle全域晴空吸顶灯,borlle.light.bl355x,borlle.light.bl355x.png,
照明,digad,digad智能台灯A1,didi.light.v8ssm,didi.light.v8ssm.png,
照明,e:cue,e:cue智能边几灯S1,traxon.light.lmprgb,traxon.light.lmprgb.png,
照明,inSona,inSona光因系列吸顶灯,inble.light.wy0a01,inble.light.wy0a01.png,
照明,jiuhao久豪,Jiuhao橱衣柜灯带（Mesh2.0）,cddz.light.cdygd1,cddz.light.cdygd1.png,
照明,julun,JL溢彩吸顶灯,julun.light.wyra01,julun.light.wyra01.png,
照明,julun,JL炫彩风扇灯,julun.light.wyrf01,julun.light.wyrf01.png,
照明,julun,julun智能灯(双色版),julun.light.jlcw,julun.light.jlcw.png,
照明,julun,julun智能灯(彩光版),julun.light.jl0002,julun.light.jl0002.png,
照明,linptech,linptech人体存在平板灯,linp.light.lp1bc,linp.light.lp1bc.png,
照明,linptech,linptech人体存在平板灯(MESH2.0),linp.light.lp2bc,linp.light.lp2bc.png,
照明,linptech,linptech人体存在智能灯,linp.light.lx2bcw,linp.light.lx2bcw.png,
照明,linptech,linptech人体存在筒射灯,linp.light.ld6bcw,linp.light.ld6bcw.png,
照明,linptech,linptech智能筒射灯,linp.light.ld5scw,linp.light.ld5scw.png,
照明,linptech,linptech智能筒射灯(MESH2.0),linp.light.ld5bcw,linp.light.ld5bcw.png,
照明,linptech,linptech智能筒射灯Lite,linp.light.n3bcw,linp.light.n3bcw.png,
照明,linptech,linptech智能筒射灯Pro,linp.light.n5bcw,linp.light.n5bcw.png,
照明,linptech,智能彩光灯（MESH版）,linp.light.ls1rgb,linp.light.ls1rgb.png,
照明,linptech,智能灯带（PLC版）,linp.light.ls1pcw,linp.light.ls1pcw.png,
照明,linptech,智能磁吸吊线灯（PLC版）,linp.light.lm1pd,linp.light.lm1pd.png,
照明,linptech,智能磁吸射灯（PLC版）,linp.light.lm1ps,linp.light.lm1ps.png,
照明,linptech,智能磁吸格栅灯（PLC版）,linp.light.lm1pg,linp.light.lm1pg.png,
照明,linptech,智能磁吸泛光灯（PLC版）,linp.light.lm1pf,linp.light.lm1pf.png,
照明,linptech,智能磁吸灯（PLC版）,linp.light.lm1pcw,linp.light.lm1pcw.png,
照明,linptech,智能筒射灯（MESH版）,linp.light.wy0a01,linp.light.wy0a01.png,
照明,linptech,智能筒射灯（PLC版）,linp.light.d1pcw,linp.light.d1pcw.png,
照明,linptech 领普,领普智能灯带,linp.light.lscw01,linp.light.lscw01.png,
照明,linptech 领普,领普智能磁吸灯,linp.light.lmcw01,linp.light.lmcw01.png,
照明,linptech 领普,领普智能筒射灯,linp.light.ldcw01,linp.light.ldcw01.png,
照明,lipro,lipro悦童护眼吸顶灯,lipro.light.25b1,lipro.light.25b1.png,
照明,lipro,lipro护眼吸顶灯,lipro.light.26x3,lipro.light.26x3.png,官网已移除该型号
照明,lipro,lipro护眼明装筒射灯,lipro.light.r4t2,lipro.light.r4t2.png,
照明,lipro,lipro护眼灯带 单色温,lipro.light.r3p5,lipro.light.r3p5.png,
照明,lipro,lipro护眼磁吸轨道灯,lipro.light.r3g2,lipro.light.r3g2.png,
照明,lipro,lipro护眼磁吸轨道灯 单色温,lipro.light.r3g3,lipro.light.r3g3.png,
照明,lipro,lipro护眼筒射灯,lipro.light.r3p3,lipro.light.r3p3.png,
照明,lipro,lipro护眼面板灯Pro,lipro.light.e4b1,lipro.light.e4b1.png,
照明,lipro,lipro护眼风扇灯,lipro.light.23f4,lipro.light.23f4.png,
照明,lipro,lipro护眼餐厅吊灯,lipro.light.24a2,lipro.light.24a2.png,
照明,lipro,lipro护眼餐厅吊灯 Ultra,lipro.light.25a1,lipro.light.25a1.png,
照明,lipro,lipro柔光落地护眼灯Max,lipro.light.e4z3,lipro.light.e4z3.png,
照明,lipro,lipro柔光落地护眼灯Pro,lipro.light.e4z2,lipro.light.e4z2.png,
照明,mitch,mitch双色温智能灯带,googo.light.wy0a02,googo.light.wy0a02.png,
照明,mitch,mitch双色温智能磁吸灯,googo.light.wy0a03,googo.light.wy0a03.png,
照明,mitch,mitch深度防眩智能筒射灯,googo.light.wy0a01,googo.light.wy0a01.png,
照明,noooe皓逸,皓逸24V恒压双色调光控制器,haoyi.light.wy0a01,haoyi.light.wy0a01.png,
照明,noooe皓逸,皓逸全光谱吸顶灯（Max）,haoyi.light.wy0a03,haoyi.light.wy0a03.png,
照明,noooe皓逸,皓逸全色域天境灯情景大师Color圆形,haoyi.light.hoy560,haoyi.light.hoy560.png,
照明,noooe皓逸,皓逸全色域天境灯情景大师Color方形,haoyi.light.hoy6x9,haoyi.light.hoy6x9.png,
照明,noooe皓逸,皓逸全色域灯带情景大师 Color,haoyi.light.hyclm,haoyi.light.hyclm.png,
照明,noooe皓逸,皓逸全色域灯带情景大师Lite,haoyi.light.hyddm,haoyi.light.hyddm.png,
照明,noooe皓逸,皓逸全色域磁吸灯情景大师Color,haoyi.light.hycclm,haoyi.light.hycclm.png,
照明,noooe皓逸,皓逸全色域磁吸灯情景大师Lite,haoyi.light.hycxdm,haoyi.light.hycxdm.png,
照明,noooe皓逸,皓逸全色域筒射灯情景大师Color,haoyi.light.hyctlm,haoyi.light.hyctlm.png,
照明,noooe皓逸,皓逸全色域筒射灯情景大师Lite,haoyi.light.hytsdm,haoyi.light.hytsdm.png,
照明,noooe皓逸,皓逸射灯（Max),haoyi.light.hypro1,haoyi.light.hypro1.png,
照明,noooe皓逸,皓逸智能磁吸灯（Mesh2.0）,haoyi.light.wy0a06,haoyi.light.wy0a06.png,
照明,noooe皓逸,皓逸智能筒射灯（Mesh2.0）,haoyi.light.wy0a04,haoyi.light.wy0a04.png,
照明,noooe皓逸,皓逸智能调光灯带（Mesh2.0）,haoyi.light.wy0a05,haoyi.light.wy0a05.png,
照明,noooe皓逸,皓逸磁吸灯（Max),haoyi.light.hypro2,haoyi.light.hypro2.png,
照明,puluoti,puluoti智能筒射灯（Mesh2.0）,zanqi.light.v8hsm,zanqi.light.v8hsm.png,
照明,sayso,SAYSO智能射灯,sayso.light.wy0a01,sayso.light.wy0a01.png,
照明,sken视客,SKEN智能灯带,ske.light.wy0a02,ske.light.wy0a02.png,
照明,sken视客,SKEN智能筒射灯,ske.light.wy0a01,ske.light.wy0a01.png,
照明,sken视客,视客智能磁吸灯,ske.light.skcxd,ske.light.skcxd.png,
照明,xiaowell,xiaowell小为科技智能灯带,xwiwn.light.xwl002,xwiwn.light.xwl002.png,
照明,xiaowell,xiaowell小为科技智能筒射灯,xwiwn.light.xwl001,xwiwn.light.xwl001.png,
照明,μ-home,μ-home物联网楼梯灯,doonne.light.h1,doonne.light.h1.png,
照明,万多,万多CW双色温灯带,wanduo.light.ledw1,wanduo.light.ledw1.png,
照明,三雄,三雄极光Pak 智能吊灯,pak.light.pak002,pak.light.pak002.png,
照明,三雄,三雄极光智能家居吸顶灯,pak.light.pak08,pak.light.pak08.png,
照明,三雄,三雄极光智能灯泡,pak.light.pak006,pak.light.pak006.png,
照明,三雄,三雄极光智能照明吸顶灯,pak.light.pak007,pak.light.pak007.png,
照明,三雄,三雄极光照明家居智能吸顶灯,pak.light.pak005,pak.light.pak005.png,
照明,三雄,三雄极光照明智能吸顶灯,pak.light.pak01,pak.light.pak01.png,
照明,三雄极光Pak,Pak天域声光伴眠吸顶灯（天镜版）,pak.light.pak21,pak.light.pak21.png,
照明,三雄极光Pak,Pak天域声光伴眠吸顶灯（芒彩版）,pak.light.pak20,pak.light.pak20.png,
照明,三雄极光Pak,三雄智能风扇灯,pak.light.fan01,pak.light.fan01.png,
照明,三雄极光Pak,三雄极光PAK智能人存厨卫灯,pak.light.pakcw1,pak.light.pakcw1.png,
照明,三雄极光Pak,三雄极光Pak AI大立灯,pak.light.w00a01,pak.light.w00a01.png,
照明,三雄极光Pak,三雄极光Pak 人存感应智能筒灯,pak.light.ds01,pak.light.ds01.png,
照明,三雄极光Pak,三雄极光Pak 吸顶灯MAX,pak.light.pak17,pak.light.pak17.png,
照明,三雄极光Pak,三雄极光Pak 御风智能升降环抱风扇灯,pak.light.fan04,pak.light.fan04.png,
照明,三雄极光Pak,三雄极光Pak 智能全色域吸顶灯,pak.light.pak18,pak.light.pak18.png,
照明,三雄极光Pak,三雄极光Pak 智能射灯,pak.light.wy0a03,pak.light.wy0a03.png,
照明,三雄极光Pak,三雄极光Pak 智能灯带,pak.light.wy0a05,pak.light.wy0a05.png,
照明,三雄极光Pak,三雄极光Pak 智能磁吸灯,pak.light.v8uswd,pak.light.v8uswd.png,
照明,三雄极光Pak,三雄极光Pak 智能磁吸灯2.0,pak.light.wy0a08,pak.light.wy0a08.png,
照明,三雄极光Pak,三雄极光Pak人存感应智能射灯,pak.light.ds02,pak.light.ds02.png,
照明,三雄极光Pak,三雄极光Pak智能吊灯,pak.light.pak10,pak.light.pak10.png,
照明,三雄极光Pak,三雄极光Pak智能家居灯饰,pak.light.pak14,pak.light.pak14.png,
照明,三雄极光Pak,三雄极光Pak智能灯具,pak.light.pak15,pak.light.pak15.png,
照明,三雄极光Pak,三雄极光Pak智能灯饰,pak.light.pak13,pak.light.pak13.png,
照明,三雄极光Pak,三雄极光全色域音乐灯玥语,pak.light.pak24,pak.light.pak24.png,
照明,三雄极光Pak,三雄极光智能光健康灯,pak.light.pak22,pak.light.pak22.png,
照明,三雄极光Pak,三雄极光智能光健康灯Pro,pak.light.pak23,pak.light.pak23.png,
照明,三雄极光Pak,三雄极光智能射灯,pak.light.pak12,pak.light.pak12.png,
照明,三雄极光Pak,三雄极光照明灯具,pak.light.541124,pak.light.541124.png,
照明,三雄极光Pak,三雄极光隐形风扇灯,pak.light.fan03,pak.light.fan03.png,
照明,中安巨能,中安巨能智能灯带Ultra2.0,zage.light.wy0a03,zage.light.wy0a03.png,
照明,中安巨能,中安巨能磁吸灯Mesh2.0,zage.light.wy0a01,zage.light.wy0a01.png,
照明,中安巨能,中安巨能筒射灯Mesh2.0,zage.light.wy0a02,zage.light.wy0a02.png,
照明,乐亦美,乐亦美智能筒射灯Pro,lem.light.lts26,lem.light.lts26.png,
照明,乐天派,乐天派灯带魔方版,czhkj.light.l0523,czhkj.light.l0523.png,
照明,乐式,即乘智能灯,zsjc.light.wy0b01,zsjc.light.wy0b01.png,
照明,乐式,情景Mesh氛围灯V2S,lemesh.light.wyrb02,lemesh.light.wyrb02.png,
照明,乐式,情景mesh单色灯K系列,lemesh.light.w00d01,lemesh.light.w00d01.png,
照明,乐归,LEGUI宽色域灯带,legui.light.wy0a01,legui.light.wy0a01.png,
照明,乐沿,乐沿智能筒射灯,lyzm.light.wy0a01,lyzm.light.wy0a01.png,
照明,乐盟,乐盟照明卧室吸顶灯,lmds.light.wy0a02,lmds.light.wy0a02.png,
照明,乐盟,乐盟照明客厅吸顶灯,lmds.light.wy0a01,lmds.light.wy0a01.png,
照明,九头鲸,九头鲸高端智能吸顶灯,jn0203.light.wy0a02,jn0203.light.wy0a02.png,
照明,九头鲸,九头鲸高端智能筒射灯,jn0203.light.wy0a01,jn0203.light.wy0a01.png,
照明,九轮马车,九轮马车RGB幻彩灯带,wainft.light.nrgb11,wainft.light.nrgb11.png,
照明,九轮马车,九轮马车光影同步灯带,wainft.light.tvsyn1,wainft.light.tvsyn1.png,
照明,云睐,云睐智能灯带（Mesh2.0）,clouds.light.wy0a03,clouds.light.wy0a03.png,
照明,云睐,云睐智能磁吸灯（Mesh2.0）,clouds.light.wy0a02,clouds.light.wy0a02.png,
照明,云睐,云睐智能筒射灯（Mesh2.0）,clouds.light.wy0a01,clouds.light.wy0a01.png,
照明,云米,云米AI智能灯带Master（双色温版）,viomi.light.ewf11a,viomi.light.ewf11a.png,
照明,云米,云米AI智能灯带Master（彩光版）,viomi.light.ewf11b,viomi.light.ewf11b.png,
照明,云米,云米AI智能灯带控制器Master S,yunmi.light.ebl11b,yunmi.light.ebl11b.png,
照明,云米,云米AI智能磁吸轨道灯Master,yunmi.light.ebl31b,yunmi.light.ebl31b.png,
照明,云米,云米AI智能筒射灯Master,yunmi.light.ebl21b,yunmi.light.ebl21b.png,
照明,云米,云米智能射灯C1,yunmi.light.ebl22b,yunmi.light.ebl22b.png,
照明,亖米,亖米Mesh磁吸灯Ultra,symi.light.wy0a06,symi.light.wy0a06.png,
照明,亖米,亖米Mesh筒射灯Ultra,symi.light.wy0a05,symi.light.wy0a05.png,
照明,亖米,亖米智能灯带mesh版,symi.light.wy0a04,symi.light.wy0a04.png,
照明,亖米,亖米智能筒射灯,symi.light.lt07,symi.light.lt07.png,
照明,亖米,亖米磁吸灯mesh版,symi.light.wy0a02,symi.light.wy0a02.png,
照明,亖米,亖米筒射灯mesh版,symi.light.wy0a01,symi.light.wy0a01.png,
照明,京东京造,京东京造 御风者智能风扇灯,jdjz.light.jzfl01,jdjz.light.jzfl01.png,
照明,京东京造,京东京造 长颈鹿3Ultra LED落地灯,jdjz.light.gruw,jdjz.light.gruw.png,
照明,京东京造,京东京造E1 Pro吸顶灯-L960,jdjz.light.e1l96,jdjz.light.e1l96.png,
照明,京东京造,京东京造E1 Pro吸顶灯-MX480,jdjz.light.e1prow,jdjz.light.e1prow.png,
照明,京东京造,京东京造Infinity吸顶灯-L960,jdjz.light.vgl96,jdjz.light.vgl96.png,
照明,京东京造,京东京造Infinity吸顶灯-MX500,jdjz.light.jdjzvg,jdjz.light.jdjzvg.png,
照明,京东京造,京东京造吸顶灯,zxzm.light.j01,zxzm.light.j01.png,
照明,京东京造,京东京造进步台灯2,jdjz.light.jinbu2,jdjz.light.jinbu2.png,
照明,京东京造,京东京造长颈鹿2落地灯,jdjz.light.grf2,jdjz.light.grf2.png,
照明,京东京造,京东京造长颈鹿3落地灯,jdjz.light.grf2p,jdjz.light.grf2p.png,
照明,京东京造,京东京造长颈鹿Lite2落地灯,jdjz.light.lite2,jdjz.light.lite2.png,
照明,亿灯源,YDY情景智能灯带,ydy.light.wy0a02,ydy.light.wy0a02.png,
照明,亿灯源,YDY情景智能筒射灯,ydy.light.wy0a01,ydy.light.wy0a01.png,
照明,仕先,仕先mesh智能情景灯带,stzm.light.wy0a01,stzm.light.wy0a01.png,
照明,企一照明,KEEY-BUS调光调色控制设备,heko.light.wy0a01,heko.light.wy0a01.png,
照明,企及照明,企及照明智能筒射灯（Mesh2.0）,yjzm.light.yjtsd1,yjzm.light.yjtsd1.png,
照明,企峰,企峰智能灯带mesh2.0,tqzm.light.wy0a02,tqzm.light.wy0a02.png,
照明,企峰,企峰智能筒射灯mesh2.0,tqzm.light.wy0a01,tqzm.light.wy0a01.png,
照明,企派,企派智能磁吸灯,qipai.light.wy0a02,qipai.light.wy0a02.png,
照明,企派,企派智能筒射灯,qipai.light.wy0a01,qipai.light.wy0a01.png,
照明,企逸,企逸智能磁吸灯 Ultra,qiyl.light.wy0a01,qiyl.light.wy0a01.png,
照明,企逸,企逸智能筒射灯 Ultra,qiyl.light.wy0a02,qiyl.light.wy0a02.png,
照明,众泽,众泽智能灯带Mesh2.0,zsszzd.light.wy0a01,zsszzd.light.wy0a01.png,
照明,佐卡,佐卡智能 磁吸灯2.0,zuka.light.wy0a03,zuka.light.wy0a03.png,
照明,佐卡,佐卡智能 筒射灯2.0,zuka.light.wy0a02,zuka.light.wy0a02.png,
照明,佐卡,佐卡智能 调光灯带2.0,zuka.light.wy0a04,zuka.light.wy0a04.png,
照明,佳斯度,佳斯度无叶风扇灯,justdu.light.wyfa01,justdu.light.wyfa01.png,
照明,佼佼者,JJZ情景智能灯带,jjz.light.wy0a01,jjz.light.wy0a01.png,
照明,元笙,元笙智能吸顶灯,ys333.light.mdym20,ys333.light.mdym20.png,
照明,光影世家,光影世家智能灯带（Mesh2.0）,jiadi0.light.gyzndd,jiadi0.light.gyzndd.png,
照明,光影世家,光影世家智能筒射灯（Mesh2.0）,jiadi0.light.zntsd1,jiadi0.light.zntsd1.png,
照明,光普顿,光普顿智能筒射灯,stznkj.light.wy0a01,stznkj.light.wy0a01.png,
照明,光正,GZ 智能灯带,guznos.light.gzddm,guznos.light.gzddm.png,
照明,光正,GZ 智能磁吸灯,guznos.light.gzcxdm,guznos.light.gzcxdm.png,
照明,光正,GZ 智能筒射灯,guznos.light.gztsdm,guznos.light.gztsdm.png,
照明,光源世家,光源世家光境系列舒眠灯,gysj.light.gysj02,gysj.light.gysj02.png,
照明,光源世家,光源世家小家智控洗墙灯,gysj.light.wy0a01,gysj.light.wy0a01.png,
照明,光源世家,光源世家护瞳系列母婴灯,gysj.light.gysj01,gysj.light.gysj01.png,
照明,光缓,光缓智能双色温筒射灯Pro,alight.light.aztsd1,alight.light.aztsd1.png,
照明,光缓,艾泽光缓灯带ULTRA,alight.light.wy0a04,alight.light.wy0a04.png,
照明,光缓,艾泽光缓磁吸灯ULTRA,alight.light.wy0a03,alight.light.wy0a03.png,
照明,光缓,艾泽光缓筒射灯ULTRA,alight.light.wy0a02,alight.light.wy0a02.png,
照明,光艺狮,光艺狮智能筒射灯（Mesh2.0）,ntgd.light.nttsd1,ntgd.light.nttsd1.png,
照明,八戒智享家,JYMC天镜灯(WIFI),jymc.light.lmptjd,jymc.light.lmptjd.png,
照明,八戒智享家,JYMC智能双色灯带MESH2.0,jymc.light.pubm20,jymc.light.pubm20.png,
照明,公牛,公牛L03智能调光灯带,bull.light.mlg03,bull.light.mlg03.png,
照明,公牛,公牛吊灯XC03-180W,bull.light.xc03b,bull.light.xc03b.png,
照明,公牛,公牛吊灯XC03-80W,bull.light.xc03c,bull.light.xc03c.png,
照明,公牛,公牛吊灯XC04-58W,bull.light.xc04b,bull.light.xc04b.png,
照明,公牛,公牛吸顶灯M22-100W,bull.light.jld01,bull.light.jld01.png,
照明,公牛,公牛吸顶灯X19-150W,bull.light.x19a,bull.light.x19a.png,
照明,公牛,公牛吸顶灯X19-36W,bull.light.x19d,bull.light.x19d.png,
照明,公牛,公牛吸顶灯X19-48W,bull.light.x19c,bull.light.x19c.png,
照明,公牛,公牛吸顶灯X19-55W,bull.light.x19b,bull.light.x19b.png,
照明,公牛,公牛吸顶灯XC03-230W,bull.light.xc03a,bull.light.xc03a.png,
照明,公牛,公牛吸顶灯XC03-55W,bull.light.xc03d,bull.light.xc03d.png,
照明,公牛,公牛吸顶灯XC04-195W,bull.light.xc04a,bull.light.xc04a.png,
照明,公牛,公牛吸顶灯XC04-55W,bull.light.xc04c,bull.light.xc04c.png,
照明,公牛,公牛吸顶灯XD05-150W,bull.light.xd05a,bull.light.xd05a.png,
照明,公牛,公牛吸顶灯XD05-36W,bull.light.xd05d,bull.light.xd05d.png,
照明,公牛,公牛吸顶灯XD05-48W,bull.light.xd05c,bull.light.xd05c.png,
照明,公牛,公牛吸顶灯XD05-55W,bull.light.xd05b,bull.light.xd05b.png,
照明,公牛,公牛吸顶灯XD08-150W,bull.light.xd08a,bull.light.xd08a.png,
照明,公牛,公牛吸顶灯XD08-50W,bull.light.xd08b,bull.light.xd08b.png,
照明,公牛,公牛吸顶灯XD09-150W,bull.light.xd09a,bull.light.xd09a.png,
照明,公牛,公牛吸顶灯XD09-50W,bull.light.xd09b,bull.light.xd09b.png,
照明,公牛,公牛智能双色温灯带,bull.light.mz02,bull.light.mz02.png,
照明,公牛,公牛灵犀MT02智能射灯,bull.light.wy0a01,bull.light.wy0a01.png,
照明,公牛,公牛风扇灯F00CM,bull.light.fan05,bull.light.fan05.png,
照明,公牛,公牛风扇灯F06E,bull.light.fan04,bull.light.fan04.png,
照明,公牛,公牛风扇灯F18B,bull.light.fan02,bull.light.fan02.png,
照明,公牛,公牛风扇灯F22C,bull.light.fan03,bull.light.fan03.png,
照明,公牛,公牛风扇灯F22D,bull.light.fan07,bull.light.fan07.png,
照明,兴瑞祥,XRX橱衣柜智能灯带,xrx.light.xrxcgd,xrx.light.xrxcgd.png,
照明,其他品牌,AI 色温灯(MESH),090615.light.ailig1,090615.light.ailig1.png,
照明,其他品牌,AI美居智能灯,wdc.light.wy0a01,wdc.light.wy0a01.png,
照明,其他品牌,AMI智能灯,ftd.light.lmpami,ftd.light.lmpami.png,
照明,其他品牌,AZ智能情景灯,alight.light.wy0a01,alight.light.wy0a01.png,
照明,其他品牌,Ai home智能双色温灯,yyzn.light.wy0a04,yyzn.light.wy0a04.png,
照明,其他品牌,Ai home智能灯带,yyzn.light.wy0a01,yyzn.light.wy0a01.png,
照明,其他品牌,Ai home智能磁吸灯,yyzn.light.wy0a02,yyzn.light.wy0a02.png,
照明,其他品牌,Ai home智能筒射灯,yyzn.light.wy0a03,yyzn.light.wy0a03.png,
照明,其他品牌,Ai 智能色温灯(MESH),babai.light.sl01m,babai.light.sl01m.png,
照明,其他品牌,Ai双色温灯,rjxn20.light.rjss01,rjxn20.light.rjss01.png,
照明,其他品牌,Ai智能情景WIFI双色灯,giot.light.aise01,giot.light.aise01.png,
照明,其他品牌,BS智能磁吸灯,bsdy.light.wy0a02,bsdy.light.wy0a02.png,
照明,其他品牌,BS智能筒射灯,bsdy.light.wy0a01,bsdy.light.wy0a01.png,
照明,其他品牌,C09MG智能灯,mgzn.light.wy0a01,mgzn.light.wy0a01.png,
照明,其他品牌,CW冷暖灯,iot.light.socw01,iot.light.socw01.png,
照明,其他品牌,EMG上光环吸顶灯,ymj.light.wyymj1,ymj.light.wyymj1.png,
照明,其他品牌,EMG智能灯系列,ymj.light.wy0a02,ymj.light.wy0a02.png,
照明,其他品牌,Eiperfic 智能灯 iSulight,beig.light.s660v,beig.light.s660v.png,
照明,其他品牌,FSL智能风扇灯系列,live.light.fsl001,live.light.fsl001.png,
照明,其他品牌,FTD智能双色灯S(WIFI),ftd.light.lmpswi,ftd.light.lmpswi.png,
照明,其他品牌,FTD智能双色灯V2SL(MESH),ftd.light.lpv2sl,ftd.light.lpv2sl.png,
照明,其他品牌,FTD智能彩光灯(MESH),ftd.light.cwrgb1,ftd.light.cwrgb1.png,
照明,其他品牌,GR谷雨智能天花灯,090615.light.grlig1,090615.light.grlig1.png,
照明,其他品牌,GR谷雨智能灯带,090615.light.grlg2,090615.light.grlg2.png,
照明,其他品牌,GR谷雨智能磁吸灯,090615.light.grlg3,090615.light.grlg3.png,
照明,其他品牌,GY智能灯蓝牙Ultra版,gydz.light.blecw1,gydz.light.blecw1.png,
照明,其他品牌,HT智能灯,lemesh.light.wy0c17,lemesh.light.wy0c17.png,
照明,其他品牌,JIHISI智能灯,jihisi.light.wy0a01,jihisi.light.wy0a01.png,
照明,其他品牌,JS智能双色灯,lemesh.light.wy0a19,lemesh.light.wy0a19.png,
照明,其他品牌,Jya 无线台灯（智能版）,jya.light.sla1,jya.light.sla1.png,
照明,其他品牌,LED智能灯mesh,gmm.light.wy0a02,gmm.light.wy0a02.png,
照明,其他品牌,LRN双色调光驱动,lrn.light.wya01,lrn.light.wya01.png,
照明,其他品牌,LUNO绿能米家智能灯,lndq.light.wy0a01,lndq.light.wy0a01.png,
照明,其他品牌,LX彩光灯mesh版,lxun.light.znd04,lxun.light.znd04.png,
照明,其他品牌,LX色温灯mesh版,lxun.light.znd02,lxun.light.znd02.png,
照明,其他品牌,MG智能LED线条灯,mgzn.light.mgdd02,mgzn.light.mgdd02.png,
照明,其他品牌,MG智能明装筒射灯,mgzn.light.mgmz01,mgzn.light.mgmz01.png,
照明,其他品牌,MG智能灯（蓝牙Mesh版）,magao.light.wy0a01,magao.light.wy0a01.png,
照明,其他品牌,MG智能磁吸灯,mgzn.light.mggs01,mgzn.light.mggs01.png,
照明,其他品牌,MG智能筒射灯,mgzn.light.mgzk,mgzn.light.mgzk.png,
照明,其他品牌,Mesh双色情景灯,zxgs.light.mdcl01,zxgs.light.mdcl01.png,
照明,其他品牌,Mesh色温灯系列V2,cxw.light.wyv02,cxw.light.wyv02.png,
照明,其他品牌,Mesh风扇灯系列V1,cxw.light.wyfv01,cxw.light.wyfv01.png,
照明,其他品牌,MixDALI调光调色灯,fangdi.light.fgc001,fangdi.light.fgc001.png,
照明,其他品牌,NPU耐普照明智能灯,npu.light.npu001,npu.light.npu001.png,
照明,其他品牌,Nanoleaf Shapes,nnleaf.light.ulp,nnleaf.light.ulp.png,
照明,其他品牌,Nanoleaf智能灯带,nnleaf.light.strips,nnleaf.light.strips.png,
照明,其他品牌,QM智能Mesh色温灯,qjiang.light.mesh,qjiang.light.mesh.png,
照明,其他品牌,QM智能WiFi色温灯,qjiang.light.wb6sv1,qjiang.light.wb6sv1.png,
照明,其他品牌,QT情景Mesh智能灯,gsd.light.wy0a01,gsd.light.wy0a01.png,
照明,其他品牌,RF智慧照明V1(MESH),ftd.light.lmpyul,ftd.light.lmpyul.png,
照明,其他品牌,UZ智能调光驱动,topwit.light.tsl07,topwit.light.tsl07.png,
照明,其他品牌,V3智能色温灯（Mesh）,giot.light.v3,giot.light.v3.png,
照明,其他品牌,V5智能色温灯（Mesh）,giot.light.v5ssm,giot.light.v5ssm.png,
照明,其他品牌,V5智能色温灯（WiFi）,giot.light.v5ssw,giot.light.v5ssw.png,
照明,其他品牌,V8Gra智能灯（Mesh2.0）,giot.light.v8uswd,giot.light.v8uswd.png,
照明,其他品牌,V8智能彩色灯（Mesh）,giot.light.v8icm,giot.light.v8icm.png,
照明,其他品牌,V8智能色温灯（Mesh）,giot.light.v8ssm,giot.light.v8ssm.png,
照明,其他品牌,V8智能色温灯（WiFi）,giot.light.v8ssw,giot.light.v8ssw.png,
照明,其他品牌,V9Gra智能色温灯（WiFi）,giot.light.v9ssw,giot.light.v9ssw.png,
照明,其他品牌,WiFi双色情景灯,zxgs.light.wdcl01,zxgs.light.wdcl01.png,
照明,其他品牌,Yeelight智能LED吸顶灯,gtop.light.yl03,gtop.light.yl03.png,
照明,其他品牌,Yeelight逸扬直流变频风扇吊灯C900SE,live.light.fs901,live.light.fs901.png,
照明,其他品牌,ZB 智能灯带 MESH2.0,zbmesh.light.wy0a03,zbmesh.light.wy0a03.png,
照明,其他品牌,ZB 智能筒射灯 MESH2.0,zbmesh.light.wy0a02,zbmesh.light.wy0a02.png,
照明,其他品牌,aimore智能冷暖吸顶灯MESH,aimore.light.240407,aimore.light.240407.png,
照明,其他品牌,inncap靓光LED灯泡（彩光版）,viewx.light.101001,viewx.light.101001.png,
照明,其他品牌,seebest照云吸顶灯,beiyun.light.260c,beiyun.light.260c.png,
照明,其他品牌,一百分智能射灯,ybf.light.wy0a01,ybf.light.wy0a01.png,
照明,其他品牌,东东简约智能客厅灯,dong.light.wy0a01,dong.light.wy0a01.png,
照明,其他品牌,中科明眸护眼吸顶灯皓月系列,zkxt.light.w00a01,zkxt.light.w00a01.png,
照明,其他品牌,丹菲诺智能吸顶灯具,jsc.light.wydfn1,jsc.light.wydfn1.png,
照明,其他品牌,丹菲诺智能灯,dikair.light.wy0a01,dikair.light.wy0a01.png,
照明,其他品牌,京东京造U1吸顶灯,jdjz.light.jdjzu1,jdjz.light.jdjzu1.png,
照明,其他品牌,京东京造吸顶灯V1,jdjz.light.jdjz01,jdjz.light.jdjz01.png,
照明,其他品牌,京东京造长颈鹿Lite落地灯,jdjz.light.lite,jdjz.light.lite.png,
照明,其他品牌,仙人掌照明,090615.light.xrlig1,090615.light.xrlig1.png,
照明,其他品牌,佳文调光调色智能灯,jiawen.light.wy0a02,jiawen.light.wy0a02.png,
照明,其他品牌,兀坐提篮,clk.light.basket,clk.light.basket.png,
照明,其他品牌,凡童智能灯,ftds.light.wyft1,ftds.light.wyft1.png,
照明,其他品牌,创达小台灯,tsoft.light.lite1,tsoft.light.lite1.png,
照明,其他品牌,利歌灯饰,ltdzsw.light.wylg1,ltdzsw.light.wylg1.png,
照明,其他品牌,华时智能照明,zbmesh.light.wy0a01,zbmesh.light.wy0a01.png,
照明,其他品牌,即米智能情景灯,jmkj.light.wy0a01,jmkj.light.wy0a01.png,
照明,其他品牌,即米智能灯,mjkj.light.wy0a01,mjkj.light.wy0a01.png,
照明,其他品牌,即米智能磁吸灯,mjkj.light.wy0a02,mjkj.light.wy0a02.png,
照明,其他品牌,即米智能线性灯,mjkj.light.wy0a03,mjkj.light.wy0a03.png,
照明,其他品牌,双色情景智慧灯,gmm.light.wy0a01,gmm.light.wy0a01.png,
照明,其他品牌,双色智能灯,nmt.light.wy0a01,nmt.light.wy0a01.png,
照明,其他品牌,变频智能风扇灯,shhf.light.sfla10,shhf.light.sfla10.png,
照明,其他品牌,启源双色灯,orrgi.light.wy0a01,orrgi.light.wy0a01.png,
照明,其他品牌,哈达曼智能LED吸顶灯,hdm.light.wy08a,hdm.light.wy08a.png,
照明,其他品牌,喜智喜智能灯,xzx.light.wyxzx1,xzx.light.wyxzx1.png,
照明,其他品牌,喜辉智能吸顶灯,hwzn.light.wy0a01,hwzn.light.wy0a01.png,
照明,其他品牌,天际快装吸顶灯,cchip.light.l1,cchip.light.l1.png,
照明,其他品牌,宣艺智能灯,dikair.light.wy0a02,dikair.light.wy0a02.png,
照明,其他品牌,尊阁皇冠智能灯,zunge.light.wy0a01,zunge.light.wy0a01.gif,
照明,其他品牌,展秀水晶之恋智能灯,odds.light.wy0a01,odds.light.wy0a01.png,
照明,其他品牌,帅灯堡智能吸顶灯,ddjzm.light.wy0a01,ddjzm.light.wy0a01.png,
照明,其他品牌,希尔顿智能LED吊灯,giot.light.h86161,giot.light.h86161.png,
照明,其他品牌,希尔顿智能LED吸顶灯,giot.light.h60301,giot.light.h60301.png,
照明,其他品牌,希尔顿智能吊灯,mjzm.light.wy0a04,mjzm.light.wy0a04.png,
照明,其他品牌,希尔顿智能吸顶灯,mjzm.light.wy0a03,mjzm.light.wy0a03.png,
照明,其他品牌,希尔顿智能护眼灯,giot.light.xhyd1,giot.light.xhyd1.png,
照明,其他品牌,幻彩灯,iot.light.socd01,iot.light.socd01.png,
照明,其他品牌,情景MESH双色调光灯 S1,mson.light.ms000,mson.light.ms000.png,
照明,其他品牌,情景Mesh单色灯V2S系列,lemesh.light.w00a02,lemesh.light.w00a02.png,
照明,其他品牌,情景Mesh彩光灯V2S,lemesh.light.wyra02,lemesh.light.wyra02.png,
照明,其他品牌,情景Mesh筒射灯KY系列,lemesh.light.wy0c22,lemesh.light.wy0c22.png,
照明,其他品牌,情景Mesh色温灯V1S系列,lemesh.light.wy0c14,lemesh.light.wy0c14.png,
照明,其他品牌,情景Mesh色温灯V2G,lemesh.light.wy0c26,lemesh.light.wy0c26.png,
照明,其他品牌,情景Mesh色温灯V2S Pro,lemesh.light.wy0c24,lemesh.light.wy0c24.png,
照明,其他品牌,情景Mesh色温灯V2S系列,lemesh.light.wy0c15,lemesh.light.wy0c15.png,
照明,其他品牌,情景Mesh色温灯V2X系列,lemesh.light.wy0a20,lemesh.light.wy0a20.png,
照明,其他品牌,情景Mesh色温灯ZS系列,lemesh.light.wy0c21,lemesh.light.wy0c21.png,
照明,其他品牌,情景WIFI双色灯,leshi.light.wy0b01,leshi.light.wy0b01.png,
照明,其他品牌,情景WIFI色温灯,leshi.light.wy0b03,leshi.light.wy0b03.png,
照明,其他品牌,情景WiFi色温灯C系列,lemesh.light.wy02,lemesh.light.wy02.png,
照明,其他品牌,情景WiFi色温灯Pro,lemesh.light.wy0a22,lemesh.light.wy0a22.png,
照明,其他品牌,情景WiFi色温灯TP系列,lemesh.light.wy0a21,lemesh.light.wy0a21.png,
照明,其他品牌,情景mesh单色灯,lemesh.light.w00a01,lemesh.light.w00a01.png,
照明,其他品牌,情景mesh氛围色温灯,lemesh.light.wyrb01,lemesh.light.wyrb01.png,
照明,其他品牌,情景mesh色温灯,lemesh.light.wy0c02,lemesh.light.wy0c02.png,
照明,其他品牌,情景mesh色温灯C系列,lejia.light.wy02,lejia.light.wy02.png,
照明,其他品牌,情景mesh色温灯D系列,lemesh.light.wy0c03,lemesh.light.wy0c03.png,
照明,其他品牌,情景mesh色温灯E系列,lemesh.light.wy0c05,lemesh.light.wy0c05.png,
照明,其他品牌,情景mesh色温灯K系列,lemesh.light.wy0c04,lemesh.light.wy0c04.png,
照明,其他品牌,情景mesh色温灯TM系列,lemesh.light.wy0c07,lemesh.light.wy0c07.png,
照明,其他品牌,情景mesh色温灯V2Q系列,lemesh.light.wy0c12,lemesh.light.wy0c12.png,
照明,其他品牌,情景mesh色温灯V2系列,lemesh.light.wy0c09,lemesh.light.wy0c09.png,
照明,其他品牌,情景mesh色温灯通用系列,lemesh.light.wy0c08,lemesh.light.wy0c08.png,
照明,其他品牌,情景双色灯WIFI X版,lemesh.light.wy,lemesh.light.wy.png,
照明,其他品牌,情景彩光灯Mesh X1版,lemesh.light.wyra01,lemesh.light.wyra01.png,
照明,其他品牌,情景智慧风扇灯WiFi版,leshi.light.wyfan,leshi.light.wyfan.png,
照明,其他品牌,情景智慧风扇灯通用款,leshi.light.wyfa01,leshi.light.wyfa01.png,
照明,其他品牌,情景智慧风扇灯通用款C3版,lemesh.light.wyfa01,lemesh.light.wyfa01.png,
照明,其他品牌,情景智能灯pro,iot.light.fl03,iot.light.fl03.png,
照明,其他品牌,情景智能落地学习灯Pro,lemesh.light.w00a04,lemesh.light.w00a04.png,
照明,其他品牌,情景智能风扇灯,gtop.light.fan03,gtop.light.fan03.png,
照明,其他品牌,情景电视氛围灯 Pro,lemesh.light.rgba04,lemesh.light.rgba04.png,
照明,其他品牌,情景蓝牙mesh双色灯,jsc.light.wyls02,jsc.light.wyls02.png,
照明,其他品牌,情景蓝牙mesh双色灯A,lejia.light.33301,lejia.light.33301.png,
照明,其他品牌,情景风扇灯,iot.light.fl02,iot.light.fl02.png,
照明,其他品牌,感谢智能双色温灯,rjxn20.light.gxzm01,rjxn20.light.gxzm01.png,
照明,其他品牌,新特丽智能灯具,comely.light.wy0a02,comely.light.wy0a02.png,
照明,其他品牌,新特丽智能照明,comely.light.wy0a01,comely.light.wy0a01.png,
照明,其他品牌,方响蝉翼吸顶灯,beiyun.light.chanyi,beiyun.light.chanyi.png,
照明,其他品牌,方塔希Essence双色温光伴侣,fantq0.light.wy0a02,fantq0.light.wy0a02.png,
照明,其他品牌,无极调光风扇灯,xingh.light.fsd2,xingh.light.fsd2.png,
照明,其他品牌,易唐智能灯,dikair.light.wy0a04,dikair.light.wy0a04.png,
照明,其他品牌,星辰智能吸顶灯,397.light.hallight,397.light.hallight.png,
照明,其他品牌,普卓尔智能灯,pze.light.wy0a01,pze.light.wy0a01.png,
照明,其他品牌,智悦智能灯,gtop.light.c02,gtop.light.c02.png,
照明,其他品牌,智悦智能筒射灯,gtop.light.gtop02,gtop.light.gtop02.png,
照明,其他品牌,智悦智能风扇灯,ydsemi.light.fan01,ydsemi.light.fan01.png,
照明,其他品牌,智祥调光灯mbcl01,zxgs.light.mbcl01,zxgs.light.mbcl01.png,
照明,其他品牌,智美智能吸顶灯,shhf.light.mhcw01,shhf.light.mhcw01.png,
照明,其他品牌,智能冷暖吸顶灯,aimore.light.cw3201,aimore.light.cw3201.png,
照明,其他品牌,智能冷暖吸顶灯A2,aimore.light.230915,aimore.light.230915.png,
照明,其他品牌,智能双色灯,jymc.light.jmlmp2,jymc.light.jmlmp2.png,
照明,其他品牌,智能双色灯(MESH),jymc.light.falmp,jymc.light.falmp.png,
照明,其他品牌,智能双色灯(WIFI),ftd.light.wfilmp,ftd.light.wfilmp.png,
照明,其他品牌,智能双色灯P7-Mesh版,bean.light.lt07,bean.light.lt07.png,
照明,其他品牌,智能双色灯V2(MESH),ftd.light.ftdlmp,ftd.light.ftdlmp.png,
照明,其他品牌,智能双色灯V2(WIFI),ftd.light.wfilv2,ftd.light.wfilv2.png,
照明,其他品牌,智能双色灯V3(MESH),ftd.light.dsplmp,ftd.light.dsplmp.png,
照明,其他品牌,智能双色灯V3SL(MESH),ftd.light.lpv3sl,ftd.light.lpv3sl.png,
照明,其他品牌,智能变频调光风扇灯,shhf.light.sfla12,shhf.light.sfla12.png,
照明,其他品牌,智能情景护眼落地灯,lemesh.light.w00a03,lemesh.light.w00a03.png,
照明,其他品牌,智能情景调光灯,hcs.light.yssl01,hcs.light.yssl01.png,
照明,其他品牌,智能情景风扇灯,iot.light.fl04,iot.light.fl04.png,
照明,其他品牌,智能无主灯,topwit.light.tsl01,topwit.light.tsl01.png,
照明,其他品牌,智能灯带 蓝牙Mesh版,ftzm.light.wy0a02,ftzm.light.wy0a02.png,
照明,其他品牌,智能灯带Mesh版,mvs.light.wy0a02,mvs.light.wy0a02.png,
照明,其他品牌,智能磁吸灯,topwit.light.cw02,topwit.light.cw02.png,
照明,其他品牌,智能磁吸灯Mesh版,mvs.light.wy0a03,mvs.light.wy0a03.png,
照明,其他品牌,智能筒射灯 蓝牙Mesh版,ftzm.light.wy0a01,ftzm.light.wy0a01.png,
照明,其他品牌,智能筒射灯Mesh版,mvs.light.wy0a01,mvs.light.wy0a01.png,
照明,其他品牌,智能线条灯,topwit.light.tsl02,topwit.light.tsl02.png,
照明,其他品牌,智能色温灯,topwit.light.dwy01,topwit.light.dwy01.png,
照明,其他品牌,智能色温灯WiFi版,shhf.light.slwfc3,shhf.light.slwfc3.png,
照明,其他品牌,智能色温灯蓝牙版,shhf.light.slcwb3,shhf.light.slcwb3.png,
照明,其他品牌,智能节律双色灯V1,ftd.light.wfibrm,ftd.light.wfibrm.png,
照明,其他品牌,智能节律双色灯V2,ftd.light.wfibv2,ftd.light.wfibv2.png,
照明,其他品牌,智能节律无主灯,ftd.light.nomain,ftd.light.nomain.png,
照明,其他品牌,智能调光驱动,topwit.light.tsl03,topwit.light.tsl03.png,
照明,其他品牌,智能风扇灯V1(WIFI),ftd.light.lmpfan,ftd.light.lmpfan.png,
照明,其他品牌,月影智能LED吊灯,giot.light.y86161,giot.light.y86161.png,
照明,其他品牌,月影智能LED吸顶灯,giot.light.y60301,giot.light.y60301.png,
照明,其他品牌,月影智能吊灯,mjzm.light.wy0a02,mjzm.light.wy0a02.png,
照明,其他品牌,月影智能吸顶灯,mjzm.light.wy0a01,mjzm.light.wy0a01.png,
照明,其他品牌,月影智能护眼灯,giot.light.hhyd1,giot.light.hhyd1.png,
照明,其他品牌,月影智能风扇灯,mjzm.light.wyfa01,mjzm.light.wyfa01.png,
照明,其他品牌,月影自然光护眼无主灯,giot.light.hwzd1,giot.light.hwzd1.png,
照明,其他品牌,月影自然光磁吸灯,giot.light.xwzd1,giot.light.xwzd1.png,
照明,其他品牌,木子智能灯,cxds.light.wymz01,cxds.light.wymz01.png,
照明,其他品牌,杜邦吸顶灯,giot.light.dblgt1,giot.light.dblgt1.png,
照明,其他品牌,杜邦智能照明,ftd.light.dupont,ftd.light.dupont.png,
照明,其他品牌,松伟智能吊灯,rjxn20.light.sw01,rjxn20.light.sw01.png,
照明,其他品牌,欧歌诺智能灯,ougn.light.wy0a01,ougn.light.wy0a01.png,
照明,其他品牌,正泰智能吸顶灯,chint.light.chint1,chint.light.chint1.png,
照明,其他品牌,沛鸿吸顶灯,yhph.light.wy0a01,yhph.light.wy0a01.png,
照明,其他品牌,泰孚灯控器,babai.light.tf31a,babai.light.tf31a.png,
照明,其他品牌,泰沃磁吸灯,twzm.light.wy0a01,twzm.light.wy0a01.png,
照明,其他品牌,湘裕智能LED吸顶灯,jxgc.light.wyxy1,jxgc.light.wyxy1.png,
照明,其他品牌,灯寰简约卧室灯,dhzm.light.wy0a01,dhzm.light.wy0a01.png,
照明,其他品牌,灯带控制器,pwzn.light.apple,pwzn.light.apple.png,
照明,其他品牌,灯简智能灯,dj1587.light.wy0a01,dj1587.light.wy0a01.png,
照明,其他品牌,灯部尚书智能灯,scds.light.wy0a03,scds.light.wy0a03.png,
照明,其他品牌,灯部尚书江山如画台灯,scds.light.wy0a01,scds.light.wy0a01.png,
照明,其他品牌,灵鳍智能鱼缸灯,lenkei.light.w0ra01,lenkei.light.w0ra01.png,
照明,其他品牌,爱斯兰智能Mesh筒射灯,isl.light.wy0a02,isl.light.wy0a02.png,
照明,其他品牌,爱斯兰智能灯,isl.light.wy0a01,isl.light.wy0a01.png,
照明,其他品牌,电小酷智能彩灯WB5-M1,cuco.light.wb5mn,cuco.light.wb5mn.png,
照明,其他品牌,电小酷智能白灯WB2-M1,cuco.light.wb2mn,cuco.light.wb2mn.png,
照明,其他品牌,皇创调色温筒射灯DT1,lemesh.light.wy0c23,lemesh.light.wy0c23.png,
照明,其他品牌,皇的智能灯,hbc.light.wy0a01,hbc.light.wy0a01.png,
照明,其他品牌,皓逸智能双色灯带(MESH),090615.light.kylg02,090615.light.kylg02.png,
照明,其他品牌,皓逸智能磁吸灯(MESH),090615.light.hylg03,090615.light.hylg03.png,
照明,其他品牌,皓逸智能调光灯(MESH),090615.light.hylg01,090615.light.hylg01.png,
照明,其他品牌,研泰情景智能灯,dikair.light.wy0a03,dikair.light.wy0a03.png,
照明,其他品牌,研泰智能灯,jsc.light.wyyt01,jsc.light.wyyt01.png,
照明,其他品牌,立范北欧智能灯,hyzm.light.wymy1,hyzm.light.wymy1.png,
照明,其他品牌,米尼智能灯,mnc.light.wy0a01,mnc.light.wy0a01.png,
照明,其他品牌,缘弧智能磁吸灯V2s pro,yhmesh.light.wy0a01,yhmesh.light.wy0a01.png,
照明,其他品牌,耐为简致点护眼无频闪三色智能灯带,crzm.light.wy0a04,crzm.light.wy0a04.png,
照明,其他品牌,胜信智能灯,lsds.light.wy0a01,lsds.light.wy0a01.png,
照明,其他品牌,莱维超薄智能吸顶灯,lvl.light.wy0a01,lvl.light.wy0a01.png,
照明,其他品牌,菲普家智能灯具,asdds.light.wyfpj1,asdds.light.wyfpj1.png,
照明,其他品牌,菲虹灯饰,yhzm.light.wyfh01,yhzm.light.wyfh01.png,
照明,其他品牌,萧然全铜智能灯,zichen.light.wy0a01,zichen.light.wy0a01.png,
照明,其他品牌,蓝牙双色情景灯,zxgs.light.bdcl01,zxgs.light.bdcl01.png,
照明,其他品牌,誉璇智能吸顶灯,yuxuan.light.wy0a01,yuxuan.light.wy0a01.png,
照明,其他品牌,诺度智能客厅灯,app.light.wynd1,app.light.wynd1.png,
照明,其他品牌,诺米蓝牙mesh智能灯带,giot.light.wy0a01,giot.light.wy0a01.png,
照明,其他品牌,调光无主灯,topwit.light.dw01,topwit.light.dw01.png,
照明,其他品牌,调光磁吸灯,topwit.light.cw03,topwit.light.cw03.png,
照明,其他品牌,谦中益智能灯,qyds.light.wy0a01,qyds.light.wy0a01.png,
照明,其他品牌,轻禾智能灯,qhzm.light.wy0a01,qhzm.light.wy0a01.png,
照明,其他品牌,迪木茜智能筒灯,dmq.light.wy0a01,dmq.light.wy0a01.png,
照明,其他品牌,郞励LED吸顶灯,hcznjj.light.wyll01,hcznjj.light.wyll01.png,
照明,其他品牌,银菲特灯泡蓝牙mesh版,yht.light.wy0a01,yht.light.wy0a01.png,
照明,其他品牌,阳光智能吸顶灯2,yankon.light.xdd01,yankon.light.xdd01.png,
照明,其他品牌,雪莱特护眼落地灯,cnl.light.xltfl,cnl.light.xltfl.png,
照明,其他品牌,雷圆智能客厅灯,ylzm.light.wyly01,ylzm.light.wyly01.png,
照明,其他品牌,雷士家居智能吸顶灯（专业版）,nvcsmt.light.wxj301,nvcsmt.light.wxj301.png,
照明,其他品牌,雷士智能灯带（双色款TB）,nvcsmt.light.bds201,nvcsmt.light.bds201.png,
照明,其他品牌,雷士智能筒射灯（plus）,nvcsmt.light.bas203,nvcsmt.light.bas203.png,
照明,其他品牌,雷士智能筒射灯（专业版）,nvcsmt.light.bas201,nvcsmt.light.bas201.png,
照明,其他品牌,雷士智能筒射灯（双色款TB）,nvcsmt.light.bas202,nvcsmt.light.bas202.png,
照明,其他品牌,雷士智能风扇灯,leishi.light.wyfa03,leishi.light.wyfa03.png,
照明,其他品牌,雷士枝型灯,nvcsmt.light.wzj201,nvcsmt.light.wzj201.png,
照明,其他品牌,雷施顿智能灯,lesdn.light.wy0a01,lesdn.light.wy0a01.png,
照明,其他品牌,韩娥音响吊灯,beiyun.light.hane,beiyun.light.hane.png,
照明,其他品牌,音乐律动焕彩灯带,mkit.light.wyra01,mkit.light.wyra01.png,
照明,其他品牌,飞船氛围灯,iot.light.socd03,iot.light.socd03.png,
照明,其他品牌,馨宏吸顶灯,xhzm.light.wy0a01,xhzm.light.wy0a01.png,
照明,其他品牌,高灯大师智能灯,gdds.light.wy0a01,gdds.light.wy0a01.png,
照明,其他品牌,魔力云智能灯,mly.light.wy0a01,mly.light.wy0a01.png,
照明,其他品牌,鲸云智能情景灯,jyst.light.wy0a01,jyst.light.wy0a01.png,
照明,其他品牌,龙胜智能LED吸顶灯,jmls.light.ls001,jmls.light.ls001.png,
照明,冠知,GZ智能彩光灯带mesh2.0,gzkj.light.wyra01,gzkj.light.wyra01.png,
照明,冠知,GZ智能灯带mesh2.0,gzkj.light.wy0a01,gzkj.light.wy0a01.png,
照明,冠知,GZ智能磁吸灯mesh2.0,gzkj.light.wy0a02,gzkj.light.wy0a02.png,
照明,凌动,凌动智能 灯带控制器2.0,ldzn.light.wy0a03,ldzn.light.wy0a03.png,
照明,凌动,凌动智能 磁吸灯2.0,ldzn.light.wy0a02,ldzn.light.wy0a02.png,
照明,凌动,凌动智能家居吸顶灯,ldzn.light.wy0a04,ldzn.light.wy0a04.png,
照明,凌动,凌动智能筒射灯2.0,ldzn.light.wy0a01,ldzn.light.wy0a01.png,
照明,力捷智能,LIJIE智能灯带,lj2018.light.wy0a01,lj2018.light.wy0a01.png,
照明,华伟宏亮,华伟宏亮AI智能灯,hwhl.light.hwlwfi,hwhl.light.hwlwfi.png,
照明,华时,华时智能吸顶灯（Mesh2.0）,hszn.light.wy0a01,hszn.light.wy0a01.png,
照明,华时,华时智能灯带（Mesh2.0）,hszn.light.v8hsm1,hszn.light.v8hsm1.png,
照明,华时,华时智能筒射灯（Mesh2.0）,hszn.light.v8hsm,hszn.light.v8hsm.png,
照明,华艺,华艺智能灯带,huayi.light.wy217,huayi.light.wy217.png,
照明,华艺,华艺智能磁吸灯,huayi.light.wy218,huayi.light.wy218.png,
照明,华艺,华艺智能筒射灯,huayi.light.wy216,huayi.light.wy216.png,
照明,华艺,华艺智能顶灯,huayi.light.wy212,huayi.light.wy212.png,
照明,华艺,华艺照明顶灯通用系列,huayi.light.wy002,huayi.light.wy002.png,
照明,华艺,慧作双鱼星卧室系列吸顶灯,huayi.light.pis123,huayi.light.pis123.png,
照明,华艺,慧作双鱼星客厅系列吊灯,huayi.light.pisces,huayi.light.pisces.png,
照明,华艺,慧作吸顶灯,huayi.light.wy,huayi.light.wy.png,
照明,华艺,慧作咏方圆筒灯(蓝牙Mesh),huayi.light.wy203,huayi.light.wy203.png,
照明,华艺,慧作处女星卧室系列吸顶灯,huayi.light.vir063,huayi.light.vir063.png,
照明,华艺,慧作处女星客厅系列吸顶灯,huayi.light.virgo,huayi.light.virgo.png,
照明,华艺,慧作天马星卧室系列吸顶灯,huayi.light.peg093,huayi.light.peg093.png,
照明,华艺,慧作天马星客厅系列吸顶灯,huayi.light.peg091,huayi.light.peg091.png,
照明,华艺,慧作射手星筒灯(蓝牙Mesh),huayi.light.wy201,huayi.light.wy201.png,
照明,华艺,慧作巨蟹星灯带,huayi.light.kin1,huayi.light.kin1.png,
照明,华艺,慧作巨蟹星灯带Pro,huayi.light.kin2,huayi.light.kin2.png,
照明,华艺,慧作幸运星儿童灯,huayi.light.wy208,huayi.light.wy208.png,
照明,华艺,慧作慧光板,huayi.light.rgb205,huayi.light.rgb205.png,
照明,华艺,慧作新风照明(2020版),huayi.light.fanwy2,huayi.light.fanwy2.png,
照明,华艺,慧作新风照明风扇吸顶灯,huayi.light.fanwy,huayi.light.fanwy.png,
照明,华艺,慧作智能照明(2021版),huayi.light.wy006,huayi.light.wy006.png,
照明,华艺,慧作暖阳制热吸顶灯,huayi.light.wyheat,huayi.light.wyheat.png,
照明,华艺,慧作水瓶星彩泡,huayi.light.aqu114,huayi.light.aqu114.png,
照明,华艺,慧作球泡灯(蓝牙Mesh),huayi.light.wy202,huayi.light.wy202.png,
照明,华艺,慧作白羊星卧室系列吸顶灯,huayi.light.ari013,huayi.light.ari013.png,
照明,华艺,慧作白羊星客厅系列吸顶灯,huayi.light.aries,huayi.light.aries.png,
照明,华艺,慧作紫薇星系列吸顶灯,huayi.light.zw131,huayi.light.zw131.png,
照明,华艺,慧作良辰吸顶灯(蓝牙Mesh版),huayi.light.wy200,huayi.light.wy200.png,
照明,华艺,慧作金牛星卧室系列吸顶灯,huayi.light.tau023,huayi.light.tau023.png,
照明,华艺,慧作金牛星客厅系列吸顶灯,huayi.light.taurus,huayi.light.taurus.png,
照明,华艺照明,华艺智能吸顶灯,hyznzm.light.wy0a02,hyznzm.light.wy0a02.png,
照明,华艺照明,华艺照明智能筒射灯,hyznzm.light.wy0a01,hyznzm.light.wy0a01.png,
照明,华荣电缘,RS智能节律双色灯带2.0,rsdz.light.rosm11,rsdz.light.rosm11.png,
照明,卓闻,卓闻智能筒射灯（Mesh版）,thzm.light.wy0a01,thzm.light.wy0a01.png,
照明,博尔美,博尔美情景智能射灯,brm.light.wy0a01,brm.light.wy0a01.png,
照明,博途,博途智能吸顶灯,bt166.light.wy0a05,bt166.light.wy0a05.png,
照明,博途,博途智能灯带,bt166.light.wy0a04,bt166.light.wy0a04.png,
照明,博途,博途智能磁吸灯,bt166.light.wy0a03,bt166.light.wy0a03.png,
照明,博途,博途智能筒射灯,bt166.light.wy0a01,bt166.light.wy0a01.png,
照明,即乘,即乘COB筒射灯 蓝牙MESH版,zsjc.light.wy0b02,zsjc.light.wy0b02.png,
照明,即乘,即乘磁吸灯系列,zsjc.light.wy0b03,zsjc.light.wy0b03.png,
照明,即屋,即屋智能双色射灯G3,giwu.light.wy0a01,giwu.light.wy0a01.png,
照明,即米智家,即米宽色温灯带（Mesh 2.0）,mjkj.light.jmdd,mjkj.light.jmdd.png,
照明,即米智家,即米智能线性灯2.0,mjkj.light.wy0a05,mjkj.light.wy0a05.png,
照明,即米智家,即米智能装饰吸顶灯,mjkj.light.wy0a08,mjkj.light.wy0a08.png,
照明,即米智家,即米筒射灯2.0,mjkj.light.wy0a04,mjkj.light.wy0a04.png,
照明,即米智家,即米筒射灯Ultra,mjkj.light.wy0a07,mjkj.light.wy0a07.png,
照明,召阳,召阳情景智能灯带,zhaoy.light.wy0a02,zhaoy.light.wy0a02.png,
照明,召阳,召阳情景智能磁吸灯,zhaoy.light.wy0a01,zhaoy.light.wy0a01.png,
照明,召阳,召阳情景智能筒射灯,zhaoy.light.wy0a03,zhaoy.light.wy0a03.png,
照明,可派仕,可派仕智能筒射灯,kps.light.kpstsd,kps.light.kpstsd.png,
照明,司元,司元智能筒射灯（Mesh2.0）,xy001.light.sytsdm,xy001.light.sytsdm.png,
照明,吉兆致,吉兆致智能灯泡Mesh2.0,sp168.light.wy0a01,sp168.light.wy0a01.png,
照明,名景芯 MINCENSIN,名景芯 智能客厅吸顶灯 Ultra,mjx.light.wy0a03,mjx.light.wy0a03.png,
照明,名景芯 MINCENSIN,名景芯 智能家居吸顶灯 Ultra,mjx.light.wy0a02,mjx.light.wy0a02.png,
照明,名景芯 MINCENSIN,名景芯 智能筒射灯 Ultra,mjx.light.wy0a01,mjx.light.wy0a01.png,
照明,哥曼尼,GMN情景灯带（MESH版）,gmn.light.wyra01,gmn.light.wyra01.png,
照明,哥曼尼,哥曼尼G1系列卧室风扇灯,gmn.light.wyfan1,gmn.light.wyfan1.png,
照明,哥曼尼,哥曼尼G1系列吸顶灯（蓝牙Mesh版）,gmn.light.wy0a01,gmn.light.wy0a01.png,
照明,哥曼尼,哥曼尼情景双色吸顶灯,gmn.light.wy0w01,gmn.light.wy0w01.png,
照明,哥曼尼,哥曼尼情景双色筒灯（蓝牙mesh版）,gmn.light.wy0a02,gmn.light.wy0a02.png,
照明,哥曼尼,哥曼尼情景色温灯（MESH版）,gmn.light.wy0a04,gmn.light.wy0a04.png,
照明,哲成,哲成智能双色筒射灯,jmzc.light.wy0a01,jmzc.light.wy0a01.png,
照明,哲成,哲成智能筒射灯,jmzc.light.zcl03,jmzc.light.zcl03.png,
照明,哲成,哲成智能调光灯带,jmzc.light.zcl06,jmzc.light.zcl06.png,
照明,唯宝彩佳,唯宝彩佳智能筒射灯,vbocga.light.wy0a01,vbocga.light.wy0a01.png,
照明,噼啪,噼啪智能灯带(mesh),090615.light.pipadd,090615.light.pipadd.png,
照明,噼啪,噼啪智能防眩灯(mesh),090615.light.pipatd,090615.light.pipatd.png,
照明,固帝,固帝智能筒射灯,gudi.light.wy0a01,gudi.light.wy0a01.png,
照明,塔普顿,塔普顿智能筒射灯（Mesh2.0）,yhled.light.yhtsm,yhled.light.yhtsm.png,
照明,奕朗智能,YL智能无主灯,ftd.light.lmpyil,ftd.light.lmpyil.png,
照明,好光,好光万变光效调角洗墙射灯猎户,hlm.light.wy0a01,hlm.light.wy0a01.png,
照明,如糖智能,如糖全光谱色温灯Mesh,rutang.light.wy0a01,rutang.light.wy0a01.png,
照明,如见,如见mesh智能筒射灯M,rusee.light.wy0a01,rusee.light.wy0a01.png,
照明,妙朗,妙朗智能筒射灯,mioron.light.wy0a01,mioron.light.wy0a01.png,
照明,孩视宝,孩视宝儿童房吸顶灯(单色),szjzj.light.ah33c,szjzj.light.ah33c.png,
照明,孩视宝,孩视宝儿童房吸顶灯(多色),szjzj.light.ah33e,szjzj.light.ah33e.png,
照明,孩视宝,孩视宝舒目无叶风扇灯,szjzj.light.hsb01,szjzj.light.hsb01.png,
照明,孩视宝,孩视宝舒目极简卧室吸顶灯,szjzj.light.hsbwsd,szjzj.light.hsbwsd.png,
照明,孩视宝,孩视宝舒目极简客厅吸顶灯,szjzj.light.hsbktd,szjzj.light.hsbktd.png,
照明,孩视宝,孩视宝舒目氛围卧室吸顶灯,szjzj.light.hsbdws,szjzj.light.hsbdws.png,
照明,孩视宝,孩视宝舒目氛围客厅吸顶灯,szjzj.light.hsbdkt,szjzj.light.hsbdkt.png,
照明,孩视宝,孩视宝舒目筒射灯,szjzj.light.wy0a01,szjzj.light.wy0a01.png,
照明,宏光照明,宏光智能磁吸灯(Mesh2.0),honkon.light.hgcxd,honkon.light.hgcxd.png,
照明,宏光照明,宏光智能筒射灯(Mesh2.0),honkon.light.hgtsdm,honkon.light.hgtsdm.png,
照明,宜家,宜家 E14 暖白灯,ikea.light.led1649c5,ikea.light.led1649c5.png,
照明,宜家,宜家 E14 调温灯,ikea.light.led1536g5,ikea.light.led1536g5.png,
照明,宜家,宜家 E27 乳白调温灯,ikea.light.led1545g12,ikea.light.led1545g12.png,
照明,宜家,宜家 E27 暖白灯,ikea.light.led1623g12,ikea.light.led1623g12.png,
照明,宜家,宜家 E27 透明调温灯,ikea.light.led1546g12,ikea.light.led1546g12.png,
照明,宜家,宜家 GU10 暖白灯,ikea.light.led1650r5,ikea.light.led1650r5.png,
照明,宜家,宜家 GU10 调温灯,ikea.light.led1537r6,ikea.light.led1537r6.png,
照明,宜家,宜家麦希瑟E14 470lm智能烛泡灯,devcea.light.ls2305,devcea.light.ls2305.png,
照明,宜家,宜家麦希瑟E14 470lm智能球泡灯,devcea.light.ls2304,devcea.light.ls2304.png,
照明,宜家,宜家麦希瑟E27 1055lm智能球泡灯,devcea.light.ls2303,devcea.light.ls2303.png,
照明,宜家,宜家麦希瑟E27 600lm智能球泡灯,devcea.light.ls2302,devcea.light.ls2302.png,
照明,宜家,宜家麦希瑟E27 806lm智能彩色球泡灯,devcea.light.ls2307,devcea.light.ls2307.png,
照明,宜家,宜家麦希瑟GU10 345lm智能射灯,devcea.light.ls2306,devcea.light.ls2306.png,
照明,宜美照明,宜美照明吸顶灯（WiFi）,imigy.light.ym001,imigy.light.ym001.png,
照明,宝嘉丽,宝嘉丽智能吊灯,bjl.light.wy0a01,bjl.light.wy0a01.png,
照明,宝菲利,宝菲利智能筒射灯（Mesh2.0）,bfl1.light.wy0a01,bfl1.light.wy0a01.png,
照明,客来福智能整家,客来福智能灯带,klf888.light.wy0a02,klf888.light.wy0a02.png,
照明,客来福智能整家,客来福智能磁吸灯,klf888.light.wy0a03,klf888.light.wy0a03.png,
照明,客来福智能整家,客来福智能筒射灯,klf888.light.wy0a01,klf888.light.wy0a01.png,
照明,家斯特,家斯特智能筒射灯,gydz01.light.wy0a01,gydz01.light.wy0a01.png,
照明,家的,家的双模式吸顶灯,jiadi0.light.jwdm20,jiadi0.light.jwdm20.png,
照明,家的,家的反出光护眼射灯,jiadi0.light.v8hsm,jiadi0.light.v8hsm.png,
照明,家的,家的智能筒射灯（Mesh2.0）,jiadi0.light.v8hsm2,jiadi0.light.v8hsm2.png,
照明,小凯,小凯健康照明全光谱无叶风扇灯,xkai.light.wyfa01,xkai.light.wyfa01.png,
照明,小方,华来AI智能氛围灯带,isa.light.camsl1,isa.light.camsl1.png,
照明,小白,小白智能灯带,chuangmi.light.717a02,chuangmi.light.717a02.png,
照明,小白,小白智能灯带（专业版）,chuangmi.light.738a02,chuangmi.light.738a02.png,
照明,小白,小白智能看护灯,chuangmi.light.028a01,chuangmi.light.028a01.png,
照明,小白,小白智能磁吸灯,chuangmi.light.718a02,chuangmi.light.718a02.png,
照明,小白,小白智能磁吸灯（专业版）,chuangmi.light.739a02,chuangmi.light.739a02.png,
照明,小白,小白智能筒射灯,chuangmi.light.716a02,chuangmi.light.716a02.png,
照明,小白,小白智能筒射灯（专业版）,chuangmi.light.727a02,chuangmi.light.727a02.png,
照明,小米出品,小米汽车磁吸补光灯,careco.nlight.o654,careco.nlight.o654.png,
照明,小米出品,灯泡遥控,miir.light.ir01,miir.light.ir01.png,
照明,小米出品,米家LED射灯 蓝牙MESH版,yeelink.light.spot2,yeelink.light.spot2.png,
照明,小米出品,米家LED灯泡 蓝牙MESH版,yeelink.light.mbulb3,yeelink.light.mbulb3.png,
照明,小米出品,米家LED筒灯 蓝牙MESH版,yeelink.light.light3,yeelink.light.light3.png,
照明,小米出品,米家伴睡唤醒灯,philips.light.aibed,philips.light.aibed.png,
照明,小米出品,米家分体露营灯,hoto.light.lamp,hoto.light.lamp.png,
照明,小米出品,米家卧室吸顶灯350,yeelink.light.ceiling23,yeelink.light.ceiling23.png,
照明,小米出品,米家卧室吸顶灯450,yeelink.light.ceiling22,yeelink.light.ceiling22.png,
照明,小米出品,米家台灯,yeelink.light.lamp1,yeelink.light.lamp1.png,
照明,小米出品,米家台灯 1S,yeelink.light.lamp4,yeelink.light.lamp4.png,
照明,小米出品,米家台灯1S 增强版,yeelink.light.lamp27,yeelink.light.lamp27.png,
照明,小米出品,米家台灯1S增强版 耀夜黑,yeelink.light.lamp28,yeelink.light.lamp28.png,
照明,小米出品,米家台灯2,xiaomi.light.lamp31,xiaomi.light.lamp31.png,
照明,小米出品,米家台灯Pro,yeelink.light.lamp2,yeelink.light.lamp2.png,
照明,小米出品,米家台灯Pro 读写版,philips.light.sread9,philips.light.sread9.png,
照明,小米出品,米家吸顶灯D20,xiaomi.light.ceil01,xiaomi.light.ceil01.png,
照明,小米出品,米家吸顶灯D30,xiaomi.light.ceil02,xiaomi.light.ceil02.png,
照明,小米出品,米家吸顶灯D40,xiaomi.light.ceil03,xiaomi.light.ceil03.png,
照明,小米出品,米家吸顶灯L60,xiaomi.light.ceil04,xiaomi.light.ceil04.png,
照明,小米出品,米家吸顶灯L90,xiaomi.light.ceil05,xiaomi.light.ceil05.png,
照明,小米出品,米家吸顶灯Pro 卧室版,philips.light.pceilb,philips.light.pceilb.png,
照明,小米出品,米家吸顶灯Pro 客厅版,philips.light.pceil,philips.light.pceil.png,
照明,小米出品,米家吸顶灯Pro 超薄 D50,xiaomi.light.thin02,xiaomi.light.thin02.png,
照明,小米出品,米家吸顶灯Pro 超薄 D60,xiaomi.light.thin01,xiaomi.light.thin01.png,
照明,小米出品,米家吸顶灯Pro 超薄 L100,xiaomi.light.thin,xiaomi.light.thin.png,
照明,小米出品,米家夜灯2 蓝牙版,yeelink.light.nl1,yeelink.light.nl1.png,
照明,小米出品,米家客厅吸顶灯,yeelink.light.ceiling21,yeelink.light.ceiling21.png,
照明,小米出品,米家射灯2 Pro 蓝牙Mesh版,xiaomi.light.sp2p,xiaomi.light.sp2p.png,
照明,小米出品,米家射灯2 蓝牙Mesh版,xiaomi.light.sp2,xiaomi.light.sp2.png,
照明,小米出品,米家床头灯,yeelink.light.bslamp1,yeelink.light.bslamp1.png,
照明,小米出品,米家床头灯2代,yeelink.light.bslamp2,yeelink.light.bslamp2.png,
照明,小米出品,米家智能充电台灯,yeelink.light.lamp21,yeelink.light.lamp21.png,
照明,小米出品,米家智能光感夜灯,yeelink.light.nl2,yeelink.light.nl2.png,
照明,小米出品,米家智能台灯Lite,philips.light.lite,philips.light.lite.png,
照明,小米出品,米家智能显示器挂灯1S,yeelink.light.lamp22,yeelink.light.lamp22.png,
照明,小米出品,米家智能磁吸轨道系统 射灯,yeelink.light.ml8,yeelink.light.ml8.png,
照明,小米出品,米家智能磁吸轨道系统 格栅灯,yeelink.light.ml6,yeelink.light.ml6.png,
照明,小米出品,米家智能磁吸轨道系统 线条灯,yeelink.light.ml7,yeelink.light.ml7.png,
照明,小米出品,米家智能钢琴灯,philips.light.piano,philips.light.piano.png,
照明,小米出品,米家桌面学习灯,xiaomi.light.lamp35,xiaomi.light.lamp35.png,
照明,小米出品,米家桌面学习灯 Pro,xiaomi.light.lamp33,xiaomi.light.lamp33.png,
照明,小米出品,米家漫反射吸顶灯,xiaomi.light.ceil06,xiaomi.light.ceil06.png,
照明,小米出品,米家皮皮灯,dreame.light.r2229,dreame.light.r2229.png,
照明,小米出品,米家立式学习灯,xiaomi.light.lamp30,xiaomi.light.lamp30.png,
照明,小米出品,米家立式学习灯 Pro,xiaomi.light.lamp34,xiaomi.light.lamp34.png,
照明,小米出品,米家立式学习灯2,xiaomi.light.lishi2,xiaomi.light.lishi2.png,
照明,小米出品,米家筒灯2 Pro 蓝牙Mesh版,xiaomi.light.btlm2p,xiaomi.light.btlm2p.png,
照明,小米出品,米家筒灯2 蓝牙Mesh版,xiaomi.light.btlm2,xiaomi.light.btlm2.png,
照明,小米出品,米家追光氛围灯带,philips.light.strip3,philips.light.strip3.png,
照明,小米出品,米家面板灯L30 蓝牙Mesh版,xiaomi.light.ceil30,xiaomi.light.ceil30.png,
照明,小米出品,米家面板灯L60 蓝牙Mesh版,xiaomi.light.ceil60,xiaomi.light.ceil60.png,
照明,小米出品,米家风扇灯 36英寸,xiaomi.light.cfan01,xiaomi.light.cfan01.png,
照明,小米出品,米家风扇灯 42英寸,xiaomi.light.cfan,xiaomi.light.cfan.png,
照明,小米出品,米家飞利浦卧室吸顶灯 典雅版,philips.light.ceil33,philips.light.ceil33.png,
照明,小米出品,米家飞利浦台灯2S,philips.light.sread2,philips.light.sread2.png,
照明,小米出品,米家飞利浦台灯3,philips.light.sread3,philips.light.sread3.png,
照明,小米出品,米家飞利浦客厅吸顶灯 典雅版,philips.light.ceilp,philips.light.ceilp.png,
照明,小米出品,米家飞利浦彩光灯泡,philips.light.cbulb,philips.light.cbulb.png,
照明,小米出品,米家飞利浦蓝牙夜灯,philips.light.nlight,philips.light.nlight.png,
照明,小米出品,米家飞利浦读写台灯,philips.light.rwread,philips.light.rwread.png,
照明,小米出品,米家餐厅吊灯1,xiaomi.light.dinw,xiaomi.light.dinw.png,
照明,小米出品,米家餐厅吊灯2,xiaomi.light.dining,xiaomi.light.dining.png,
照明,小米出品,车顶滑轨灯,careco.light.track,careco.light.track.png,
照明,居阁亮,JGL智能筒射灯MESH2.0,jugel.light.jgltsd,jugel.light.jgltsd.png,
照明,山和时代,山和照明情景智能筒射灯SH-ZN12W,shanh.light.wy0a01,shanh.light.wy0a01.png,
照明,山晶特控,山晶特控 床头灯WiFi版,hzsj.light.wy0a03,hzsj.light.wy0a03.png,
照明,山晶特控,山晶特控 情景夜灯Mesh R1版,hzsj.light.wy0a01,hzsj.light.wy0a01.png,
照明,山晶特控,山晶特控 情景色温灯WiFi版,hzsj.light.wy0a02,hzsj.light.wy0a02.png,
照明,山晶特控,山晶特控 氛围夜灯Mesh Q1版,hzsj.light.wyra01,hzsj.light.wyra01.png,
照明,山晶特控,山晶特控 氛围床头灯WiFi版,hzsj.light.wyfa03,hzsj.light.wyfa03.png,
照明,山晶特控,山晶特控 氛围灯WiFi版,hzsj.light.wyra02,hzsj.light.wyra02.png,
照明,巴伦,BL智能吸顶灯,login.light.wy0a01,login.light.wy0a01.png,
照明,希尔顿,希尔顿筒射灯（Mesh2.0）,yyzm.light.xedts,yyzm.light.xedts.png,
照明,希尔顿,希尔顿节律光2.0护眼灯air,yyzm.light.xedxdd,yyzm.light.xedxdd.png,
照明,平头熊,平头熊F1溢彩灯带(Mesh2.0),ptx.light.fargb,ptx.light.fargb.png,
照明,平头熊,平头熊F1火星灯带控制器（Mesh2.0）,090615.light.dd20,090615.light.dd20.png,
照明,平头熊,平头熊F5金星调光筒射灯,ptx.light.f5lig,ptx.light.f5lig.png,
照明,平头熊,平头熊K1 Pro调光筒射灯(Mesh2.0),090615.light.k1pro1,090615.light.k1pro1.png,
照明,平头熊,平头熊二三线调光灯带,ptx.light.dd23,ptx.light.dd23.png,
照明,平头熊,平头熊人体存在筒射灯,ptx.light.akligs,ptx.light.akligs.png,
照明,平头熊,平头熊智能射灯,ptx.light.aklig,ptx.light.aklig.png,
照明,平头熊,平头熊智能筒灯,ptx.light.aktlig,ptx.light.aktlig.png,
照明,平头熊,平头熊臻彩律动灯带,ptx.light.icrgbm,ptx.light.icrgbm.png,
照明,广兴洲,广兴洲智能筒射灯（05系列）,kinxzo.light.wy0a02,kinxzo.light.wy0a02.png,
照明,广磁,广磁智能筒射灯,gczm.light.wy0a01,gczm.light.wy0a01.png,
照明,广顿照明,广顿照明智能球泡灯,dyds01.light.dayblb,dyds01.light.dayblb.png,
照明,广颂,广颂S1智能灯带(Mesh2.0),gsm.light.gszns2,gsm.light.gszns2.png,
照明,康霓,康霓智控线性灯K2,atmkn.light.wy0a02,atmkn.light.wy0a02.png,
照明,康霓,康霓智控防眩筒射灯K1,atmkn.light.wy0a01,atmkn.light.wy0a01.png,
照明,开利照明,开利智能磁吸灯,kaili.light.wy0a02,kaili.light.wy0a02.png,
照明,开利照明,开利智能筒射灯,kaili.light.wy0a01,kaili.light.wy0a01.png,
照明,式亚,晓翼智能灯mesh版,symi.light.wy0a03,symi.light.wy0a03.png,
照明,徕亮,小徕智存智能灯X1,laig.light.radar,laig.light.radar.png,
照明,得邦,得邦照明A60球泡灯,tospo1.light.bpzp01,tospo1.light.bpzp01.png,
照明,得邦,得邦照明A70球泡灯,tospo1.light.bpzp02,tospo1.light.bpzp02.png,
照明,得邦,得邦照明LED 七彩球泡12W,tospo1.light.bpzc02,tospo1.light.bpzc02.png,
照明,得邦,得邦照明LED 七彩球泡7W,tospo1.light.bpzc01,tospo1.light.bpzc01.png,
照明,得邦,得邦照明光源模组,tospo1.light.rpc01,tospo1.light.rpc01.png,
照明,微波雷达,微波智能双色灯带L1,wbzn01.light.wzbm20,wbzn01.light.wzbm20.png,
照明,德蒙士,德蒙士智能节律灯,wiing.light.dmsswd,wiing.light.dmsswd.png,
照明,心新,心新落地冷暖灯,hnlife.light.socw01,hnlife.light.socw01.png,
照明,心新,心新落地幻彩灯,hnlife.light.socd01,hnlife.light.socd01.png,
照明,思码光,思码光云霞四合一淡彩灯带,manew.light.wyra01,manew.light.wyra01.png,
照明,思码光,思码光云霞淡彩云境灯,manew.light.wyra06,manew.light.wyra06.png,
照明,思码光,思码光云霞淡彩落地灯,manew.light.wyra03,manew.light.wyra03.png,
照明,思码光,思码光云霞电视同步灯带,manew.light.wyra02,manew.light.wyra02.png,
照明,思码光,思码光扶光D智能射灯,manew.light.wy0a03,manew.light.wy0a03.png,
照明,思码光,思码光扶光双色温灯带,manew.light.wy0a01,manew.light.wy0a01.png,
照明,思码光,思码光扶光智能筒射灯,manew.light.wy0a02,manew.light.wy0a02.png,
照明,悍高HIGOLD,悍高智能柜类灯(MESH),ftd.light.hglmp,ftd.light.hglmp.png,
照明,悠觅,悠觅智能双色灯带MESH2.0,tofan.light.ltds2,tofan.light.ltds2.png,
照明,悠觅,悠觅觅光智能筒射灯MESH2.0,tofan.light.lts2,tofan.light.lts2.png,
照明,情景,情景智能吸顶灯,yg1.light.wy0a04,yg1.light.wy0a04.png,
照明,情景,情景智能灯带,yg1.light.wy0a01,yg1.light.wy0a01.png,
照明,情景,情景智能筒射灯,yg1.light.wy0a03,yg1.light.wy0a03.png,
照明,情景,情景爱眼天镜吸顶灯,yg1.light.wy0a05,yg1.light.wy0a05.png,
照明,意菲意,意菲意LED智能吸顶灯,efe888.light.wy0a01,efe888.light.wy0a01.png,
照明,意菲意,意菲意智能吸顶灯,efe888.light.wy0a02,efe888.light.wy0a02.png,
照明,慕容柯,慕容柯智能灯,murong.light.mrk004,murong.light.mrk004.png,
照明,慕容柯,慕容柯节律灯Mesh2.0,murong.light.mrk007,murong.light.mrk007.png,
照明,托博电器,托博智能灯带,torbo.light.wy0a01,torbo.light.wy0a01.png,
照明,拓凡智联,YOOMI智能双色灯D7-Mesh,tofan.light.lt07,tofan.light.lt07.png,
照明,探硕,探硕情景智能灯带2.0,yhj.light.wy0a02,yhj.light.wy0a02.png,
照明,探硕,探硕情景智能筒射灯2.0,yhj.light.wy0a01,yhj.light.wy0a01.png,
照明,数字旮旯,小蓝灯,ddy.light.clhad,ddy.light.clhad.png,
照明,文鳐人感LED,文鳐人感LED灯,wyled.light.hl08,wyled.light.hl08.png,
照明,新极,新极智能0眩光超凡Pro2.0,xinji.light.wy0a05,xinji.light.wy0a05.png,
照明,新极,新极智能吸顶灯Pro,xinji.light.wy0a08,xinji.light.wy0a08.png,
照明,新极,新极智能无主灯,xinji.light.wy0a02,xinji.light.wy0a02.png,
照明,新极,新极智能灯,xinji.light.wy0a01,xinji.light.wy0a01.png,
照明,新极,新极智能灯带Pro2.0,xinji.light.wy0a04,xinji.light.wy0a04.png,
照明,新极,新极智能筒射灯Pro2.0,xinji.light.wy0a03,xinji.light.wy0a03.png,
照明,新特丽,新特丽天际线智能餐吊灯,comely.light.wy0a03,comely.light.wy0a03.png,
照明,新视界照明,新视界智能筒射灯（Mesh2.0）,xsj.light.xsjts1,xsj.light.xsjts1.png,
照明,方舟鱼,方舟鱼人体存在平板灯,line.light.frcpbd,line.light.frcpbd.png,
照明,方舟鱼,方舟鱼人体存在平板灯MP,line.light.frzpbd,line.light.frzpbd.png,
照明,施耐朗,施耐朗吸顶灯,sln88.light.wy0a02,sln88.light.wy0a02.png,
照明,施耐朗,施耐朗智能客厅吸顶灯,sln88.light.wy0a03,sln88.light.wy0a03.png,
照明,旁特照明,旁特照明智能灯带,punter.light.wy0a02,punter.light.wy0a02.png,
照明,旁特照明,旁特照明智能筒射灯PT,punter.light.wy0a01,punter.light.wy0a01.png,
照明,日信智能,日信智能磁吸灯（Mesh2.0）,rayai.light.rxcxd1,rayai.light.rxcxd1.png,
照明,日信智能,日信智能筒射灯（Mesh2.0）,rayai.light.rxtsd1,rayai.light.rxtsd1.png,
照明,日月盒子 RIYUE BOX,日月盒子无叶风扇灯,ftd.light.flpryz,ftd.light.flpryz.png,
照明,明觅,明觅智能筒射灯,szy1.light.wy0a01,szy1.light.wy0a01.png,
照明,易得信,易得信智能吸顶灯,ydx166.light.wy0a02,ydx166.light.wy0a02.png,
照明,易来,易来 皑月LED吸顶灯 480,yilai.light.ceiling1,yilai.light.ceiling1.png,
照明,易来,易来 荷枫LED吸顶灯 430,yilai.light.ceiling2,yilai.light.ceiling2.png,
照明,易来,易来 荷枫LED吸顶灯 Pro,yilai.light.ceiling3,yilai.light.ceiling3.png,
照明,星发现,星发现情景智能射灯,star1.light.wy3a02,star1.light.wy3a02.png,
照明,星悦亮,星悦亮智能筒射灯,mj188.light.wy0a01,mj188.light.wy0a01.png,
照明,星明浩,XMH智能LED灯带,xmd.light.wy0a07,xmd.light.wy0a07.png,
照明,星明浩,XMH智能吸顶灯,xmd.light.wy0a06,xmd.light.wy0a06.png,
照明,星明浩,XMH智能筒射灯A8,xmd.light.wy1a01,xmd.light.wy1a01.png,
照明,星明浩,星明浩人体存在平板灯,xmd.light.pbd01,xmd.light.pbd01.png,
照明,星月影,星月影智能射灯,seomsh.light.xyysd1,seomsh.light.xyysd1.png,
照明,星月影,星月影智能灯带,seomsh.light.wy0a02,seomsh.light.wy0a02.png,
照明,星月影,星月影智能磁吸灯,seomsh.light.wy0a03,seomsh.light.wy0a03.png,
照明,星月影,星月影智能磁吸轨道灯,seomsh.light.xyycx1,seomsh.light.xyycx1.png,
照明,星月影,星月影智能筒射灯,seomsh.light.wy0a01,seomsh.light.wy0a01.png,
照明,星月影,星月影智能筒灯,seomsh.light.xyytd1,seomsh.light.xyytd1.png,
照明,星月影,星月影智能调光灯带,seomsh.light.xyydd1,seomsh.light.xyydd1.png,
照明,星月影,星月影智能风扇灯,seomsh.light.wyfa01,seomsh.light.wyfa01.png,
照明,星月影,星月影风扇灯Master,seomsh.light.fsdmst,seomsh.light.fsdmst.png,
照明,星虹,风扇灯,xingh.light.fsd1,xingh.light.fsd1.png,
照明,晓翼,晓翼Mesh筒射灯Ultra,symi.light.wy0a07,symi.light.wy0a07.png,
照明,晖昂,晖昂智能灯带,huia.light.wy0a02,huia.light.wy0a02.png,
照明,晖昂,晖昂智能磁吸灯,huia.light.wy0a03,huia.light.wy0a03.png,
照明,晖昂,晖昂智能筒射灯,huia.light.wy0a01,huia.light.wy0a01.png,
照明,普惠照明,普惠客厅护眼吸顶灯,glvst.light.wwgv22,glvst.light.wwgv22.png,
照明,普惠照明,普惠护眼吸顶灯,glvst.light.wwgbv2,glvst.light.wwgbv2.png,
照明,晶利源电子,JLY智能调光灯带,jlyhxy.light.wy0a01,jlyhxy.light.wy0a01.png,
照明,晶米,晶米智能筒射灯mesh版,ykl.light.wy0a01,ykl.light.wy0a01.png,
照明,智信物联,智信物联深度防眩射灯ZX-SL09,cqzx.light.wy0a01,cqzx.light.wy0a01.png,
照明,智和家,智和家 智能双色温灯带2.0,zhj.light.wy0a04,zhj.light.wy0a04.png,
照明,智和家,智和家 智能磁吸灯2.0,zhj.light.wy0a03,zhj.light.wy0a03.png,
照明,智和家,智和家 超省电万一调光筒射灯,zhj.light.wy0a05,zhj.light.wy0a05.png,
照明,智和家,智和家PLC智能筒射灯,zhj.light.zhjp01,zhj.light.zhjp01.png,
照明,智和家,智和家PLC智能线性灯,zhj.light.zhjp02,zhj.light.zhjp02.png,
照明,智和家,智和家动态淡彩光天幕灯,zhj.light.rgbcwz,zhj.light.rgbcwz.png,
照明,智和家,智和家智能无主灯,zhj.light.wy0a01,zhj.light.wy0a01.png,
照明,智和家,智和家智能筒射灯2.0,zhj.light.wy0a02,zhj.light.wy0a02.png,
照明,智悦,Side智能吸顶灯,gtop.light.yl01,gtop.light.yl01.png,
照明,智悦,智悦吸顶灯,gtop.light.xl01,gtop.light.xl01.png,
照明,智悦,智悦无叶清风灯,gtop.light.fan04,gtop.light.fan04.png,
照明,智悦,智悦智能led吸顶灯,gtop.light.c06,gtop.light.c06.png,
照明,智悦,智悦智能吸顶灯,gtop.light.eps119,gtop.light.eps119.png,
照明,智悦,智悦智能吸顶灯pro,gtop.light.c05,gtop.light.c05.png,
照明,智悦,智悦智能吸顶灯通用款,gtop.light.c04,gtop.light.c04.png,
照明,智拉斐,智拉斐Y8大板旋钮单调光,slf.light.w00a01,slf.light.w00a01.png,
照明,智拉斐,智拉斐Y8大板旋钮色温调光,slf.light.wy0a01,slf.light.wy0a01.png,
照明,智步,智步人体感应氛围灯,doonne.light.pir01,doonne.light.pir01.png,
照明,智步,智步极光灯ZC5,doonne.light.rgbcw5,doonne.light.rgbcw5.png,
照明,智步,智步楼梯灯ZM1,doonne.light.002,doonne.light.002.png,
照明,智汇云,智汇云全彩音乐律动控制器,ezhome.light.l0001,ezhome.light.l0001.png,
照明,智能小灯,智能小灯深防眩灯PRO,gdled.light.wy0a01,gdled.light.wy0a01.png,
照明,智邦熊,智邦熊智能灯带UItra2.0,cxznkj.light.wy0a02,cxznkj.light.wy0a02.png,
照明,智邦熊,智邦熊智能筒射灯UItra2.0,cxznkj.light.wy0a01,cxznkj.light.wy0a01.png,
照明,智领袖,智领袖智能磁吸灯,zlx.light.zlxcxd,zlx.light.zlxcxd.png,
照明,智领袖,智领袖智能筒射灯御光系列,zlx.light.wy0a01,zlx.light.wy0a01.png,
照明,智领袖,智领袖智能调光灯带,zlx.light.zlxddm,zlx.light.zlxddm.png,
照明,月影,月影护眼磁吸灯,mjzm.light.magnet,mjzm.light.magnet.png,
照明,月影,月影护眼筒射灯,mjzm.light.v1,mjzm.light.v1.png,
照明,月影,月影智能护眼灯air,mjzm.light.6030,mjzm.light.6030.png,
照明,月影,月影智能灯带（Mesh2.0）,yyzm.light.v8hsm,yyzm.light.v8hsm.png,
照明,月影,月影智能照明吸顶灯pro,mjzm.light.mf7502,mjzm.light.mf7502.png,
照明,月影,月影智能磁吸灯（Mesh2.0）,yyzm.light.yycx,yyzm.light.yycx.png,
照明,月影,月影智能筒射灯（Mesh2.0）,yyzm.light.yyts,yyzm.light.yyts.png,
照明,月影,月影自然光变频风扇灯,mjzm.light.yyfy02,mjzm.light.yyfy02.png,
照明,月影,月影自然光护眼灯,mjzm.light.ceilin,mjzm.light.ceilin.png,
照明,月影,月影自然光环境护眼灯,mjzm.light.yyfy01,mjzm.light.yyfy01.png,
照明,月影,月影节律光2.0感应护眼灯air,yyzm.light.yyzhy1,yyzm.light.yyzhy1.png,
照明,月影,月影节律光2.0感应护眼灯pro,yyzm.light.yyzmxd,yyzm.light.yyzmxd.png,
照明,月影,月影节律光2.0护眼灯air,yyzm.light.yyhyd1,yyzm.light.yyhyd1.png,
照明,朗尊,朗尊MESH2.0智能控制情景灯带,lzmesh.light.wy0a02,lzmesh.light.wy0a02.png,
照明,朗尊,朗尊MESH智能筒射灯,lzmesh.light.wy0a01,lzmesh.light.wy0a01.png,
照明,朗尊,朗尊蓝牙MESH2.0筒射灯,lzmesh.light.wy0a03,lzmesh.light.wy0a03.png,
照明,朗德万斯,朗德万斯溪柚卧室系列吸顶灯,ledv.light.wy0a02,ledv.light.wy0a02.png,
照明,朗德万斯,朗德万斯溪柚客厅系列吸顶灯,ledv.light.wy0a01,ledv.light.wy0a01.png,
照明,朗德万斯,朗德万斯灯带(Mesh2.0),lvgmbh.light.lvdd01,lvgmbh.light.lvdd01.png,
照明,木林森,木林森智能照明吸顶灯1,mls.light.mls001,mls.light.mls001.png,
照明,木林森,木林森智能照明吸顶灯2,mls.light.mls002,mls.light.mls002.png,
照明,木林森,木林森智能照明吸顶灯3,mls.light.mls003,mls.light.mls003.png,
照明,未来居,未来居智能射灯（mesh 2.0）,bymiot.light.wlv5,bymiot.light.wlv5.png,
照明,未来居,未来居智能调光灯(MESH),bymiot.light.wlv2,bymiot.light.wlv2.png,
照明,未来居科技,未来居Mesh智能灯带Ultra,bymiot.light.wlv14,bymiot.light.wlv14.png,
照明,未来居科技,未来居Mesh智能磁吸射灯Ultra,bymiot.light.wlv9,bymiot.light.wlv9.png,
照明,未来居科技,未来居Mesh智能磁吸格栅灯Ultra,bymiot.light.wlv8,bymiot.light.wlv8.png,
照明,未来居科技,未来居Mesh智能磁吸泛光灯Ultra,bymiot.light.wlv10,bymiot.light.wlv10.png,
照明,未来居科技,未来居PLC恒压驱动电源,bymiot.light.plcv2,bymiot.light.plcv2.png,
照明,未来居科技,未来居PLC恒流驱动电源,bymiot.light.plcv1,bymiot.light.plcv1.png,
照明,未来居科技,未来居智能筒射灯(巨省电),bymiot.light.wljtsd,bymiot.light.wljtsd.png,
照明,未来居科技,未来居轻连调光灯带控制器（Mesh 2.0）,bymiot.light.wlv3,bymiot.light.wlv3.png,
照明,未来鸟,未来鸟灯带控制器Q2,wlnkj.light.light,wlnkj.light.light.png,
照明,杜蒙,杜蒙智能磁吸灯Mesh2.0,ygzm.light.wy0a03,ygzm.light.wy0a03.png,
照明,杜蒙,杜蒙智能黑金灯带,ygzm.light.wy0a02,ygzm.light.wy0a02.png,
照明,杜蒙,杜蒙筒射灯X1Pro,ygzm.light.wy0a01,ygzm.light.wy0a01.png,
照明,束璨,SALY束璨健康光吸顶灯,luno.light.wy0a03,luno.light.wy0a03.png,
照明,束璨,SALY束璨健康光筒射灯,luno.light.wy0a02,luno.light.wy0a02.png,
照明,松下,松下台灯,pmfbj.light.tl0666,pmfbj.light.tl0666.png,
照明,松下,松下台灯pro,pmfbj.light.wy0b01,pmfbj.light.wy0b01.png,
照明,松下,松下台灯pro+,pmfbj.light.lt0668,pmfbj.light.lt0668.png,
照明,松下,松下吸顶灯,pmfbj.light.xsx341,pmfbj.light.xsx341.png,
照明,松下,松下明畔吸顶灯,pmfbj.light.xsx330,pmfbj.light.xsx330.png,
照明,松下,松下智能吸顶灯Max,pmfbj.light.xs2403,pmfbj.light.xs2403.png,
照明,松下,松下智能吸顶灯pro,pmfbj.light.xsx880,pmfbj.light.xsx880.png,
照明,松下,松下智能恒压DC灯带,pmfbj.light.820580,pmfbj.light.820580.png,
照明,松下,松下智能筒射灯,pmfbj.light.9z252s,pmfbj.light.9z252s.png,
照明,松下,松下智能花吊灯,pmfbj.light.xsx345,pmfbj.light.xsx345.png,
照明,松下,松下松恬吸顶灯,pmfbj.light.xsx332,pmfbj.light.xsx332.png,
照明,松下,松下立式护眼灯,pmfbj.light.tz8001,pmfbj.light.tz8001.png,
照明,松下,松下筒射灯,pmfbj.light.7s203s,pmfbj.light.7s203s.png,
照明,松下,松下花吊灯,pmfbj.light.xsx344,pmfbj.light.xsx344.png,
照明,松下,松下落地灯,pmfbj.light.ts2001,pmfbj.light.ts2001.png,
照明,松下,松下颖伦吸顶灯,pmfbj.light.xsx505,pmfbj.light.xsx505.png,
照明,松下,松下风扇灯,pmfbj.light.lz8321,pmfbj.light.lz8321.png,
照明,松下,松下餐吊灯,pmfbj.light.ls5000,pmfbj.light.ls5000.png,
照明,松伟灯饰,松伟高端智能光学照明灯 QR-1,sover.light.wy0a01,sover.light.wy0a01.png,
照明,松伟灯饰,松伟高端智能装饰吸顶灯XD1,sover.light.wy0a03,sover.light.wy0a03.png,
照明,松伟灯饰,松伟高端智能装饰灯D1,sover.light.wy0a02,sover.light.wy0a02.png,
照明,松芃,松芃智能灯带,speng.light.sfddm1,speng.light.sfddm1.png,
照明,松鼠,松鼠情景智能磁吸灯,ssznkj.light.wy0a02,ssznkj.light.wy0a02.png,
照明,松鼠,松鼠智能灯带,ssznkj.light.wy0a01,ssznkj.light.wy0a01.png,
照明,松鼠,松鼠智能筒射灯,ssznkj.light.wy0a03,ssznkj.light.wy0a03.png,
照明,柏晶,柏晶智能射灯,bogin8.light.wy0a01,bogin8.light.wy0a01.png,
照明,柏晶,柏晶智能灯带,bogin8.light.wy0a02,bogin8.light.wy0a02.png,
照明,柏曼,柏曼嵌入磁吸长条灯,pbm.light.wy0a01,pbm.light.wy0a01.png,
照明,柏曼,柏曼日光Air吸顶灯 中款,pbm.light.fdyxwl,pbm.light.fdyxwl.png,
照明,柏曼,柏曼日光Air吸顶灯 大款,pbm.light.cbyxwl,pbm.light.cbyxwl.png,
照明,柏曼,柏曼日光Air吸顶灯 方形,pbm.light.cbfxwl,pbm.light.cbfxwl.png,
照明,柏曼,柏曼智能双色灯,pbm.light.accct1,pbm.light.accct1.png,
照明,柏曼,柏曼智能台地灯-HCL,pbm.light.pmt054,pbm.light.pmt054.png,
照明,柏曼,柏曼智能无叶风扇灯V1,pbm.light.fancl1,pbm.light.fancl1.png,
照明,柏曼,柏曼智能节律灯 Pro,pbm.light.pxd5v2,pbm.light.pxd5v2.png,
照明,柏曼,柏曼智能节律灯 Pro Max,pbm.light.pdxst3,pbm.light.pdxst3.png,
照明,柏曼,柏曼智能节律灯- B1,pbm.light.pm07s,pbm.light.pm07s.png,
照明,柏曼,柏曼智能节律灯- B2,pbm.light.ptst1b,pbm.light.ptst1b.png,
照明,柏曼,柏曼智能节律灯Plus,pbm.light.bmsld,pbm.light.bmsld.png,
照明,柏曼,柏曼智能调光灯-B1,pbm.light.pm07d,pbm.light.pm07d.png,
照明,柏曼,柏曼智能调光灯-B2,pbm.light.ptsd1b,pbm.light.ptsd1b.png,
照明,柏曼,柏曼智能风扇灯,pbm.light.lfs001,pbm.light.lfs001.png,
照明,柏曼,柏曼灵动光台灯,pbm.light.td001,pbm.light.td001.png,
照明,柏曼,柏曼熙光餐吊灯1.2m,pbm.light.pdst4,pbm.light.pdst4.png,
照明,柏曼,柏曼熙光餐吊灯1.6m,pbm.light.pcdct5,pbm.light.pcdct5.png,
照明,柏曼,柏曼骑士 Z Max 智能大路灯,pbm.light.plst2p,pbm.light.plst2p.png,
照明,柏曼,柏曼骑士 Z Pro 智能大路灯,pbm.light.plst2m,pbm.light.plst2m.png,
照明,树色,树色小夜灯（Mesh2.0）,shuse.light.lgt02,shuse.light.lgt02.png,
照明,格派,格派智能筒射灯,gepai.light.wy0a01,gepai.light.wy0a01.png,
照明,桂家,桂家超薄智能灯带,hekai1.light.wy0a01,hekai1.light.wy0a01.png,
照明,桌哒,桌哒 智能LED氛围灯,ucng.light.v8uswd,ucng.light.v8uswd.png,
照明,桦府,HF智能筒射灯（Mesh2.0）,huafu.light.hftsdm,huafu.light.hftsdm.png,
照明,梓阳,梓阳全屋智能筒射灯Mesh2.0,bxy.light.bxyts1,bxy.light.bxyts1.png,
照明,植树,植树照明智能吸顶灯,zszm.light.wy0a03,zszm.light.wy0a03.png,
照明,植树,植树照明智能射灯,zszm.light.wy0a02,zszm.light.wy0a02.png,
照明,植梦,植梦全光谱灯带,zmzm.light.wy0a02,zmzm.light.wy0a02.png,
照明,植梦,植梦筒射灯,zmzm.light.wy0a01,zmzm.light.wy0a01.png,
照明,欧司朗,欧司朗智能卧室吸顶灯A1pro,traxon.light.osrm20,traxon.light.osrm20.png,
照明,欧司朗,欧司朗智能吸顶灯A1pro,traxon.light.oslxdd,traxon.light.oslxdd.png,
照明,欧司朗,欧司朗智能筒射灯ODS系列,traxon.light.x3,traxon.light.x3.png,
照明,欧司朗,欧司朗超薄智能X1系列,traxon.light.x1,traxon.light.x1.png,
照明,欧司朗,欧司朗超薄智能X2系列,traxon.light.x2,traxon.light.x2.png,
照明,欧塔,OUTA智能筒射灯（Mesh2.0）,oot.light.ottsdm,oot.light.ottsdm.png,
照明,欧普,OPPLE  单色灯带,opple.light.2d02d1,opple.light.2d02d1.png,
照明,欧普,OPPLE  双色灯带,opple.light.2d01d1,opple.light.2d01d1.png,
照明,欧普,OPPLE  天境吸顶灯,opple.light.2907d2,opple.light.2907d2.png,
照明,欧普,OPPLE  智能主辅光灯,opple.light.2906d1,opple.light.2906d1.png,
照明,欧普,OPPLE  筒射灯,opple.light.2d01d2,opple.light.2d01d2.png,
照明,欧普,OPPLE CX15磁吸导轨灯,opple.light.2e01d1,opple.light.2e01d1.png,
照明,欧普,OPPLE CX20磁吸导轨灯,opple.light.000ad1,opple.light.000ad1.png,
照明,欧普,OPPLE SDL吸顶灯组,opple.light.510703,opple.light.510703.png,
照明,欧普,OPPLE SDL智能灯组,opple.light.510702,opple.light.510702.png,
照明,欧普,OPPLE SDL灯带,opple.light.2d07c2,opple.light.2d07c2.png,
照明,欧普,OPPLE SDL筒射灯,opple.light.2d07d6,opple.light.2d07d6.png,
照明,欧普,OPPLE 元睿2 Plus台灯,opple.light.000512,opple.light.000512.png,
照明,欧普,OPPLE 博悦 Pro台灯,opple.light.brpro,opple.light.brpro.png,
照明,欧普,OPPLE 博睿 Pro台灯,opple.light.000510,opple.light.000510.png,
照明,欧普,OPPLE 博睿S台灯,opple.light.brs,opple.light.brs.png,
照明,欧普,OPPLE 厨卫灯,opple.light.qling,opple.light.qling.png,
照明,欧普,OPPLE 悦瞳L3 Pro落地灯,opple.light.2d0602,opple.light.2d0602.png,
照明,欧普,OPPLE 明炫Ⅱ 射灯,opple.light.opmxsd,opple.light.opmxsd.png,
照明,欧普,OPPLE 智能吸顶灯,opple.light.290102,opple.light.290102.png,
照明,欧普,OPPLE 智能灯组,opple.light.510101,opple.light.510101.png,
照明,欧普,OPPLE 智能风扇灯,opple.light.fanlight,opple.light.fanlight.png,
照明,欧普,OPPLE 欧普照明智能灯 PRO,opple.light.gy,opple.light.gy.png,
照明,欧普,OPPLE 欧普照明智能灯 S,opple.light.moath,opple.light.moath.png,
照明,欧普,OPPLE 直流变频风扇灯,opple.light.dcfan,opple.light.dcfan.png,
照明,欧普,OPPLE京悦 台灯,opple.light.jytd,opple.light.jytd.png,
照明,欧普,OPPLE元悦2Pro台灯,opple.light.yytd,opple.light.yytd.png,
照明,欧普,OPPLE元悦3PLUS台灯,opple.light.yy3p,opple.light.yy3p.png,
照明,欧普,OPPLE元睿2Pro台灯,opple.light.yrtd,opple.light.yrtd.png,
照明,欧普,OPPLE冰雨射灯,opple.light.bysd,opple.light.bysd.png,
照明,欧普,OPPLE冰雨筒灯,opple.light.bytd,opple.light.bytd.png,
照明,欧普,OPPLE智能筒射灯,opple.light.optd,opple.light.optd.png,
照明,欧普,OPPLE欧普照明智能灯,opple.light.bydceiling,opple.light.bydceiling.png,
照明,欧普,OPPLE米悦 Pro台灯,opple.light.3plus,opple.light.3plus.png,
照明,欧普,OPPLE米格2Pro台灯,opple.light.mgtd,opple.light.mgtd.png,
照明,欧普,OPPLE米格3Pro台灯,opple.light.mg3td,opple.light.mg3td.png,
照明,欧普,欧普智能台灯 Mode A,opple.light.tablgt,opple.light.tablgt.png,
照明,欧普,欧普智能台灯 Mode B,opple.light.tabcol,opple.light.tabcol.png,
照明,欧普,欧普智能台灯 Mode C,opple.light.tabcw,opple.light.tabcw.png,
照明,欧普,欧普智能灯带 Mode A,opple.light.lgtstr,opple.light.lgtstr.png,
照明,欧普,欧普智能灯板 Mode A,opple.light.barelp,opple.light.barelp.png,
照明,欧普,欧普照明灵晖吸顶灯,opple.light.opxddw,opple.light.opxddw.png,
照明,欧普,欧普装饰风扇灯,opple.light.lifa01,opple.light.lifa01.png,
照明,欧普,欧普风扇灯,opple.light.dcfan5,opple.light.dcfan5.png,
照明,欧普,欧普风扇灯pro,opple.light.dcfan8,opple.light.dcfan8.png,
照明,欧普,欧普风扇灯proII,opple.light.dcfan9,opple.light.dcfan9.png,
照明,欧铁,欧铁智能灯带,euty.light.wy0a02,euty.light.wy0a02.png,
照明,欧铁,欧铁智能磁吸灯,euty.light.wy0a03,euty.light.wy0a03.png,
照明,欧铁,欧铁智能筒射灯,euty.light.wy0a01,euty.light.wy0a01.png,
照明,步路思,步路思橱柜双色温灯,buluce.light.0006,buluce.light.0006.png,
照明,永杰霖,永杰霖双色智能灯带,yjlkj.light.wy0a01,yjlkj.light.wy0a01.png,
照明,汉枫,智能色温灯蓝牙版V2,shhf.light.slcwb8,shhf.light.slcwb8.png,
照明,汉枫,智能调光风扇灯蓝牙版,shhf.light.sflt11,shhf.light.sflt11.png,
照明,河光智能,河光智能灯带（Mesh2.0）,hgzm.light.v8hsm,hgzm.light.v8hsm.png,
照明,泰姬光,泰姬光零频闪灯带控制器1,btg.light.btgz24,btg.light.btgz24.png,
照明,泰姬光,泰姬光零频闪灯带控制器2,btg.light.btgm24,btg.light.btgm24.png,
照明,泰孚,泰孚灯控盒,wfxx.light.12,wfxx.light.12.png,
照明,泰沃,泰沃智能筒射灯,tew.light.wy0a01,tew.light.wy0a01.png,
照明,泽东光宝,ZD蓝牙双色-吸顶灯系列,zedong.light.led3,zedong.light.led3.png,
照明,泽东光宝,ZD蓝牙双色-筒射灯系列,zedong.light.led2,zedong.light.led2.png,
照明,润盛,润盛LED一体智能灯带Mesh2.0,xinliy.light.wy0a05,xinliy.light.wy0a05.png,
照明,润盛,润盛LED智能彩光灯带Mesh2.0,xinliy.light.wyra01,xinliy.light.wyra01.png,
照明,润盛,润盛LED智能灯带Mesh2.0,xinliy.light.wy0a03,xinliy.light.wy0a03.png,
照明,润盛,润盛LED智能灯泡Mesh2.0,xinliy.light.wy0a01,xinliy.light.wy0a01.png,
照明,深思,SIASE深思智能低压灯带,ssdg.light.ssdd01,ssdg.light.ssdd01.png,
照明,添宇,添宇智能筒射灯Mesh2.0,xxczn.light.xxcts1,xxczn.light.xxcts1.png,
照明,满星思维,满星思维RGBCW幻彩灯带,mxsw.light.wyra01,mxsw.light.wyra01.png,
照明,满星思维,满星思维智能吸顶灯mesh2.0,mxsw.light.wy0a04,mxsw.light.wy0a04.png,
照明,满星思维,满星思维智能灯带 mesh2.0,mxsw.light.wy0a02,mxsw.light.wy0a02.png,
照明,满星思维,满星思维智能磁吸灯 mesh2.0,mxsw.light.wy0a01,mxsw.light.wy0a01.png,
照明,满星思维,满星思维智能筒射灯 mesh2.0,mxsw.light.wy0a03,mxsw.light.wy0a03.png,
照明,满星思维,满星思维智能筒射灯(满血版mesh2.0),mxsw.light.mxswts,mxsw.light.mxswts.png,
照明,澳浦,澳浦智能筒射灯,yrb999.light.wy0a01,yrb999.light.wy0a01.png,
照明,澳美迪,赫锋智能筒射灯（Mesh2.0）,hefeng.light.hftsdm,hefeng.light.hftsdm.png,
照明,灯无忧,灯无忧智能吸顶灯,dwy123.light.wy0a01,dwy123.light.wy0a01.png,
照明,灯科及第,灯科及第智能筒射灯（Mesh2.0）,cdblm.light.dkjdlm,cdblm.light.dkjdlm.png,
照明,炎米,炎米显示器挂灯,ym001.light.v8w,ym001.light.v8w.png,
照明,点点,点点Diandian皓光24w,dotdot.light.dian24,dotdot.light.dian24.png,
照明,点点,点点Diandian皓光45w,dotdot.light.dian45,dotdot.light.dian45.png,
照明,点点,点点Diandian皓光90w,dotdot.light.dian90,dotdot.light.dian90.png,
照明,烛照,烛照智能灯带Ultra2.0,zhunen.light.wy0a01,zhunen.light.wy0a01.png,
照明,烛照,烛照智能磁吸灯Ultra2.0,zhunen.light.wy0a03,zhunen.light.wy0a03.png,
照明,烛照,烛照智能筒射灯Ultra2.0,zhunen.light.wy0a02,zhunen.light.wy0a02.png,
照明,爱果乐,爱果乐羽光卧室吸顶灯,igrow.light.icl101,igrow.light.icl101.png,
照明,爱果乐,爱果乐羽光客厅吸顶灯,igrow.light.icl102,igrow.light.icl102.png,
照明,狄耐克,狄耐克LED控制装置（蓝牙Mesh调光调色）,dnake.light.lt07,dnake.light.lt07.png,
照明,猫泽,猫泽M9智能筒射灯（Mesh2.0）,mz1.light.wy0a01,mz1.light.wy0a01.png,
照明,班客,班客全光谱智能吸顶灯,lemi18.light.lemm20,lemi18.light.lemm20.png,
照明,琪朗,琪朗 SunnyTop 吸顶灯,klaled.light.wy0a02,klaled.light.wy0a02.png,
照明,琪朗,琪朗ALED自然光谱灯,klaled.light.wy0a01,klaled.light.wy0a01.png,
照明,琪朗,琪朗SUNNYTOP吸顶灯升级版,klaled.light.wy0a04,klaled.light.wy0a04.png,
照明,琪朗,琪朗天空之环母婴灯S41-650,klaled.light.ql650w,klaled.light.ql650w.png,
照明,琪朗,琪朗天空之环母婴灯S41-850,klaled.light.qlmydw,klaled.light.qlmydw.png,
照明,琪朗,琪朗护眼吸顶灯A-L款,klaled.light.qil9x6,klaled.light.qil9x6.png,
照明,琪朗,琪朗护眼吸顶灯A-M款,klaled.light.qila24,klaled.light.qila24.png,
照明,琪朗,琪朗护眼吸顶灯A-S款,klaled.light.qila23,klaled.light.qila23.png,
照明,瑞柏尔,瑞柏尔智享客厅灯,rbe.light.wy0a01,rbe.light.wy0a01.png,
照明,瑞柏尔,瑞柏尔智能灯,rbe.light.wy0b01,rbe.light.wy0b01.png,
照明,甘石,GS智能Mesh色温灯Pro,qjiang.light.12mesh,qjiang.light.12mesh.png,
照明,百士瑞,百士瑞智能筒射灯（Mesh2.0）,bsr.light.bsrtsd,bsr.light.bsrtsd.png,
照明,百孜,百孜智能护眼吸顶灯,baizi.light.wy0a02,baizi.light.wy0a02.png,
照明,皓逸,皓逸 Smart Home智能灯带(Mesh2.0),090615.light.hyd300,090615.light.hyd300.png,
照明,皓逸,皓逸Smart Home智能磁吸灯（Mesh2.0),090615.light.hycxd1,090615.light.hycxd1.png,
照明,皓逸,皓逸Smart Home智能筒射灯(Mesh2.0),090615.light.hyshsd,090615.light.hyshsd.png,
照明,皓逸,皓逸专业调光灯带 (pro),090615.light.hyddv2,090615.light.hyddv2.png,
照明,皓逸,皓逸专业调光磁吸灯(pro),090615.light.hycxv2,090615.light.hycxv2.png,
照明,皓逸,皓逸专业调光筒射灯(pro),090615.light.hypro7,090615.light.hypro7.png,
照明,皓逸,皓逸全彩音乐律动控制器（mesh）,090615.light.hyrgb1,090615.light.hyrgb1.png,
照明,睿态,睿态智能灯带(Mesh2.0),rtzn.light.wy0a03,rtzn.light.wy0a03.png,
照明,睿态,睿态智能磁吸灯(Mesh2.0),rtzn.light.wy0a02,rtzn.light.wy0a02.png,
照明,睿态,睿态智能筒射灯（Mesh2.0）,rtzn.light.wy0a01,rtzn.light.wy0a01.png,
照明,睿晶,RJ智能筒射灯 Mesh2.0,rjxn20.light.rjtsd1,rjxn20.light.rjtsd1.png,
照明,睿晶小智,RJ智能灯带,rjxn20.light.rjxndd,rjxn20.light.rjxndd.png,
照明,睿晶小智,RJ智能灯带（Mesh2.0）,rjxn20.light.rjddm,rjxn20.light.rjddm.png,
照明,睿晶小智,RJ智能磁吸灯,rjxn20.light.rjxncx,rjxn20.light.rjxncx.png,
照明,睿晶小智,RJ智能磁吸灯（Mesh2.0）,rjxn20.light.rjcxdm,rjxn20.light.rjcxdm.png,
照明,睿晶小智,RJ智能筒射灯,rjxn20.light.rjdhts,rjxn20.light.rjdhts.png,
照明,睿晶小智,鹦鹉易管智能调光灯,rjxn20.light.ywygzn,rjxn20.light.ywygzn.png,
照明,知或居,知或居Mesh智能磁吸灯（2.0版）,bymiot.light.wlv11,bymiot.light.wlv11.png,
照明,知或居,知或居Mesh智能筒射灯（2.0版）,bymiot.light.wlv13,bymiot.light.wlv13.png,
照明,知或居,知或居Mesh智能线性灯（2.0版）,bymiot.light.wlv12,bymiot.light.wlv12.png,
照明,知简,知简智能射灯,soron.light.wy0a01,soron.light.wy0a01.png,
照明,磁恒,磁恒智能灯带控制器,ciheng.light.wy0a01,ciheng.light.wy0a01.png,
照明,禾木,禾木夜灯 蓝牙Mesh版,hemu.light.hmxydm,hemu.light.hmxydm.png,
照明,秋田,秋田智能灯带,qtzm.light.qtdd,qtzm.light.qtdd.png,
照明,秋田,秋田智能磁吸灯,qtzm.light.qtcxd,qtzm.light.qtcxd.png,
照明,秋田,秋田智能筒射灯,qtzm.light.qttsd,qtzm.light.qttsd.png,
照明,科思顿,科思顿智能灯带,scisto.light.wyra01,scisto.light.wyra01.png,
照明,立达信,立达信C2吸顶灯,ldsiot.light.202888,ldsiot.light.202888.png,
照明,立达信,立达信C2吸顶灯D50,ldsiot.light.202999,ldsiot.light.202999.png,
照明,立达信,立达信LED智能灯带,ldsiot.light.wy0a02,ldsiot.light.wy0a02.png,
照明,立达信,立达信智能筒射灯,ldsiot.light.wy0a01,ldsiot.light.wy0a01.png,
照明,立达信,立达信萤火虫吊灯,ldsiot.light.d3gg1,ldsiot.light.d3gg1.png,
照明,童视界,童视界智能落地灯,szlhco.light.tgd1,szlhco.light.tgd1.png,
照明,简杰照明,简杰 Air 1 磁吸灯 mesh2.0,gg1.light.wy0a03,gg1.light.wy0a03.png,
照明,简杰照明,简杰 Air 3 低压灯带mesh2.0,gg1.light.wy0a02,gg1.light.wy0a02.png,
照明,简杰照明,简杰智能筒射灯（mesh2.0版）,gg1.light.wy0a01,gg1.light.wy0a01.png,
照明,简顿,简顿吸顶灯,704719.light.wy0a03,704719.light.wy0a03.png,
照明,简顿,简顿护眼吸顶灯,704719.light.wy0a08,704719.light.wy0a08.png,
照明,简顿,简顿护眼灯带,704719.light.wy0a06,704719.light.wy0a06.png,
照明,简顿,简顿智能吸顶灯,704719.light.wy0a02,704719.light.wy0a02.png,
照明,简顿,简顿智能筒射灯,704719.light.wy0a01,704719.light.wy0a01.png,
照明,简顿,简顿柔光母婴灯,704719.light.lmpjmd,704719.light.lmpjmd.png,
照明,简顿,简顿落地护眼灯5代PRO,704719.light.w00a01,704719.light.w00a01.png,
照明,简顿,简顿风扇灯,704719.light.jdfsd,704719.light.jdfsd.png,
照明,简顿,简顿高亮护眼风扇灯,704719.light.wyfa02,704719.light.wyfa02.png,
照明,箭ARROW,箭ARROW智能吊灯C,arrow1.light.wy0a04,arrow1.light.wy0a04.png,
照明,箭ARROW,箭ARROW智能吸顶灯A,arrow1.light.wy0a02,arrow1.light.wy0a02.png,
照明,箭ARROW,箭ARROW智能吸顶灯B,arrow1.light.wy0a03,arrow1.light.wy0a03.png,
照明,箭ARROW,箭ARROW智能吸顶灯C,arrow1.light.wy0a05,arrow1.light.wy0a05.png,
照明,箭ARROW,箭ARROW智能筒射灯,arrow1.light.wy0a01,arrow1.light.wy0a01.png,
照明,箭ARROW,箭ARROW智能风扇灯A,arrow1.light.wyfa01,arrow1.light.wyfa01.png,
照明,箭ARROW,箭ARROW智能风扇灯B,arrow1.light.wyfa02,arrow1.light.wyfa02.png,
照明,箭牌照明,箭牌照明护眼灯,arrow.light.wb5s01,arrow.light.wb5s01.png,
照明,米典,米典智能床头健康灯,noc196.light.mdctd9,noc196.light.mdctd9.png,
照明,米典,米典零蓝光音乐氛围灯,noc196.light.mdyctd,noc196.light.mdyctd.png,
照明,精配,JP单色灯带,gzjp.light.w00a01,gzjp.light.w00a01.png,
照明,精配,JP双色灯带,gzjp.light.wy0a01,gzjp.light.wy0a01.png,
照明,索菲亚,索菲亚智能RGB灯控制器M1,sfy.light.rgb001,sfy.light.rgb001.png,
照明,索菲亚,索菲亚智能双色温吸顶灯M1,sfy.light.c001,sfy.light.c001.png,
照明,索菲亚,索菲亚智能天境灯M1,sfy.light.dw001,sfy.light.dw001.png,
照明,索菲亚,索菲亚智能灯带控制盒M1,sfy.light.cw001,sfy.light.cw001.png,
照明,索菲亚,索菲亚智能色温灯M1,sfy.light.s001,sfy.light.s001.png,
照明,索菲亚,索菲亚智能风扇灯M1,sfy.light.f001,sfy.light.f001.png,
照明,维德简家,维德简家橱柜灯ZT-001,wdjj66.light.zt001,wdjj66.light.zt001.png,
照明,维立光照明,WLG 智能灯带 2.0,wlg.light.wy0a05,wlg.light.wy0a05.png,
照明,维立光照明,WLG 智能磁吸灯 2.0,wlg.light.wy0a04,wlg.light.wy0a04.png,
照明,维立光照明,WLG 智能筒射灯 2.0,wlg.light.wy0a06,wlg.light.wy0a06.png,
照明,维立光照明,WLG智能灯带,wlg.light.wy0a03,wlg.light.wy0a03.png,
照明,维立光照明,WLG智能磁吸灯,wlg.light.wy0a02,wlg.light.wy0a02.png,
照明,维立光照明,WLG智能调光灯,wlg.light.wy0a01,wlg.light.wy0a01.png,
照明,维立光照明,WLG淡彩系列天境吸顶灯,wlg.light.rgba01,wlg.light.rgba01.png,
照明,维立光照明,WLG零频闪智能筒射灯,wlg.light.wy0a08,wlg.light.wy0a08.png,
照明,维立光照明,WLG零频闪淡彩智能筒射灯,wlg.light.wy0a07,wlg.light.wy0a07.png,
照明,缘弧,缘弧智能磁吸灯 V2 pro 2.0,yhmesh.light.wy0a04,yhmesh.light.wy0a04.png,
照明,缘弧,缘弧智能筒射灯 V2 pro 2.0,yhmesh.light.wy0a03,yhmesh.light.wy0a03.png,
照明,缘弧,缘弧智能筒射灯V2s pro,yhmesh.light.wy0a02,yhmesh.light.wy0a02.png,
照明,罗利亚,罗利亚智能油画灯,rxhjgn.light.rxyhdw,rxhjgn.light.rxyhdw.png,
照明,罗曼时光,罗曼时光智能灯带（Mesh2.0）,luoman.light.lmddm,luoman.light.lmddm.png,
照明,罗曼时光,罗曼时光智能磁吸灯（Mesh2.0）,luoman.light.lmcxd,luoman.light.lmcxd.png,
照明,罗曼时光,罗曼时光智能筒射灯（Mesh2.0）,luoman.light.v9hsm,luoman.light.v9hsm.png,
照明,美昇,情景MESH双色调光灯 S2,mson.light.ms006,mson.light.ms006.png,
照明,美昇,情景WIFI双色调光灯 S1,mson.light.ms005,mson.light.ms005.png,
照明,美的,美的双色智能吸顶灯,mzgd.light.wy0a02,mzgd.light.wy0a02.png,
照明,翃光,翃光智能筒射灯,zhanmi.light.wy0a01,zhanmi.light.wy0a01.png,
照明,翰一宸,翰一宸智能筒射灯,y13t4y.light.wy0a02,y13t4y.light.wy0a02.png,
照明,老爸评测,老爸评测定制智能控制款大路灯,lab.light.w00a01,lab.light.w00a01.png,
照明,耐为,NW耐为简致点护眼无频闪三色智能灯带,crzm.light.wy0a01,crzm.light.wy0a01.png,
照明,耐为,NW耐为简致点护眼无频闪单色智能灯带,crzm.light.w00a01,crzm.light.w00a01.png,
照明,耐为,耐为简致点防眩光高显射灯pro1,crzm.light.wy0a02,crzm.light.wy0a02.png,
照明,耐为,耐为简致点高显磁吸氛围灯pro1,crzm.light.wy0a03,crzm.light.wy0a03.png,
照明,聆巨,聆巨智能吸顶灯（mesh2.0）,linju.light.wy0a02,linju.light.wy0a02.png,
照明,聆巨,聆巨智能灯带（Mesh2.0）,linju.light.ljslm2,linju.light.ljslm2.png,
照明,聆巨,聆巨蓝牙Mesh双色灯,linju.light.wy0a01,linju.light.wy0a01.png,
照明,聚有光,聚有光智能灯带Mesh2.0,jygzm.light.wy0a01,jygzm.light.wy0a01.png,
照明,胜腾,胜腾吸顶灯,stds.light.wyst02,stds.light.wyst02.png,
照明,胜腾,胜腾灯饰吸顶灯,stds.light.wyst01,stds.light.wyst01.png,
照明,腾乐照明TENLE,TENLE智能照明,tenle.light.wya01,tenle.light.wya01.png,
照明,自然爱,自然爱吸顶灯CL1 Mesh2.0,gt1688.light.wy0a04,gt1688.light.wy0a04.png,
照明,自然爱,自然爱圈圈吊灯T1 Mesh2.0,gt1688.light.wy0a05,gt1688.light.wy0a05.png,
照明,自然爱,自然爱星空灯 GT9,gt1688.light.1988,gt1688.light.1988.png,
照明,自然爱,自然爱灯带PS7 Mesh2.0,gt1688.light.wy0a03,gt1688.light.wy0a03.png,
照明,自然爱,自然爱磁吸灯MT3 Mesh2.0,gt1688.light.wy0a02,gt1688.light.wy0a02.png,
照明,自然爱,自然爱筒射灯DS1 2.0,gt1688.light.wy0a01,gt1688.light.wy0a01.png,
照明,至御,至御智能护眼吸顶灯（Mesh2.0）,yky01.light.zyxddm,yky01.light.zyxddm.png,
照明,至御,至御智能灯带（Mesh2.0）,yky01.light.zyddm,yky01.light.zyddm.png,
照明,至御,至御智能磁吸灯（Mesh2.0）,yky01.light.zycxdm,yky01.light.zycxdm.png,
照明,至御,至御智能筒射灯（Mesh2.0）,yky01.light.zytsdm,yky01.light.zytsdm.png,
照明,舜焱照明,viyan智能灯带,sy0821.light.wy0a02,sy0821.light.wy0a02.png,
照明,舜焱照明,viyan智能筒射灯,sy0821.light.wy0a01,sy0821.light.wy0a01.png,
照明,艾简美,艾简美智能调光灯带A1,ajm.light.wy0a01,ajm.light.wy0a01.png,
照明,芯毅,芯毅智能浴室镜灯,csykj.light.xyznj,csykj.light.xyznj.png,
照明,芯绘,XINHUI智能节律Mesh2.0磁吸灯,mpkj.light.wy0a02,mpkj.light.wy0a02.png,
照明,芯绘,XINHUI智能节律Mesh2.0筒射灯,mpkj.light.wy0a01,mpkj.light.wy0a01.png,
照明,苏米,苏米如光射灯,xhuan.light.wy0a07,xhuan.light.wy0a07.png,
照明,苏米,苏米如光筒灯,xhuan.light.wy0a06,xhuan.light.wy0a06.png,
照明,苏米,苏米如影灯带,xhuan.light.wy0a01,xhuan.light.wy0a01.png,
照明,苏米,苏米智能灯,xhuan.light.wy0a10,xhuan.light.wy0a10.png,
照明,苏米,苏米球泡灯Lite,xhuan.light.wy0a08,xhuan.light.wy0a08.png,
照明,苏米,苏米磁吸射灯,xhuan.light.wy0a05,xhuan.light.wy0a05.png,
照明,苏米,苏米磁吸格栅灯,xhuan.light.wy0a04,xhuan.light.wy0a04.png,
照明,苏米,苏米磁吸泛光灯,xhuan.light.wy0a03,xhuan.light.wy0a03.png,
照明,苏米,苏米筒灯Lite,xhuan.light.wy0a02,xhuan.light.wy0a02.png,
照明,苏米科技,苏米人存平板灯Mesh2.0,xhuan.light.pbd01,xhuan.light.pbd01.png,
照明,苏米科技,苏米智能灯(PLC版),xhuan.light.plcg08,xhuan.light.plcg08.png,
照明,苏米科技,苏米智能灯Mesh2.0,xhuan.light.wy0a17,xhuan.light.wy0a17.png,
照明,苏米科技,苏米智能灯Pro,xhuan.light.wy0a14,xhuan.light.wy0a14.png,
照明,苏米科技,苏米智能灯带Mesh2.0,xhuan.light.wyrz11,xhuan.light.wyrz11.png,
照明,苏米科技,苏米智能磁吸灯(PLC版),xhuan.light.splc03,xhuan.light.splc03.png,
照明,苏米科技,苏米智能磁吸灯H,xhuan.light.wyrz05,xhuan.light.wyrz05.png,
照明,苏米科技,苏米智能筒射灯(PLC版),xhuan.light.plcg06,xhuan.light.plcg06.png,
照明,苏米科技,苏米智能筒射灯H,xhuan.light.wyrz04,xhuan.light.wyrz04.png,
照明,苏米科技,苏米智能筒射灯Hs,xhuan.light.wyrz4s,xhuan.light.wyrz4s.png,
照明,苏米科技,苏米智能筒射灯Mesh2.0,xhuan.light.wyrz09,xhuan.light.wyrz09.png,
照明,苏米科技,苏米智能线性灯(PLC版),xhuan.light.plcg07,xhuan.light.plcg07.png,
照明,苏米科技,苏米智能线性灯H,xhuan.light.wyrz06,xhuan.light.wyrz06.png,
照明,苏米科技,苏米深度调光灯带Ultra,xhuan.light.smdd01,xhuan.light.smdd01.png,
照明,苏米科技,苏米深度调光磁吸灯Mesh2.0,xhuan.light.cxd01,xhuan.light.cxd01.png,
照明,苏米科技,苏米深度调光筒射灯Mesh2.0,xhuan.light.smtsd,xhuan.light.smtsd.png,
照明,苏米科技,苏米磁吸灯Pro,xhuan.light.wy0a11,xhuan.light.wy0a11.png,
照明,苏米科技,苏米空气循环扇灯Mesh2.0,xhuan.light.smfsd1,xhuan.light.smfsd1.png,
照明,苏米科技,苏米筒射灯Pro,xhuan.light.wy0a13,xhuan.light.wy0a13.png,
照明,苏米科技,苏米线性灯Pro,xhuan.light.wy0a12,xhuan.light.wy0a12.png,
照明,苏米科技,苏米节律灯,xhuan.light.wy0a16,xhuan.light.wy0a16.png,
照明,莱盾,LD智能人存灯带(Mesh2.0),laidun.light.ldddm,laidun.light.ldddm.png,
照明,菁雅,菁雅情景智能嵌入筒射灯G1,flkj.light.wy0a01,flkj.light.wy0a01.png,
照明,菱敏,菱敏智能筒射灯,rinmin.light.lm01,rinmin.light.lm01.png,
照明,菱敏,菱敏智能节律灯,rinmin.light.lmddm,rinmin.light.lmddm.png,
照明,萌小光,萌小光智能筒射灯,mxg888.light.wy0a01,mxg888.light.wy0a01.png,
照明,萨瑟兰,萨瑟兰情景智能灯带,abhome.light.wy0a01,abhome.light.wy0a01.png,
照明,萨瑟兰,萨瑟兰情景智能筒射灯,abhome.light.wy0a02,abhome.light.wy0a02.png,
照明,萨瑟兰,萨瑟兰智能磁吸灯,abhome.light.wy0a03,abhome.light.wy0a03.png,
照明,蓝宝利,蓝宝利 双色智能灯带控制器（Mesh2.0）,lp0000.light.v8hsm,lp0000.light.v8hsm.png,
照明,西蒙电气,Simon智能灯带,scc.light.wy0a06,scc.light.wy0a06.png,
照明,西蒙电气,Simon智能磁吸灯,scc.light.wy0a08,scc.light.wy0a08.png,
照明,西蒙电气,Simon智能筒射灯,scc.light.wy0a07,scc.light.wy0a07.png,
照明,西蒙电气,西蒙悦系列卧室灯,scc.light.wy0a05,scc.light.wy0a05.png,
照明,西蒙电气,西蒙悦系列吸顶灯,scc.light.wy0a04,scc.light.wy0a04.png,
照明,西蒙电气,西蒙悦系列客厅灯,scc.light.wy0a02,scc.light.wy0a02.png,
照明,西蒙电气,西蒙智能灯带控制器,scc.light.wy0a03,scc.light.wy0a03.png,
照明,西蒙电气,西蒙智能筒射灯,scc.light.wy0a01,scc.light.wy0a01.png,
照明,西蒙电气,西蒙智能轨道灯LT20,scc.light.w00a1,scc.light.w00a1.png,
照明,西门子,西门子弦影50W卧室吸顶灯,siemen.light.phonix,siemen.light.phonix.png,
照明,西顿,西顿 Yu人体存在感应灯,cdn.light.rtczgy,cdn.light.rtczgy.png,
照明,西顿,西顿 Yu智能灯带电源,cdn.light.wy0a14,cdn.light.wy0a14.png,
照明,西顿,西顿26系列智能射灯,cdn.light.wy0a01,cdn.light.wy0a01.png,
照明,西顿,西顿36系列智能射灯,cdn.light.wy0a03,cdn.light.wy0a03.png,
照明,西顿,西顿单色温智能灯带M2,cdn.light.w00a06,cdn.light.w00a06.png,
照明,西顿,西顿单色温智能筒射灯M2,cdn.light.w00a05,cdn.light.w00a05.png,
照明,西顿,西顿单色灯带,cdn.light.w00a02,cdn.light.w00a02.png,
照明,西顿,西顿双色温智能灯带M2,cdn.light.wy0a12,cdn.light.wy0a12.png,
照明,西顿,西顿双色温智能筒射灯M2,cdn.light.wy0a11,cdn.light.wy0a11.png,
照明,西顿,西顿双色灯带,cdn.light.wy0a05,cdn.light.wy0a05.png,
照明,西顿,西顿天空灯,cdn.light.xhxdd,cdn.light.xhxdd.png,
照明,西顿,西顿恒流智能驱动,cdn.light.wy0a04,cdn.light.wy0a04.png,
照明,西顿,西顿智能吸顶灯H2,cdn.light.wyrh2,cdn.light.wyrh2.png,
照明,西顿,西顿智能磁吸灯M2,cdn.light.xdcxm2,cdn.light.xdcxm2.png,
照明,西顿,西顿智能磁吸灯（单色温）M2,cdn.light.xdcxm3,cdn.light.xdcxm3.png,
照明,西顿,西顿智能风扇灯,cdn.light.fsd,cdn.light.fsd.png,
照明,西顿,西顿照明吸顶灯,cdn.light.xdicl,cdn.light.xdicl.png,
照明,西顿,西顿照明智能灯D,cdn.light.wy0a06,cdn.light.wy0a06.png,
照明,西顿,西顿照明智能灯DL,cdn.light.wy0a10,cdn.light.wy0a10.png,
照明,西顿,西顿照明智能灯HL,cdn.light.wy0a07,cdn.light.wy0a07.png,
照明,西顿,西顿照明智能灯X,cdn.light.wy0a08,cdn.light.wy0a08.png,
照明,西顿,西顿照明智能灯XL,cdn.light.wy0a09,cdn.light.wy0a09.png,
照明,西顿,西顿舍见LED杀菌厨卫灯,cdn.light.w00a03,cdn.light.w00a03.png,
照明,西顿,西顿舍见PLC开关控制器,cdn.light.k200,cdn.light.k200.png,
照明,西顿,西顿舍见PLC恒压RGBCW驱动器,cdn.light.150w5o,cdn.light.150w5o.png,
照明,西顿,西顿舍见PLC恒压RGBCW驱动器 75W,cdn.light.75w5o,cdn.light.75w5o.png,
照明,西顿,西顿舍见PLC磁吸灯(调光),cdn.light.cx01,cdn.light.cx01.png,
照明,西顿,西顿舍见PLC磁吸灯(调色),cdn.light.cx02,cdn.light.cx02.png,
照明,西顿,西顿舍见PLC转0-10V控制器(调光),cdn.light.td001,cdn.light.td001.png,
照明,西顿,西顿舍见PLC转0-10V控制器(调色),cdn.light.td002,cdn.light.td002.png,
照明,西顿,西顿舍见恒压PLC调光驱动器,cdn.light.150w1o,cdn.light.150w1o.png,
照明,西顿,西顿舍见恒压PLC调光驱动器 75W,cdn.light.75w1o,cdn.light.75w1o.png,
照明,西顿,西顿舍见恒压PLC调色温驱动器,cdn.light.150w2o,cdn.light.150w2o.png,
照明,西顿,西顿舍见恒压PLC调色温驱动器 75W,cdn.light.75w2o,cdn.light.75w2o.png,
照明,西顿,西顿舍见恒流PLC调光驱动器,cdn.light.12w1o,cdn.light.12w1o.png,
照明,西顿,西顿舍见恒流PLC调色温驱动器,cdn.light.12w2o,cdn.light.12w2o.png,
照明,西顿,西顿舍见星河幻彩吊灯,cdn.light.wyra01,cdn.light.wyra01.png,
照明,西顿,西顿舍见晴空吸顶灯,cdn.light.galaxy,cdn.light.galaxy.png,
照明,西顿,西顿舍见智能调光P70筒射一体款,cdn.light.1075,cdn.light.1075.png,
照明,西顿照明,西顿PLC恒压驱动器（调色）,cdn.light.plcdd,cdn.light.plcdd.png,
照明,西顿照明,西顿PLC恒流驱动器（调色）,cdn.light.pcstsd,cdn.light.pcstsd.png,
照明,西顿照明,西顿PLC磁吸灯（调色）,cdn.light.plccxd,cdn.light.plccxd.png,
照明,西顿照明,西顿RGBCW幻彩灯带,cdn.light.sjbx2,cdn.light.sjbx2.png,
照明,视贝,视贝智能卧室吸顶灯,shibei.light.wy0a02,shibei.light.wy0a02.png,
照明,视贝,视贝智能客厅吸顶灯,shibei.light.wy0a01,shibei.light.wy0a01.png,
照明,诺克照明,诺克照明吸顶灯,nork.light.nokbv2,nork.light.nokbv2.png,
照明,诺克照明,诺克照明智能吊灯,nork.light.wy0a01,nork.light.wy0a01.png,
照明,诺克照明,诺克照明智能吸顶灯,nork.light.wy0a02,nork.light.wy0a02.png,
照明,诺克照明,诺克照明智能壁灯,nork.light.wy0a03,nork.light.wy0a03.png,
照明,诺曼尼,诺曼尼智能吸顶灯,xgds.light.wy0a02,xgds.light.wy0a02.png,
照明,诺曼尼,诺曼尼智能灯,xgds.light.wy0a01,xgds.light.wy0a01.png,
照明,谦中益,谦中益Mesh1.0护眼灯,qzy.light.wy0a01,qzy.light.wy0a01.png,
照明,谦中益,谦中益Mesh2.0护眼灯,qzy.light.wy0a02,qzy.light.wy0a02.png,
照明,谦中益,谦中益WIFI护眼灯,qzy.light.wy0a03,qzy.light.wy0a03.png,
照明,费里克斯,费里克斯智能筒射灯,y13t4y.light.wy0a01,y13t4y.light.wy0a01.png,
照明,超步,超步线形氛围灯,cbu.light.wy0a02,cbu.light.wy0a02.png,
照明,追觅,追觅智能双色灯带 S20,dreame.light.zmf03b,dreame.light.zmf03b.png,
照明,追觅,追觅智能筒射灯,dreame.light.zmf02b,dreame.light.zmf02b.png,
照明,通士达,舞光I智慧 吸顶灯,tsd.light.tp1,tsd.light.tp1.png,
照明,通士达,舞光I智慧 坎灯,tsd.light.tsl001,tsd.light.tsl001.png,
照明,通士达,舞光I智慧 球泡灯,tsd.light.test01,tsd.light.test01.png,
照明,通士达,通士达智慧客卧灯,tsd.light.h002,tsd.light.h002.png,
照明,通士达,通士达智慧灯带,tsd.light.amn002,tsd.light.amn002.png,
照明,通士达,通士达智慧球泡灯,tsd.light.amn001,tsd.light.amn001.png,
照明,道来,LED情景灯Mesh版,daolai.light.dlb001,daolai.light.dlb001.png,
照明,道来,智能Mesh色温灯Pro,daolai.light.dls002,daolai.light.dls002.png,
照明,道来,智能WiFi色温灯Pro,daolai.light.dls006,daolai.light.dls006.png,
照明,道来,熠世华彩双色LED灯泡V1,daolai.light.qp320,daolai.light.qp320.png,
照明,道来,熠世华彩吸顶灯,daolai.light.xd340,daolai.light.xd340.png,
照明,道来,熠世华彩射灯,daolai.light.sd330,daolai.light.sd330.png,
照明,道来,熠世华彩流光LED灯泡V1,daolai.light.qp350,daolai.light.qp350.png,
照明,道韦,道韦DL系列智能筒射灯,daowei.light.wy0a02,daowei.light.wy0a02.png,
照明,遥景,XGY智能节律灯带(蓝牙版)2.0,xgyzm.light.lmpxgy,xgyzm.light.lmpxgy.png,
照明,邮科通信,邮科通信智能调光灯,qimi.light.wy0a01,qimi.light.wy0a01.png,
照明,釆影,采影智能筒射灯,klgzm.light.wy0a02,klgzm.light.wy0a02.png,
照明,金云智联,金云智联灯带驱动器X1（PLC版）,ksc.light.px1ls,ksc.light.px1ls.png,
照明,金百丽,金百丽智能单色灯,xbzhm.light.w00a01,xbzhm.light.w00a01.png,
照明,金百丽,金百丽智能双色灯,xbzhm.light.wy0a01,xbzhm.light.wy0a01.png,
照明,金百丽灯饰,金百丽智能吊灯,jbl123.light.wy0a04,jbl123.light.wy0a04.png,
照明,金百丽灯饰,金百丽智能吸顶灯,jbl123.light.wy0a05,jbl123.light.wy0a05.png,
照明,金百丽灯饰,金百丽智能灯带,jbl123.light.wy0a03,jbl123.light.wy0a03.png,
照明,金百丽灯饰,金百丽智能筒射灯,jbl123.light.wy0a01,jbl123.light.wy0a01.png,
照明,金竞,金竞情景智能灯带SH2.0,bl6969.light.wy0a01,bl6969.light.wy0a01.png,
照明,金郃光,金郃光智能吸顶灯,luse.light.wy0a01,luse.light.wy0a01.png,
照明,鑫诺仕,鑫诺仕台灯（Mesh2.0）,xinuos.light.xnsttm,xinuos.light.xnsttm.png,
照明,铂刻之光,铂刻之光智能灯带,bokee.light.wy0a03,bokee.light.wy0a03.png,
照明,铂刻之光,铂刻之光智能磁吸灯,bokee.light.wy0a02,bokee.light.wy0a02.png,
照明,铂刻之光,铂刻之光智能筒射灯,bokee.light.wy0a01,bokee.light.wy0a01.png,
照明,铂刻之光,铂刻之光磁吸灯Ultra,bokee.light.bkcxd,bokee.light.bkcxd.png,
照明,铂刻之光,铂刻之光筒射灯Ultra,bokee.light.bktsd,bokee.light.bktsd.png,
照明,长城,长城智能吸顶灯PRO,ccdq.light.c01,ccdq.light.c01.png,
照明,阳光照明,阳光智能Mesh色温灯,yankon.light.ykmesh,yankon.light.ykmesh.png,
照明,阳光照明,阳光智能吸顶灯1,yankon.light.wy0a01,yankon.light.wy0a01.png,
照明,阳光照明,阳光智能吸顶灯Pro,yankon.light.wy0a02,yankon.light.wy0a02.png,
照明,阳光照明,阳光智能射灯,yankon.light.yktsd,yankon.light.yktsd.png,
照明,阳光照明,阳光智能灯带,yankon.light.ykdd,yankon.light.ykdd.png,
照明,阳光照明,阳光智能灯泡,yankon.light.ykqpd,yankon.light.ykqpd.png,
照明,阳光照明,阳光智能筒灯,yankon.light.yktd,yankon.light.yktd.png,
照明,阳光照明,阳光智能轨道灯,yankon.light.cxgdd,yankon.light.cxgdd.png,
照明,雁派,雁派智能射灯（Mesh2.0）,zlyj88.light.ypsdm,zlyj88.light.ypsdm.png,
照明,雁派,雁派智能灯带（Mesh2.0）,zlyj88.light.ypddm,zlyj88.light.ypddm.png,
照明,雁派,雁派智能筒灯（Mesh2.0）,zlyj88.light.yptdm,zlyj88.light.yptdm.png,
照明,雅点,雅点智能筒射灯（Mesh2.0）,jiadi0.light.v8hsm3,jiadi0.light.v8hsm3.png,
照明,雨林,智慧照明,raile.light.zhzm1,raile.light.zhzm1.png,
照明,雷克,雷克智能灯带,leike.light.wy0a01,leike.light.wy0a01.png,
照明,雷克,雷克智能筒射灯,leike.light.wy0a03,leike.light.wy0a03.png,
照明,雷卡之星,雷卡之星智能情景灯带,lkzm.light.wy0a02,lkzm.light.wy0a02.png,
照明,雷卡之星,雷卡之星智能磁吸灯,lkzm.light.wy0a03,lkzm.light.wy0a03.png,
照明,雷卡之星,雷卡之星智能筒射灯,lkzm.light.wy0a01,lkzm.light.wy0a01.png,
照明,雷士,雷士LED智能吸顶灯,leishi.light.eps112,leishi.light.eps112.png,
照明,雷士,雷士人体存在筒射灯,leishi.light.lsrctd,leishi.light.lsrctd.png,
照明,雷士,雷士卧室风扇灯,leishi.light.fsdc3,leishi.light.fsdc3.png,
照明,雷士,雷士叠影LED吸顶灯,leishi.light.esp114,leishi.light.esp114.png,
照明,雷士,雷士吸顶灯pro,leishi.light.nvc001,leishi.light.nvc001.png,
照明,雷士,雷士无叶清风灯,leishi.light.wyqfd,leishi.light.wyqfd.png,
照明,雷士,雷士智能LED护眼落地灯,leishi.light.lsmdld,leishi.light.lsmdld.png,
照明,雷士,雷士智能LED辅助灯,leishi.light.eps120,leishi.light.eps120.png,
照明,雷士,雷士智能LED辅灯,leishi.light.wy0a03,leishi.light.wy0a03.png,
照明,雷士,雷士智能RGB灯带,leishi.light.eps123,leishi.light.eps123.png,
照明,雷士,雷士智能led吸顶灯pro,leishi.light.eps127,leishi.light.eps127.png,
照明,雷士,雷士智能主辅灯饰,leishi.light.eps119,leishi.light.eps119.png,
照明,雷士,雷士智能光源模组,leishi.light.wy0a09,leishi.light.wy0a09.png,
照明,雷士,雷士智能光源模组（Mesh版）,leishi.light.gyb11,leishi.light.gyb11.png,
照明,雷士,雷士智能光源模组（WiFi版）,leishi.light.gydtc3,leishi.light.gydtc3.png,
照明,雷士,雷士智能全色域吸顶灯,leishi.light.rgb001,leishi.light.rgb001.png,
照明,雷士,雷士智能北欧吸顶灯,leishi.light.eps115,leishi.light.eps115.png,
照明,雷士,雷士智能卧室风扇灯,leishi.light.fan01,leishi.light.fan01.png,
照明,雷士,雷士智能台灯,leishi.light.wy0b01,leishi.light.wy0b01.png,
照明,雷士,雷士智能台灯N1,leishi.light.lstd01,leishi.light.lstd01.png,
照明,雷士,雷士智能台灯V1,leishi.light.t1,leishi.light.t1.png,
照明,雷士,雷士智能吊灯,leishi.light.eps116,leishi.light.eps116.png,
照明,雷士,雷士智能吸顶灯,leishi.light.wy0a08,leishi.light.wy0a08.png,
照明,雷士,雷士智能吸顶灯pro,leishi.light.wy0a10,leishi.light.wy0a10.png,
照明,雷士,雷士智能吸顶灯（智睿款）,leishi.light.wy0c01,leishi.light.wy0c01.png,
照明,雷士,雷士智能吸顶灯（智臻款）,leishi.light.wy0c02,leishi.light.wy0c02.png,
照明,雷士,雷士智能射灯,leishi.light.eps117,leishi.light.eps117.png,
照明,雷士,雷士智能彩光灯带,leishi.light.rgba02,leishi.light.rgba02.png,
照明,雷士,雷士智能彩光灯泡,leishi.light.rgba03,leishi.light.rgba03.png,
照明,雷士,雷士智能感应平板灯,leishi.light.v11ilw,leishi.light.v11ilw.png,
照明,雷士,雷士智能护眼灯饰,leishi.light.eps129,leishi.light.eps129.png,
照明,雷士,雷士智能护眼灯饰B1,leishi.light.126b1,leishi.light.126b1.png,
照明,雷士,雷士智能护眼灯饰pro,leishi.light.eps132,leishi.light.eps132.png,
照明,雷士,雷士智能护眼风扇灯,leishi.light.eps131,leishi.light.eps131.png,
照明,雷士,雷士智能无主灯,leishi.light.eps122,leishi.light.eps122.png,
照明,雷士,雷士智能无主灯pro,leishi.light.wzdc3,leishi.light.wzdc3.png,
照明,雷士,雷士智能灯带,leishi.light.wy0a07,leishi.light.wy0a07.png,
照明,雷士,雷士智能灯带Pro,leishi.light.tdc3,leishi.light.tdc3.png,
照明,雷士,雷士智能灯带V,leishi.light.eps128,leishi.light.eps128.png,
照明,雷士,雷士智能灯泡,leishi.light.rgba01,leishi.light.rgba01.png,
照明,雷士,雷士智能灯饰,leishi.light.wy0a06,leishi.light.wy0a06.png,
照明,雷士,雷士智能灯饰N,leishi.light.fgl,leishi.light.fgl.png,
照明,雷士,雷士智能灯饰V,leishi.light.126pro,leishi.light.126pro.png,
照明,雷士,雷士智能灯饰max,leishi.light.eps124,leishi.light.eps124.png,
照明,雷士,雷士智能灯饰pro,leishi.light.eps126,leishi.light.eps126.png,
照明,雷士,雷士智能玉米泡,leishi.light.wy0a04,leishi.light.wy0a04.png,
照明,雷士,雷士智能球泡,leishi.light.wy0a01,leishi.light.wy0a01.png,
照明,雷士,雷士智能筒射灯,leishi.light.cw0a01,leishi.light.cw0a01.png,
照明,雷士,雷士智能筒射灯 Mesh2.0,leishi.light.lsilm,leishi.light.lsilm.png,
照明,雷士,雷士智能筒射灯Pro,leishi.light.cwtsd,leishi.light.cwtsd.png,
照明,雷士,雷士智能筒射灯（Mesh2.0）,leishi.light.tsdpro,leishi.light.tsdpro.png,
照明,雷士,雷士智能筒灯,leishi.light.wy0a02,leishi.light.wy0a02.png,
照明,雷士,雷士智能面板灯,leishi.light.wy0a05,leishi.light.wy0a05.png,
照明,雷士,雷士智能风扇灯pro,leishi.light.nvc002,leishi.light.nvc002.png,
照明,雷士,雷士智能风扇灯（智逸款）,leishi.light.wyfa02,leishi.light.wyfa02.png,
照明,雷士,雷士智能风扇灯（智雅款）,leishi.light.wyfao1,leishi.light.wyfao1.png,
照明,雷士,雷士月影LED吸顶灯,leishi.light.yying,leishi.light.yying.png,
照明,雷士,雷士未来光-声光ultra,leishi.light.muying,leishi.light.muying.png,
照明,雷士,雷士未来光Ultra客厅灯,leishi.light.rgb002,leishi.light.rgb002.png,
照明,雷士,雷士满天星LED吸顶灯,leishi.light.eps113,leishi.light.eps113.png,
照明,雷士,雷士空净清风灯,leishi.light.wyfa05,leishi.light.wyfa05.png,
照明,雷士,雷士立式学习灯,leishi.light.lsxxd,leishi.light.lsxxd.png,
照明,雷士,雷士超薄风扇灯,leishi.light.cbfsd,leishi.light.cbfsd.png,
照明,雷士,雷士超薄风扇灯N,leishi.light.cbfsd2,leishi.light.cbfsd2.png,
照明,雷士,雷士风扇灯,leishi.light.eps121,leishi.light.eps121.png,
照明,雷士,雷士风扇灯pro,leishi.light.eps125,leishi.light.eps125.png,
照明,雷士,雷士鸟巢LED吸顶灯,leishi.light.nest,leishi.light.nest.png,
照明,雷士照明,雷士光屿吸顶灯,nvcsmt.light.wxd101,nvcsmt.light.wxd101.png,
照明,雷士照明,雷士双色筒射灯Pro,nvcsmt.light.bas205,nvcsmt.light.bas205.png,
照明,雷士照明,雷士家居智能吸顶灯 V1,nvcsmt.light.fxj203,nvcsmt.light.fxj203.png,
照明,雷士照明,雷士家居智能吸顶灯 V2,nvcsmt.light.fxj204,nvcsmt.light.fxj204.png,
照明,雷士照明,雷士家居智能淡彩光灯饰,nvcsmt.light.fzj501,nvcsmt.light.fzj501.png,
照明,雷士照明,雷士智能双色温灯带,nvcsmt.light.dbs203,nvcsmt.light.dbs203.png,
照明,雷士照明,雷士智能双色温灯带Pro,nvcsmt.light.dbs202,nvcsmt.light.dbs202.png,
照明,雷士照明,雷士智能射灯M90,nvcsmt.light.bas204,nvcsmt.light.bas204.png,
照明,雷士照明,雷士智能无叶风扇灯,nvcsmt.light.ffs201,nvcsmt.light.ffs201.png,
照明,雷士照明,雷士智能无叶风扇灯Pro,nvcsmt.light.ffs202,nvcsmt.light.ffs202.png,
照明,雷士照明,雷士智能灯带（单调光）,nvcsmt.light.bds101,nvcsmt.light.bds101.png,
照明,雷士照明,雷士智能磁吸导轨射灯,nvcsmt.light.bss201,nvcsmt.light.bss201.png,
照明,雷士照明,雷士智能磁吸导轨格栅灯,nvcsmt.light.bcs203,nvcsmt.light.bcs203.png,
照明,雷士照明,雷士智能磁吸导轨洗墙灯,nvcsmt.light.bcs204,nvcsmt.light.bcs204.png,
照明,雷士照明,雷士智能磁吸导轨线性灯,nvcsmt.light.bcs202,nvcsmt.light.bcs202.png,
照明,雷士照明,雷士智能磁吸轨道灯,nvcsmt.light.bcs201,nvcsmt.light.bcs201.png,
照明,雷士照明,雷士智能筒射灯L90,nvcsmt.light.bas206,nvcsmt.light.bas206.png,
照明,雷士照明,雷士智能筒射灯M01Pro,nvcsmt.light.bas208,nvcsmt.light.bas208.png,
照明,雷士照明,雷士智能筒射灯（M系列）,nvcsmt.light.bts202,nvcsmt.light.bts202.png,
照明,雷士照明,雷士智能筒射灯（单调光）,nvcsmt.light.bts101,nvcsmt.light.bts101.png,
照明,雷士照明,雷士浮光餐吊灯,nvcsmt.light.wzs101,nvcsmt.light.wzs101.png,
照明,雷士照明,雷士皓彩智能风扇灯,nvcsmt.light.ffs101,nvcsmt.light.ffs101.png,
照明,雷施顿照明,雷施顿智能筒射灯 Mesh,lesdn.light.wy0a02,lesdn.light.wy0a02.png,
照明,雷迈阳光,雷迈智能筒射灯,leimai.light.wy0a01,leimai.light.wy0a01.png,
照明,靓度照明,靓度智能筒射灯Mesh2.0,xldzm.light.xldts1,xldzm.light.xldts1.png,
照明,领灿,领灿智能灯带,lczmlc.light.wy0a02,lczmlc.light.wy0a02.png,
照明,飞利浦,智睿LED筒灯 调光版,philips.light.dlight,philips.light.dlight.png,
照明,飞利浦,智睿吸顶灯 北欧款 卧室28W,philips.light.mceils,philips.light.mceils.png,
照明,飞利浦,智睿吸顶灯 北欧款 卧室40W,philips.light.mceilm,philips.light.mceilm.png,
照明,飞利浦,智睿吸顶灯 北欧款 客厅80W,philips.light.mceil,philips.light.mceil.png,
照明,飞利浦,智睿吸顶灯 星钻 卧室28W,philips.light.xzceis,philips.light.xzceis.png,
照明,飞利浦,智睿吸顶灯 星钻 卧室40W,philips.light.xzceim,philips.light.xzceim.png,
照明,飞利浦,智睿吸顶灯 星钻 客厅80W,philips.light.xzceil,philips.light.xzceil.png,
照明,飞利浦,智睿吸顶灯 流萤 卧室28W,philips.light.sceils,philips.light.sceils.png,
照明,飞利浦,智睿吸顶灯 流萤 卧室40W,philips.light.sceilm,philips.light.sceilm.png,
照明,飞利浦,智睿吸顶灯 流萤 客厅80W,philips.light.sceil,philips.light.sceil.png,
照明,飞利浦,智睿吸顶灯 黑曜石 卧室28W,philips.light.obceis,philips.light.obceis.png,
照明,飞利浦,智睿吸顶灯 黑曜石 卧室40W,philips.light.obceim,philips.light.obceim.png,
照明,飞利浦,智睿吸顶灯 黑曜石 客厅80W,philips.light.obceil,philips.light.obceil.png,
照明,飞利浦,智睿彩光灯带,philips.light.strip2,philips.light.strip2.png,
照明,飞利浦,智睿读写台灯 Wi-Fi版,philips.light.sread4,philips.light.sread4.png,
照明,飞利浦,飞利浦F9 Lite落地灯,philips.light.fl,philips.light.fl.png,
照明,飞利浦,飞利浦F9落地灯,philips.light.street,philips.light.street.png,
照明,飞利浦,飞利浦V5吸顶灯 140W,signfy.light.ce13yx,signfy.light.ce13yx.png,
照明,飞利浦,飞利浦V5吸顶灯 50W,signfy.light.ce48yx,signfy.light.ce48yx.png,
照明,飞利浦,飞利浦V5吸顶灯 65W,signfy.light.ce60yx,signfy.light.ce60yx.png,
照明,飞利浦,飞利浦V7吸顶灯 140W,signfy.light.ce14v7,signfy.light.ce14v7.png,
照明,飞利浦,飞利浦V7吸顶灯 50W,signfy.light.ce50v7,signfy.light.ce50v7.png,
照明,飞利浦,飞利浦V7吸顶灯 80W,signfy.light.ce80v7,signfy.light.ce80v7.png,
照明,飞利浦,飞利浦一体式智能吸顶灯160W,signfy.light.cc0xy5,signfy.light.cc0xy5.png,
照明,飞利浦,飞利浦品逸吸顶灯 130W,philips.light.ce130c,philips.light.ce130c.png,
照明,飞利浦,飞利浦安瑞系列-C9卧室吸顶灯55W,philips.light.ecl01,philips.light.ecl01.png,
照明,飞利浦,飞利浦安瑞系列-C9客厅吸顶灯120W,philips.light.eceil,philips.light.eceil.png,
照明,飞利浦,飞利浦安瑞系列-C9面板灯24W,philips.light.epan,philips.light.epan.png,
照明,飞利浦,飞利浦小白吸顶灯 160W,signfy.light.ce16xb,signfy.light.ce16xb.png,
照明,飞利浦,飞利浦小白吸顶灯 48W,signfy.light.ce48xb,signfy.light.ce48xb.png,
照明,飞利浦,飞利浦小白吸顶灯 60W,signfy.light.ce60xb,signfy.light.ce60xb.png,
照明,飞利浦,飞利浦悦璃圆形吸顶灯 48W,signfy.light.ce4yyl,signfy.light.ce4yyl.png,
照明,飞利浦,飞利浦悦璃正方吸顶灯 48W,signfy.light.ce4fyl,signfy.light.ce4fyl.png,
照明,飞利浦,飞利浦悦璃长方吸顶灯 140W,signfy.light.ce14yl,signfy.light.ce14yl.png,
照明,飞利浦,飞利浦明简吸顶灯 160W,signfy.light.ce16mj,signfy.light.ce16mj.png,
照明,飞利浦,飞利浦明简吸顶灯 48W,signfy.light.ce48mg,signfy.light.ce48mg.png,
照明,飞利浦,飞利浦星河吸顶灯 140W,signfy.light.ce13my,signfy.light.ce13my.png,
照明,飞利浦,飞利浦星河吸顶灯 50W,signfy.light.ce48my,signfy.light.ce48my.png,
照明,飞利浦,飞利浦星河吸顶灯 65W,signfy.light.ce60my,signfy.light.ce60my.png,
照明,飞利浦,飞利浦星环吸顶灯 36W,philips.light.ce36c,philips.light.ce36c.png,
照明,飞利浦,飞利浦星环吸顶灯 48W,philips.light.ce48c,philips.light.ce48c.png,
照明,飞利浦,飞利浦星环吸顶灯 80W,philips.light.ce80c,philips.light.ce80c.png,
照明,飞利浦,飞利浦智奕台灯,philips.light.zysread,philips.light.zysread.png,
照明,飞利浦,飞利浦智奕吸顶灯,philips.light.zyceiling,philips.light.zyceiling.png,
照明,飞利浦,飞利浦智奕吸顶灯 流年G2 卧室28W,philips.light.boc3,philips.light.boc3.png,
照明,飞利浦,飞利浦智奕吸顶灯 流年G2 卧室40W,philips.light.boc2,philips.light.boc2.png,
照明,飞利浦,飞利浦智奕吸顶灯 流年G2 客厅80W,philips.light.boc1,philips.light.boc1.png,
照明,飞利浦,飞利浦智奕吸顶灯 流年版 卧室28W,philips.light.lnblight2,philips.light.lnblight2.png,
照明,飞利浦,飞利浦智奕吸顶灯 流年版 卧室40W,philips.light.lnblight1,philips.light.lnblight1.png,
照明,飞利浦,飞利浦智奕吸顶灯 流年版 客厅80W,philips.light.lnlrlight,philips.light.lnlrlight.png,
照明,飞利浦,飞利浦智奕灯带,philips.light.zystrip,philips.light.zystrip.png,
照明,飞利浦,飞利浦智睿台灯,philips.light.mono1,philips.light.mono1.png,
照明,飞利浦,飞利浦智睿台灯2S,philips.light.sread6,philips.light.sread6.png,
照明,飞利浦,飞利浦智睿台灯二代,philips.light.sread1,philips.light.sread1.png,
照明,飞利浦,飞利浦智睿吸顶灯,philips.light.ceiling,philips.light.ceiling.png,
照明,飞利浦,飞利浦智睿吸顶灯 月白 卧室28W,philips.light.yb3,philips.light.yb3.png,
照明,飞利浦,飞利浦智睿吸顶灯 月白 卧室40W,philips.light.yb2,philips.light.yb2.png,
照明,飞利浦,飞利浦智睿吸顶灯 月白 客厅80W,philips.light.yb1,philips.light.yb1.png,
照明,飞利浦,飞利浦智睿吸顶灯 流萤版G2 大卧室,philips.light.lying3,philips.light.lying3.png,
照明,飞利浦,飞利浦智睿吸顶灯 流萤版G2 大客厅,philips.light.lying1,philips.light.lying1.png,
照明,飞利浦,飞利浦智睿吸顶灯 流萤版G2 小卧室,philips.light.lying4,philips.light.lying4.png,
照明,飞利浦,飞利浦智睿吸顶灯 流萤版G2 小客厅,philips.light.lying2,philips.light.lying2.png,
照明,飞利浦,飞利浦智睿吸顶灯 简约版 卧室28W,philips.light.bceil2,philips.light.bceil2.png,
照明,飞利浦,飞利浦智睿吸顶灯 简约版 卧室40W,philips.light.bceil1,philips.light.bceil1.png,
照明,飞利浦,飞利浦智睿吸顶灯 简约版 客厅80W,philips.light.bceil,philips.light.bceil.png,
照明,飞利浦,飞利浦智睿吸顶灯 简约版G2 大卧室,philips.light.ceilz1,philips.light.ceilz1.png,
照明,飞利浦,飞利浦智睿吸顶灯 简约版G2 大客厅,philips.light.ceilz3,philips.light.ceilz3.png,
照明,飞利浦,飞利浦智睿吸顶灯 简约版G2 小卧室,philips.light.ceilz,philips.light.ceilz.png,
照明,飞利浦,飞利浦智睿吸顶灯 简约版G2 小客厅,philips.light.ceilz2,philips.light.ceilz2.png,
照明,飞利浦,飞利浦智睿吸顶灯 魅影 卧室28W,philips.light.mm3,philips.light.mm3.png,
照明,飞利浦,飞利浦智睿吸顶灯 魅影 卧室40W,philips.light.mm2,philips.light.mm2.png,
照明,飞利浦,飞利浦智睿吸顶灯 魅影 客厅80W,philips.light.mm1,philips.light.mm1.png,
照明,飞利浦,飞利浦智睿床头灯,philips.light.moonlight,philips.light.moonlight.png,
照明,飞利浦,飞利浦智睿球泡灯,philips.light.bulb,philips.light.bulb.png,
照明,飞利浦,飞利浦智睿筒灯,philips.light.downlight,philips.light.downlight.png,
照明,飞利浦,飞利浦智睿蜡烛灯泡 小螺口水晶版,philips.light.candle2,philips.light.candle2.png,
照明,飞利浦,飞利浦智睿蜡烛灯泡 小螺口磨砂版,philips.light.candle,philips.light.candle.png,
照明,飞利浦,飞利浦智睿跌倒检测面板灯,philips.light.flat,philips.light.flat.png,
照明,飞利浦,飞利浦智秀台灯,philips.light.sread8,philips.light.sread8.png,
照明,飞利浦,飞利浦智能吸顶灯,philips.light.ceilfi,philips.light.ceilfi.png,
照明,飞利浦,飞利浦智能吸顶灯160W,signfy.light.cc0sj5,signfy.light.cc0sj5.png,
照明,飞利浦,飞利浦智能吸顶灯200W,signfy.light.cc0hy6,signfy.light.cc0hy6.png,
照明,飞利浦,飞利浦智能吸顶灯60W,signfy.light.cc0sj2,signfy.light.cc0sj2.png,
照明,飞利浦,飞利浦智能射灯_Mify630,signfy.light.dm0yz5,signfy.light.dm0yz5.png,
照明,飞利浦,飞利浦智能射灯_Mify650,signfy.light.dm0ys1,signfy.light.dm0ys1.png,
照明,飞利浦,飞利浦智能射灯_Mify670,signfy.light.dm0ys2,signfy.light.dm0ys2.png,
照明,飞利浦,飞利浦智能格栅射灯_Mify630,signfy.light.dm0ys3,signfy.light.dm0ys3.png,
照明,飞利浦,飞利浦智能灯带_Mify SD100W TW,signfy.light.sm0yz2,signfy.light.sm0yz2.png,
照明,飞利浦,飞利浦智能灯带_Mify SD200W TW,signfy.light.sm0yz1,signfy.light.sm0yz1.png,
照明,飞利浦,飞利浦智能筒射灯_Mify620,signfy.light.dm0yz1,signfy.light.dm0yz1.png,
照明,飞利浦,飞利浦智能筒射灯_Mify625,signfy.light.dm0yz3,signfy.light.dm0yz3.png,
照明,飞利浦,飞利浦漫反射智能吸顶灯130W | 皓柔,signfy.light.cc0lu0,signfy.light.cc0lu0.png,
照明,飞利浦,飞利浦盈乐吸顶灯 130W,philips.light.ce130x,philips.light.ce130x.png,
照明,飞利浦,飞利浦盈乐吸顶灯 36W,philips.light.ce36x,philips.light.ce36x.png,
照明,飞利浦,飞利浦盈乐吸顶灯 80W,philips.light.ce80yc,philips.light.ce80yc.png,
照明,飞利浦,飞利浦知白吸顶灯 130W,philips.light.ce13zx,philips.light.ce13zx.png,
照明,飞利浦,飞利浦知白吸顶灯 48W,philips.light.ce48x,philips.light.ce48x.png,
照明,飞利浦,飞利浦知白吸顶灯 60W,signfy.light.ce60zw,signfy.light.ce60zw.png,
照明,飞利浦,飞利浦碳索环保吊灯,philips.light.pceil1,philips.light.pceil1.png,
照明,飞利浦,飞利浦落霞灯,philips.light.blue1,philips.light.blue1.png,
照明,飞利浦,飞利浦蓝天灯,philips.light.blue,philips.light.blue.png,
照明,飞利浦,飞利浦逸风吸顶灯 160W,signfy.light.ce16yf,signfy.light.ce16yf.png,
照明,飞利浦,飞利浦逸风吸顶灯 48W,signfy.light.ce48yf,signfy.light.ce48yf.png,
照明,飞利浦,飞利浦银晖吸顶灯 160W,signfy.light.ce16yh,signfy.light.ce16yh.png,
照明,飞利浦,飞利浦银晖吸顶灯 48W,signfy.light.ce48yh,signfy.light.ce48yh.png,
照明,馨光,XG彩光灯带,wainft.light.wyra01,wainft.light.wyra01.png,
照明,馨光,XG磁吸灯,wainft.light.wy0a02,wainft.light.wy0a02.png,
照明,馨光,馨光RGBCW幻彩灯带,wainft.light.rgbcwy,wainft.light.rgbcwy.png,
照明,馨光,馨光动感灯带(双色温),wainft.light.1123,wainft.light.1123.png,
照明,馨光,馨光动感灯带控制器(RGB),wainft.light.nrgbic,wainft.light.nrgbic.png,
照明,馨光,馨光声光影同步灯带,wainft.light.tvsyns,wainft.light.tvsyns.png,
照明,馨光,馨光智能灯,wainft.light.wy0a01,wainft.light.wy0a01.png,
照明,馨光,馨光智能灯V2,wainft.light.wy0a03,wainft.light.wy0a03.png,
照明,高事达,高事达PLC恒压灯带调光控制装置,gaosd.light.gsdlcw,gaosd.light.gsdlcw.png,
照明,高事达,高事达PLC磁吸轨道灯,gaosd.light.cxled,gaosd.light.cxled.png,
照明,高事达,高事达PLC调光控制装置,gaosd.light.cctled,gaosd.light.cctled.png,
照明,高灯大师,高灯大师节律智能筒射灯,gdds.light.wy0a02,gdds.light.wy0a02.png,
照明,鱼儿智家,鱼儿智家天空灯,yuerzj.light.wy0a01,yuerzj.light.wy0a01.png,
照明,鲁莱雅照明,鲁莱雅智能灯带（Mesh2.0）,cdlzm.light.llyddm,cdlzm.light.llyddm.png,
照明,鲁莱雅照明,鲁莱雅智能筒射灯（Mesh2.0）,cdlzm.light.llyznd,cdlzm.light.llyznd.png,
照明,鸿雁,鸿雁智能吸顶灯（Mesh2.0）,honyar.light.hyxddm,honyar.light.hyxddm.png,
照明,鸿雁,鸿雁智能家居灯V1,honyar.light.hy02,honyar.light.hy02.png,
照明,鸿雁,鸿雁智能射灯,honyar.light.th8zh2,honyar.light.th8zh2.png,
照明,鸿雁,鸿雁智能感应射灯,honyar.light.th8ld2,honyar.light.th8ld2.png,
照明,鸿雁,鸿雁智能感应筒灯,honyar.light.td8ld1,honyar.light.td8ld1.png,
照明,鸿雁,鸿雁智能感应面板灯,honyar.light.radar,honyar.light.radar.png,
照明,鸿雁,鸿雁智能感应风扇灯,honyar.light.hy01,honyar.light.hy01.png,
照明,鸿雁,鸿雁智能灯带V1,honyar.light.wy0a02,honyar.light.wy0a02.png,
照明,鸿雁,鸿雁智能灯带plus,honyar.light.v8hsm,honyar.light.v8hsm.png,
照明,鸿雁,鸿雁智能磁吸灯V1,honyar.light.wy0a03,honyar.light.wy0a03.png,
照明,鸿雁,鸿雁智能磁吸灯V2,honyar.light.hycxdm,honyar.light.hycxdm.png,
照明,鸿雁,鸿雁智能筒射灯DM1,honyar.light.tsdn1,honyar.light.tsdn1.png,
照明,鸿雁,鸿雁智能筒射灯V1,honyar.light.wy0a01,honyar.light.wy0a01.png,
照明,鸿雁,鸿雁智能筒射灯V2,honyar.light.hytsdm,honyar.light.hytsdm.png,
照明,鸿雁,鸿雁智能筒灯,honyar.light.td8zh1,honyar.light.td8zh1.png,
照明,鸿雁,鸿雁梵高系列 智能节律幻彩灯,honyar.light.tjdhoy,honyar.light.tjdhoy.png,
照明,鹿家良品LUUGAA,鹿家良品LED智能灯I,ylwl.light.luwgl2,ylwl.light.luwgl2.png,
照明,鹿家良品LUUGAA,鹿家良品LED智能灯II,ylwl.light.luwfgl,ylwl.light.luwfgl.png,
照明,鹿家良品LUUGAA,鹿家良品国王湖吊灯,ylwl.light.luwgel,ylwl.light.luwgel.png,
照明,黄白鹦调光灯,黄白鹦智能筒射灯,ywyg.light.wy1a01,ywyg.light.wy1a01.png,
照明,黑白调,黑白调儿童智能学习桌护眼灯 S2,hbada1.light.203,hbada1.light.203.png,
照明,龙胜,龙胜/AI全色域幻彩节律吸顶灯-42CM,longs.light.los420,longs.light.los420.png,
照明,龙胜,龙胜/AI全色域幻彩节律吸顶灯-56CM,longs.light.los560,longs.light.los560.png,
照明,龙胜,龙胜/AI全色域幻彩节律吸顶灯-长方,longs.light.losque,longs.light.losque.png,
照明,龙胜,龙胜智能射灯S3（Mesh2.0）,longs.light.lssd,longs.light.lssd.png,
照明,龙胜,龙胜智能灯带,longs.light.lsdd01,longs.light.lsdd01.png,
照明,龙胜,龙胜智能筒射灯,longs.light.lsts01,longs.light.lsts01.png,
照明,龙胜,龙胜智能筒射灯 Mesh2.0,longs.light.lsts02,longs.light.lsts02.png,
照明,龙胜,龙胜智能筒灯T2（Mesh2.0）,longs.light.lstd,longs.light.lstd.png,
照明,龙辕,龙辕情景智能筒射灯,chim.light.wy0a01,chim.light.wy0a01.png,
照明,简顿,简顿智能护眼灯带,704719.light.jddd,704719.light.jddd.png,
照明,简顿,简顿护眼筒射灯,704719.light.wy0a07,704719.light.wy0a07.png,
照明,AKG,AKG智能磁吸灯3.0,aikeji.light.wy0a04,aikeji.light.wy0a04.png,
照明,光缓,光缓智能淡彩光灯带Pro,alight.light.azdcdm,alight.light.azdcdm.png,
照明,ZXWL,ZXWL智能筒射灯3.0（超省电）,andi.light.wy0a04,andi.light.wy0a04.png,
照明,ZXWL,ZXWL智能磁吸灯3.0,andi.light.wy0a05,andi.light.wy0a05.png,
照明,Arclux,Arclux智能筒射灯（Mesh2.0）,arclux.light.aktsd,arclux.light.aktsd.png,
照明,ANXIANG,AX智能筒射灯,ax01.light.wy0a01,ax01.light.wy0a01.png,
照明,博尔美,博尔美智能RGBCW幻彩灯带,broway.light.bemcd,broway.light.bemcd.png,
照明,公牛,公牛吸顶灯XJ01-150W,bull.light.xj01a,bull.light.xj01a.png,
照明,公牛,公牛吸顶灯XJ01-55W,bull.light.xj01b,bull.light.xj01b.png,
照明,公牛,公牛吸顶灯XJ01-48W,bull.light.xj01c,bull.light.xj01c.png,
照明,公牛,公牛吸顶灯XJ03-225W,bull.light.xj03a,bull.light.xj03a.png,
照明,公牛,公牛吸顶灯XJ03-80W,bull.light.xj03b,bull.light.xj03b.png,
照明,公牛,公牛吸顶灯XJ03-55W,bull.light.xj03c,bull.light.xj03c.png,
照明,公牛,公牛吸顶灯XJ04-220W,bull.light.xj04a,bull.light.xj04a.png,
照明,公牛,公牛吸顶灯XJ04-55W,bull.light.xj04b,bull.light.xj04b.png,
照明,公牛,公牛吸顶灯XJ04-48W,bull.light.xj04c,bull.light.xj04c.png,
照明,西顿,西顿金山系列吊灯,cdn.light.xidbv2,cdn.light.xidbv2.png,
照明,万里扬,万里扬智能筒射灯,dijia.light.wy0a01,dijia.light.wy0a01.png,
照明,DINGJIAN,DINGJIAN智能筒射灯,djzm01.light.wy0a02,djzm01.light.wy0a02.png,
照明,灯乐美,灯乐美防眩护眼筒射灯,dlmz.light.wy0a03,dlmz.light.wy0a03.png,
照明,东刻,东刻智能筒射灯,doke.light.wy0b01,doke.light.wy0b01.png,
照明,WOTIE沃铁,沃铁超低功耗智能灯带（Mesh2.0）,drui.light.yljdd,drui.light.yljdd.png,
照明,飞雕,飞雕智淳智能灯带,feid.light.fddd,feid.light.fddd.png,
照明,冠华,冠华智能筒射灯,ghzm.light.ghtsd,ghzm.light.ghtsd.png,
照明,古晶光电,GJ智能双色灯带,gmm.light.wy0a05,gmm.light.wy0a05.png,
照明,noooe皓逸,皓逸全色域软膜灯氛围大师Color,haoyi.light.hoyrmo,haoyi.light.hoyrmo.png,
照明,noooe皓逸,皓逸智能望舒系列护眼吸顶灯,haoyi.light.wyrb01,haoyi.light.wyrb01.png,
照明,华艺照明,华艺照明智能磁吸灯,hyznzm.light.wy0a03,hyznzm.light.wy0a03.png,
照明,广州市宜琳照明电器有限公司,宜琳橱柜灯,ilin.light.cgd,ilin.light.cgd.png,
照明,KOPU,KOPU智能灯泡,kopu.light.wy0a02,kopu.light.wy0a02.png,
照明,lipro,lipro护眼吸顶灯,lipro.light.26x7,lipro.light.26x7.png,
照明,巴伦,BL智能吸顶灯F,login.light.wyrb01,login.light.wyrb01.png,
照明,龙胜,龙胜智能护眼吸顶灯-X1-长方,longs.light.lsxdd1,longs.light.lsxdd1.png,
照明,龙胜,龙胜智能护眼吸顶灯-X1-小圆,longs.light.lsxdd2,longs.light.lsxdd2.png,
照明,罗曼时光,罗曼时光智能灯带Ultra,luoman.light.lmdd1,luoman.light.lmdd1.png,
照明,罗曼时光,罗曼时光智能筒射灯Ultra,luoman.light.lmtsd1,luoman.light.lmtsd1.png,
照明,朗德万斯,朗德万斯智能磁吸灯,lvgmbh.light.lvcxd,lvgmbh.light.lvcxd.png,
照明,木林森照明,MLS星火智能筒射灯,mlszm.light.mlsts2,mlszm.light.mlsts2.png,
照明,木林森照明,MLS凌霄T02智能筒射灯,mlszm.light.mlsts4,mlszm.light.mlsts4.png,
照明,萌小光,萌小光智能筒射灯Ultra,mxg888.light.mxgts1,mxg888.light.mxgts1.png,
照明,小战,小战智能LED升降风扇灯,mxsh88.light.mxshfp,mxsh88.light.mxshfp.png,
照明,满星思维,满星思维S1-AI淡彩氛围流水灯带,mxsw.light.fsmrgb,mxsw.light.fsmrgb.png,
照明,JOCO,JOCO巨省电智能灯带（低功耗Mesh2.0）,nbxh.light.xhdd,nbxh.light.xhdd.png,
照明,雷士照明,雷士家居智能吸顶灯（单主光卧室）,nvcsmt.light.wxs201,nvcsmt.light.wxs201.png,
照明,雷士照明,雷士家居智能吸顶灯（单主光客厅）,nvcsmt.light.wxs202,nvcsmt.light.wxs202.png,
照明,雷士照明,雷士家居智能吸顶灯（主辅光卧室）,nvcsmt.light.wxs301,nvcsmt.light.wxs301.png,
照明,雷士照明,雷士家居智能吸顶灯（主辅光客厅）,nvcsmt.light.wxs302,nvcsmt.light.wxs302.png,
照明,三雄极光Pak,三雄极光风扇灯,pak.light.pak25,pak.light.pak25.png,
照明,柏曼,柏曼羽翼风扇灯,pbm.light.lfs004,pbm.light.lfs004.png,
照明,QINENG企能,QINENG智能磁吸灯,qnzm01.light.wy0a03,qnzm01.light.wy0a03.png,
照明,QISUMZJ,QISUMZJ超宽色域智能筒射灯,qszj.light.qszjs1,qszj.light.qszjs1.png,
照明,森磁科技,森磁智能磁吸轨道灯,senc.light.scim20,senc.light.scim20.png,
照明,侨升,侨升护眼筒射灯S2,shihao.light.wy0a03,shihao.light.wy0a03.png,
照明,飞利浦,飞利浦智能灯带_Mify SD60W TW,signfy.light.sm0yz4,signfy.light.sm0yz4.png,
照明,SEECANN,SEECANN淡彩光餐吊灯,skzm.light.dcdcdd,skzm.light.dcdcdd.png,
照明,SEECANN,SEECANN天际吸顶灯,skzm.light.sc560z,skzm.light.sc560z.png,
照明,知简,知简智能单色射灯,soron.light.w00a01,soron.light.w00a01.png,
照明,SASELAN,SASELAN人存灯带（Mesh2.0）,ssl.light.sslrcd,ssl.light.sslrcd.png,
照明,WGSE,WGSE智能吸顶灯,wgse.light.lcxdd,wgse.light.lcxdd.png,
照明,NEONEST,NEONEST X1灯带(多功能),xcwlj.light.xcdd1,xcwlj.light.xcdd1.png,
照明,流星线,流星线智能灯带,xdlzm.light.xdldd,xdlzm.light.xdldd.png,
照明,小米出品,米家吸顶灯C D40,xiaomi.light.cd40,xiaomi.light.cd40.png,
照明,小米出品,米家吸顶灯C L90,xiaomi.light.cl100,xiaomi.light.cl100.png,
照明,小米出品,米家台灯2 清视版,xiaomi.light.lamp38,xiaomi.light.lamp38.png,
照明,小米出品,米家筒灯3 Pro 人在感应版,xiaomi.light.r3pro,xiaomi.light.r3pro.png,
照明,小米出品,米家射灯3 Pro,xiaomi.light.s3pro,xiaomi.light.s3pro.png,
照明,小米出品,米家筒灯3 Pro,xiaomi.light.t3pro,xiaomi.light.t3pro.png,
照明,Yeelight,Yeelight纤玉PLUS智能吸顶灯客厅款,yeelink.light.ceil69,yeelink.light.ceil69.png,
照明,Yeelight,Yeelight纤玉PLUS智能吸顶灯卧室款,yeelink.light.ceil70,yeelink.light.ceil70.png,
照明,Yeelight,Yeelight歆影PLUS智能吸顶灯卧室款,yeelink.light.ceil73,yeelink.light.ceil73.png,
照明,Yeelight,Yeelight歆影PLUS智能吸顶灯客厅款,yeelink.light.ceil74,yeelink.light.ceil74.png,
照明,智和家,智和家 智能护眼吸顶灯,zhj.light.wy0a08,zhj.light.wy0a08.png,
照明,DW,DW智能双色全彩灯带（Mesh2.0）,zhuow.light.wzzncd,zhuow.light.wzzncd.png,
照明,AIKHSP,AIKHSP情景智能灯带,aikhsp.light.wy0a01,aikhsp.light.wy0a01.png,
照明,AOZZO奥朵,奥朵高端吸顶灯Pro1,aozzo.light.wy0a07,aozzo.light.wy0a07.png,
照明,铂刻之光,铂刻之光全色域筒射灯,bokee.light.bkktsd,bokee.light.bkktsd.png,
照明,公牛,公牛筒灯T06-9W,bull.light.ts01,bull.light.ts01.png,
照明,FOOC,FOOC星空智能嵌入式射灯,fooc.light.wy0a05,fooc.light.wy0a05.png,
照明,FOOC,FOOC星空智能嵌入式筒灯,fooc.light.wy0a06,fooc.light.wy0a06.png,
照明,冠华,冠华智能磁吸灯,ghzm.light.ghcxd,ghzm.light.ghcxd.png,
照明,冠华,冠华智能灯带,ghzm.light.ghdd,ghzm.light.ghdd.png,
照明,冠知,GZ智能筒射灯3.0（超省电）,gzkj.light.wy0a04,gzkj.light.wy0a04.png,
照明,欧索特,欧索特智能灯泡mesh2.0,hy2238.light.wy0a01,hy2238.light.wy0a01.png,
照明,JTJIOT,捷特佳智能灯带V2,jtjiot.light.wy0a02,jtjiot.light.wy0a02.png,
照明,XMBLT,XMBLT智能灯泡,jxzm.light.wy0a03,jxzm.light.wy0a03.png,
照明,LEX乐享生活,LEXSmart悬浮柔光智能护眼吸顶灯2.0满血版,lex.light.sxdd03,lex.light.sxdd03.png,
照明,龙胜,龙胜/AI全色域幻彩智能灯带（Mesh2.0）,longs.light.lsrgbd,longs.light.lsrgbd.png,
照明,思码光,思码光云霞淡彩灯带L1,manew.light.wyra10,manew.light.wyra10.png,
照明,OML,欧曼SHINE动态氛围灯带,oml.light.fwlig,oml.light.fwlig.png,
照明,视贝,视贝智家吸顶灯2.0,shibei.light.wy0a03,shibei.light.wy0a03.png,
照明,SEECANN,SEECANN全光谱护眼吸顶灯,skzm.light.wfv20,skzm.light.wfv20.png,
照明,孩视宝,孩视宝超薄半漫射儿童房吸顶灯(AH33A-G-i),szjzj.light.ah33g,szjzj.light.ah33g.png,
照明,THO,THO特好宽色域灯带（mesh2.0）,tho.light.thksdd,tho.light.thksdd.png,
照明,为湃,为湃健康情景筒射灯,wpzn01.light.wptsd1,wpzn01.light.wptsd1.png,
照明,苏米科技,苏米零频闪灯带,xhuan.light.wyrz12,xhuan.light.wyrz12.png,
照明,小米出品,米家桌面学习灯 Max,xiaomi.light.max,xiaomi.light.max.png,
照明,Xiao Niu 骁牛,XN Mesh色温筒射灯,xy8866.light.wy0a04,xy8866.light.wy0a04.png,
照明,ZKZB,ZKZB淡彩光智能灯带Mesh2.0,zbmesh.light.zbdcgd,zbmesh.light.zbdcgd.png,
